{"type":"FeatureCollection","crs":{"type":"name","properties":{"name":"urn:ogc:def:crs:OGC:1.3:CRS84"}},"features":[{"type":"Feature","properties":{"shapeName":"Saare maakond","shapeISO":"EE-74","shapeID":"21999144B33684554983834","shapeGroup":"EST","shapeType":"ADM1"},"geometry":{"type":"MultiPolygon","coordinates":[[[[23.232937700000022,57.82504689999996],[23.234098700000022,57.82190470000001],[23.2538365,57.815933],[23.27067020000003,57.8056063],[23.275303399999977,57.78989820000002],[23.270001,57.783591],[23.271730700000017,57.780340899999956],[23.26919729999997,57.782603399999985],[23.2716889,57.77982979999997],[23.2649825,57.7826689],[23.258686399999988,57.78029889999997],[23.254624099999976,57.78337949999996],[23.2486253,57.7816786],[23.245100500000024,57.78685269999998],[23.238944599999986,57.785616699999984],[23.238198299999986,57.78974520000001],[23.229002900000022,57.78779429999998],[23.226912599999977,57.785808],[23.22536479999998,57.788467],[23.215088899999984,57.7871839],[23.218829,57.7891416],[23.21593650000002,57.790719799999984],[23.218826099999983,57.791367399999984],[23.22052490000001,57.794361],[23.213957800000014,57.798969],[23.2171926,57.8013022],[23.214425099999968,57.8003606],[23.2118463,57.803462500000016],[23.212412199999978,57.8083441],[23.221524400000025,57.8102497],[23.2239241,57.812984299999975],[23.217335599999974,57.81539189999998],[23.217993699999983,57.8167559],[23.2212662,57.8165617],[23.218536399999987,57.8194277],[23.222868,57.82283560000002],[23.232937700000022,57.82504689999996]]],[[[22.50345149999998,58.1766019],[22.504558,58.1753646],[22.5113707,58.17603230000001],[22.5135432,58.17212919999996],[22.519798800000018,58.177564599999954],[22.5143845,58.16647919999997],[22.52074539999997,58.16600459999998],[22.5247722,58.168186],[22.51811480000001,58.161210299999965],[22.52242490000002,58.1611463],[22.522708099999974,58.16302839999997],[22.527947,58.16210909999999],[22.525258,58.1617099],[22.523392,58.15267609999999],[22.5278457,58.150206200000014],[22.5333274,58.1521262],[22.5327393,58.1500328],[22.537321900000013,58.151286700000014],[22.5379517,58.1501218],[22.53406830000003,58.14328850000001],[22.519399,58.13601069999998],[22.50440240000001,58.12575279999999],[22.50293259999998,58.12107],[22.50339590000003,58.1230529],[22.50096520000001,58.12189259999998],[22.50433280000001,58.1273148],[22.503357200000032,58.12820330000001],[22.50008170000002,58.126853099999956],[22.50128409999997,58.1318759],[22.49853889999998,58.1337204],[22.4951941,58.132765599999985],[22.4917384,58.1379548],[22.488111700000022,58.138158699999984],[22.490901,58.14261719999998],[22.485961900000024,58.1428688],[22.47749070000003,58.13895519999997],[22.494657500000027,58.1583321],[22.4933677,58.15944779999998],[22.49970180000002,58.16920809999998],[22.498098299999985,58.17044360000001],[22.50346779999997,58.1724679],[22.5007081,58.17198559999998],[22.4998368,58.1731255],[22.497120299999974,58.1709186],[22.4952727,58.17027649999998],[22.4934215,58.1707786],[22.495945499999987,58.170782299999985],[22.496076400000014,58.17184759999998],[22.494496300000023,58.1715594],[22.5001702,58.1767704],[22.50301479999998,58.17767079999997],[22.50345149999998,58.1766019]]],[[[22.574226,58.2115628],[22.57760989999998,58.21205579999997],[22.57802220000001,58.210604],[22.58168439999998,58.21296029999997],[22.588107199999985,58.2119539],[22.59084479999999,58.20836519999998],[22.594746699999973,58.2081859],[22.601069,58.204470700000016],[22.594171699999972,58.198758200000015],[22.5934001,58.195424699999975],[22.589191,58.19597730000002],[22.588513699999975,58.1979098],[22.5916311,58.199378500000016],[22.576164899999988,58.1973232],[22.5765363,58.2029701],[22.5807718,58.20598550000001],[22.57775709999999,58.2060136],[22.5732381,58.202993499999984],[22.5744669,58.20564849999996],[22.5723569,58.204565],[22.570690900000024,58.206041],[22.567477700000012,58.2055451],[22.5665991,58.2071421],[22.573375,58.21410220000001],[22.574226,58.2115628]]],[[[21.797684,58.333341],[21.803364299999988,58.3299095],[21.810768500000012,58.3298706],[21.811173100000023,58.331007200000016],[21.8143963,58.329635899999985],[21.800310800000013,58.32699159999997],[21.79781029999998,58.32733039999999],[21.8002298,58.3292762],[21.7977324,58.33000339999999],[21.7956359,58.32834],[21.786526599999984,58.32706759999998],[21.789170099999986,58.3278864],[21.7860935,58.332850299999976],[21.781048900000027,58.333295599999985],[21.77807219999997,58.3309636],[21.774967300000018,58.3315276],[21.77195179999999,58.33607029999998],[21.7801555,58.3401843],[21.797684,58.333341]]],[[[21.9099986,58.3934259],[21.91290470000002,58.3829698],[21.9186317,58.383329],[21.91534920000002,58.3808988],[21.904707400000017,58.38120289999997],[21.8948923,58.3765262],[21.8915346,58.378172200000016],[21.887134499999984,58.377722499999955],[21.888426600000017,58.3793249],[21.8796484,58.380573699999964],[21.881158199999987,58.37524890000002],[21.869101100000016,58.373338],[21.864167299999988,58.370919],[21.85755630000003,58.372661099999966],[21.84644019999998,58.37162760000002],[21.839395300000014,58.3732525],[21.834100500000012,58.37201],[21.83098419999999,58.366890699999985],[21.830654300000027,58.37368159999998],[21.8150821,58.37841459999996],[21.807693,58.3856673],[21.81369,58.38532939999999],[21.8127102,58.386833699999976],[21.815307,58.387916099999984],[21.8231576,58.38843249999998],[21.8237285,58.3870728],[21.82560660000002,58.38827479999997],[21.825465499999975,58.386063],[21.828566499999983,58.385004199999976],[21.825609499999985,58.38614929999998],[21.830016699999987,58.3904665],[21.83986310000002,58.3907928],[21.840764400000026,58.38938790000002],[21.8432356,58.39032649999996],[21.845513100000016,58.3890333],[21.8476485,58.390473499999985],[21.850093,58.3897596],[21.8486559,58.3919233],[21.8596794,58.3884508],[21.860718699999975,58.3899214],[21.864863300000025,58.389911],[21.865233,58.3885451],[21.869627100000017,58.3877452],[21.87102650000001,58.3891257],[21.874003,58.3867017],[21.8714296,58.3852054],[21.884042899999972,58.383909],[21.88400880000003,58.38718169999998],[21.87432630000001,58.3922812],[21.876458900000017,58.39225180000001],[21.874528,58.39330109999999],[21.876122399999986,58.39487409999999],[21.879102799999973,58.3949916],[21.8927998,58.388968599999984],[21.90009960000001,58.3906391],[21.906690900000026,58.39520609999999],[21.9099986,58.3934259]]],[[[23.4242718,58.64016139999998],[23.429803,58.6384709],[23.437638499999984,58.6395163],[23.440867099999977,58.6334503],[23.443891300000015,58.6321932],[23.44218769999998,58.62898379999997],[23.432780500000014,58.6249132],[23.41445559999998,58.631845799999965],[23.415011399999972,58.63575729999999],[23.42373419999998,58.6392293],[23.417388799999976,58.63985570000001],[23.4242718,58.64016139999998]]],[[[23.0217145,58.645453],[23.02553380000002,58.6455522],[23.0281655,58.6433383],[23.03239579999997,58.64425569999998],[23.032500899999974,58.6458546],[23.032988199999973,58.634638400000014],[23.035639899999982,58.63529610000001],[23.035094500000028,58.63234679999997],[23.04063620000002,58.62990879999998],[23.0356653,58.6264947],[23.03282020000001,58.62665270000002],[23.031879,58.627151099999985],[23.034565699999984,58.63057119999998],[23.034413899999976,58.6312169],[23.034487,58.63058719999998],[23.0323822,58.62854589999997],[23.031799899999985,58.627370699999986],[23.031901200000025,58.62683289999999],[23.023240099999988,58.62622269999997],[23.008399800000014,58.6311336],[23.016201800000026,58.6449551],[23.019773399999973,58.64654079999998],[23.0217145,58.645453]]],[[[23.191640200000023,58.6842811],[23.195421099999972,58.6843419],[23.1947885,58.683029],[23.200466299999974,58.682726500000015],[23.208935900000025,58.678800500000015],[23.2364849,58.6742393],[23.241636199999984,58.6710517],[23.253531200000012,58.6689848],[23.2546057,58.6674535],[23.28343620000002,58.661644299999985],[23.294419,58.6558665],[23.30293659999997,58.656297],[23.3046501,58.6545718],[23.3133999,58.6532626],[23.32114830000003,58.6499228],[23.337150399999974,58.649754399999985],[23.353228299999977,58.6457765],[23.3524636,58.6440699],[23.361789,58.6364579],[23.362468399999987,58.6281894],[23.360919600000013,58.6255446],[23.356678400000014,58.6250343],[23.344657499999975,58.619111099999984],[23.34268340000002,58.616737499999964],[23.34733680000002,58.6122969],[23.345279,58.61054350000001],[23.351532,58.6066412],[23.353726200000015,58.6073384],[23.354418400000032,58.60349260000001],[23.358835300000013,58.60057479999998],[23.3580128,58.59860409999998],[23.3907148,58.5735161],[23.396393899999982,58.57351689999999],[23.39126250000001,58.57294549999996],[23.39342519999999,58.5706734],[23.393390700000026,58.5595423],[23.4061863,58.55147459999997],[23.404641399999967,58.545149599999974],[23.398323,58.5383366],[23.377111199999987,58.531261],[23.3745675,58.5275593],[23.368487400000014,58.529398],[23.365746899999987,58.5263994],[23.3686748,58.5256353],[23.374535,58.52722160000001],[23.376397100000013,58.5232748],[23.379717500000016,58.5223801],[23.375460700000026,58.5214506],[23.3746392,58.51832609999999],[23.376641299999985,58.5169135],[23.37780060000001,58.51905919999999],[23.3798598,58.518817],[23.37865110000001,58.51767469999997],[23.391296,58.51170789999998],[23.386636,58.5086428],[23.381683,58.51121539999998],[23.3696395,58.5097624],[23.3692168,58.508407599999984],[23.363406,58.5073734],[23.35648880000001,58.5104705],[23.352497599999968,58.508748],[23.354483399999978,58.512894],[23.350660200000014,58.51479779999998],[23.362331100000024,58.5222449],[23.362919,58.531511899999984],[23.35602539999999,58.53328],[23.34952889999997,58.531894],[23.3485164,58.53439560000001],[23.34082389999998,58.53577539999997],[23.33743939999997,58.533175],[23.336482599999986,58.536237300000025],[23.332942399999972,58.535776499999976],[23.33207679999997,58.53699149999997],[23.334483499999983,58.5417951],[23.32973720000002,58.5461302],[23.331473399999975,58.5492877],[23.3298284,58.550389],[23.327716,58.54717969999996],[23.325523700000026,58.5471688],[23.325813799999974,58.5510999],[23.322924,58.55391160000001],[23.320174900000016,58.5514275],[23.32046640000002,58.5479439],[23.318552399999973,58.5465223],[23.319234299999987,58.54642519999999],[23.31779040000001,58.5436753],[23.3184179,58.5429034],[23.3177474,58.542605],[23.3179159,58.5415059],[23.31627150000001,58.5422712],[23.3170041,58.54165960000002],[23.3194248,58.5408201],[23.3159589,58.54056429999996],[23.3135295,58.535525],[23.3055189,58.531426599999975],[23.299306900000015,58.53809750000002],[23.3033249,58.5401541],[23.304743900000016,58.544274699999974],[23.3001698,58.544259],[23.299245199999977,58.54654830000002],[23.299133100000013,58.5443461],[23.2944965,58.5432695],[23.2936297,58.5352986],[23.28514110000001,58.53927219999998],[23.286100699999977,58.54076309999996],[23.282377800000017,58.5410496],[23.282436799999978,58.5444496],[23.278100900000013,58.5483798],[23.276786900000015,58.54739539999998],[23.27754440000002,58.54880530000001],[23.274029299999974,58.54920379999997],[23.272353699999986,58.5477575],[23.263362,58.55013850000001],[23.2548507,58.547574],[23.252429599999985,58.5381685],[23.253472500000033,58.539150499999984],[23.2548892,58.53765929999998],[23.2676153,58.5378698],[23.268554,58.5338869],[23.274196300000018,58.531969600000025],[23.27395130000001,58.5289403],[23.2665404,58.526610199999986],[23.265678600000022,58.52232510000002],[23.260954,58.523248799999976],[23.25948059999997,58.518934299999984],[23.25484490000002,58.5196527],[23.249439300000013,58.52557119999999],[23.248460300000023,58.532514100000014],[23.254995299999973,58.534095499999985],[23.2521,58.5378414],[23.24915749999999,58.5362593],[23.2472678,58.53810329999997],[23.2453548,58.5345799],[23.2481082,58.532238],[23.24528230000003,58.53080159999997],[23.242294,58.531495],[23.2430367,58.525716],[23.235232500000013,58.52120130000002],[23.2317718,58.5235466],[23.231382600000025,58.52817020000002],[23.2291784,58.524193799999985],[23.21896459999999,58.52570579999997],[23.2166991,58.5367837],[23.21970359999998,58.5403099],[23.2161058,58.54129060000001],[23.215105500000014,58.53838920000001],[23.2109951,58.53843149999999],[23.215102300000016,58.544553],[23.208733199999976,58.5418749],[23.20500649999999,58.54231479999997],[23.201875699999984,58.55100130000002],[23.194368399999973,58.543965200000024],[23.17695960000003,58.55682539999999],[23.175916699999984,58.56052079999996],[23.1784958,58.562304099999984],[23.1753515,58.56623720000001],[23.166845099999982,58.56925050000001],[23.15118239999997,58.558888799999984],[23.149779,58.55503419999999],[23.14404939999999,58.553886400000025],[23.1439374,58.5517146],[23.141193500000018,58.5519087],[23.1365365,58.546795],[23.1291769,58.5436827],[23.1381154,58.537026],[23.12863239999998,58.539961],[23.12924769999998,58.5384858],[23.127011099999983,58.538593],[23.1275556,58.5370879],[23.129927400000028,58.5375011],[23.128407499999984,58.5336006],[23.1309069,58.529082],[23.13491279999998,58.5277553],[23.132796,58.5261026],[23.1364149,58.52480149999996],[23.1356501,58.5222114],[23.13909539999997,58.52196069999996],[23.139881800000023,58.519021199999976],[23.146983499999987,58.518188199999955],[23.14492590000001,58.5176056],[23.149515,58.5161887],[23.14987,58.51313909999999],[23.15491230000002,58.51535469999997],[23.1581634,58.5137787],[23.158916,58.511279],[23.15590029999999,58.508987099999985],[23.1606615,58.5100907],[23.1632104,58.5134415],[23.185064599999972,58.5138781],[23.19154719999997,58.510135099999985],[23.193838299999967,58.51191309999999],[23.2009723,58.510625199999986],[23.202429700000028,58.5084206],[23.205718699999984,58.50857049999997],[23.2050337,58.50651340000002],[23.2102834,58.507238299999976],[23.212242,58.503996],[23.2153831,58.504201799999976],[23.220733,58.4996618],[23.22781709999998,58.497251200000015],[23.231949800000027,58.499621499999975],[23.232633499999988,58.49643409999998],[23.233506300000023,58.497339799999985],[23.239516700000028,58.495215],[23.2503764,58.4958926],[23.251541099999987,58.49473510000002],[23.255833599999985,58.49553169999999],[23.2593445,58.4923284],[23.26904429999998,58.491568100000016],[23.27441040000002,58.489752599999974],[23.2718698,58.4862429],[23.274445,58.4850014],[23.277564,58.48369730000002],[23.284044299999987,58.484736],[23.28301810000001,58.4810535],[23.28686080000002,58.4855827],[23.289508399999967,58.486983],[23.286819299999976,58.4851752],[23.291689,58.4832692],[23.28637720000001,58.4796513],[23.28689240000002,58.47775879999998],[23.2916471,58.4764916],[23.291191,58.475179299999986],[23.294675,58.4772726],[23.29832240000003,58.4760465],[23.299860299999974,58.4779465],[23.30205769999998,58.47683369999998],[23.300266600000015,58.472607699999976],[23.3023622,58.4711371],[23.29906440000001,58.468076],[23.305991799999983,58.4677541],[23.3023535,58.4610424],[23.306243300000027,58.45964110000002],[23.319765,58.4594042],[23.3205929,58.45720170000001],[23.328649199999976,58.45337209999996],[23.3231432,58.45277169999998],[23.324185700000022,58.446470099999985],[23.3172102,58.44729829999997],[23.312189799999974,58.44591359999998],[23.30976589999997,58.4256085],[23.30727040000001,58.43014969999998],[23.302419100000026,58.428729299999986],[23.3022704,58.42995950000001],[23.3009424,58.42645909999998],[23.29711939999999,58.42843949999999],[23.296391899999985,58.441279399999985],[23.301325200000026,58.4429972],[23.29652679999998,58.4540563],[23.2945713,58.4507796],[23.28883049999999,58.4500961],[23.286275399999987,58.4469685],[23.2784167,58.448882],[23.280068499999988,58.44969149999998],[23.274229899999973,58.450243],[23.273323600000015,58.4511139],[23.279964,58.45077039999998],[23.2725002,58.4524491],[23.27317430000002,58.4549908],[23.270156800000027,58.45579929999999],[23.2698409,58.4528785],[23.260931499999977,58.44979250000002],[23.2599724,58.451680199999984],[23.26526,58.45448690000001],[23.263281899999978,58.45556],[23.256494600000014,58.45700280000001],[23.2534905,58.455349900000016],[23.2525317,58.4571968],[23.244817500000014,58.4551224],[23.244929200000023,58.4563788],[23.239364200000022,58.45652050000001],[23.240153,58.45833479999999],[23.237832599999983,58.458598],[23.2287838,58.452670599999976],[23.22518319999998,58.4535282],[23.229052299999978,58.4557455],[23.2250082,58.45835],[23.2213028,58.4561282],[23.220846400000013,58.45114109999998],[23.232640700000022,58.4475543],[23.234528,58.443927],[23.241293199999973,58.4447982],[23.24254619999999,58.44071419999998],[23.24821120000001,58.444446399999975],[23.24745129999998,58.4431304],[23.2539755,58.4421368],[23.252043400000016,58.43967459999998],[23.248296100000026,58.44033319999997],[23.2561461,58.43788129999999],[23.257791800000028,58.43481959999998],[23.255692200000016,58.43683040000002],[23.25317709999997,58.43646929999998],[23.2543794,58.4376706],[23.2512713,58.4377629],[23.246960799999975,58.434215299999984],[23.24939990000001,58.4359362],[23.250750199999974,58.4347674],[23.25481139999998,58.4357105],[23.253573699999972,58.434224800000024],[23.2568743,58.4335549],[23.2591485,58.43549340000001],[23.2604269,58.43391679999998],[23.255058499999972,58.43104990000001],[23.25403329999997,58.42842889999998],[23.2483798,58.4275039],[23.249242300000027,58.42474819999998],[23.2455137,58.428955899999984],[23.243722900000012,58.4280306],[23.243710300000014,58.42915029999998],[23.235099799999983,58.4308265],[23.234742799999978,58.43371619999997],[23.229364199999978,58.43211429999998],[23.231065599999983,58.4344706],[23.228652899999986,58.433236],[23.225905300000022,58.434385599999985],[23.2216944,58.43058539999998],[23.216191,58.4313864],[23.21319539999997,58.432819199999976],[23.21482949999997,58.4345958],[23.2119752,58.44045519999999],[23.213935699999983,58.441108499999956],[23.20925689999998,58.4419662],[23.2097881,58.443887299999986],[23.204320300000024,58.4428918],[23.201942599999978,58.43836549999999],[23.1983546,58.439441699999975],[23.198263900000015,58.4414296],[23.2005585,58.4396393],[23.19971859999998,58.443552099999984],[23.2043497,58.4481332],[23.203970299999988,58.44933730000001],[23.2008811,58.448956],[23.201277200000025,58.4515906],[23.1989933,58.4509288],[23.200347199999978,58.4538742],[23.19781839999998,58.4531991],[23.198429900000022,58.4547192],[23.19503940000002,58.4561527],[23.1922597,58.4549754],[23.18884869999998,58.456501],[23.17694829999999,58.448284500000014],[23.1784392,58.4505951],[23.171861,58.4523676],[23.169930799999978,58.4631637],[23.163849199999976,58.46042069999998],[23.1589328,58.4623813],[23.1582062,58.46324530000001],[23.16597020000002,58.464952799999985],[23.167659199999974,58.46932069999997],[23.16482820000002,58.4714901],[23.160950900000014,58.4717373],[23.1618859,58.4738313],[23.1657,58.472850299999976],[23.1581513,58.477552299999985],[23.1531535,58.47095249999999],[23.15316269999998,58.4671233],[23.155238,58.46662219999998],[23.147946500000025,58.4623346],[23.145476600000023,58.46295279999999],[23.1500204,58.46069019999999],[23.1421634,58.4607504],[23.1429156,58.457393],[23.1472997,58.45823879999996],[23.1439841,58.4563872],[23.14792840000003,58.4560655],[23.1444501,58.45242459999998],[23.151335200000016,58.4495169],[23.1420871,58.449053099999986],[23.14628610000002,58.4468799],[23.1517683,58.44711139999998],[23.15268659999999,58.4447462],[23.14984759999997,58.444986],[23.151881,58.443860899999976],[23.155438300000018,58.44547469999998],[23.15502,58.4438795],[23.1586974,58.44468569999997],[23.156128199999976,58.4429405],[23.1588639,58.441753],[23.1465855,58.440982],[23.143608,58.442221899999964],[23.144572199999985,58.4403806],[23.141069400000013,58.43801729999997],[23.1361399,58.440499699999975],[23.1338662,58.43998860000002],[23.1355997,58.4392143],[23.132974799999985,58.43571449999999],[23.1429802,58.43073789999997],[23.128652,58.43241870000002],[23.127638200000014,58.42971309999997],[23.133359800000026,58.4286817],[23.130894399999978,58.42604460000001],[23.1252441,58.42497],[23.119834500000024,58.42165319999998],[23.1211032,58.42021019999998],[23.126370599999987,58.4209797],[23.1285739,58.419335599999954],[23.11966819999998,58.41849839999997],[23.118434099999988,58.41615390000001],[23.1086443,58.4143212],[23.109358399999984,58.4128171],[23.1009078,58.41797049999998],[23.103983300000024,58.41874309999998],[23.1047677,58.421329199999974],[23.110126,58.42167780000001],[23.1061524,58.425967800000016],[23.108097599999972,58.42667729999997],[23.101142,58.42554349999999],[23.099413500000022,58.428240199999976],[23.0952585,58.424951],[23.089605900000024,58.4239447],[23.0901482,58.42564369999999],[23.085912599999986,58.42737869999998],[23.083065099999974,58.4255849],[23.07585,58.426359900000016],[23.077440800000026,58.4223091],[23.075546299999974,58.4203732],[23.074347299999967,58.4257512],[23.0715427,58.4203901],[23.06735679999997,58.4216871],[23.0645895,58.420649],[23.0653672,58.41932219999999],[23.071568,58.4199373],[23.069285599999976,58.4190071],[23.0720996,58.4169655],[23.07513920000002,58.420064],[23.06869190000001,58.40792889999999],[23.07216210000001,58.40537679999997],[23.0665204,58.4044229],[23.068487,58.4035569],[23.066827400000022,58.4029685],[23.075342699999982,58.402010799999985],[23.07705309999997,58.4007061],[23.073194,58.4003486],[23.078107400000025,58.39782569999998],[23.075915300000013,58.3961042],[23.0813991,58.39406],[23.086492500000023,58.3939765],[23.090344200000015,58.39714150000001],[23.08719670000001,58.39964449999999],[23.090665199999968,58.4004313],[23.092086400000014,58.3991878],[23.09092209999998,58.3978512],[23.0938147,58.39546289999997],[23.0871173,58.3901544],[23.093165,58.389684199999984],[23.09142819999997,58.38798050000001],[23.094688,58.3868847],[23.08880760000003,58.37849519999999],[23.073539,58.380077799999974],[23.068144100000026,58.381850299999975],[23.071389099999983,58.38293909999999],[23.069169699999982,58.38425919999999],[23.0675048,58.3826947],[23.058536400000033,58.38266749999997],[23.0624837,58.38089],[23.052401599999982,58.380420200000025],[23.0575791,58.380176699999964],[23.05708659999998,58.3777167],[23.052688499999988,58.37798809999999],[23.049854299999975,58.37978369999998],[23.051519299999978,58.38132550000002],[23.047098299999988,58.38172790000002],[23.05353020000001,58.3823301],[23.05287780000001,58.384257399999974],[23.046162,58.3861575],[23.0549019,58.38542369999998],[23.0575814,58.387548],[23.06215070000001,58.386411],[23.06681909999997,58.387140399999986],[23.063123,58.389556700000014],[23.0670684,58.3904828],[23.070228,58.3894187],[23.0669074,58.38794379999999],[23.0701438,58.387505099999984],[23.073378,58.3890667],[23.067246599999983,58.3934793],[23.064540200000025,58.3929472],[23.06542730000003,58.394356600000016],[23.0604399,58.393030799999984],[23.0608828,58.391309100000015],[23.058110899999978,58.3927108],[23.0543315,58.39218809999996],[23.0545571,58.393569],[23.0504294,58.3912617],[23.04582730000001,58.39177029999996],[23.04122680000001,58.390133],[23.0430045,58.3878043],[23.0397739,58.38652949999999],[23.042412300000017,58.3871207],[23.0418639,58.3853707],[23.0356799,58.384414700000015],[23.039322700000017,58.3812661],[23.03530809999998,58.37956279999999],[23.042844600000024,58.3773348],[23.03876740000001,58.375403599999984],[23.04302269999998,58.375255],[23.0404984,58.37128549999998],[23.0429347,58.36997109999998],[23.0384908,58.367155],[23.033527899999985,58.367383299999986],[23.031244599999983,58.36602139999999],[23.032257199999986,58.364132],[23.03684439999999,58.3640128],[23.035940599999982,58.36293950000002],[23.042208599999988,58.36113659999998],[23.0399053,58.357966199999986],[23.03609910000003,58.3602173],[23.032407,58.359386099999966],[23.031340600000025,58.3617272],[23.0184195,58.36083879999998],[23.022635600000033,58.36523450000002],[23.017724,58.3652941],[23.0143912,58.363220200000015],[23.01792329999999,58.3624711],[23.0180114,58.36062029999997],[23.0068894,58.35906039999996],[22.9904918,58.3627544],[22.983033600000024,58.367607499999984],[22.982035700000015,58.371887],[22.971748600000012,58.368496599999986],[22.96969739999998,58.3690477],[22.9791094,58.371380899999984],[22.9781928,58.37345529999998],[22.975240199999977,58.3729161],[22.9783833,58.373689],[22.9785422,58.3754186],[22.97539089999997,58.3750244],[22.972331800000024,58.3794131],[22.96369429999998,58.37971849999996],[22.96737130000003,58.3808418],[22.966025100000014,58.38561259999998],[22.9623679,58.38431530000001],[22.9596607,58.3853573],[22.95992120000003,58.38337230000001],[22.953743599999978,58.38444619999997],[22.954444,58.381590699999954],[22.9589806,58.38100169999997],[22.9551525,58.3788007],[22.9502953,58.378552499999984],[22.9521914,58.37704859999999],[22.948523500000025,58.3763673],[22.950989800000013,58.37426219999998],[22.9476756,58.37596460000002],[22.949429900000013,58.371997399999984],[22.9455549,58.3661429],[22.9484098,58.364599099999985],[22.951773299999985,58.365465199999974],[22.952137,58.363548099999974],[22.95941130000001,58.36156149999997],[22.968348399999975,58.36227980000002],[22.96490160000003,58.3610819],[22.968474,58.359092199999985],[22.965130600000027,58.35680950000001],[22.971109799999986,58.349747200000024],[22.96367950000002,58.34745760000001],[22.949488399999986,58.3487949],[22.946036400000022,58.3474344],[22.9470784,58.33614029999998],[22.942982300000022,58.33735880000002],[22.93896780000003,58.335460599999955],[22.9431404,58.3320739],[22.94237749999997,58.33027809999999],[22.9391861,58.3320119],[22.936459900000013,58.330751699999986],[22.938692499999977,58.3327728],[22.937286800000013,58.33457979999998],[22.932121499999983,58.3353151],[22.9323701,58.33199049999999],[22.9366672,58.32962409999998],[22.93241950000002,58.32880330000002],[22.9304294,58.3309338],[22.92926580000002,58.329443099999956],[22.92995550000003,58.32768619999999],[22.935547100000022,58.3281672],[22.9374197,58.32527060000001],[22.934191599999984,58.32446919999998],[22.933855500000025,58.3223549],[22.936457800000024,58.3219444],[22.9343491,58.32060319999997],[22.9384334,58.31889],[22.932865,58.316392],[22.931687400000023,58.3175535],[22.928692400000017,58.3170183],[22.926149599999967,58.3190814],[22.92988419999999,58.32089890000002],[22.927393,58.320534599999974],[22.927688199999974,58.32207190000001],[22.925666,58.322477200000016],[22.927074899999987,58.3210364],[22.9243874,58.31991880000001],[22.9271658,58.3177236],[22.9213942,58.3166988],[22.921314599999974,58.311920899999976],[22.92383239999997,58.31184829999998],[22.924309700000016,58.30970839999997],[22.92070530000002,58.3081258],[22.92707840000003,58.3026603],[22.92591849999998,58.30166139999998],[22.921868600000018,58.3030454],[22.911279900000018,58.2993365],[22.9085543,58.299482],[22.9074439,58.301323399999966],[22.9008882,58.298611],[22.897150399999983,58.301734],[22.892579,58.300622699999984],[22.890695299999983,58.296805599999985],[22.891194299999977,58.2992374],[22.88679150000002,58.3013499],[22.8846262,58.300805199999985],[22.884192099999986,58.30333959999996],[22.8750011,58.30384080000001],[22.874803900000014,58.302188],[22.870228800000024,58.30148160000002],[22.867709,58.3024398],[22.870089,58.3019266],[22.87353,58.3044935],[22.8790106,58.3039079],[22.8821288,58.3051858],[22.880179,58.3059658],[22.881541499999976,58.310186],[22.87719979999997,58.30753319999999],[22.8746228,58.3079075],[22.876644100000014,58.3100006],[22.8808794,58.31061230000002],[22.8805968,58.316534899999986],[22.87360939999997,58.3170248],[22.869235900000014,58.314365],[22.8673044,58.316859199999975],[22.86531050000001,58.31430379999998],[22.861796100000017,58.3167891],[22.85744649999998,58.317057299999966],[22.859859500000017,58.3145655],[22.857115399999973,58.3102666],[22.86351419999997,58.307241200000014],[22.85775370000001,58.309369099999984],[22.857720399999973,58.3053469],[22.856547,58.30748629999997],[22.8542,58.3062858],[22.851169099999975,58.307207699999985],[22.851177400000022,58.30448409999999],[22.849243,58.3063904],[22.84674610000003,58.3052817],[22.849556499999984,58.301917],[22.847218300000023,58.301368100000026],[22.8556781,58.3000819],[22.858016800000012,58.30205839999997],[22.865437499999977,58.30067669999996],[22.86067520000001,58.300391],[22.862966500000017,58.299925],[22.86010949999997,58.29859720000002],[22.8565366,58.29951130000002],[22.846529199999978,58.2971379],[22.8404038,58.29720369999997],[22.843909800000024,58.296725],[22.83898819999998,58.29626279999996],[22.8415384,58.29462329999996],[22.838082,58.2940258],[22.838598699999974,58.292988499999986],[22.832986699999985,58.2934403],[22.8290979,58.29009389999998],[22.83115109999998,58.28942269999999],[22.8280674,58.289556],[22.829104599999976,58.2860615],[22.825248600000023,58.281539],[22.83120290000003,58.27800469999998],[22.8272467,58.27615519999997],[22.8265652,58.2736972],[22.82950680000001,58.27279689999998],[22.827353100000014,58.2715942],[22.82836680000003,58.2692514],[22.83872750000001,58.265501599999986],[22.833536800000033,58.26699949999998],[22.829112799999983,58.26650939999998],[22.825741099999984,58.26849679999999],[22.82613039999998,58.2633297],[22.821644500000012,58.26146309999998],[22.822613800000024,58.2577824],[22.819973500000025,58.263382],[22.818874800000017,58.2624539],[22.816692700000022,58.2643746],[22.81337859999999,58.2640526],[22.8150211,58.26560749999999],[22.8111573,58.2660223],[22.809910800000022,58.26765240000002],[22.8053409,58.2676646],[22.8085596,58.26885319999999],[22.806420399999986,58.2708833],[22.802530600000015,58.2700721],[22.7997761,58.2713308],[22.799812400000025,58.27000759999998],[22.794596800000026,58.272354700000015],[22.7825814,58.27093829999996],[22.7754553,58.27203559999998],[22.77030490000002,58.2706431],[22.7664714,58.27179049999998],[22.7584816,58.2712874],[22.751367100000017,58.2730258],[22.7518927,58.27418089999998],[22.743305699999986,58.2783712],[22.733734300000023,58.280564199999986],[22.73095160000001,58.27930939999998],[22.7137716,58.27872379999997],[22.706442100000018,58.2743962],[22.704135700000013,58.2748123],[22.6981645,58.268945299999984],[22.701610199999987,58.261438899999966],[22.714576400000023,58.252120900000016],[22.72007460000001,58.250641899999984],[22.71929440000002,58.24850349999998],[22.7231638,58.2486617],[22.732197,58.2406417],[22.73655129999998,58.239814499999966],[22.737785599999977,58.241512600000014],[22.739834,58.24108729999998],[22.741704,58.232859],[22.7466847,58.2295018],[22.74517420000001,58.2249653],[22.7493055,58.22150029999999],[22.744210499999976,58.22069560000001],[22.742633,58.21768639999997],[22.7405234,58.21860749999998],[22.7337926,58.2174916],[22.7319904,58.214419200000016],[22.7278957,58.2152137],[22.721252399999987,58.2129117],[22.7226037,58.21060549999998],[22.7207484,58.212582099999985],[22.7142687,58.211602299999974],[22.714721,58.20990409999999],[22.7128428,58.2112388],[22.707409600000016,58.21113469999998],[22.704808700000015,58.213258799999984],[22.703608899999978,58.2120921],[22.7015087,58.21482419999998],[22.6955714,58.21519469999998],[22.69918870000002,58.2159002],[22.6974704,58.217450800000016],[22.693125299999984,58.21620510000001],[22.693696899999978,58.2150411],[22.690403600000014,58.215826599999986],[22.6903904,58.213602],[22.692850400000015,58.213098],[22.689809699999984,58.2131952],[22.68439660000002,58.21772149999999],[22.678660699999973,58.217536],[22.681763799999974,58.2187548],[22.6805528,58.2229275],[22.661372799999967,58.22950809999996],[22.662045600000024,58.23543929999999],[22.656089900000026,58.23478949999997],[22.6565091,58.2361994],[22.65236,58.23362809999997],[22.65357630000001,58.2297757],[22.644347100000022,58.21649429999999],[22.64665310000002,58.2249784],[22.64451809999998,58.227306499999976],[22.639092600000026,58.22866050000001],[22.63542429999998,58.2368694],[22.64058340000001,58.24118019999998],[22.644708599999987,58.239445],[22.64565389999998,58.2367764],[22.6513542,58.238471099999984],[22.651375099999978,58.24003279999999],[22.64727890000003,58.24136149999997],[22.65288860000002,58.2427693],[22.64659759999998,58.242878699999956],[22.64454579999998,58.2444109],[22.649779899999988,58.24529790000001],[22.655073799999986,58.24417619999997],[22.654023399999986,58.24749459999999],[22.65053239999998,58.247858799999975],[22.6517595,58.24973739999999],[22.649401599999983,58.24968949999998],[22.647228,58.2526215],[22.6339795,58.250925],[22.630884,58.25241210000002],[22.626921800000023,58.25184040000001],[22.62081980000002,58.25482849999999],[22.6137185,58.251834500000015],[22.6192497,58.25237650000001],[22.62323840000003,58.25117330000001],[22.616954099999976,58.25000249999999],[22.616352800000023,58.247294],[22.61253460000001,58.2461684],[22.61630060000002,58.24283489999998],[22.6136766,58.238292],[22.617069499999975,58.232226],[22.6153886,58.23271159999997],[22.6122759,58.22960569999998],[22.5988717,58.22390509999996],[22.59962270000003,58.22272489999999],[22.595635599999987,58.223310599999984],[22.5929978,58.22150280000001],[22.589640400000025,58.2219504],[22.593127,58.2252869],[22.59306589999997,58.22974009999998],[22.590511300000014,58.230326],[22.593391100000023,58.23074579999998],[22.5915228,58.23267239999998],[22.5875981,58.232691],[22.5870439,58.2353038],[22.5853796,58.2341299],[22.5815696,58.234943199999975],[22.576379800000023,58.229731399999984],[22.5539467,58.21798110000001],[22.556740800000025,58.2227824],[22.55362939999998,58.2236324],[22.557639799999972,58.2255982],[22.5500625,58.224520199999986],[22.54730240000001,58.2202732],[22.5475946,58.22387709999999],[22.545167399999976,58.2241103],[22.548340299999982,58.2247802],[22.549051099999986,58.230072700000015],[22.54607579999998,58.2319628],[22.54203070000002,58.2311639],[22.54094429999997,58.232558],[22.546000199999988,58.234609899999974],[22.5416053,58.23581919999998],[22.54140389999997,58.2382002],[22.54272520000003,58.24211529999997],[22.5460487,58.24325050000003],[22.544155500000027,58.24507459999999],[22.5468035,58.246915699999974],[22.5461034,58.24935349999998],[22.5444187,58.24908929999998],[22.547644599999987,58.2512217],[22.542345,58.24966649999997],[22.54305489999998,58.25197020000002],[22.536821,58.2527429],[22.534714,58.2510803],[22.5298306,58.2510455],[22.530755900000027,58.2486743],[22.51991280000003,58.235802899999975],[22.517802099999987,58.2255448],[22.50855130000002,58.22009610000001],[22.50809310000001,58.21599839999998],[22.5069759,58.2177915],[22.504521700000016,58.2174194],[22.50711180000003,58.2162424],[22.505815199999976,58.21373230000001],[22.508365699999985,58.21334679999998],[22.5060333,58.213164899999974],[22.5048121,58.214258100000016],[22.503663299999985,58.219833],[22.4969182,58.2179187],[22.496100200000015,58.2194186],[22.493399,58.2185],[22.49172609999998,58.2195246],[22.496316400000012,58.22970769999998],[22.490338,58.2295477],[22.4906788,58.2348458],[22.481321600000015,58.235268],[22.485194600000014,58.239231799999985],[22.483679,58.2404915],[22.47501019999998,58.23752819999998],[22.47753650000003,58.24494519999997],[22.47507269999998,58.245065],[22.473407,58.2429475],[22.470752,58.2437283],[22.4748086,58.2475932],[22.470659,58.2440289],[22.468761199999975,58.245273099999984],[22.4625334,58.2429339],[22.4615583,58.2441907],[22.45464,58.2400235],[22.4549786,58.23777289999999],[22.451633400000023,58.23677259999999],[22.45478460000002,58.2350341],[22.4521977,58.234678699999975],[22.4499653,58.23068179999996],[22.452476800000017,58.22923440000002],[22.447334,58.22395940000001],[22.444365600000015,58.22407709999999],[22.4365634,58.21911309999998],[22.43398379999999,58.22037439999998],[22.4285431,58.21613220000001],[22.42750340000001,58.2170022],[22.4174295,58.214633100000015],[22.415744100000012,58.2177303],[22.4117828,58.21775370000001],[22.411730500000015,58.21933379999998],[22.4102295,58.2183481],[22.4084791,58.21973329999996],[22.4048028,58.219318],[22.392075700000017,58.2229802],[22.396870799999967,58.216584799999964],[22.39403049999999,58.217132699999986],[22.39595440000002,58.2133003],[22.3921671,58.219029],[22.38215090000001,58.21862549999997],[22.380043400000027,58.219392100000015],[22.3820472,58.2207484],[22.37391519999999,58.2205356],[22.37030430000002,58.217882199999984],[22.366970800000026,58.2196249],[22.357819699999975,58.2173782],[22.354900100000016,58.2194194],[22.342378700000015,58.216135],[22.3469655,58.2160175],[22.33001589999998,58.213878],[22.3010991,58.20442029999997],[22.2696937,58.1890902],[22.262512,58.18342540000002],[22.2558217,58.17332550000001],[22.2557047,58.167211],[22.25824159999997,58.1665311],[22.25540249999998,58.16222209999996],[22.256483200000023,58.15556469999996],[22.2520415,58.1492922],[22.26611369999998,58.129636200000014],[22.257569800000013,58.1246998],[22.25761510000002,58.1275895],[22.254405,58.1245035],[22.2541439,58.123117399999984],[22.25610619999998,58.12392350000002],[22.257191,58.12296789999998],[22.2557228,58.1210461],[22.256759600000017,58.1230729],[22.25488640000002,58.1228215],[22.2537221,58.11591809999996],[22.253817199999972,58.111211699999984],[22.2558787,58.11100489999997],[22.25183140000002,58.10947109999998],[22.245469899999975,58.099818],[22.2448215,58.0925293],[22.252367,58.0900528],[22.248658399999975,58.09031189999999],[22.244002299999966,58.084774],[22.2302518,58.08031980000001],[22.2218129,58.07248589999998],[22.22324540000001,58.07028210000002],[22.219977799999974,58.0681396],[22.220229,58.06517339999996],[22.227892299999972,58.05876059999996],[22.227899399999977,58.04973049999998],[22.22365620000002,58.0486296],[22.206967699999982,58.03672919999999],[22.198880599999967,58.02541489999998],[22.190903400000018,58.01966989999998],[22.1845237,58.01127229999997],[22.18743859999999,58.00262230000001],[22.20141170000002,57.9897457],[22.2007417,57.9817433],[22.196697299999986,57.97775029999998],[22.1882957,57.976163599999985],[22.181595700000013,57.9727434],[22.179666200000018,57.96844830000002],[22.1690959,57.9654833],[22.15930329999997,57.9661661],[22.151456600000024,57.964960499999975],[22.1436194,57.96060180000001],[22.1432047,57.95858040000003],[22.128441699999986,57.9540845],[22.12323610000001,57.949310799999985],[22.127305500000023,57.9489075],[22.122641,57.94854949999997],[22.1085132,57.9417869],[22.095898300000016,57.92960970000003],[22.0915809,57.927755],[22.0797932,57.9268325],[22.0739117,57.92428430000002],[22.060794299999984,57.9148187],[22.054136499999988,57.90711219999997],[22.052419799999974,57.906707800000014],[22.05672860000002,57.914496799999974],[22.0544568,57.915745],[22.0389475,57.91373719999997],[22.041916299999972,57.91299729999999],[22.03712,57.91363239999998],[22.03952060000002,57.912690499999975],[22.033823700000017,57.9125752],[22.035306799999983,57.91173329999999],[22.0294683,57.91181029999997],[22.0279485,57.913201700000016],[22.026312200000024,57.91234149999998],[22.024220600000017,57.91479670000002],[22.017398,57.91614809999998],[22.021398200000032,57.917905499999975],[22.01778049999998,57.92242549999998],[22.01483370000001,57.9215352],[22.016050899999986,57.9257122],[22.00673020000003,57.9259733],[22.009215,57.926957],[22.0042982,57.929532],[22.007246299999988,57.9313095],[22.002411,57.9326547],[22.00748679999997,57.93538669999998],[22.00455039999997,57.9374866],[22.007286700000023,57.9397898],[22.002544399999977,57.940974],[22.004045,57.9433366],[21.992646799999978,57.9465449],[21.9944178,57.9474827],[21.992620300000024,57.9488241],[21.98217980000001,57.94676989999996],[21.98885290000002,57.9483376],[21.98949340000002,57.94992809999999],[21.983232,57.95172629999997],[21.983353400000016,57.95592729999996],[21.986398300000022,57.95580790000001],[21.98437240000002,57.9562452],[21.987102599999986,57.9582173],[21.984246200000026,57.95986910000002],[21.986279599999985,57.962659],[21.984535700000013,57.9644925],[21.986834300000027,57.96511949999997],[21.9841423,57.96691790000001],[21.9801599,57.9658052],[21.983941599999977,57.97475449999996],[21.9826358,57.9765507],[21.978082299999983,57.97685349999997],[21.987896299999985,57.9783594],[21.995853700000023,57.9820955],[21.99659349999998,57.9791906],[22.002221699999986,57.97682179999999],[22.0059703,57.977045],[22.0192103,57.9820594],[22.020449,57.9842646],[22.01587950000001,57.9956174],[22.018466799999985,58.0000717],[22.0294033,58.0029708],[22.035897700000017,58.0027617],[22.04292589999998,58.00612350000002],[22.043174700000012,58.009882900000015],[22.0388323,58.0097496],[22.043079799999976,58.014099],[22.042037500000013,58.0167557],[22.038949700000025,58.01704559999998],[22.041104499999975,58.02039730000001],[22.03813919999999,58.023244],[22.0400517,58.0249489],[22.052359800000033,58.0257549],[22.052822099999986,58.0283577],[22.05611970000002,58.0266697],[22.059226599999988,58.0307268],[22.05557549999999,58.029890899999984],[22.055051799999987,58.032279099999954],[22.0605703,58.034123700000016],[22.058526,58.03541079999998],[22.05245659999999,58.0342552],[22.0522587,58.03572909999997],[22.05782789999999,58.03761229999998],[22.0596511,58.0429941],[22.061277699999984,58.0412397],[22.068600100000022,58.04254169999999],[22.066833,58.044092799999966],[22.0700969,58.045598899999966],[22.070966300000023,58.049097099999976],[22.066650900000027,58.0542714],[22.068301899999973,58.0587529],[22.07209620000001,58.06054429999998],[22.0690346,58.0639785],[22.07619790000002,58.0640682],[22.07322979999999,58.06775529999999],[22.075122499999974,58.069708299999974],[22.0780348,58.069581],[22.07889020000002,58.07437740000001],[22.0839064,58.07330349999998],[22.0890425,58.07430289999998],[22.08579909999998,58.07713170000002],[22.089651199999988,58.07723239999997],[22.089484099999975,58.07997860000001],[22.0949169,58.08027350000001],[22.0956495,58.082757499999964],[22.0987338,58.0800153],[22.1008442,58.07989040000001],[22.1006466,58.0812873],[22.103868099999985,58.079992],[22.105714100000025,58.080716199999976],[22.1026695,58.08407059999996],[22.103604099999977,58.0879898],[22.11022420000001,58.088872599999966],[22.1115272,58.08618369999998],[22.1090234,58.084676899999984],[22.112094299999978,58.08369279999997],[22.1139447,58.084568],[22.11725029999998,58.0830777],[22.11959990000001,58.0843847],[22.12380209999997,58.08171859999999],[22.130359799999972,58.0820241],[22.12861720000002,58.079417800000016],[22.136411900000027,58.06622709999998],[22.1388641,58.067087100000016],[22.139127800000022,58.0654759],[22.142425800000012,58.0660256],[22.154068100000014,58.0635733],[22.16766830000001,58.0660976],[22.17039119999997,58.0686039],[22.1672706,58.070312],[22.169606700000017,58.06945089999998],[22.170858400000014,58.07047329999997],[22.168192599999973,58.0735145],[22.170734,58.07604059999996],[22.1680993,58.07692479999997],[22.1716366,58.0765066],[22.168981,58.07866880000001],[22.172914,58.08223669999998],[22.16828579999998,58.0866576],[22.1684746,58.0953228],[22.17531089999997,58.09775170000001],[22.1780727,58.104786],[22.182997600000018,58.1069502],[22.1815438,58.11164279999997],[22.1886559,58.11663870000001],[22.19318670000002,58.124738],[22.19626909999998,58.124927],[22.1963034,58.12792469999998],[22.2031024,58.12977350000002],[22.205883199999978,58.1275215],[22.2217597,58.13461369999999],[22.224957699999983,58.1387758],[22.2201863,58.1447442],[22.214306800000024,58.14701969999999],[22.2156339,58.15718669999998],[22.208544799999977,58.1589518],[22.204010499999974,58.1591408],[22.195232500000024,58.1563189],[22.17701260000002,58.156363099999986],[22.1701504,58.1577221],[22.1589153,58.15633239999996],[22.15645740000002,58.15447579999998],[22.15381909999997,58.15646430000004],[22.15539749999999,58.15765729999998],[22.149184699999978,58.1580728],[22.14417479999997,58.16141529999999],[22.14680429999998,58.16345539999998],[22.146908299999968,58.16828239999999],[22.14211449999998,58.171353],[22.144546300000012,58.17200919999997],[22.13668950000001,58.1715791],[22.132654600000016,58.1690045],[22.130940600000013,58.1700913],[22.1333034,58.17021679999998],[22.132749299999986,58.17159279999997],[22.11964040000002,58.175047099999986],[22.120113899999975,58.1705825],[22.1144643,58.1713005],[22.113114699999976,58.16983529999998],[22.113352799999983,58.171094299999986],[22.11076550000002,58.17108239999999],[22.114268599999974,58.171963],[22.11317180000001,58.17463630000001],[22.110859400000017,58.173898299999955],[22.110111500000016,58.1753247],[22.1065276,58.1753053],[22.10297310000001,58.17243470000001],[22.105300499999974,58.1751629],[22.0993195,58.1746423],[22.10299020000003,58.1768425],[22.099023,58.181330599999974],[22.0934905,58.1824566],[22.091238700000023,58.181302],[22.08266049999998,58.181929400000016],[22.085953,58.18380370000001],[22.0767295,58.1856535],[22.074556300000012,58.184116600000024],[22.0772365,58.18255210000002],[22.073927,58.181319099999975],[22.082107600000015,58.1762645],[22.0723069,58.177324],[22.071731600000025,58.176162699999956],[22.07052690000001,58.1772301],[22.0722561,58.1754703],[22.0686968,58.17470129999999],[22.06908919999997,58.176003299999984],[22.064871,58.1765215],[22.06142909999998,58.1801723],[22.0639202,58.1805642],[22.060927,58.187840600000015],[22.053173599999983,58.1909713],[22.056564900000012,58.1914842],[22.05674510000002,58.19377629999997],[22.038913100000016,58.203198],[22.0523929,58.203500100000014],[22.05390510000002,58.2060068],[22.042475499999973,58.2097782],[22.047068500000012,58.20980519999997],[22.0486802,58.2118393],[22.0429288,58.21583179999999],[22.043761800000023,58.218358699999975],[22.0354572,58.22132889999998],[22.038234699999986,58.22316509999998],[22.0354439,58.22540689999999],[22.026765,58.22760909999999],[22.030349,58.228432699999985],[22.0256038,58.23365],[22.0178258,58.2373766],[22.022106,58.2399024],[22.00547229999998,58.24365219999997],[22.00343020000002,58.2454485],[22.00533809999998,58.247199],[22.001637099999982,58.249226499999956],[21.99396719999997,58.25032449999998],[21.9917463,58.2471509],[21.9893703,58.25209420000002],[21.987056599999978,58.2517517],[21.9909556,58.24774479999997],[21.9899194,58.24582389999997],[21.99439219999998,58.2463301],[21.990701600000012,58.2441027],[21.99734930000001,58.2410742],[21.997088,58.240150399999976],[21.99384369999999,58.2409594],[21.995329899999987,58.237089],[21.9883343,58.23858949999998],[21.990302599999975,58.2373883],[21.988064399999978,58.23572509999999],[21.9887403,58.2377645],[21.9826248,58.2364416],[21.976682800000013,58.23767729999997],[21.97169749999998,58.235519],[21.95547680000001,58.238475700000016],[21.9523016,58.2427385],[21.949832399999988,58.2408661],[21.950599400000023,58.2430807],[21.9421833,58.245978],[21.93957270000001,58.2452722],[21.9389059,58.2423913],[21.9331591,58.2472723],[21.92757789999997,58.2476372],[21.9233423,58.2445192],[21.9157514,58.2498387],[21.90658,58.25249049999998],[21.90309129999998,58.25182239999996],[21.900529299999985,58.2538614],[21.89858009999998,58.253428499999984],[21.90118290000003,58.2492882],[21.898277599999982,58.2519906],[21.892139700000026,58.25157529999996],[21.893777399999983,58.25292789999999],[21.890943200000027,58.2550102],[21.8949697,58.2557186],[21.8910642,58.2587234],[21.8871958,58.2590153],[21.8829981,58.257296],[21.877315100000022,58.259727],[21.870453899999983,58.256794499999984],[21.87645379999997,58.2594948],[21.869718799999987,58.26919439999996],[21.8690622,58.2628399],[21.864514699999983,58.258814700000016],[21.8667123,58.2618669],[21.858825,58.2686168],[21.8496378,58.2722925],[21.851182500000025,58.27890210000001],[21.8436821,58.2804837],[21.831273699999972,58.279953],[21.8321935,58.28313509999999],[21.839925600000022,58.2857096],[21.84461,58.29078559999997],[21.840709700000016,58.29210040000001],[21.838161700000015,58.2970008],[21.832539799999978,58.29635779999998],[21.8309297,58.29822259999999],[21.828861199999988,58.297734],[21.832361599999988,58.30039950000001],[21.82861459999998,58.30703290000001],[21.83052,58.3076713],[21.832266400000034,58.3056363],[21.8345258,58.310243899999975],[21.83804779999998,58.309537699999986],[21.841659100000022,58.3118396],[21.8466515,58.3116629],[21.850127300000025,58.3090356],[21.8546166,58.30905569999997],[21.855768699999985,58.3064393],[21.862240099999983,58.30710909999998],[21.863347600000022,58.3031723],[21.870287500000018,58.3045149],[21.8815758,58.3002435],[21.884344500000033,58.297433099999985],[21.8955562,58.2960541],[21.8975766,58.29762409999998],[21.8936063,58.30229340000001],[21.90911429999998,58.3073424],[21.906941900000025,58.3135539],[21.881786700000013,58.32352829999997],[21.881543199999975,58.3279838],[21.87768630000002,58.3286528],[21.879573599999983,58.3345681],[21.869443,58.33810109999999],[21.871676499999978,58.3412238],[21.8694206,58.34261809999997],[21.87225570000002,58.341404199999985],[21.871738,58.34306089999996],[21.8773983,58.3420926],[21.88354210000003,58.337459299999956],[21.8847298,58.3418957],[21.8727314,58.34903039999997],[21.8677725,58.34871140000002],[21.86644879999998,58.35134039999998],[21.861459800000013,58.3530088],[21.866559899999967,58.353127],[21.8717284,58.3496505],[21.874716,58.350882],[21.8757452,58.348009699999984],[21.880238,58.3472804],[21.886593899999973,58.3427481],[21.89468539999997,58.341655],[21.9004651,58.336337],[21.9089326,58.336105],[21.9209807,58.329263],[21.9187448,58.3270018],[21.9276971,58.3222632],[21.9183395,58.3257602],[21.914633299999977,58.3248184],[21.920668899999978,58.3233157],[21.9268054,58.31761659999997],[21.925664900000026,58.314196199999984],[21.92311530000002,58.31382839999997],[21.924159899999978,58.3119319],[21.91841309999997,58.31231809999998],[21.92867620000002,58.309028],[21.9313569,58.30961329999996],[21.9300358,58.3121379],[21.934009,58.3094271],[21.942426400000016,58.3101107],[21.94327659999997,58.3072563],[21.945781,58.3073732],[21.945033199999976,58.3099445],[21.948012500000015,58.3108611],[21.940352,58.31481879999998],[21.94629149999998,58.31421439999998],[21.950188600000022,58.31169659999998],[21.95196,58.3140969],[21.947437200000028,58.317991299999974],[21.9492159,58.31900169999997],[21.955735199999985,58.31437959999999],[21.955391499999983,58.31859939999997],[21.960258099999976,58.3195931],[21.95231769999998,58.33322419999999],[21.9473574,58.3375219],[21.9454178,58.33749109999999],[21.946178399999976,58.3342121],[21.942469799999987,58.3358608],[21.942270200000024,58.339429699999975],[21.931726799999975,58.350690899999954],[21.93348210000002,58.353374],[21.9385636,58.3530409],[21.935783899999972,58.3540401],[21.9365365,58.3564564],[21.9417152,58.3553129],[21.943075299999975,58.3531366],[21.953000400000025,58.349642],[21.95988849999998,58.345155099999985],[21.964128600000024,58.3463377],[21.961748700000015,58.348750099999975],[21.964226,58.3497428],[21.965553,58.347707],[21.97038380000003,58.347057599999964],[21.9803479,58.3416013],[21.9817008,58.339679799999985],[21.977944100000013,58.341046],[21.976091,58.33793579999998],[21.983573599999975,58.3365218],[21.982057700000023,58.3394032],[21.987120800000014,58.33678669999998],[21.9868651,58.3395539],[21.9900863,58.3417235],[21.999669799999985,58.34379469999998],[21.9945407,58.350907200000016],[21.9991103,58.35040379999997],[22.003803500000014,58.3529317],[21.9968815,58.35273009999996],[21.984724600000018,58.359616299999985],[21.986333399999985,58.3603029],[21.981426400000018,58.3634597],[21.979805699999982,58.36843559999998],[21.981859600000032,58.3693258],[21.988554199999985,58.367197],[21.996981899999973,58.369550499999974],[21.9994062,58.3676918],[22.002199299999976,58.36875040000003],[22.0082117,58.365904],[22.01219950000003,58.36696049999998],[22.0194734,58.363446299999964],[22.0226454,58.3658928],[22.015669700000025,58.3672622],[22.0168386,58.36947040000001],[22.01069870000002,58.37454379999998],[22.007604699999977,58.374822199999976],[22.0088396,58.37325170000001],[22.00608310000002,58.37279579999996],[21.998749699999987,58.374844799999984],[21.993654599999978,58.3785461],[21.9970775,58.3800393],[21.993833199999983,58.3835146],[21.9962953,58.3841276],[21.98476709999998,58.389956300000016],[21.98828290000003,58.389192399999985],[21.98889530000001,58.39016519999997],[21.9951265,58.3875353],[21.994576800000026,58.389993299999986],[21.9806783,58.393579],[21.9811031,58.3947618],[21.990843899999984,58.3928329],[21.990777100000027,58.39628839999996],[21.979750100000032,58.40024249999998],[21.976637700000012,58.396781900000015],[21.97266659999998,58.3985259],[21.97056890000001,58.3955033],[21.972392,58.3987751],[21.970624500000017,58.400145399999985],[21.957520699999975,58.4049016],[21.95806959999998,58.40356039999999],[21.952455900000015,58.4047557],[21.9512899,58.407484899999986],[21.954959599999984,58.409456099999986],[21.9459759,58.4141826],[21.9501644,58.4135117],[21.9473471,58.4159953],[21.9521148,58.415935300000015],[21.9394548,58.41990019999997],[21.94439990000001,58.4208251],[21.9425572,58.4220096],[21.94554929999999,58.4213957],[21.948298199999975,58.425839799999984],[21.94047119999997,58.4291756],[21.942976900000016,58.429726599999974],[21.941684599999977,58.431205],[21.936280200000013,58.43282540000002],[21.939163200000024,58.43381639999997],[21.93730529999998,58.43371869999998],[21.936525200000023,58.4363968],[21.923856699999984,58.4407194],[21.9193498,58.4458263],[21.911307900000022,58.449071],[21.90957310000001,58.45202439999998],[21.912174099999984,58.45813],[21.9026609,58.4694161],[21.888154199999985,58.474875],[21.876054700000026,58.473598],[21.86689110000001,58.467228699999964],[21.8703769,58.46858389999996],[21.87104359999997,58.46694389999997],[21.869167399999984,58.46627190000002],[21.8752135,58.46703389999997],[21.871745300000015,58.46606109999998],[21.866275199999983,58.46631489999997],[21.86025,58.468679499999986],[21.8503195,58.4764062],[21.8405641,58.4781702],[21.841528699999987,58.481403],[21.837556799999987,58.481176599999955],[21.833776,58.481929],[21.83822959999998,58.481496],[21.842716400000015,58.484397399999985],[21.841355700000015,58.4967954],[21.851525800000015,58.494122699999984],[21.874394199999983,58.480066100000016],[21.893340800000022,58.4785284],[21.910475899999977,58.4820468],[21.9234893,58.488799],[21.9238241,58.49287759999998],[21.919679,58.4958938],[21.922815499999977,58.49745149999996],[21.915233,58.4970496],[21.91715839999998,58.50012249999999],[21.9099322,58.5023968],[21.910523800000025,58.50735769999998],[21.915782799999988,58.51117759999998],[21.917137,58.51694649999998],[21.94729769999998,58.5106865],[21.955678300000013,58.51021989999998],[21.9597714,58.5072741],[21.967742299999976,58.506018799999985],[21.986302,58.50942839999998],[21.999737399999976,58.50842629999999],[22.008855100000016,58.5056361],[22.0224801,58.4967697],[22.041788,58.470983],[22.0484785,58.4667424],[22.047372299999978,58.463793199999984],[22.052057,58.46122549999998],[22.04889130000001,58.461185799999974],[22.04995349999998,58.454714],[22.058911499999986,58.441753099999985],[22.065402400000032,58.4391393],[22.0628726,58.438016],[22.074598799999972,58.427092],[22.0772802,58.41909279999997],[22.09199319999997,58.4161032],[22.10663490000002,58.4171182],[22.114860400000016,58.420626699999985],[22.118261299999986,58.4241454],[22.115160299999975,58.426713399999976],[22.117308300000023,58.42734969999998],[22.115953600000015,58.4314121],[22.11166509999999,58.4345761],[22.1181479,58.44491539999998],[22.1150361,58.4469662],[22.111607899999978,58.45789859999997],[22.112906299999977,58.4630351],[22.116817400000013,58.4659559],[22.113584,58.4735401],[22.118457599999974,58.48244],[22.13880919999998,58.4984948],[22.14498040000003,58.4998787],[22.1604294,58.4937361],[22.16339129999997,58.4966487],[22.1582413,58.50311610000003],[22.16376830000001,58.50635249999998],[22.1761498,58.5116514],[22.19481940000002,58.511435399999975],[22.1994681,58.51255110000002],[22.203232200000024,58.5155485],[22.202862600000024,58.52473839999998],[22.19646309999997,58.533656200000024],[22.20327769999998,58.5460307],[22.2157516,58.5463505],[22.227641600000023,58.53904870000002],[22.2393815,58.5356004],[22.235379800000015,58.536209],[22.2369052,58.521686399999965],[22.23428840000002,58.517106799999986],[22.23969989999998,58.509983900000016],[22.23800309999997,58.498543],[22.242088099999975,58.491302],[22.25417459999999,58.485883],[22.2576814,58.485679],[22.259281,58.48725509999997],[22.28514590000003,58.4856601],[22.288481,58.4863176],[22.287893400000023,58.4874999],[22.292916299999987,58.48698319999996],[22.294668099999985,58.490472299999986],[22.299893,58.490652200000014],[22.2982665,58.49207],[22.302316400000013,58.496449700000014],[22.301892300000016,58.50191949999998],[22.30387089999999,58.504892199999965],[22.3074372,58.5055651],[22.306084199999976,58.51048129999999],[22.3012523,58.51135679999996],[22.307627,58.5112104],[22.30322,58.51377579999997],[22.3160055,58.51922910000001],[22.3098066,58.52240840000002],[22.3123118,58.5222578],[22.312189700000015,58.523901],[22.30689459999998,58.528005],[22.302737300000015,58.5287598],[22.301499499999977,58.5332749],[22.305596700000027,58.537413],[22.303242799999982,58.53734489999999],[22.30200719999997,58.5395876],[22.2943555,58.5409812],[22.28791969999997,58.539485200000016],[22.286502699999968,58.5369206],[22.288682199999986,58.53498149999996],[22.285779600000012,58.532749500000016],[22.2864449,58.53156519999998],[22.289582900000028,58.53234969999998],[22.288153100000017,58.531485],[22.290433099999984,58.530529799999975],[22.2861589,58.528787500000014],[22.2820521,58.52974769999999],[22.283005100000015,58.540521599999984],[22.2876588,58.5497443],[22.282617400000014,58.55966489999998],[22.2872276,58.570226],[22.295040800000017,58.5707463],[22.312415500000018,58.5650871],[22.3184509,58.5658826],[22.322152500000033,58.569437],[22.33210670000002,58.5725244],[22.3381435,58.573163],[22.346498899999983,58.57118],[22.3524724,58.57217270000002],[22.361126399999968,58.5771925],[22.387757100000016,58.5727279],[22.39360529999998,58.575542599999984],[22.39997039999998,58.57583849999999],[22.3990761,58.57441330000002],[22.4034499,58.574427],[22.42174460000003,58.57796449999997],[22.4385987,58.57638450000001],[22.45102570000001,58.57714360000002],[22.47375989999998,58.58104119999998],[22.4769167,58.5835181],[22.485671800000016,58.5848803],[22.488999,58.5883294],[22.49829420000001,58.590623],[22.5026772,58.5942921],[22.503576600000024,58.599233],[22.508091,58.5999617],[22.516073899999977,58.6044902],[22.52579290000003,58.6191243],[22.522614399999984,58.6296183],[22.534600199999982,58.6382227],[22.534583600000012,58.632832],[22.5372924,58.6341752],[22.538735700000014,58.63718449999996],[22.5358362,58.63988669999997],[22.538545600000027,58.642287799999956],[22.542565400000015,58.6420311],[22.5442037,58.6400085],[22.5400875,58.6390628],[22.54566320000003,58.63644109999997],[22.541768899999973,58.6323559],[22.55247729999999,58.6388569],[22.56426240000001,58.63905960000001],[22.571362,58.6366502],[22.589229600000017,58.61965059999996],[22.593447099999985,58.617838700000014],[22.61686339999998,58.5903556],[22.625057600000012,58.5836885],[22.6384522,58.5787526],[22.6722666,58.57962709999999],[22.68551730000002,58.58680159999999],[22.6827527,58.588203],[22.683763,58.590064799999965],[22.690798499999982,58.58986689999997],[22.69286539999998,58.591055],[22.69027010000001,58.591904700000015],[22.693719200000015,58.59315690000001],[22.69098969999999,58.5955044],[22.68415239999998,58.5968025],[22.692356799999985,58.600583499999985],[22.6965725,58.59706359999997],[22.7027455,58.5981267],[22.7083337,58.5955642],[22.70986670000002,58.5927194],[22.71408629999998,58.5914346],[22.719508700000027,58.5919954],[22.717258299999987,58.5915197],[22.7193856,58.590734300000015],[22.71530780000003,58.590293099999954],[22.7147812,58.58681349999998],[22.7202821,58.5853385],[22.720022,58.58026339999997],[22.725223500000023,58.5810555],[22.72491780000002,58.579875],[22.73414310000001,58.5780374],[22.72796929999998,58.5775849],[22.738041900000024,58.577142899999984],[22.74486850000001,58.573980399999975],[22.74995050000003,58.57410919999998],[22.7597122,58.5806293],[22.7597591,58.583049499999966],[22.7625776,58.5833868],[22.763357399999972,58.5891294],[22.773078700000024,58.60010289999998],[22.77253659999998,58.6120196],[22.7887951,58.622829399999986],[22.795938300000017,58.6237219],[22.7965869,58.62583139999999],[22.7971296,58.6246647],[22.80470190000002,58.6254306],[22.833633500000015,58.6173292],[22.841776,58.617317],[22.841470800000018,58.616289499999986],[22.84235329999997,58.6173167],[22.84509569999998,58.6154741],[22.847907100000032,58.61586329999999],[22.846047,58.61694970000001],[22.8489915,58.618341],[22.851,58.61757009999997],[22.854731799999975,58.619145],[22.8543149,58.61783589999999],[22.85739960000003,58.61986749999996],[22.862487099999985,58.6202395],[22.86316359999997,58.6222308],[22.8713322,58.622645400000025],[22.8748438,58.626567],[22.88293180000002,58.62227260000002],[22.889762700000016,58.6211783],[22.8998278,58.61506879999999],[22.9062755,58.6144974],[22.91292270000002,58.6161577],[22.916670099999983,58.6144836],[22.94226159999998,58.6173941],[22.94781730000002,58.616812],[22.94902839999997,58.61512939999997],[22.957542599999982,58.613856099999985],[22.9576492,58.608694700000015],[22.9718769,58.6078581],[22.97457609999998,58.6036585],[22.9776537,58.60323520000002],[22.9791733,58.604633899999975],[22.9782177,58.6030511],[22.982166099999983,58.601581300000014],[23.000506,58.599329],[23.009991899999978,58.59402539999997],[23.017219500000017,58.5922264],[23.02411540000002,58.5877907],[23.034129,58.57620639999998],[23.042147,58.5779858],[23.049002,58.57658739999999],[23.05211590000002,58.57361119999998],[23.055707,58.5747036],[23.06036450000002,58.5731457],[23.060838300000018,58.57107240000001],[23.06483630000002,58.571524],[23.062323199999987,58.5708027],[23.064071399999975,58.569856500000014],[23.061225700000033,58.566792099999965],[23.0643191,58.565741799999984],[23.06914440000001,58.5667945],[23.067046300000026,58.5636111],[23.0728258,58.56453530000001],[23.071085300000025,58.5626489],[23.075490399999982,58.56098950000001],[23.07998240000003,58.562682299999985],[23.08581930000001,58.56128589999998],[23.084697,58.5632247],[23.090961,58.5638488],[23.093746299999975,58.562413200000016],[23.086451199999985,58.561095500000015],[23.095979500000023,58.55677839999997],[23.100671299999977,58.556259499999975],[23.109822799999986,58.55881869999999],[23.13327269999999,58.554459],[23.1381411,58.5502677],[23.163919,58.56827349999999],[23.164375700000022,58.5714319],[23.142562,58.58123149999998],[23.133568200000024,58.57449230000002],[23.12382189999998,58.574631],[23.11591920000001,58.579503099999975],[23.1073109,58.5810027],[23.10760179999998,58.58269869999999],[23.101482,58.58344589999998],[23.098483100000017,58.5820339],[23.098354,58.5839882],[23.083914,58.586960800000014],[23.0753305,58.59266319999998],[23.075172,58.5967034],[23.069874600000027,58.5996134],[23.0699954,58.602842600000024],[23.077877399999988,58.60994579999997],[23.077582100000022,58.61261719999998],[23.066507899999973,58.620253],[23.078906299999982,58.61921010000001],[23.0827719,58.622461],[23.09197050000002,58.62456589999998],[23.094893299999985,58.627296699999974],[23.1025971,58.627383],[23.10458560000001,58.6253068],[23.1133925,58.6244213],[23.124788699999986,58.620539],[23.143951,58.6258576],[23.1470412,58.62802509999999],[23.1472161,58.63350689999998],[23.137946499999984,58.640243800000015],[23.14075329999998,58.643176199999985],[23.1370907,58.64587249999999],[23.13924719999998,58.6457144],[23.14077420000002,58.64801869999999],[23.1342585,58.6528159],[23.140863300000017,58.65632819999998],[23.1354859,58.65818629999998],[23.135002,58.661458199999984],[23.13899950000002,58.664744599999985],[23.140901500000027,58.6726228],[23.153772,58.68062479999998],[23.155851299999988,58.6779176],[23.16194380000002,58.67601220000002],[23.171513399999977,58.6780465],[23.170334400000012,58.6803522],[23.172407700000015,58.67868659999997],[23.17551080000002,58.6798797],[23.179485799999984,58.6791115],[23.191640200000023,58.6842811]]]]}},{"type":"Feature","properties":{"shapeName":"Pärnu maakond","shapeISO":"EE-67","shapeID":"21999144B29728943841955","shapeGroup":"EST","shapeType":"ADM1"},"geometry":{"type":"MultiPolygon","coordinates":[[[[24.004208,58.156512],[24.012912,58.1553875],[24.016769400000026,58.1519884],[24.023088699999974,58.15384369999998],[24.0152666,58.14744739999997],[24.018334400000015,58.1420919],[24.0167267,58.14136329999997],[24.01536040000003,58.14250879999997],[24.01561429999998,58.14118769999999],[24.022881199999983,58.14143139999996],[24.01454910000002,58.1397148],[24.010207400000017,58.13427080000002],[24.015061,58.1295235],[24.01448660000002,58.1263615],[24.007049800000015,58.121334],[24.01229150000001,58.1155292],[24.010814200000024,58.1146095],[24.00801980000002,58.11616729999999],[24.0069571,58.113579600000016],[24.003182199999983,58.1135914],[24.00464979999999,58.112708199999986],[23.99978360000001,58.1101157],[23.99786979999998,58.111554],[23.9941105,58.10614719999999],[23.99657759999997,58.10412290000002],[23.991020099999986,58.0996777],[23.9839045,58.10119059999998],[23.9778957,58.1002071],[23.971686799999983,58.09548749999997],[23.968996799999985,58.09858819999996],[23.965503299999977,58.0991269],[23.9656477,58.1027716],[23.96232150000002,58.104125499999974],[23.953475900000022,58.117616499999976],[23.953815300000013,58.1228069],[23.960923599999987,58.13502249999997],[23.958924800000023,58.13678959999997],[23.9617908,58.137470100000016],[23.963564399999978,58.1406513],[23.9613923,58.142362],[23.9647132,58.147116299999986],[23.963408100000013,58.1503131],[23.971118100000012,58.1515833],[23.972009899999986,58.1539099],[23.97404109999998,58.1518551],[23.974808899999985,58.15305269999999],[23.98070159999999,58.15216719999999],[23.98277140000001,58.153534599999986],[23.983468599999973,58.15212529999998],[23.98691009999998,58.15404659999997],[23.985671699999983,58.1531109],[23.989379,58.153820300000014],[23.99069079999998,58.15222559999999],[23.994398,58.1548084],[24.0009291,58.15585769999997],[24.001915399999987,58.1544773],[24.004208,58.156512]]],[[[24.1462167,58.234554],[24.1460841,58.23267359999998],[24.1393492,58.228588],[24.1403242,58.2233852],[24.135188199999977,58.22333139999996],[24.1346108,58.21769309999996],[24.126422299999984,58.21216319999998],[24.124682599999986,58.207536],[24.121102299999983,58.2081592],[24.100104699999978,58.2029395],[24.1051416,58.212872599999976],[24.10739429999997,58.2139189],[24.11038469999998,58.2110779],[24.1172842,58.2124094],[24.1207954,58.215864],[24.11781369999998,58.2183735],[24.123278500000023,58.22165789999997],[24.12158560000001,58.2225005],[24.125553800000024,58.2216349],[24.131649799999977,58.222758200000015],[24.1343798,58.228648399999976],[24.139075799999986,58.2324036],[24.1462167,58.234554]]],[[[23.77592109999997,58.3493291],[23.7833972,58.344695700000024],[23.784983299999976,58.3379205],[23.79220560000002,58.33589909999997],[23.793402100000023,58.329181799999986],[23.786494700000027,58.331394199999984],[23.7847391,58.335646900000015],[23.781675800000013,58.33556220000001],[23.7785354,58.33767860000001],[23.779974699999986,58.33842349999997],[23.772275800000017,58.34135579999998],[23.771401199999975,58.3456702],[23.772318,58.34682159999997],[23.7736615,58.34514879999997],[23.7729152,58.347272],[23.77592109999997,58.3493291]]],[[[25.20264070000003,58.7241589],[25.250116,58.7226196],[25.25099560000002,58.7203743],[25.254797600000018,58.7200387],[25.25568329999997,58.72146570000001],[25.261086900000024,58.71974249999999],[25.265254400000014,58.716878],[25.26512609999997,58.7146826],[25.267831500000014,58.7159416],[25.27161740000003,58.7150171],[25.27394209999998,58.7169558],[25.30718,58.70615149999998],[25.258346800000012,58.63268389999998],[25.247079699999983,58.6281761],[25.222791199999985,58.62332210000001],[25.21401089999998,58.618914099999984],[25.21818990000002,58.617436],[25.2122645,58.607154199999954],[25.217629300000024,58.6059116],[25.219695899999984,58.6101365],[25.225060799999977,58.610026],[25.228707400000015,58.59448149999998],[25.226746199999972,58.59132119999998],[25.231187,58.5888964],[25.2340206,58.58392609999998],[25.230841299999977,58.5782468],[25.246414699999985,58.5748047],[25.246336500000016,58.572562099999985],[25.2427929,58.5705565],[25.193396700000015,58.5687112],[25.18594160000001,58.5656266],[25.182463,58.56260169999999],[25.190388299999984,58.55962],[25.180289,58.5542084],[25.174805100000025,58.5537371],[25.175541300000027,58.54474059999996],[25.169412699999977,58.5409147],[25.176907500000024,58.5409784],[25.1755048,58.5359339],[25.1680673,58.5360241],[25.15986210000002,58.52982839999997],[25.156213,58.529641499999975],[25.1566677,58.53688239999999],[25.144881,58.5338182],[25.1435287,58.53487949999998],[25.1365352,58.531563599999984],[25.131410199999973,58.52437879999999],[25.129688900000023,58.52536289999998],[25.122781899999982,58.520387],[25.119605600000025,58.52277630000001],[25.118100799999983,58.520847],[25.09782909999998,58.51558590000001],[25.097974,58.5171966],[25.092275800000028,58.5184825],[25.07984619999998,58.5173154],[25.07139309999998,58.506062],[25.0622042,58.50793229999996],[25.03446650000002,58.5038985],[25.03160989999999,58.50167],[25.028797300000015,58.4894024],[25.01085829999997,58.4844121],[25.01328609999997,58.45446539999996],[25.008036200000024,58.452725],[25.007924,58.45108669999997],[25.0093354,58.4501824],[25.0123091,58.4513538],[25.01093280000001,58.447367],[25.011886,58.4487638],[25.01501789999999,58.44864980000001],[25.013016,58.44715429999997],[25.01617050000003,58.446546799999965],[25.014292499999975,58.44561349999997],[25.016541300000018,58.44456579999997],[25.010612799999972,58.43938460000001],[25.0177722,58.4344993],[25.013561400000015,58.43352369999999],[24.996398300000013,58.42163289999996],[24.983969799999972,58.4260389],[24.982446600000014,58.4235331],[24.985430299999976,58.421437],[24.9875335,58.39837249999996],[24.9719399,58.3431401],[24.9801675,58.322910399999984],[25.0403231,58.3295835],[25.060804399999984,58.3243321],[25.0864931,58.3203484],[25.093785800000028,58.3212401],[25.0946959,58.3240827],[25.0965183,58.3238219],[25.098228100000014,58.32148579999998],[25.096030099999986,58.31801669999997],[25.100299499999977,58.317436],[25.098371,58.3121009],[25.100448400000023,58.311704],[25.11415350000002,58.3177124],[25.13466739999998,58.3199093],[25.139813099999987,58.31901040000002],[25.15048309999998,58.3146432],[25.166907800000015,58.2957336],[25.211353300000017,58.2823679],[25.26282380000003,58.277551799999955],[25.260598399999978,58.27551389999997],[25.264058699999985,58.273192299999984],[25.2658386,58.2565704],[25.2706727,58.2542497],[25.257032699999986,58.252762200000014],[25.258352,58.25180839999998],[25.25458359999999,58.25032369999999],[25.24269110000003,58.24772069999999],[25.239414399999976,58.2431037],[25.24212519999998,58.24003639999998],[25.24699819999998,58.2389187],[25.2458417,58.23569149999997],[25.253310300000013,58.23118169999998],[25.2557743,58.2233651],[25.250292299999973,58.2203337],[25.250036600000012,58.2156442],[25.255033799999985,58.2042356],[25.252099300000033,58.2002339],[25.2411501,58.2008466],[25.23787240000002,58.1986463],[25.241634100000017,58.194659199999975],[25.240416899999985,58.19237189999997],[25.2343663,58.1938428],[25.235015399999977,58.1957462],[25.2325987,58.19578460000001],[25.230841499999983,58.20094549999999],[25.2336498,58.20090630000003],[25.231240700000026,58.2033582],[25.2215981,58.2061498],[25.2096833,58.201544],[25.210948299999988,58.196881599999976],[25.199412,58.1939414],[25.171519,58.19691689999998],[25.15811030000002,58.194196799999986],[25.1571539,58.1910266],[25.1515923,58.1888523],[25.1520434,58.1845471],[25.16625159999999,58.1850089],[25.1622403,58.17553109999998],[25.1483408,58.1748416],[25.141951100000018,58.16930229999998],[25.141241,58.1662917],[25.143289699999983,58.1660726],[25.14207730000001,58.16483959999998],[25.146063499999986,58.1600092],[25.151285100000027,58.161304],[25.1532804,58.159538],[25.151179300000027,58.1584812],[25.1513225,58.153798299999984],[25.1441456,58.1525956],[25.145149200000024,58.1484148],[25.139743,58.149532],[25.138582800000027,58.14754350000001],[25.13365939999997,58.1484615],[25.139632,58.157014500000024],[25.133853400000017,58.1671902],[25.1245932,58.1744093],[25.116228200000013,58.17014790000001],[25.11906240000003,58.16807050000001],[25.1155184,58.1626994],[25.12043059999998,58.157256900000014],[25.125672499999983,58.1579075],[25.118716099999986,58.149881100000016],[25.106714600000025,58.151379],[25.104391500000013,58.142679799999975],[25.113206400000013,58.1382324],[25.11300420000001,58.1356635],[25.119381599999976,58.135218399999985],[25.11791560000003,58.13207039999999],[25.1232774,58.131832699999975],[25.12538879999997,58.1347983],[25.134460900000025,58.130024],[25.128076800000017,58.1146217],[25.12366980000002,58.1145048],[25.124574100000018,58.119643399999966],[25.112843,58.1198511],[25.1094924,58.1141051],[25.098711899999973,58.1177436],[25.098686800000014,58.1211962],[25.0602985,58.11976049999998],[25.05769570000001,58.1207289],[25.058444,58.11643509999998],[25.053992800000024,58.11085890000001],[25.064621100000025,58.10309559999998],[25.024659600000017,58.09163989999998],[25.015885399999974,58.08010969999998],[25.01459870000003,58.073563199999974],[25.029032599999983,58.0698636],[25.0312359,58.0652816],[25.029574,58.056414],[25.0329577,58.048487499999986],[25.03951389999998,58.0492527],[25.0395656,58.043162],[25.0462886,58.0401562],[25.020415,58.017856199999954],[24.9947386,58.0109656],[24.948868599999983,58.009364],[24.865723799999984,57.9807186],[24.84707749999998,57.975505700000014],[24.8392843,57.97528759999998],[24.83233040000001,57.9719354],[24.80829560000002,57.9905175],[24.742142,57.98203809999998],[24.7435375,57.96487709999999],[24.732567200000023,57.962385],[24.715106,57.9625269],[24.6920946,57.94641619999998],[24.6748381,57.95923269999998],[24.64435309999998,57.9591455],[24.6414219,57.95425629999998],[24.645764399999972,57.952776],[24.62840549999997,57.9418685],[24.6166541,57.9435429],[24.60992480000002,57.951168],[24.585094,57.96205109999998],[24.573093,57.95432309999999],[24.548657,57.9497639],[24.543114499999987,57.9448185],[24.531020899999977,57.9469298],[24.520675599999986,57.943454],[24.518323700000018,57.936723799999974],[24.5098494,57.934951499999954],[24.513038199999983,57.93068749999997],[24.4622621,57.92495429999999],[24.445494,57.908039299999984],[24.459535299999985,57.9064992],[24.45241250000003,57.89945380000003],[24.459628600000023,57.8800983],[24.411325199999972,57.864544],[24.409333,57.871688],[24.366363799999974,57.8759789],[24.3567679,57.87452320000002],[24.35321390000001,57.876110399999966],[24.3568664,57.8791006],[24.354209699999977,57.87846319999996],[24.35799850000001,57.883066099999986],[24.359992500000033,57.8940513],[24.361745899999974,57.89567229999999],[24.3634896,57.8951415],[24.372725100000014,57.9065131],[24.373681100000024,57.90937129999998],[24.37009,57.910348599999985],[24.375999700000015,57.90910139999998],[24.37076389999998,57.910357],[24.37484560000001,57.9096368],[24.378089899999974,57.91263090000001],[24.3800138,57.918931],[24.377156299999974,57.9202995],[24.38186630000002,57.9185801],[24.38440130000001,57.91837179999999],[24.3812831,57.91904639999997],[24.3776854,57.92033089999998],[24.381257900000012,57.9192278],[24.384622900000025,57.92055859999998],[24.3888768,57.93503019999996],[24.3899199,57.951034],[24.397146799999973,57.9557363],[24.403595800000016,57.966269900000015],[24.404857199999988,57.9772219],[24.42106640000003,57.9983148],[24.4270039,57.9981029],[24.4324315,58.002126],[24.438661200000023,58.0034397],[24.44432010000002,58.0097689],[24.4511202,58.029356],[24.4535271,58.03292459999997],[24.4537557,58.0310349],[24.455410899999983,58.0325476],[24.45270969999998,58.0350076],[24.45590369999998,58.0340127],[24.453037599999984,58.03537290000001],[24.457335,58.0358106],[24.451808700000015,58.0370955],[24.458812399999974,58.0359401],[24.45370910000002,58.037460400000015],[24.4583088,58.03712010000001],[24.462514800000026,58.03992920000001],[24.4621927,58.0450749],[24.466701800000013,58.0471121],[24.469227699999987,58.0535222],[24.47459489999998,58.0583157],[24.48021540000002,58.0721873],[24.477910699999985,58.074303],[24.48097890000001,58.0745822],[24.480341600000013,58.0784851],[24.483591599999983,58.080067200000016],[24.4785468,58.0778573],[24.480755,58.0804642],[24.47584160000002,58.082499],[24.4808592,58.0831543],[24.4793952,58.0843085],[24.4823158,58.08513079999997],[24.4760881,58.0868373],[24.47890959999998,58.0908365],[24.4697571,58.09186450000002],[24.4691278,58.0943633],[24.47538309999998,58.0942344],[24.46643079999998,58.09734519999998],[24.4693726,58.0998645],[24.46574090000002,58.101263399999986],[24.471182899999974,58.104049899999985],[24.470843,58.1054531],[24.46447870000002,58.1030983],[24.4610734,58.105083700000016],[24.456942899999973,58.10513159999998],[24.463206,58.105578],[24.4658207,58.10721859999999],[24.474197799999985,58.1062535],[24.4758536,58.1076924],[24.47464759999997,58.11045209999999],[24.479872,58.11966989999998],[24.47812010000002,58.12261440000002],[24.4776432,58.1220915],[24.4776878,58.122626099999984],[24.47460160000002,58.122876799999965],[24.47996950000001,58.123231699999984],[24.474432099999976,58.12304789999999],[24.47060180000001,58.12234579999998],[24.47478789999999,58.12315919999999],[24.4777563,58.12317769999997],[24.47888380000002,58.12412650000002],[24.4804946,58.1239826],[24.4729976,58.1295961],[24.476311300000017,58.1292244],[24.47731419999998,58.1318659],[24.4779175,58.130889199999984],[24.483493700000018,58.1317915],[24.479268699999974,58.1333275],[24.4797435,58.134869799999954],[24.4751071,58.13432679999998],[24.479840100000015,58.13525029999996],[24.474188700000028,58.13934910000002],[24.47410049999998,58.14315569999999],[24.479033499999975,58.147116199999985],[24.4798308,58.1522187],[24.477657300000022,58.155532499999985],[24.4695856,58.159993299999975],[24.4734084,58.160161],[24.467263899999974,58.1623487],[24.4693687,58.1682187],[24.468198900000026,58.1717507],[24.465382100000014,58.17189579999997],[24.467352,58.17239159999998],[24.4641167,58.1738785],[24.467987800000017,58.1739645],[24.4619429,58.17394449999998],[24.461858100000015,58.1769197],[24.453158800000022,58.1720164],[24.45396,58.1776687],[24.460015800000026,58.1842175],[24.457035500000014,58.185615800000015],[24.46012070000002,58.18555169999997],[24.461675600000014,58.18600089999998],[24.459127699999982,58.18573030000001],[24.4597388,58.1863971],[24.4590145,58.18738],[24.46124420000001,58.1890266],[24.462783399999974,58.1883666],[24.467244700000023,58.19423019999996],[24.46467680000001,58.1965868],[24.4670007,58.197615],[24.466073400000024,58.2014293],[24.46153380000003,58.199888199999975],[24.4562508,58.2026491],[24.46123809999999,58.2049173],[24.459089,58.20624339999998],[24.461245199999986,58.20826810000001],[24.464971500000015,58.20839079999997],[24.463079,58.21117239999999],[24.4674291,58.2124903],[24.4642168,58.21253909999998],[24.46699920000003,58.21444460000002],[24.46495160000001,58.21572889999999],[24.468077100000023,58.2145924],[24.469108899999974,58.21537390000001],[24.46567840000002,58.2157543],[24.470276499999983,58.2156754],[24.47671110000002,58.218568599999976],[24.476187600000024,58.220472499999985],[24.478843,58.2216048],[24.47326310000003,58.2247882],[24.482549899999988,58.23506439999998],[24.480296900000027,58.24120050000002],[24.476608300000013,58.24118639999996],[24.478037,58.241836],[24.468673400000018,58.244616599999986],[24.468581600000014,58.246208],[24.470794100000024,58.2488266],[24.476424,58.2469234],[24.4824786,58.2476732],[24.485316399999977,58.253956],[24.488357899999983,58.2540683],[24.4892937,58.258689099999984],[24.496325400000014,58.2580795],[24.499202200000028,58.26063939999999],[24.508520599999983,58.26108679999998],[24.514241200000015,58.26487680000002],[24.518749400000022,58.2656169],[24.519534,58.2679902],[24.514340100000023,58.2687004],[24.518231,58.26913550000002],[24.5162044,58.2711812],[24.52302329999997,58.26795359999997],[24.537063,58.2719316],[24.532667,58.27502649999999],[24.540283499999976,58.2730818],[24.5397361,58.274948],[24.548084,58.2762372],[24.546242599999978,58.27724809999998],[24.54912230000001,58.2800414],[24.554664,58.280479],[24.5571584,58.2854004],[24.5619101,58.288436599999976],[24.56786930000003,58.2890326],[24.577768199999984,58.29316459999996],[24.58009670000002,58.296102799999986],[24.57507990000002,58.2977613],[24.5804588,58.2971746],[24.585904200000027,58.301292],[24.5872428,58.31106719999999],[24.5826766,58.32443050000001],[24.574378899999974,58.33438309999997],[24.561102800000015,58.34386319999997],[24.5620887,58.3451243],[24.559807299999978,58.34484969999998],[24.555864,58.3477003],[24.554387500000026,58.3492129],[24.557451700000023,58.34849049999998],[24.553436699999974,58.35257090000001],[24.5373289,58.36103459999999],[24.538296299999974,58.36252029999998],[24.535617,58.361800099999975],[24.5231205,58.36699770000001],[24.4788488,58.37680289999999],[24.46412019999999,58.366335],[24.4777549,58.3764527],[24.473827499999985,58.3774362],[24.4679402,58.3724433],[24.4615857,58.3685168],[24.470327799999982,58.3745813],[24.465163099999977,58.378354499999986],[24.461722500000025,58.379547799999955],[24.459489600000015,58.3817131],[24.453895899999974,58.38152550000002],[24.451566099999976,58.385040399999966],[24.4468966,58.3841001],[24.438986499999984,58.3861144],[24.4142278,58.38777039999997],[24.39390410000001,58.38611219999996],[24.350762599999985,58.3860143],[24.314121699999987,58.381711899999985],[24.3048307,58.378992899999986],[24.29754930000001,58.36923319999998],[24.294762900000013,58.3669229],[24.2926715,58.3673306],[24.29473630000002,58.3667742],[24.291649399999976,58.3650606],[24.2933363,58.3640307],[24.291181299999987,58.364185],[24.292945,58.36282759999999],[24.2907537,58.3625848],[24.2931648,58.36231509999999],[24.29051749999997,58.36194049999998],[24.292985400000024,58.36226],[24.29348370000002,58.36073779999997],[24.29315880000001,58.35976269999998],[24.29026489999998,58.36029580000001],[24.293910100000016,58.3576128],[24.292591899999987,58.35253539999999],[24.2888888,58.352011],[24.292,58.351528499999986],[24.293039,58.3457146],[24.2897816,58.342610599999986],[24.2914391,58.3393703],[24.28882889999997,58.335612499999975],[24.2919452,58.32818539999999],[24.285087299999983,58.319828],[24.2791822,58.3071527],[24.280207100000013,58.304741499999984],[24.277779899999977,58.3046705],[24.27917539999998,58.3020491],[24.2760791,58.3002571],[24.2791123,58.29818169999998],[24.26477579999997,58.284539],[24.266886899999975,58.2799416],[24.271441,58.27772159999997],[24.267579,58.27178],[24.270597600000013,58.276766500000015],[24.266984399999988,58.2795101],[24.2650933,58.27609810000001],[24.2586432,58.27685419999999],[24.252072600000027,58.2739484],[24.232979100000016,58.273291299999954],[24.219273300000026,58.267285],[24.21863549999998,58.2718222],[24.216585799999976,58.2722066],[24.213138699999988,58.2700664],[24.2080575,58.2695247],[24.2042086,58.26502079999999],[24.2029319,58.2677289],[24.200665500000017,58.2665344],[24.200664299999975,58.2680552],[24.19697690000001,58.267015],[24.196854299999973,58.2694407],[24.194557199999988,58.2678569],[24.1944179,58.26933909999998],[24.193058499999967,58.2696878],[24.1943442,58.269273099999964],[24.194039300000025,58.26746569999999],[24.1940351,58.26888619999998],[24.19190580000002,58.26782519999998],[24.1901577,58.2682369],[24.181992400000016,58.26382479999998],[24.182668,58.2653949],[24.178682,58.2648424],[24.179901599999983,58.26617049999997],[24.172713,58.270915],[24.1681789,58.26642339999996],[24.1712726,58.2650282],[24.1648548,58.261449700000014],[24.1604604,58.26019440000001],[24.15838969999997,58.2609451],[24.162012599999972,58.25962779999998],[24.1605776,58.255908799999986],[24.159252,58.25741290000001],[24.154807499999983,58.2560193],[24.1501039,58.2508723],[24.1399672,58.2512804],[24.136832200000025,58.247426099999984],[24.138467599999988,58.2444324],[24.1340773,58.24775439999997],[24.1380636,58.2443719],[24.129357299999985,58.24508259999997],[24.1252404,58.24061840000001],[24.12105149999997,58.2412432],[24.120744700000017,58.2359037],[24.124563900000012,58.233983899999956],[24.1179492,58.231999600000016],[24.11838669999997,58.2279096],[24.114401800000014,58.23028129999999],[24.1174191,58.23202059999998],[24.11324689999998,58.23269249999998],[24.1124369,58.240283699999985],[24.10530660000002,58.24126849999997],[24.095641400000027,58.2460823],[24.088094599999987,58.2466363],[24.0897227,58.248004],[24.082762800000022,58.247431599999985],[24.083542100000013,58.2487726],[24.081136500000017,58.24908269999997],[24.083389800000017,58.250246],[24.079027200000027,58.2495755],[24.079242500000017,58.25119680000001],[24.07308409999997,58.2519368],[24.073056099999985,58.25518389999998],[24.0626254,58.2624012],[24.062178,58.2673213],[24.057791200000025,58.2705833],[24.058457400000012,58.2746082],[24.0531867,58.275088199999985],[24.050104600000015,58.2779688],[24.0540367,58.2801091],[24.051942199999974,58.2792821],[24.051235,58.28254319999998],[24.049008400000016,58.282440600000015],[24.0509242,58.28294],[24.0474856,58.28305479999996],[24.047978499999985,58.2840381],[24.043497799999976,58.28368439999998],[24.044535599999975,58.2862244],[24.0419277,58.28614419999999],[24.0422845,58.2884781],[24.040073199999973,58.28873739999996],[24.0416843,58.291474600000015],[24.04407840000001,58.29136159999997],[24.041798300000014,58.29168379999997],[24.037980599999987,58.2987374],[24.0344085,58.30140689999999],[24.0295884,58.3023945],[24.025962600000028,58.301118299999985],[24.022636,58.3041408],[24.0207671,58.3037799],[24.023405500000013,58.30454009999998],[24.0214172,58.3042151],[24.0208763,58.3080425],[24.010848499999977,58.318292],[24.011102199999982,58.3204396],[24.007492099999983,58.3190671],[24.00079859999998,58.3208003],[23.998991900000025,58.318849599999965],[24.002228899999984,58.316273],[23.999905600000023,58.315876199999984],[24.000081700000024,58.311189700000014],[24.004690900000018,58.30379829999996],[24.0015968,58.3013135],[24.00216779999997,58.29599],[23.99452630000002,58.30187129999999],[23.995044699999973,58.30427179999999],[23.989473499999974,58.3095881],[23.98670620000001,58.3090856],[23.987328600000012,58.31147989999999],[23.985822700000018,58.31026989999996],[23.98243419999998,58.315899],[23.978676199999974,58.3173696],[23.977810099999985,58.3149341],[23.97604580000002,58.315824],[23.97495440000002,58.314794399999975],[23.974414900000017,58.31230939999998],[23.979955200000013,58.31177870000002],[23.9813203,58.31000049999999],[23.980415,58.30719449999997],[23.977742400000025,58.30694569999998],[23.978274299999978,58.30938849999998],[23.97397180000002,58.309689],[23.9767306,58.3102102],[23.973052099999972,58.3121396],[23.973563300000013,58.3153075],[23.96755919999998,58.3149864],[23.9608246,58.3231711],[23.9499703,58.3276487],[23.94905540000002,58.3262812],[23.9477319,58.327274299999985],[23.9412255,58.32526880000001],[23.9383365,58.32053759999998],[23.93247050000002,58.3242547],[23.91173889999998,58.33047770000001],[23.907735399999975,58.31473549999998],[23.90271250000001,58.3135682],[23.9014721,58.316580499999986],[23.893537299999977,58.318186],[23.8876209,58.3218937],[23.8770533,58.3228489],[23.865792799999983,58.332775],[23.8647391,58.33735640000002],[23.85506259999998,58.34451639999998],[23.853249899999977,58.34949140000001],[23.8436188,58.35469229999999],[23.84118080000002,58.358637499999986],[23.836039599999978,58.3596698],[23.8260991,58.35755219999998],[23.82770789999997,58.3500444],[23.821907699999976,58.3493803],[23.820365599999988,58.347284299999984],[23.827122,58.3388154],[23.816788,58.33979359999998],[23.81651380000002,58.33809359999997],[23.79773829999997,58.3497985],[23.794799799999986,58.34883840000001],[23.799258,58.346255299999974],[23.79785810000002,58.3443271],[23.794358400000018,58.342539],[23.791427,58.3432054],[23.7870242,58.34501919999999],[23.78929670000002,58.34586379999998],[23.7872839,58.34850269999998],[23.784729,58.349851],[23.78389950000003,58.348192800000014],[23.781471199999977,58.3483461],[23.769206699999987,58.3565926],[23.766587600000012,58.35491360000001],[23.768765699999978,58.3509911],[23.7650584,58.3526427],[23.7652483,58.34747529999998],[23.760791899999976,58.3475132],[23.756768500000028,58.3515018],[23.75308630000002,58.3505891],[23.757231499999975,58.34057350000001],[23.758618499999976,58.34498640000001],[23.7631514,58.345218899999985],[23.76257010000002,58.34698709999998],[23.77162379999997,58.347068],[23.7686069,58.3443916],[23.763544599999985,58.3437727],[23.7653165,58.333533],[23.7629045,58.33448139999997],[23.761668,58.33344339999998],[23.751039,58.33766559999999],[23.7500671,58.34067419999999],[23.74625770000002,58.341110499999985],[23.74760589999999,58.34186],[23.7416012,58.3464544],[23.74345839999998,58.3474388],[23.7368784,58.3509708],[23.745411,58.3517994],[23.74447879999998,58.3609455],[23.7376801,58.3664534],[23.731396,58.3655169],[23.7336235,58.366519],[23.7312378,58.36714569999999],[23.7348447,58.36753870000001],[23.7356045,58.37193420000002],[23.727879699999974,58.37790319999998],[23.727516299999973,58.3808293],[23.71699949999998,58.3859526],[23.715383300000028,58.3981064],[23.70990779999997,58.4049638],[23.707000699999977,58.4055],[23.70914429999998,58.40724889999998],[23.707293400000026,58.41068679999998],[23.694777,58.41896419999998],[23.6909477,58.4273357],[23.6813047,58.4317639],[23.686475300000026,58.4321282],[23.6832752,58.4322964],[23.686142600000025,58.43345849999998],[23.6794222,58.4312843],[23.6767237,58.431846800000024],[23.6833627,58.437065699999984],[23.6834971,58.439759500000015],[23.67914890000002,58.4418378],[23.67832540000003,58.44481629999997],[23.6792495,58.44712790000002],[23.6809674,58.4452379],[23.68432159999997,58.44671080000002],[23.679219400000026,58.4512276],[23.68366179999999,58.4516741],[23.6858235,58.454761699999956],[23.6841779,58.45794289999997],[23.686167499999975,58.4615309],[23.683041100000025,58.46200969999997],[23.6828637,58.460691500000024],[23.680998399999982,58.46317709999998],[23.68379790000003,58.464152],[23.684153,58.474677],[23.691094,58.4804437],[23.689862299999984,58.48269839999998],[23.6931302,58.482091],[23.6895675,58.48571860000001],[23.690403500000023,58.49007620000002],[23.687600400000015,58.491836],[23.681690300000014,58.491256499999956],[23.6859721,58.497173],[23.6851001,58.50005009999999],[23.6890585,58.4981611],[23.688919099999975,58.49931109999998],[23.692634499999983,58.4988489],[23.690337,58.5026777],[23.693540899999974,58.50777390000002],[23.689596699999978,58.5061089],[23.6867919,58.5081753],[23.682574200000015,58.5078336],[23.680134500000015,58.5108104],[23.6843746,58.5130093],[23.67980680000002,58.51577],[23.684643,58.5162266],[23.686434100000024,58.517860199999966],[23.687481300000023,58.5167044],[23.69043709999998,58.51703739999998],[23.68738939999998,58.5176282],[23.69042429999997,58.51815389999999],[23.687448300000028,58.51906189999998],[23.689793900000026,58.52033129999999],[23.685637399999973,58.519845],[23.684969700000018,58.52159649999997],[23.680958400000023,58.52098140000001],[23.68457580000003,58.52641259999998],[23.682687300000023,58.52457809999996],[23.6744885,58.52294909999998],[23.678230799999973,58.529762399999974],[23.674401,58.53066969999998],[23.670797500000013,58.5290893],[23.668544299999986,58.52495839999999],[23.668158,58.527195499999976],[23.665349900000027,58.5265926],[23.6629069,58.5211144],[23.660001800000014,58.52102770000001],[23.6654073,58.5182464],[23.6543812,58.51187580000001],[23.6563911,58.51440629999998],[23.652655900000013,58.5134242],[23.6509774,58.5153533],[23.653935399999984,58.51722419999999],[23.6525932,58.51970859999999],[23.6478544,58.518994],[23.64682789999998,58.52043560000001],[23.64513090000002,58.51937659999999],[23.645598899999978,58.5208622],[23.644063300000028,58.5198796],[23.6445825,58.5174575],[23.6426104,58.5188766],[23.640308899999976,58.5182221],[23.641424799999974,58.5203572],[23.63622159999997,58.523252299999974],[23.628010299999982,58.524882],[23.6271549,58.5268942],[23.62922450000002,58.526506499999975],[23.6264169,58.527808899999975],[23.62891989999997,58.528917700000015],[23.62580290000001,58.53158040000002],[23.622102499999972,58.5312567],[23.615687500000025,58.5369204],[23.611372170898186,58.5365262124173],[23.6104784,58.536926],[23.610798482673133,58.53728113941035],[23.61083660962988,58.537322904070756],[23.61905249999998,58.543928399999984],[23.627265275437047,58.5476780699055],[23.63747768358341,58.54150512650379],[23.641410386971238,58.54161201380054],[23.6525557010679,58.53882712469635],[23.664280100000013,58.544732299999986],[23.66376870000003,58.54589149999998],[23.691401949272848,58.5493764645817],[23.69489352867889,58.5493570714698],[23.696668740043304,58.54936253172146],[23.7107062,58.54898519999998],[23.728945500000023,58.5378878],[23.744965644864127,58.53467963766475],[23.754775162248876,58.54218984403437],[23.776027582721152,58.53794780863859],[23.7845202,58.5456414],[23.798325399999978,58.54767729999999],[23.80010895017137,58.550043498555446],[23.806500460507507,58.548887407059766],[23.808390799999987,58.55084139999999],[23.815831299999985,58.5512001],[23.82089196932557,58.559442724618705],[23.838202642234442,58.554514063900115],[23.84213987492475,58.55586145717394],[23.85832399726962,58.55250499110731],[23.866711676161074,58.558131437881016],[23.880076598532995,58.555033636654606],[23.88494295766901,58.55556564141824],[23.888241220250123,58.55555652087844],[23.901543693298166,58.55667171804101],[23.91629861664163,58.55066011220606],[23.91555049999998,58.56409089999999],[23.905767199999975,58.5673502],[23.8889598,58.5812035],[23.867424599999982,58.60878729999999],[23.88127009999997,58.611087699999985],[23.8845771,58.6134726],[23.873913399999978,58.63037549999997],[23.8588171,58.638727299999964],[23.867556200851975,58.641171872969494],[23.88406660000003,58.63174909999997],[23.8912104,58.63069289999997],[23.88866990000001,58.625848099999985],[23.92440810000001,58.61208019999998],[23.946926165230607,58.60930557819997],[23.956550299999982,58.61964960000002],[23.956449099999976,58.625458],[23.988135,58.63191819999997],[23.9875313,58.647342],[23.98014160000002,58.663753],[23.974000799999978,58.66427639999997],[23.975462265235127,58.677532180650495],[23.9734693696673,58.677419404359256],[23.97174,58.67712029999997],[23.9805678,58.6818426],[23.99506770120809,58.68576259311703],[23.99732125914331,58.68517554703231],[23.99843496165546,58.68514293448419],[24.007124799999982,58.680251],[24.0081506,58.6746312],[24.04446361047216,58.67112975324701],[24.039609,58.6751656],[24.088304260199248,58.68249519168654],[24.091931045891666,58.67991069525724],[24.11596279999997,58.6895929],[24.131238800000023,58.69968249999999],[24.13199594684957,58.69933899765395],[24.185920300000028,58.6751422],[24.229296299999987,58.6820471],[24.2341956,58.68415429999998],[24.24540020000002,58.6798287],[24.251134900000018,58.68015489999997],[24.267160800000028,58.67697850000001],[24.280087499999976,58.672257],[24.3516364,58.6639994],[24.3567551,58.661125],[24.3728992,58.660042099999984],[24.3767321,58.658741099999986],[24.377407899999987,58.65635420000001],[24.3843624,58.65556089999998],[24.387029400000028,58.66234069999999],[24.395370100000015,58.66374479999998],[24.414366,58.6722724],[24.4233782,58.672760099999984],[24.422923,58.67546009999999],[24.4493986,58.679198299999975],[24.4526153,58.68125839999997],[24.45677170000001,58.6802882],[24.4726488,58.6902522],[24.467292299999972,58.6915892],[24.4733008,58.695187599999976],[24.47843629999997,58.7033072],[24.478552799999985,58.7128465],[24.4856179,58.71791979999996],[24.5216378,58.72723869999998],[24.52974750000003,58.735742399999985],[24.538503600000016,58.738841499999985],[24.545141099999988,58.73961460000001],[24.553772599999977,58.73723889999999],[24.569009300000015,58.7305898],[24.580874400000013,58.721694],[24.56227110000002,58.711622899999966],[24.5619483,58.71001949999996],[24.5666624,58.70995289999998],[24.567538200000023,58.70445239999999],[24.59438269999997,58.70633],[24.610727400000027,58.7126522],[24.63292910000002,58.71665090000001],[24.634686,58.7190124],[24.658091700000014,58.724672499999976],[24.662813,58.72699759999998],[24.67855070000002,58.7468101],[24.6878534,58.75055740000001],[24.69622759999998,58.7476683],[24.695764600000032,58.7465326],[24.7121937,58.74409809999999],[24.7249164,58.74801119999998],[24.7402718,58.739895199999985],[24.74297559999998,58.74082629999999],[24.7490336,58.739801600000014],[24.7698688,58.732437699999984],[24.794737100000013,58.7373081],[24.7995538,58.73571050000001],[24.798664300000024,58.7324379],[24.80217160000002,58.731722199999986],[24.81943410000002,58.735079],[24.82407760000003,58.7414468],[24.83313129999998,58.743148099999964],[24.833931399999983,58.74720269999999],[24.8437744,58.7494138],[24.8625103,58.75701429999999],[24.876492600000013,58.75076939999999],[24.884368800000026,58.7497022],[24.88265289999998,58.74618910000002],[24.902082400000033,58.7434141],[24.919313299999967,58.733046299999984],[24.907198299999987,58.701837499999975],[24.909477,58.68649439999998],[24.91314709999999,58.68233719999998],[24.9155845,58.68212969999998],[24.9121837,58.6778993],[24.917547300000027,58.67754309999999],[24.9172648,58.6705859],[24.92429010000001,58.6655797],[24.923221,58.66236259999999],[24.931347599999977,58.6613203],[24.9377055,58.66474559999998],[24.9460842,58.6638492],[24.9539369,58.68329279999998],[24.9634935,58.68501090000002],[24.966322799999972,58.6941245],[24.9711751,58.699325],[24.9831561,58.700154],[24.9904326,58.7053337],[24.9910749,58.7099474],[25.005131,58.70850859999999],[25.01015350000002,58.71320249999999],[25.02116459999998,58.715536499999985],[25.02410820000001,58.714028599999985],[25.02233,58.7100749],[25.032493,58.707209],[25.0368531,58.709487800000026],[25.039789900000024,58.7087464],[25.0499956,58.710968499999986],[25.052256499999984,58.7158498],[25.054948099999983,58.71558849999998],[25.0556091,58.72043960000001],[25.0629908,58.72173289999997],[25.0618781,58.7230958],[25.06952519999998,58.72536870000001],[25.0645413,58.72685],[25.064491699999973,58.7294377],[25.077524,58.72789839999997],[25.078379499999976,58.72488339999998],[25.108095799999987,58.7246894],[25.1079737,58.7235417],[25.129080599999988,58.7225725],[25.157207100000033,58.71878169999997],[25.165880899999983,58.723318],[25.19575069999997,58.72663349999997],[25.20264070000003,58.7241589]]]]}},{"type":"Feature","properties":{"shapeName":"Hiiu maakond","shapeISO":"EE-39","shapeID":"21999144B58024703537367","shapeGroup":"EST","shapeType":"ADM1"},"geometry":{"type":"MultiPolygon","coordinates":[[[[22.9882694,58.81734240000002],[22.9946813,58.807645],[23.003920299999987,58.804495],[23.0108338,58.80397329999998],[23.012230400000014,58.7982313],[23.01025190000001,58.79630189999999],[23.01227710000002,58.794665],[23.0083353,58.79194970000001],[23.009229,58.78943589999998],[23.003513500000018,58.7959068],[23.00414280000001,58.8004562],[22.994346200000013,58.8031721],[22.983704100000026,58.8086704],[22.9856639,58.8100559],[22.981803599999985,58.810662500000014],[22.980770500000013,58.8138493],[22.9882694,58.81734240000002]]],[[[23.06501790000002,58.82947019999999],[23.07430049999999,58.82523650000001],[23.076766799999987,58.8201375],[23.065509,58.80600120000001],[23.063004100000025,58.8090296],[23.06200040000003,58.806912],[23.060564400000022,58.80770730000002],[23.060049799999977,58.811045],[23.056669799999987,58.81076220000001],[23.064321,58.8140658],[23.06197489999999,58.815663699999966],[23.06528409999999,58.8164679],[23.063508299999974,58.81795529999999],[23.068363,58.816157],[23.070627300000027,58.817878],[23.06867,58.82185010000001],[23.062727899999974,58.82275549999997],[23.058920200000028,58.82870469999998],[23.06501790000002,58.82947019999999]]],[[[23.12009159999998,58.840128599999986],[23.1254633,58.839176099999975],[23.128011700000012,58.83441659999998],[23.132567,58.8332878],[23.140413,58.83435889999998],[23.141042499999983,58.8287634],[23.137499600000016,58.8299984],[23.130037299999973,58.8262863],[23.125707500000026,58.8280795],[23.124439,58.825236299999986],[23.118630900000024,58.826115100000024],[23.11242380000002,58.83664229999997],[23.12009159999998,58.840128599999986]]],[[[23.0008091,58.934047599999985],[23.005843,58.9319817],[23.0078157,58.932699499999984],[23.011807700000013,58.9281125],[23.0146331,58.9277085],[23.014381800000017,58.92959659999999],[23.015508,58.9274668],[23.0224621,58.9271206],[23.022987099999973,58.9257675],[23.0348807,58.922143],[23.037783,58.9231757],[23.044985,58.90916509999999],[23.04197549999998,58.9062416],[23.03821059999998,58.906465],[23.0316977,58.8984215],[23.02004690000001,58.9058166],[23.016754799999973,58.90660709999997],[23.01514859999998,58.905365799999984],[23.0107667,58.9076046],[23.012433700000027,58.90980779999998],[23.0092888,58.9196697],[23.012816800000028,58.91981689999999],[23.01001830000002,58.92574639999999],[23.00516289999997,58.926254299999975],[23.000225800000024,58.93184479999997],[22.9991622,58.9296793],[22.997956899999974,58.93048919999998],[23.0008091,58.934047599999985]]],[[[22.59311049999998,59.08805729999998],[22.60160019999999,59.0881497],[22.6100139,59.0831632],[22.620298600000023,59.08121580000002],[22.645286,59.0847522],[22.65377289999998,59.0873322],[22.660537,59.0857853],[22.672727199999983,59.0797735],[22.6963992,59.073069099999984],[22.70249080000002,59.0656325],[22.696702,59.06906629999999],[22.690126,59.06667809999998],[22.6837777,59.0525035],[22.684388800000022,59.04496829999996],[22.700567599999985,59.0255451],[22.6988799,59.0248024],[22.6919132,59.03192479999997],[22.6898069,59.02821919999998],[22.693546,59.027652],[22.6918747,59.025842799999985],[22.694344,59.02680640000001],[22.6966639,59.02518739999997],[22.69177140000001,59.02167679999997],[22.6929088,59.019294099999975],[22.699210700000016,59.0129708],[22.710470800000017,59.008057399999984],[22.714509,59.00844289999997],[22.715651800000014,59.00615780000001],[22.73188110000001,59.0050261],[22.734283700000013,59.0065275],[22.7423054,59.00620379999997],[22.751241,59.0091061],[22.754711800000013,59.0065292],[22.78053949999998,59.002481699999976],[22.78461559999998,58.999953599999984],[22.7911416,59.00117769999998],[22.800449599999986,58.9984271],[22.802804799999986,58.9994663],[22.805194799999988,58.9973106],[22.8164487,58.997465699999964],[22.8161943,58.999531],[22.8202076,59.000033399999985],[22.8196248,58.998805599999976],[22.827221,58.9973173],[22.830928,58.99488869999998],[22.836325,58.9964626],[22.8337105,58.999243900000025],[22.8314803,58.998895199999986],[22.8346173,59.0001487],[22.8337485,59.001435],[22.836779,59.003032699999984],[22.84209920000001,59.0025985],[22.85066349999997,58.997700799999976],[22.851281400000012,58.9988794],[22.853664699999968,58.99770319999999],[22.864421300000014,58.99780410000001],[22.86128430000002,58.9962837],[22.8635139,58.99554139999997],[22.86248170000002,58.99411649999998],[22.87641,58.98799249999998],[22.87646449999997,58.9866736],[22.8714281,58.985553899999985],[22.87386559999998,58.981272899999965],[22.879243400000018,58.9821221],[22.885149400000014,58.97993589999996],[22.887095299999977,58.976566800000015],[22.89395939999998,58.97890849999998],[22.89584250000002,58.98213959999998],[22.900588400000018,58.9791675],[22.9007792,58.9833027],[22.90373110000002,58.9843962],[22.90632349999997,58.9837367],[22.902331700000026,58.9792853],[22.9067887,58.9797681],[22.9056655,58.978079499999986],[22.9090342,58.97722649999997],[22.907908099999982,58.97649910000002],[22.90399209999998,58.9767557],[22.901587,58.9760704],[22.90359339999998,58.97553879999998],[22.90375759999998,58.97653969999996],[22.907432,58.9755836],[22.91249649999997,58.9771247],[22.9144513,58.975014],[22.91967280000001,58.9755221],[22.935053299999982,58.98246369999996],[22.93815,58.98332249999998],[22.9422789,58.9823537],[22.931972700000028,58.9742348],[22.9312648,58.97057130000001],[22.93481570000002,58.97022769999999],[22.936054,58.964003699999985],[22.941499499999978,58.96344229999998],[22.955467899999984,58.95685029999998],[22.954102300000013,58.9530619],[22.950538,58.9550648],[22.943973600000028,58.95400259999998],[22.939187200000017,58.9549365],[22.937416499999987,58.95355760000002],[22.935828500000028,58.950092],[22.9414502,58.9424027],[22.9655319,58.927431],[22.96968440000002,58.919105199999976],[22.97471009999997,58.91634519999998],[22.978570300000023,58.916907199999976],[22.978807699999976,58.91431569999998],[22.985744,58.91586020000001],[22.9873191,58.914240599999985],[22.9886154,58.91544660000002],[22.994275400000024,58.91300680000001],[22.9958409,58.9156998],[23.0003878,58.91441959999999],[22.99965349999998,58.9165129],[23.005660100000014,58.9132914],[23.007136,58.9109462],[23.0040407,58.90998929999997],[23.0039885,58.90803359999998],[23.024459100000026,58.8957482],[23.02592939999999,58.89227509999997],[23.0228375,58.89057959999999],[23.026606299999987,58.8864522],[23.02979579999997,58.8866202],[23.0290636,58.8837076],[23.0230667,58.88139569999998],[23.023244300000023,58.879382],[23.02877750000002,58.87478990000001],[23.0366495,58.872548299999984],[23.045057499999988,58.8657985],[23.049586900000016,58.86697709999998],[23.048015199999988,58.8648478],[23.0506987,58.8614063],[23.046026199999975,58.85945639999998],[23.069185600000015,58.83827419999998],[23.0599233,58.83151219999996],[23.053305,58.83090839999997],[23.0493564,58.82836289999996],[23.03789829999997,58.82710519999998],[23.034669699999974,58.8247824],[23.0335512,58.82613889999998],[23.03112319999999,58.8238966],[23.0279287,58.825054299999984],[23.025067800000016,58.8241454],[23.021332700000013,58.83453259999998],[23.023176,58.83960379999997],[23.018572299999978,58.842154100000016],[23.020472800000018,58.8462598],[23.01381769999998,58.84511220000001],[23.0073939,58.839091],[22.999332,58.8366214],[22.993220799999985,58.8404691],[22.99333369999998,58.8422311],[22.98998340000001,58.84269859999997],[22.9928262,58.84002629999997],[22.9821145,58.845695700000014],[22.961373199999986,58.848946599999984],[22.962472399999974,58.848036],[22.956944800000013,58.84730189999997],[22.95805939999999,58.84513879999996],[22.95557919999998,58.847064900000014],[22.943446500000015,58.8426884],[22.946472099999983,58.839267100000015],[22.95133810000002,58.8383553],[22.952739899999983,58.83394060000001],[22.9574038,58.8306866],[22.957503500000026,58.825864500000016],[22.9525988,58.8280743],[22.952523800000026,58.826319],[22.949854900000012,58.8263698],[22.9434681,58.82978729999997],[22.932046199999974,58.831168],[22.930089199999973,58.83446449999999],[22.925838200000026,58.8358519],[22.926712,58.8408102],[22.92017290000002,58.84127329999997],[22.92289669999998,58.8427538],[22.9189066,58.8442486],[22.913134500000023,58.8382205],[22.92035910000001,58.83806449999998],[22.922582,58.83652949999998],[22.9174791,58.82867490000001],[22.919254099999975,58.82229839999999],[22.9086227,58.82015],[22.90547330000002,58.82447040000001],[22.901867499999973,58.82343249999999],[22.9065524,58.8264],[22.901890200000025,58.8289485],[22.9018113,58.8250366],[22.89893359999998,58.82507469999997],[22.898369900000016,58.8279599],[22.89319339999998,58.82485189999997],[22.8936392,58.823158],[22.89056580000001,58.8244868],[22.8891754,58.82334870000001],[22.885197900000026,58.8270676],[22.8904871,58.82743629999999],[22.888207800000025,58.82919109999997],[22.8729576,58.832548],[22.8648278,58.83602910000001],[22.861907,58.835443099999985],[22.85983450000003,58.83301649999996],[22.862122900000013,58.8317699],[22.858474899999983,58.83171019999999],[22.859611,58.828853],[22.85144720000001,58.8278036],[22.84975540000001,58.82563670000001],[22.83328040000001,58.825538799999975],[22.83030730000003,58.8220914],[22.835407,58.8172032],[22.8481932,58.8156094],[22.8537466,58.818268],[22.852261599999984,58.820322],[22.859211700000014,58.82141630000001],[22.867421499999978,58.82584560000002],[22.884198100000027,58.82741319999999],[22.887040799999976,58.8243715],[22.881874100000015,58.8255168],[22.880029100000012,58.822267],[22.88704379999997,58.821362],[22.88821420000003,58.81940840000002],[22.8842186,58.81774829999998],[22.881707499999983,58.8183691],[22.881584299999982,58.816584],[22.874642599999977,58.815312699999986],[22.874042199999973,58.81334779999999],[22.869315499999978,58.8133094],[22.872497200000023,58.8117407],[22.866302199999968,58.8095706],[22.8697906,58.80849209999997],[22.866661,58.8042025],[22.869837599999983,58.8032476],[22.868355200000014,58.802353299999965],[22.8723988,58.79874310000002],[22.8759766,58.7990408],[22.8751172,58.79770970000001],[22.876248299999983,58.7990566],[22.875676100000025,58.79709050000002],[22.87969739999998,58.79746509999998],[22.878129699999985,58.795883799999984],[22.8813502,58.795218],[22.872891499999973,58.7917764],[22.8788013,58.7935191],[22.881227200000012,58.7928662],[22.878463099999987,58.79245570000002],[22.879018500000022,58.79085509999999],[22.88307049999998,58.7901926],[22.878645500000015,58.78845169999999],[22.874426199999977,58.79065239999998],[22.86675980000001,58.78808959999997],[22.8665002,58.7909679],[22.859198,58.79113570000001],[22.8552607,58.78941489999996],[22.8525826,58.79060759999999],[22.844734099999986,58.78748689999997],[22.845283,58.784197399999975],[22.8503948,58.7821225],[22.8464778,58.78023929999998],[22.8374745,58.7825699],[22.837139,58.7847482],[22.831798300000024,58.78396390000001],[22.8282071,58.7812517],[22.829630799999983,58.77999579999998],[22.8275164,58.781183],[22.8184863,58.7721725],[22.819958299999985,58.7699468],[22.824751700000018,58.768765399999985],[22.821014,58.769136199999984],[22.823151399999986,58.76519949999998],[22.82095480000001,58.76842760000001],[22.814859799999972,58.76699210000003],[22.8051263,58.76180289999998],[22.79583679999997,58.75988620000001],[22.7882059,58.7550272],[22.795528299999983,58.76005149999998],[22.81066939999998,58.7663],[22.810168,58.76848169999998],[22.80685990000003,58.7681442],[22.80407509999997,58.770277299999975],[22.81006490000003,58.77011579999997],[22.807951100000018,58.771206],[22.8123916,58.7720052],[22.814193399999976,58.7770995],[22.80636,58.7762262],[22.80721560000001,58.77164079999996],[22.8050253,58.7736366],[22.798008799999977,58.77118089999998],[22.793479299999973,58.77381189999997],[22.787247,58.7720869],[22.78892350000002,58.7780934],[22.77878250000002,58.780173],[22.781732600000026,58.78209389999998],[22.775080800000023,58.7834932],[22.77684220000003,58.786329],[22.7755073,58.78525959999999],[22.773926,58.78732169999997],[22.768045200000017,58.786864],[22.7746765,58.78811669999998],[22.77106829999998,58.7885313],[22.7672113,58.7914276],[22.762045899999983,58.7966912],[22.76257060000003,58.799432],[22.758206,58.799565],[22.756472,58.8021144],[22.7596192,58.8043545],[22.767807,58.8020123],[22.7816601,58.790625],[22.786893599999985,58.79014809999997],[22.790710499999978,58.793170900000014],[22.787021399999983,58.79601819999998],[22.791838299999977,58.795198699999986],[22.8080753,58.79940619999998],[22.812076099999985,58.804622199999955],[22.810486399999988,58.8142655],[22.813905599999966,58.81676729999999],[22.81842140000002,58.8160698],[22.8270012,58.82248979999997],[22.8239379,58.826203600000014],[22.81223389999998,58.82410359999998],[22.8107735,58.826450499999986],[22.808355899999974,58.8263598],[22.805485399999988,58.819594],[22.796107899999978,58.81793110000002],[22.7978248,58.81480269999998],[22.7958399,58.813526799999984],[22.7896339,58.81589450000002],[22.787299500000017,58.82076379999997],[22.780161,58.81737859999997],[22.77759380000002,58.819614],[22.768693,58.81934889999999],[22.767573399999975,58.81703959999999],[22.75832179999998,58.815529399999974],[22.754546,58.8126096],[22.749240900000014,58.8045045],[22.753513599999977,58.8018435],[22.7483053,58.7992963],[22.745313600000024,58.803024100000016],[22.742204,58.8029433],[22.7443831,58.8035339],[22.735897400000013,58.80659439999999],[22.7314932,58.80584559999998],[22.7340941,58.79952210000001],[22.72487489999998,58.79744529999997],[22.71935740000001,58.79018329999999],[22.723011,58.7893272],[22.7223064,58.78596069999997],[22.7176881,58.7846585],[22.7142802,58.775661],[22.708887,58.7749719],[22.72624780000002,58.77385909999998],[22.724048499999974,58.770931],[22.72816040000001,58.7722453],[22.71539990000002,58.76429859999999],[22.714431399999977,58.759040699999964],[22.68148279999998,58.725885],[22.6799837,58.720347],[22.67146580000001,58.7117672],[22.666269900000017,58.697699599999986],[22.662730800000013,58.69897169999997],[22.6508779,58.6953178],[22.643302599999977,58.69472459999999],[22.639046100000026,58.69255449999997],[22.62457219999999,58.6942523],[22.612018599999967,58.6931942],[22.612145500000018,58.68990760000001],[22.609948,58.693325699999974],[22.6096713,58.6934259],[22.610950800000026,58.6916425],[22.6099688,58.692637],[22.6088142,58.69283],[22.60342650000003,58.691528399999974],[22.6001424,58.6925994],[22.5864891,58.6886636],[22.579893699999968,58.6893068],[22.563335,58.6868712],[22.527959700000018,58.69449169999998],[22.522455499999978,58.69105879999998],[22.523280400000026,58.69427869999998],[22.5215539,58.6911797],[22.5220774,58.69273629999997],[22.51579280000001,58.6958838],[22.487292099999973,58.7018116],[22.484556699999988,58.70526609999997],[22.47961990000003,58.7064586],[22.4830263,58.7067759],[22.484337099999987,58.709535799999976],[22.478385599999974,58.7147921],[22.4707843,58.713658],[22.46564120000002,58.71569679999998],[22.46589310000002,58.716614],[22.473520200000024,58.71578429999999],[22.474232600000025,58.7173614],[22.46418129999998,58.7195362],[22.464159600000023,58.72233179999997],[22.46167820000003,58.72316809999999],[22.472509599999977,58.7225198],[22.475385,58.7200805],[22.479122699999984,58.7222527],[22.478619900000023,58.7245841],[22.48760209999999,58.7234565],[22.490239300000024,58.7256218],[22.493719499999976,58.7242983],[22.4985974,58.7253597],[22.500826799999974,58.72696479999996],[22.49896669999997,58.727924799999975],[22.502858700000026,58.72813690000001],[22.5009719,58.7301711],[22.503351199999983,58.7331661],[22.5000369,58.7329929],[22.493674799999987,58.73932],[22.48532889999998,58.74082639999996],[22.4883671,58.744075],[22.482872100000023,58.7501129],[22.4680384,58.752932],[22.461854899999988,58.751163099999985],[22.462486600000016,58.75488489999998],[22.46830159999998,58.7544918],[22.47097779999999,58.7575289],[22.4749701,58.758326299999986],[22.4763225,58.75713420000001],[22.4791256,58.759040699999964],[22.4819244,58.76805789999997],[22.479505099999987,58.7734488],[22.473986200000024,58.778364599999975],[22.4725977,58.776910299999955],[22.471888099999976,58.7798648],[22.4579535,58.78205980000001],[22.4584387,58.7833928],[22.450350800000024,58.787103699999975],[22.4444364,58.787048099999986],[22.442753900000028,58.789726099999974],[22.4630349,58.7991232],[22.4606925,58.8029885],[22.4539175,58.804437499999985],[22.457038699999988,58.806030399999976],[22.451007100000023,58.80564290000002],[22.4451126,58.80739829999999],[22.442188499999972,58.8065983],[22.4439308,58.806081],[22.433549300000013,58.80674],[22.4459059,58.807697199999964],[22.458578,58.81074719999999],[22.45710509999999,58.81271829999998],[22.4497047,58.8127102],[22.4544666,58.813569],[22.45404170000003,58.81582639999998],[22.457716299999987,58.81571809999998],[22.453617,58.8158814],[22.45320579999999,58.8180624],[22.458538399999988,58.82705289999997],[22.4576828,58.83236709999997],[22.45473,58.8343665],[22.4550979,58.8407534],[22.450840600000028,58.84639639999998],[22.44114090000002,58.85022189999998],[22.440972,58.85408239999999],[22.4440087,58.854348],[22.433295800000018,58.8601486],[22.435983199999974,58.862103],[22.4283997,58.8698212],[22.425327200000034,58.870045],[22.418935800000018,58.876759800000016],[22.41439129999998,58.87738979999999],[22.393957499999974,58.891043199999984],[22.365614399999984,58.8976456],[22.35581680000001,58.8953302],[22.329026399999986,58.8935137],[22.321204399999985,58.88976510000001],[22.3224627,58.884787],[22.3194986,58.88430279999997],[22.316339199999987,58.8868209],[22.30875149999998,58.8820784],[22.304509900000024,58.883694],[22.306530699999986,58.88666909999997],[22.3034191,58.8864267],[22.30266619999998,58.88809710000002],[22.2852099,58.89223919999997],[22.282280899999986,58.8880073],[22.277938699999986,58.891046199999955],[22.268279,58.88885159999999],[22.2651232,58.8869509],[22.2655347,58.883992],[22.2602136,58.88178159999998],[22.251485799999976,58.8836567],[22.239736299999986,58.8834414],[22.2298013,58.882465299999986],[22.22778189999998,58.8804344],[22.21597859999999,58.88100080000002],[22.209803,58.879052899999984],[22.2026646,58.88098619999999],[22.193844299999974,58.88044409999997],[22.192138299999975,58.8826387],[22.188057200000024,58.88258949999997],[22.187284499999983,58.8812921],[22.17333719999997,58.881654],[22.171051400000025,58.883895],[22.166580199999988,58.884657200000014],[22.168384800000016,58.8860604],[22.1640718,58.8852961],[22.167932899999983,58.8872205],[22.164352799999982,58.88695520000002],[22.1612503,58.88928049999998],[22.15630779999998,58.88890769999996],[22.149375699999972,58.8940448],[22.1399126,58.894124],[22.1402637,58.90151869999998],[22.135791499999986,58.9070946],[22.094020500000028,58.9155203],[22.076578300000016,58.915676799999986],[22.066760400000014,58.91734419999999],[22.0623141,58.9217178],[22.057117,58.9213004],[22.058377299999975,58.9193843],[22.048995399999978,58.9211901],[22.044829600000018,58.92611640000001],[22.038548699999975,58.927308299999986],[22.0475506,58.930483],[22.0503894,58.9369581],[22.0489978,58.9397524],[22.042605400000017,58.94135880000002],[22.0484519,58.940908],[22.05308940000003,58.9440671],[22.058457899999976,58.94222169999997],[22.066083500000016,58.9423582],[22.071144,58.94451129999999],[22.069422799999984,58.9470514],[22.072698900000017,58.9448365],[22.0787682,58.94614409999998],[22.08446429999998,58.94552609999999],[22.085823599999983,58.9470668],[22.087457,58.944693],[22.101640100000015,58.94102820000001],[22.1321252,58.94175849999996],[22.141702400000018,58.9378224],[22.1557002,58.93751359999996],[22.1673599,58.9352653],[22.175238,58.9363778],[22.2059397,58.9338335],[22.217867799999986,58.936674199999956],[22.221840899999975,58.93483559999998],[22.237589,58.9356459],[22.24526570000002,58.9380083],[22.252484300000013,58.94258659999997],[22.2560262,58.941575],[22.2617847,58.9425241],[22.27451159999998,58.9476807],[22.295755500000013,58.94385549999998],[22.30486370000002,58.9461367],[22.3098932,58.94926030000001],[22.342457199999966,58.9428221],[22.356612199999983,58.937474],[22.356202600000017,58.93642329999998],[22.3571388,58.9373418],[22.3821548,58.93428689999998],[22.39542770000002,58.936479399999975],[22.4117237,58.944356599999985],[22.419042399999988,58.955873],[22.421908600000016,58.954823],[22.419342700000023,58.956630599999976],[22.42224750000002,58.9608044],[22.4203893,58.96266449999998],[22.41219950000001,58.96471719999998],[22.4133754,58.9685683],[22.4241111,58.968149599999975],[22.4292214,58.9619961],[22.44169350000001,58.9570402],[22.44822359999998,58.9587474],[22.448821800000022,58.9601972],[22.4523049,58.959101],[22.449377,58.9675747],[22.45525489999997,58.96514480000001],[22.45719060000003,58.9613686],[22.4707362,58.96191239999997],[22.468422600000014,58.962277399999984],[22.469123500000023,58.964156],[22.470406,58.963398699999985],[22.4657004,58.967659799999986],[22.4586618,58.967451],[22.443183300000015,58.98242239999997],[22.438256199999973,58.9847146],[22.441814299999976,58.98563],[22.436339299999972,58.99418079999999],[22.4438873,58.9946727],[22.461993699999987,58.9901814],[22.464172,58.99047690000001],[22.460129899999988,58.9917953],[22.464718499999982,58.99081469999998],[22.46496829999999,58.9919618],[22.46607159999999,58.9901219],[22.464810400000026,58.993168699999984],[22.466762299999978,58.9907354],[22.4732986,58.9883485],[22.4678419,58.99132539999998],[22.46934630000003,58.993187500000026],[22.47367480000002,58.993935599999965],[22.482031399999975,58.991708899999985],[22.480641,58.9934874],[22.4830277,58.996237],[22.494173,58.9991149],[22.493867700000024,59.0018757],[22.482402700000012,59.004679899999964],[22.489443300000026,59.0065482],[22.487838,59.009166599999986],[22.482646899999985,59.009948],[22.482078,59.01110879999998],[22.48610050000001,59.011345100000014],[22.4825443,59.012715100000015],[22.4838099,59.014962],[22.4760388,59.01689969999999],[22.483025100000013,59.0166516],[22.47820840000002,59.019034],[22.480986699999985,59.02072909999997],[22.478959500000023,59.023827900000015],[22.4741512,59.025265499999975],[22.478654,59.0244978],[22.479144199999986,59.02766],[22.47401370000002,59.03084],[22.48751020000001,59.02338849999998],[22.49067440000002,59.0250343],[22.488475600000015,59.0259529],[22.491849800000022,59.02691979999998],[22.492574600000015,59.0253299],[22.4965276,59.02557089999998],[22.504657700000017,59.023052800000016],[22.512699300000012,59.0237418],[22.514617800000018,59.02215229999997],[22.51755530000003,59.0226297],[22.531935700000023,59.019334],[22.534459399999974,59.020514099999964],[22.5330343,59.0218581],[22.5371175,59.0228758],[22.5227034,59.0228192],[22.5175389,59.02417029999999],[22.5405634,59.0259944],[22.532397299999975,59.027751399999985],[22.5425231,59.0291031],[22.5444256,59.0318399],[22.5521143,59.0325977],[22.555328099999976,59.030271899999974],[22.56189,59.0314079],[22.568629300000012,59.03067660000002],[22.57568830000001,59.0339608],[22.5793971,59.03942210000002],[22.580617100000023,59.0533174],[22.578346099999983,59.0612209],[22.584984199999976,59.086952899999964],[22.582702,59.09345670000001],[22.589012,59.088889399999985],[22.59311049999998,59.08805729999998]]]]}},{"type":"Feature","properties":{"shapeName":"Lääne maakond","shapeISO":"EE-57","shapeID":"21999144B44966158001622","shapeGroup":"EST","shapeType":"ADM1"},"geometry":{"type":"MultiPolygon","coordinates":[[[[23.4414205,58.833640799999976],[23.454607,58.8305636],[23.4670246,58.82400759999997],[23.4769776,58.82389219999998],[23.479101900000014,58.8215085],[23.475891299999983,58.8206902],[23.4764939,58.81516],[23.468470111179528,58.8133326],[23.461298899999974,58.815036100000015],[23.462175300000023,58.8127411],[23.45856250000001,58.810490799999975],[23.452042007562532,58.81252545573004],[23.450567011179558,58.815069499999964],[23.442667111179514,58.81782519999999],[23.439101011179567,58.8251339],[23.435504711179554,58.8265492],[23.435351611179527,58.830126100000015],[23.4414205,58.833640799999976]]],[[[23.5124685,58.95950419999998],[23.520274409007477,58.954928727010305],[23.510549511179562,58.959392700000016],[23.5124685,58.95950419999998]]],[[[23.30437840000002,58.97256339999997],[23.3043787,58.970865],[23.300622311179556,58.9721275],[23.30437840000002,58.97256339999997]]],[[[23.6403642,58.994748],[23.64064628907049,58.99355918843021],[23.638426799999976,58.993926499999986],[23.6403642,58.994748]]],[[[23.1659426,59.04969319999998],[23.167357,59.04801],[23.17606600277479,59.04848083101488],[23.182642299999973,59.0470021],[23.19300161117952,59.04169329999997],[23.194773111179522,59.0420275],[23.18984331117952,59.046963199999986],[23.19108739301411,59.049318504343255],[23.195747900000026,59.04063849999997],[23.19945,59.0412982],[23.2003446,59.03972240000002],[23.208018876269854,59.03926176285375],[23.2207491,59.0357155],[23.22678011117957,59.03624249999996],[23.227422668363122,59.040175045942995],[23.247597291148537,59.03691508008496],[23.252177100000026,59.035183599999975],[23.252250799999974,59.0316039],[23.248541400000015,59.02892249999998],[23.253686200000015,59.02968669999998],[23.2590766,59.0283827],[23.26465979999997,59.0237117],[23.267831099999974,59.0235476],[23.2684697,59.0185387],[23.27615221117956,59.01935610000001],[23.27907681117953,59.02376629999998],[23.276434751518178,59.02600558606675],[23.279311511179536,59.027395800000015],[23.28694549999997,59.02257920000002],[23.29337561117955,59.02381479999998],[23.29575191117954,59.0312556],[23.304649148445026,59.03554750330329],[23.3085826,59.033401200000014],[23.3106605,59.0282911],[23.313753499435354,59.028296437890624],[23.31284789999998,59.026155700000025],[23.3188186974151,59.027613448702226],[23.321367111179562,59.026855],[23.324865511179546,59.0280282],[23.320189211179553,59.0315417],[23.32556161117956,59.031975199999984],[23.324737472378217,59.03337072870224],[23.329026311179554,59.03191309999997],[23.329164700000028,59.03606809999999],[23.3428298,59.029699500000014],[23.347676299999982,59.02139880000002],[23.358198543279173,59.02042127434948],[23.35816730000002,59.0159681],[23.36535680000002,59.01446969999998],[23.364242500000024,59.00728059999999],[23.368293036941033,59.00678847264034],[23.369865,59.0029779],[23.38102160000002,58.99861179999998],[23.38797940000001,58.9922126],[23.3823256,58.9835467],[23.37603629999999,58.97983939999998],[23.37504729999998,58.97421519999999],[23.372178911179546,58.9737909],[23.356066399999985,58.9802216],[23.35481990000001,58.977870299999985],[23.357673113476785,58.97340030693034],[23.35115961117953,58.98329510000002],[23.346734199999986,58.983166],[23.341869633268058,58.97968938183556],[23.331907611179528,58.9810422],[23.33243571117952,58.98468570000002],[23.3294259,58.9851748],[23.327163699999982,58.98239030000001],[23.3299716,58.981309499999966],[23.325775600000025,58.97923559999998],[23.32947359999997,58.975936800000014],[23.3244047,58.973695],[23.324711405474172,58.97191585175105],[23.31861171117954,58.97433969999996],[23.31456447215912,58.97252040235411],[23.31067931117955,58.9751116],[23.3048014,58.97309109999998],[23.30312521117956,58.974827699999985],[23.2987622,58.9750627],[23.296732420454113,58.97180018573695],[23.285735,58.97295290000001],[23.287036,58.9680267],[23.289610468071807,58.96782171917111],[23.28827714912624,58.96316955128891],[23.2833866,58.96413589999999],[23.285021699999973,58.96185529999998],[23.292371,58.9586506],[23.3107209,58.955845],[23.309810538847156,58.95452079341831],[23.296453111179535,58.956775199999974],[23.287954111179566,58.95657739999998],[23.268537511179552,58.9666874],[23.262451111179544,58.972597899999975],[23.245363711179568,58.978328099999985],[23.244258011179536,58.98043769999997],[23.238517108749704,58.98117110338941],[23.23834771117952,58.98319650000001],[23.230631611179557,58.9818365],[23.2204221,58.984236199999984],[23.216140500000026,58.9829445],[23.21744630000001,58.9802389],[23.21490670000002,58.9797088],[23.215980599999984,58.9733737],[23.21409970000003,58.9722048],[23.21515649999997,58.9692745],[23.22078320000001,58.9660419],[23.220710499999978,58.962510499999986],[23.215474311179545,58.9630092],[23.212668011179538,58.9675477],[23.209197799999984,58.96658039999998],[23.20953520000002,58.964565499999956],[23.20625399344441,58.96434094497261],[23.199550411179573,58.96706510000001],[23.194354211179533,58.9721201],[23.18795090000002,58.972294],[23.19023849999997,58.96052519999998],[23.188222711179527,58.9619505],[23.185370011179554,58.9614566],[23.185238811179552,58.965176],[23.1804381,58.96688529999999],[23.1763213,58.964555899999986],[23.175477286857646,58.959565229714386],[23.16661504761729,58.960139166814656],[23.160943611179572,58.96350809999997],[23.152289811179536,58.975425],[23.15995611117953,58.97861630000001],[23.17023201117952,58.97656809999996],[23.171220711179554,58.98003940000001],[23.168228011179547,58.981310099999966],[23.170415011179514,58.983081699999985],[23.161824411179545,58.9833386],[23.14462671117955,58.9952568],[23.143401811179555,59.00155389999998],[23.13184631117955,59.00318049999997],[23.1277516614794,59.00574035262686],[23.128679611179532,59.00737879999998],[23.121800011179573,59.009742299999985],[23.120172811179568,59.02204020000001],[23.117628011179562,59.02463190000002],[23.12097401117952,59.0300149],[23.126452711179518,59.0302887],[23.130769311179563,59.0331948],[23.13011176252073,59.039118231150105],[23.14429951117954,59.0366312],[23.148643111179528,59.038492299999966],[23.14814814677752,59.04008374486616],[23.158434411179538,59.0419607],[23.15978291117955,59.0466475],[23.1659426,59.04969319999998]]],[[[23.517064022584325,59.13645255756625],[23.52411430000003,59.13563840000002],[23.51515191117954,59.1361734],[23.517064022584325,59.13645255756625]]],[[[23.627265275437047,58.5476780699055],[23.61905249999998,58.543928399999984],[23.61083660962988,58.537322904070756],[23.610798482673133,58.53728113941035],[23.6104784,58.536926],[23.610382612583194,58.53544131442667],[23.60496088789737,58.53506219143257],[23.607578411179574,58.5410286],[23.6046858,58.541178400000014],[23.601312200000013,58.536017],[23.598223896926164,58.5357962544114],[23.596858911179527,58.53859319999997],[23.60001408923991,58.54004137697689],[23.599689911179542,58.5384227],[23.60356611117954,58.5407213],[23.601926623373796,58.542935669062935],[23.604064611179542,58.5431633],[23.603893411179524,58.54527429999998],[23.601220011179553,58.5468975],[23.591371472088046,58.546599121582396],[23.591833111179547,58.54815770000001],[23.58672951117955,58.547252499999985],[23.586649411179533,58.5487583],[23.583226799999988,58.54934359999998],[23.57809804421136,58.5463478338906],[23.58415901117956,58.55730680000001],[23.581548711179554,58.5616455],[23.5744975,58.562217699999984],[23.576236099999978,58.5606351],[23.57267741117957,58.55918709999998],[23.56876361117953,58.56076059999999],[23.568389611179544,58.56454989999999],[23.57627001117954,58.5677333],[23.57282891117954,58.5706367],[23.57387231117957,58.57306050000001],[23.580323011179527,58.5742119],[23.57984051117953,58.575826],[23.583629611179553,58.5777092],[23.58170822925646,58.57972464718822],[23.58523461117955,58.58097789999998],[23.582828911179526,58.5822605],[23.5767803,58.5809937],[23.56762979999998,58.582167],[23.560802,58.57988269999997],[23.5575888,58.5762743],[23.559085649034145,58.57243639620519],[23.54849779999998,58.568995600000015],[23.550047,58.56517130000002],[23.555946646189035,58.56609327052965],[23.5591597,58.56309070000001],[23.55459030000001,58.562950800000024],[23.559544100000014,58.55888749999998],[23.55601160000003,58.557991799999975],[23.552167542461312,58.55277005615594],[23.5479442835938,58.55317176970609],[23.550404311179573,58.560951],[23.54677131117957,58.56037349999998],[23.54628211117953,58.56345009999998],[23.54124464676112,58.56055662553463],[23.535332416358894,58.56230787050416],[23.536574711179558,58.563665],[23.53126610000001,58.56620249999999],[23.528400862503926,58.5637599360676],[23.52852341117952,58.565307799999985],[23.51755929999998,58.564031899999975],[23.5193298,58.5622821],[23.5131266,58.56078019999997],[23.508104435439865,58.56208081869984],[23.510414111179518,58.5631479],[23.503777311179544,58.5645379],[23.501721511179575,58.57057859999996],[23.509005611179564,58.57309149999997],[23.5049905226286,58.57412986801099],[23.522295811179546,58.5740703],[23.523647311179552,58.5771005],[23.520289211179527,58.57906929999997],[23.523392311179528,58.5822486],[23.523790911179546,58.5879423],[23.52805671117952,58.58941930000002],[23.529463311179555,58.592568],[23.533710056535213,58.59295189381616],[23.535749111179516,58.591243599999984],[23.54122721117955,58.593016399999975],[23.538766311179522,58.59766960000001],[23.53631741117953,58.59712439999997],[23.53427851117952,58.5989972],[23.525803640638177,58.5960246495331],[23.53114281117954,58.6114147],[23.528617411179553,58.615792200000016],[23.524962611179564,58.6152277],[23.522492511179554,58.616948499999985],[23.521243711179576,58.6222472],[23.51314241117956,58.62864989999997],[23.511122111179528,58.637161],[23.505990911179563,58.64133449999997],[23.511507611179564,58.64435249999999],[23.511410511179566,58.64665139999998],[23.50042603305328,58.655023947391115],[23.503491111179528,58.65606],[23.51040651117953,58.671575899999986],[23.509018711179554,58.6737968],[23.499122711179556,58.6756941],[23.50188171117954,58.6760695],[23.504820111179555,58.6815839],[23.49708421117956,58.684219699999986],[23.499128411179562,58.68567849999997],[23.49780601117955,58.6885701],[23.491926556590286,58.68907793291198],[23.500061411179548,58.6896653],[23.508879662624672,58.692659738168125],[23.516365411179525,58.6921886],[23.517860711179534,58.6973482],[23.51055321117955,58.70180340000002],[23.515373530698767,58.70746821448293],[23.52287140000001,58.7021195],[23.53258311117956,58.700160299999986],[23.545412511179556,58.70128129999997],[23.5500837,58.7029815],[23.55620801117955,58.7020214],[23.56904859810553,58.704400936468204],[23.57111831117954,58.703654799999974],[23.578540611179566,58.709818800000015],[23.57498096619101,58.70966460374329],[23.573422411179553,58.7119756],[23.56023031117955,58.71633060000001],[23.55654273436109,58.71602559272089],[23.555372511179524,58.7186855],[23.548606711179566,58.7213728],[23.540075021131006,58.72097717034512],[23.539432711179515,58.7239825],[23.5371385198623,58.72311517559321],[23.532734797688374,58.72439331599658],[23.531747688837907,58.72728512559402],[23.53467401117957,58.7275565],[23.53830701117957,58.73238909999998],[23.53098151117956,58.7332176],[23.529060711179557,58.73525069999999],[23.525241011179517,58.7357189],[23.52569975109911,58.73866465023464],[23.526743500000062,58.737420699999944],[23.53165881117952,58.737655],[23.53261039999998,58.7394822],[23.537165000000126,58.74019620000012],[23.548028808276683,58.73864331484316],[23.5628147,58.731918600000014],[23.56650780000002,58.731654599999985],[23.56491060000001,58.73010910000003],[23.566899400000075,58.73140430000006],[23.56613961117952,58.7301091],[23.56748198355322,58.731013229985194],[23.588993300000116,58.72639580000009],[23.598826411179534,58.72746689999997],[23.607436011179562,58.7302627],[23.61634451117952,58.7306419],[23.621154278395643,58.73460261124909],[23.63588481117952,58.73210730000002],[23.640057111179573,58.73559839999997],[23.638057511179518,58.73590769999998],[23.637321201314013,58.73872830959563],[23.638936500000046,58.73585500000012],[23.642827099999927,58.73596550000002],[23.6470401,58.7323865],[23.658946911179555,58.7301841],[23.66148751117952,58.7326813],[23.66537701117957,58.7332],[23.658792211179527,58.73548850000003],[23.651913011179527,58.735717899999976],[23.658559211179558,58.74629129999998],[23.670060311179537,58.7437615],[23.67865892768484,58.74857177111263],[23.69073781117953,58.744131399999986],[23.692279811179542,58.745958899999984],[23.698024311179555,58.746276599999966],[23.695938548354142,58.74869801105416],[23.709531811179534,58.74319180000001],[23.71136143795646,58.748862592667564],[23.723164211179558,58.7469139],[23.721517811179538,58.748672],[23.725631011179534,58.74899910000002],[23.722701411179557,58.7504917],[23.7249679038261,58.75324254532005],[23.7287441469137,58.7519284501368],[23.727374100000095,58.74987830000008],[23.72999131117953,58.7497709],[23.73187081652032,58.75220205550605],[23.734526199999934,58.749023],[23.740764823313274,58.75145197605698],[23.747668711179536,58.7510706],[23.74994671117955,58.75325010000001],[23.747775011179527,58.752582299999986],[23.747215611179517,58.7537239],[23.75016631117955,58.75411470000002],[23.74458070735044,58.75504123560182],[23.751898211179547,58.7561551],[23.742548711179513,58.7594849],[23.74504611117952,58.761488799999974],[23.741149099999955,58.76114409999994],[23.740049,58.76237540000005],[23.745972711179558,58.762591],[23.74299902639121,58.7629124877827],[23.746054611179517,58.76406519999997],[23.74316721117952,58.76612210000001],[23.752781211179546,58.769930500000015],[23.763201011179518,58.776866599999984],[23.75877186250185,58.77621834684909],[23.75650860000003,58.77737850000003],[23.751148623837793,58.775466358944875],[23.755669511179548,58.777268499999984],[23.74810681117953,58.77967039999995],[23.750871811179557,58.7841831],[23.742974611179523,58.78595390000003],[23.742241311179544,58.78768329999998],[23.74559201117953,58.78937909999998],[23.73116164301828,58.784149608256136],[23.730081211179556,58.787875599999985],[23.7219913,58.7886197],[23.70594639999998,58.7813753],[23.694421900000016,58.7791777],[23.688609810416576,58.77634448531654],[23.681652011179526,58.77824749999997],[23.672959311179554,58.77739550000001],[23.661358611179516,58.77920049999997],[23.656653769803516,58.7786513794408],[23.65470131117957,58.7812666],[23.64562513635,58.78241844775059],[23.644984611179574,58.784298299999946],[23.63892251117956,58.78437849999999],[23.63864541117956,58.7855449],[23.63127161117955,58.7847624],[23.61333570000003,58.7863073],[23.588907899999988,58.781795],[23.58245579999998,58.7818323],[23.57246170782386,58.773550242963374],[23.550384301916772,58.768668281219625],[23.54738910794512,58.7694002577226],[23.55172811117957,58.77111059999997],[23.549594711179537,58.7717489],[23.546545406889035,58.76995365103897],[23.539766211179554,58.7730712],[23.5164516,58.77698340000001],[23.5029396,58.77603809999999],[23.4972177,58.773520900000015],[23.487740700000018,58.7736581],[23.47785011272717,58.77035387220645],[23.475086900000026,58.7727244],[23.475937058329883,58.77064672731866],[23.47204509999998,58.7721698],[23.4605953,58.77001369999998],[23.452744204065723,58.76402444706692],[23.445811922390394,58.76363652296729],[23.442260911179563,58.765838600000016],[23.454699711179547,58.7693422],[23.462739811179514,58.7793433],[23.46123641117953,58.78102959999999],[23.4557365580422,58.7813624259288],[23.453651111179557,58.7836373],[23.453171011179535,58.7866165],[23.455824111179535,58.7870889],[23.451953498125068,58.7915711255113],[23.45735520000002,58.791762],[23.46657430000002,58.788063],[23.473816011179522,58.7893327],[23.472329411179516,58.79211309999999],[23.468681811179565,58.7926905],[23.476016711179568,58.79499109999998],[23.47303561117952,58.79765910000001],[23.474395611179517,58.80000219999998],[23.482941511179558,58.79861239999999],[23.49115581117955,58.80166159999998],[23.483256011179538,58.80559279999998],[23.47994017525697,58.809925164618924],[23.484353211179513,58.8161447],[23.479796011179566,58.8178406],[23.482149411179563,58.8220933],[23.4922515,58.816737899999985],[23.48840219999997,58.8132585],[23.4896364,58.8088544],[23.5006652,58.8082383],[23.503646600000025,58.8047761],[23.510482126211794,58.804552171965405],[23.512404399999987,58.802205899999976],[23.51837261117957,58.803076900000015],[23.519586711179574,58.8050753],[23.531085611179524,58.80683979999997],[23.532203083861646,58.80967010798235],[23.53709691117953,58.8090752],[23.532974311179537,58.8127504],[23.537198011179566,58.8139119],[23.52609031117953,58.818112],[23.52879011117954,58.8192907],[23.526031111179563,58.82337230000001],[23.52951041117957,58.8233992],[23.53038521117956,58.82538939999997],[23.526893911179517,58.82797059999998],[23.530245511179565,58.827845300000014],[23.527727047513718,58.82846946998105],[23.52804531117957,58.8303621],[23.52330751117955,58.8331441],[23.525492911179516,58.83497019999998],[23.52331800856155,58.834353390541494],[23.524548011179537,58.83555],[23.506511411179563,58.8467058],[23.5019746,58.84653],[23.50049809553684,58.84401801727068],[23.49207941117953,58.85462060000001],[23.4897772,58.8545016],[23.489159224315376,58.85246467567312],[23.48577441117956,58.85352920000001],[23.48456891117952,58.858441],[23.487156511179524,58.8619565],[23.478691811179566,58.871235],[23.472464211179535,58.8752952],[23.466160111179565,58.87682159999998],[23.466447311179557,58.87848739999996],[23.451461011179557,58.88304460000001],[23.448876911179532,58.885763699999984],[23.441596211179544,58.88831829999998],[23.442749939301503,58.89168097420078],[23.45048649999997,58.888041],[23.454787711179527,58.88958689999997],[23.452378211179536,58.8907698],[23.457003111179564,58.898609899999975],[23.454867311179555,58.90238739999997],[23.44320180000001,58.90335180000001],[23.43835991292262,58.90012985293863],[23.431726311179556,58.9036153],[23.42557796645776,58.903021537844374],[23.42667441117957,58.90454],[23.42381012538892,58.90676983192242],[23.428311411179525,58.908516800000015],[23.424614811179516,58.9104123],[23.42492081117956,58.913997500000015],[23.433489611179542,58.92247420000002],[23.432315611179526,58.929961],[23.42804481117954,58.93439679999997],[23.431533111179533,58.9354615],[23.429873191640485,58.937327396558935],[23.434187411179522,58.93653529999999],[23.434852211179518,58.93818769999998],[23.42817881117953,58.93972779999998],[23.426541642316366,58.94242201897125],[23.432123650872363,58.94226570813773],[23.440273811179534,58.93948680000001],[23.44797339162656,58.94255956632954],[23.453551711179564,58.9411463],[23.453373305265895,58.94439944520501],[23.45845821117954,58.94121629999998],[23.459094099999984,58.93854939999998],[23.4733766,58.93303249999999],[23.48772971117952,58.93530969999997],[23.48981171356707,58.93742005930697],[23.494210611179543,58.93756989999997],[23.494376811179556,58.93959860000001],[23.50583661117955,58.94102940000001],[23.506520342047725,58.9429330219267],[23.513836047203743,58.94349216460272],[23.51468570000003,58.9421816],[23.514572311179545,58.943552299999986],[23.515914711179533,58.9421816],[23.51553969601652,58.9436473358835],[23.518074799999972,58.942866199999976],[23.51630189999998,58.941338],[23.523373100000015,58.94026569999998],[23.528123531965498,58.94130970179996],[23.529946,58.93910669999998],[23.528640711179566,58.94175469999998],[23.531175011179563,58.93910669999998],[23.528839711179565,58.9429401],[23.530672811179567,58.945166],[23.525712011179532,58.94833739999998],[23.527982311179517,58.95039809999999],[23.525209511179554,58.95100909999998],[23.526537411179568,58.9521264],[23.521898787673702,58.95258524595647],[23.5200926,58.95583469999996],[23.52570611117952,58.9552483],[23.516067111179566,58.9606333],[23.516499211179568,58.9628955],[23.526342,58.9593288],[23.52768519999998,58.9563292],[23.530671800000025,58.95618409999998],[23.536725,58.9507081],[23.54333891885085,58.95083455224294],[23.548396599999975,58.948686],[23.552976899999987,58.949970399999984],[23.551335699999985,58.947045899999985],[23.558812611179544,58.9463955],[23.561039511179565,58.948736300000014],[23.567651511179555,58.94958129999998],[23.565513411179555,58.9518136],[23.57248981117953,58.95088449999998],[23.575427649066174,58.95407361664931],[23.590596611179528,58.9516991],[23.586889911179522,58.958265200000014],[23.59162341117953,58.95662059999998],[23.593480011179555,58.958379499999985],[23.603749511179547,58.95977479999996],[23.60025561117952,58.962316799999975],[23.60105451117954,58.96654179999999],[23.59416471117955,58.9709148],[23.58915271117955,58.9717468],[23.586762835295474,58.975688299592264],[23.598646700000018,58.97195650000001],[23.604590411179533,58.973268],[23.603588711179558,58.97625759999997],[23.61305340000002,58.974986899999955],[23.614958800000032,58.97078470000002],[23.618848511179532,58.9753305],[23.62773254539552,58.97522602925996],[23.640185,58.9643888],[23.644442,58.962519],[23.65682021117956,58.9616487],[23.66118581117955,58.96619],[23.65585891117956,58.969279],[23.655394411179525,58.9717375],[23.6573281,58.9729577],[23.664729611179517,58.97215579999999],[23.664884011179566,58.976883],[23.660279811179517,58.979967],[23.660072611179565,58.9842985],[23.654424447554753,58.984855806247694],[23.65151911117953,58.98837419999998],[23.64487501117955,58.99037809999997],[23.649720811179535,58.99465370000002],[23.64518561117953,58.99615489999997],[23.6405236,58.99499649999998],[23.638004611179518,58.99762069999997],[23.618776911179573,59.0038924],[23.616028711179528,59.0062114],[23.61309510000001,59.00302079999997],[23.608546,59.0029743],[23.613164900000022,59.00130259999999],[23.609613200000023,58.99933530000001],[23.617231600000025,58.9905172],[23.620189133663388,58.99126318562908],[23.618219899999975,58.9898899],[23.627023,58.98684919999999],[23.6228803,58.98674469999999],[23.6266241,58.9825314],[23.62468225702778,58.97812683352444],[23.61877361117954,58.9809157],[23.61180241117952,58.98926629999995],[23.603052600385688,58.990117125506416],[23.605242511179558,58.991778199999985],[23.604357411179567,58.996376099999964],[23.598987711179568,59.001740199999986],[23.592766699999984,59.000091599999955],[23.592326200000024,58.997379599999974],[23.589958657560643,58.99703281192826],[23.584156511179554,59.0010615],[23.584595211179565,59.00622769999998],[23.574483200000024,59.0060134],[23.570937500000014,59.0043958],[23.5721139,58.9980517],[23.5685519,58.9942563],[23.571604500000028,58.98923639999995],[23.5678979,58.9806777],[23.570167299999977,58.977649399999976],[23.574699038910115,58.976959198726],[23.57270940000003,58.97273359999996],[23.569157700000027,58.96898739999999],[23.5566485,58.966907399999954],[23.553007900000022,58.9640532],[23.546503568112314,58.9625446939232],[23.549668011179527,58.96490959999998],[23.546699711179546,58.9698828],[23.54302741117953,58.968378],[23.545326711179538,58.97113309999998],[23.53974261117956,58.971177],[23.5402956,58.9701021],[23.531252511179535,58.9741509],[23.52061432166333,58.976063897462964],[23.522979211179525,58.97670339999996],[23.520100535610933,58.97661269467222],[23.514178711179532,58.97955369999998],[23.514865411179546,58.98076540000001],[23.508420211179526,58.9824744],[23.50238729999998,58.981767],[23.499461086001855,58.97955293830469],[23.496449,58.9801955],[23.48103891117953,58.97680459999999],[23.476600311179535,58.9786972],[23.471514847613435,58.97781113556192],[23.46640641117953,58.98133],[23.459116011179567,58.982077199999985],[23.451020351047504,58.98564871827107],[23.45172521117951,58.9877469],[23.445154411179523,58.98890239999996],[23.445509911179556,58.9903248],[23.441239411179556,58.99138379999999],[23.44048661117952,58.9941744],[23.43311571117953,58.997565799999975],[23.430634411179568,59.0010172],[23.422892411179554,59.0039044],[23.426418311179532,59.0036048],[23.426500411179557,59.00652489999998],[23.424189711179537,59.00631589999998],[23.416227711179562,59.011948400000016],[23.413725611179533,59.0180791],[23.405238311179556,59.0256228],[23.410812100000033,59.0291525],[23.4249203,59.0222762],[23.432424618729605,59.022706624853726],[23.444643311179522,59.020495899999986],[23.44280051117954,59.0238916],[23.44569961117953,59.024370800000014],[23.442622711179563,59.0246093],[23.442604011179547,59.0267602],[23.45096091117955,59.0287272],[23.44969551117955,59.03105479999996],[23.44703814850828,59.03123837313848],[23.44750911117954,59.0340828],[23.44126611117952,59.03694590000001],[23.44470231117954,59.03702459999999],[23.44676169818893,59.039952049646274],[23.450229,59.0382637],[23.453432011179547,59.0385781],[23.452981511179562,59.0409522],[23.4470423,59.042011],[23.43903912130991,59.03846416902042],[23.42934581117952,59.0416239],[23.433080311179562,59.0435891],[23.430774511179518,59.0480126],[23.43565131117954,59.05371409999998],[23.430578311179566,59.0643045],[23.434209311179547,59.077234199999985],[23.436565300424917,59.07799302315545],[23.44634540000002,59.0747265],[23.465336577602155,59.075404410735615],[23.4729228,59.072926],[23.478808811179576,59.0733326],[23.48217241117954,59.0743745],[23.48249477708946,59.07676754000515],[23.488096911179547,59.07637620000002],[23.488645666597698,59.083043368234264],[23.500706041543832,59.08642506930491],[23.507768311179518,59.08541790000002],[23.500515779267012,59.08693272986492],[23.50688651117956,59.08983059999998],[23.508858021210532,59.09511792310052],[23.513406944193953,59.09580841290651],[23.524352199999978,59.09277370000002],[23.528623700000015,59.0893434],[23.53076250000002,59.0903161],[23.536502211179535,59.0884612],[23.542934311179565,59.09013869999997],[23.543464311179534,59.09550809999998],[23.536730811179517,59.098716],[23.531422811179553,59.1139597],[23.524164411179548,59.120613800000015],[23.52894221117953,59.1206342],[23.52663601117953,59.12510960000002],[23.530590411179556,59.124622],[23.529535711179545,59.128022],[23.53237061117956,59.1323018],[23.52794181117957,59.13549719999999],[23.518409728006134,59.136841575104796],[23.51706191117955,59.1385363],[23.51766271117957,59.153984499999986],[23.513606111179566,59.15940349999999],[23.51319441117956,59.16487570000002],[23.507682411179523,59.1700114],[23.495019111179566,59.17280119999999],[23.493176911179546,59.17444809999995],[23.486237411179562,59.1907383],[23.49029861117957,59.19943049999997],[23.48844251117953,59.20318259999997],[23.49233155072357,59.20965322557197],[23.504833911179535,59.209802],[23.512733511179537,59.2152311],[23.51287181117954,59.22563879999998],[23.50999011653514,59.22880376317316],[23.5275656,59.22477],[23.529740899999975,59.221011900000015],[23.53766350000001,59.2158107],[23.56408361117954,59.21469809999998],[23.588572811179514,59.218031899999986],[23.602840411179542,59.22203779999999],[23.622923611179555,59.23326590000002],[23.632878711179547,59.233939200000016],[23.640683611179522,59.236199099999986],[23.649625411179514,59.24371559999999],[23.660140111179523,59.247397],[23.66432667686015,59.247113729967715],[23.66159530000003,59.24511909999996],[23.668646300000024,59.2441908],[23.66767950000002,59.241557],[23.672492399999985,59.235783200000014],[23.684727900000013,59.23355259999999],[23.693823500000025,59.229258],[23.708010011179567,59.229558699999956],[23.730742096801002,59.23673667504871],[23.733624579314945,59.20636223143727],[23.750035094624277,59.206474802080976],[23.76355348445198,59.20645545083683],[23.782587862375014,59.206606233013765],[23.78441217656095,59.17410782673589],[23.833058645497484,59.175261413254695],[23.8453765,59.1656422],[23.844849970388495,59.159548289370974],[23.867475435492718,59.160029878240834],[23.8669201,59.15716449999998],[23.880372700000024,59.151077],[23.911022648353672,59.130112566385556],[23.91723091117953,59.135127],[23.930832991007353,59.137282806091584],[23.9370620484957,59.13502125202433],[23.946985711179536,59.13654380000001],[23.95182251901953,59.14037513120096],[23.964087066018884,59.13963041040259],[23.96456861743189,59.13961357389565],[24.049265500000033,59.1351223],[24.071848399999983,59.130131700000014],[24.101136,59.1223224],[24.121801899999976,59.1149383],[24.1254231,59.10807650000002],[24.11297832098351,59.100249615295255],[24.105630067325848,59.10163337890876],[24.1031656,59.100393799999985],[24.1095135,59.095840599999974],[24.1092809,59.09257949999996],[24.11382689999999,59.08855519999998],[24.1052437,59.08769019999996],[24.119429600000014,59.079865799999986],[24.121505819319868,59.07435353124697],[24.12210987010884,59.074342537055315],[24.134695700000023,59.071737],[24.1502562,59.06593569999998],[24.151501800000027,59.05787239999998],[24.16245491865116,59.056664614383145],[24.16320652912554,59.0565971990823],[24.16670310000003,59.054854],[24.086451200000024,59.013527099999955],[24.086127599999973,59.0004552],[24.09364839999999,58.98935690000001],[24.083361299999986,58.9734166],[24.070630599999983,58.9688433],[24.0858479,58.953843599999985],[24.082251900000024,58.9509367],[24.089221499999983,58.9405521],[24.097538900000014,58.93362649999999],[24.1130948,58.9249856],[24.11303740000003,58.9232502],[24.1314736,58.920458799999984],[24.134444,58.91883609999997],[24.1285498,58.90986909999999],[24.13278539999997,58.90135979999999],[24.135221199999975,58.900817899999964],[24.1273934,58.8929568],[24.144924670675987,58.88936757617705],[24.15123024053523,58.890570529606734],[24.153688,58.88597],[24.14470780000002,58.88205170000002],[24.1416776,58.877927299999975],[24.14920783642222,58.87560016429138],[24.153446816062107,58.87602139774175],[24.159227799999975,58.872865500000024],[24.156776900000025,58.8650781],[24.152858799999972,58.8645241],[24.1748356125888,58.85756545719419],[24.17457335537334,58.85755507909536],[24.169971337540215,58.84888593884638],[24.178729311179563,58.85014659999998],[24.18311692973541,58.85242075694615],[24.187266800000028,58.85073459999999],[24.186381699999977,58.848776],[24.192441799999976,58.84598549999998],[24.1926226,58.842905],[24.1861217,58.83396669999998],[24.18660379999998,58.8308664],[24.17895467001958,58.83036834318266],[24.168767039844045,58.8318293243371],[24.165442238911243,58.8301455497822],[24.147767911179564,58.83308289999998],[24.141772911179547,58.8360509],[24.14207739688192,58.83516382340034],[24.140543899999987,58.8360509],[24.1416888,58.83422939999998],[24.1357796,58.8307084],[24.14203130000002,58.8275709],[24.1388898,58.81730240000002],[24.123705800000025,58.8047517],[24.12540680794404,58.80516218272911],[24.131885690918462,58.806422086418465],[24.1330832,58.8030322],[24.143966549351823,58.79537043851904],[24.149211468782784,58.79539290946615],[24.163606607072094,58.795228217144334],[24.163669725750747,58.79522794042549],[24.165859899999983,58.78840740000001],[24.1365811,58.78596010000001],[24.13614230000001,58.78351629999998],[24.1091966,58.77203819999998],[24.100932608860035,58.76454434572222],[24.090924347940824,58.76519644110751],[24.08313,58.7643161],[24.078379799999976,58.762062],[24.075984800000022,58.7523798],[24.078770715470043,58.750829640316525],[24.083356722688606,58.75275413656365],[24.08606190000003,58.74934230000002],[24.084069399999972,58.7470479],[24.094484000836296,58.74541859331014],[24.11294182717211,58.749385647750195],[24.12128129769142,58.74357017094513],[24.126975411179522,58.744159],[24.15248461365497,58.7543611128158],[24.1672088,58.7373353],[24.163663019619644,58.73669424526878],[24.16301543560852,58.73665703192933],[24.157629,58.734891300000015],[24.159375,58.7323304],[24.157300799999977,58.72860769999998],[24.1508506,58.7237298],[24.131238800000023,58.69968249999999],[24.11596279999997,58.6895929],[24.091931045891666,58.67991069525724],[24.088304260199248,58.68249519168654],[24.039609,58.6751656],[24.04446361047216,58.67112975324701],[24.00937961117951,58.6746312],[24.00835381117955,58.680251],[23.99843496165546,58.68514293448419],[23.99732125914331,58.68517554703231],[23.99506770120809,58.68576259311703],[23.9805678,58.6818426],[23.97174,58.67712029999997],[23.9734693696673,58.677419404359256],[23.975462265235127,58.677532180650495],[23.974000799999978,58.66427639999997],[23.98014160000002,58.663753],[23.9875313,58.647342],[23.988135,58.63191819999997],[23.956449099999976,58.625458],[23.956550299999982,58.61964960000002],[23.946926165230607,58.60930557819997],[23.925637111179515,58.61208019999998],[23.88989891117951,58.625848099999985],[23.892439411179563,58.63069289999997],[23.885295611179533,58.63174909999997],[23.867556200851975,58.641171872969494],[23.8588171,58.638727299999964],[23.873913399999978,58.63037549999997],[23.8845771,58.6134726],[23.88127009999997,58.611087699999985],[23.867424599999982,58.60878729999999],[23.8889598,58.5812035],[23.905767199999975,58.5673502],[23.91555049999998,58.56409089999999],[23.91629861664163,58.55066011220606],[23.901543693298166,58.55667171804101],[23.888241220250123,58.55555652087844],[23.88494295766901,58.55556564141824],[23.880076598532995,58.555033636654606],[23.866711676161074,58.558131437881016],[23.85832399726962,58.55250499110731],[23.84213987492475,58.55586145717394],[23.838202642234442,58.554514063900115],[23.82089196932557,58.559442724618705],[23.815831299999985,58.5512001],[23.808390799999987,58.55084139999999],[23.806500460507507,58.548887407059766],[23.80010895017137,58.550043498555446],[23.798325399999978,58.54767729999999],[23.7845202,58.5456414],[23.776027582721152,58.53794780863859],[23.754775162248876,58.54218984403437],[23.744965644864127,58.53467963766475],[23.73017451117953,58.5378878],[23.711935211179565,58.54898519999998],[23.696668740043304,58.54936253172146],[23.69489352867889,58.5493570714698],[23.691401949272848,58.5493764645817],[23.66376870000003,58.54589149999998],[23.664280100000013,58.544732299999986],[23.6525557010679,58.53882712469635],[23.641410386971238,58.54161201380054],[23.63747768358341,58.54150512650379],[23.63136941117955,58.54662659999996],[23.627265275437047,58.5476780699055]]],[[[23.361800404245802,59.304235382276644],[23.3766021,59.30259739999997],[23.39794,59.29747639999997],[23.419405400000016,59.2867409],[23.427992,59.2789957],[23.42207951482999,59.27790436374269],[23.412154500000025,59.27875760000001],[23.410252,59.277325],[23.41233393236982,59.27460193645485],[23.40823075694057,59.27484444700253],[23.401108511179526,59.28468869999996],[23.39656761939935,59.28467105424115],[23.390947011179556,59.2872616],[23.3857195,59.2870327],[23.386023714591506,59.2860813592166],[23.382072611179545,59.28784439999997],[23.37823851117956,59.2872377],[23.360010711179523,59.3010474],[23.361800404245802,59.304235382276644]]]]}},{"type":"Feature","properties":{"shapeName":"Ida-Viru maakond","shapeISO":"EE-44","shapeID":"21999144B47767551937161","shapeGroup":"EST","shapeType":"ADM1"},"geometry":{"type":"MultiPolygon","coordinates":[[[[27.779437199999986,59.0660155],[27.7803973,59.08116739999998],[27.787431500000018,59.08776709999996],[27.787789,59.08143639999998],[27.7914582,59.0771973],[27.789969099999986,59.0699401],[27.779437199999986,59.0660155]]],[[[27.80186879999998,59.10486419999998],[27.798533800000023,59.1100496],[27.8023851,59.11381569999999],[27.80897250000002,59.107889],[27.8071782,59.105606],[27.80186879999998,59.10486419999998]]],[[[27.866097299999986,59.16418450000001],[27.85926760000003,59.16058959999997],[27.8614255,59.16234329999998],[27.85998409999998,59.16603049999998],[27.8627095,59.16316790000002],[27.867639,59.166605],[27.866097299999986,59.16418450000001]]],[[[27.87765450000002,59.17886],[27.880436699999983,59.18012980000002],[27.871939899999973,59.17474089999999],[27.8778027,59.1807024],[27.87765450000002,59.17886]]],[[[27.91147350000002,59.248913800000025],[27.9091124,59.24868720000001],[27.910221499999984,59.249791],[27.91147350000002,59.248913800000025]]],[[[28.01218849999998,59.286663],[28.010371,59.2848048],[28.003085100000035,59.28315209999997],[28.01218849999998,59.286663]]],[[[28.03686419999999,59.294084],[28.029227,59.291524],[28.03062389999998,59.2935509],[28.03686419999999,59.294084]]],[[[28.028092,59.29722869999998],[28.0295542,59.2962456],[28.02303549999998,59.294476],[28.024951,59.29716680000002],[28.028092,59.29722869999998]]],[[[28.0785239,59.4561692],[28.083543400000018,59.453935699999974],[28.078581499999974,59.456549],[28.083235799999976,59.45633189999997],[28.096508,59.449780699999984],[28.0840569,59.45323210000002],[28.077699900000027,59.456177],[28.07610649999998,59.45758119999998],[28.0785239,59.4561692]]],[[[26.95653659999997,58.86663639999998],[26.952385200000027,58.8671764],[26.950588,58.865692899999985],[26.9446009,58.870599],[26.93379620000001,58.868613399999965],[26.923042,58.88300509999996],[26.8964134,58.8921433],[26.86408289999999,58.89257670000002],[26.8397948,58.896094799999986],[26.83438840000002,58.887252899999964],[26.814041600000017,58.88486959999999],[26.7884694,58.8861961],[26.7649781,58.8804881],[26.755128,58.8802206],[26.74395380000002,58.8898297],[26.745127200000013,58.89456639999998],[26.737616600000027,58.907826600000014],[26.737608099999974,58.9156221],[26.746133400000012,58.9171921],[26.7435277,58.92782940000003],[26.7388876,58.927416],[26.72960839999998,58.9318245],[26.7390784,58.94311539999999],[26.735530500000014,58.947197899999985],[26.7220911,58.95033870000002],[26.72026920000001,58.95348939999998],[26.711319099999976,58.953467],[26.708620200000027,58.96264189999999],[26.727715,58.967704],[26.734448,58.97409789999998],[26.78321880000001,58.9786948],[26.79997610000002,58.98893459999998],[26.804811100000013,58.9971478],[26.798509,59.007025699999986],[26.799625,59.021379],[26.820400899999985,59.02861830000002],[26.821386499999985,59.0346852],[26.807041500000015,59.0394792],[26.817242500000013,59.12320960000002],[26.821481799999972,59.12308959999996],[26.8290124,59.1191225],[26.842427,59.12428239999996],[26.857827699999987,59.137013],[26.89755620000003,59.139585300000014],[26.899320200000012,59.14658330000002],[26.908444200000023,59.1436364],[26.9122369,59.136218699999965],[26.9328079,59.135966],[26.94067950000002,59.141224399999984],[26.9359316,59.14840730000002],[26.938447199999977,59.1510544],[26.936848099999988,59.15776339999997],[26.941283600000013,59.162026800000014],[26.93935180000002,59.1628377],[26.941469,59.1656871],[26.952754800000022,59.1646917],[26.948306100000032,59.181259699999984],[26.935418100000025,59.18052239999998],[26.92799519999998,59.18430869999997],[26.939435100000033,59.195558],[26.930931799999986,59.207145],[26.91881990000003,59.2137779],[26.8820197,59.220166499999976],[26.844376700000012,59.2307577],[26.853118699999975,59.235327300000016],[26.845917100000026,59.264135],[26.760986,59.2396832],[26.751780499999985,59.26682229999997],[26.741608,59.265901100000015],[26.7491381,59.28916550000001],[26.741900400000024,59.29344780000001],[26.7524145,59.29620429999997],[26.764302700000016,59.30455149999997],[26.777144399999973,59.329402],[26.78640730000001,59.3281231],[26.79112180000002,59.33745169999997],[26.81057569999998,59.33478509999998],[26.8187681,59.3441171],[26.804263300000024,59.3439594],[26.803816899999987,59.3481429],[26.7966418,59.347949499999956],[26.7905441,59.35325969999998],[26.7799962,59.35403819999998],[26.782117399999986,59.35749339999999],[26.76466060000002,59.355392399999985],[26.7467375,59.35507419999998],[26.7440196,59.3525542],[26.7386863,59.353621699999984],[26.737406799999974,59.3586339],[26.725439,59.36220309999999],[26.719918,59.355510599999974],[26.709699199999974,59.3547302],[26.70233070000002,59.35906609999998],[26.715364,59.36876809999998],[26.743438699999984,59.3742988],[26.7417056,59.3789592],[26.751019599999974,59.379188100000015],[26.746075599999976,59.38232339999998],[26.756206499999987,59.384972099999985],[26.74505979999997,59.397408099999986],[26.73583179999997,59.40291],[26.74124320000002,59.4041356],[26.7318188,59.40742740000002],[26.728251,59.41066539999996],[26.7601282,59.4183609],[26.7679639,59.4096408],[26.7953848,59.40708319999998],[26.79406909999998,59.4198502],[26.7884875,59.4253534],[26.7861131,59.4335206],[26.787924699999987,59.4625775],[26.780766900000025,59.468732799999984],[26.78084840000003,59.47152650000001],[26.768255100000026,59.4784438],[26.7721156,59.48458949999997],[26.7667088,59.488781599999975],[26.7688224,59.49039939999998],[26.763308799999972,59.4914147],[26.760200199999975,59.49353459999997],[26.761908100000014,59.49455],[26.7557519,59.49479129999998],[26.759436499999975,59.4995188],[26.76955619999998,59.500009],[26.777275399999972,59.49615089999999],[26.78317730000002,59.49618019999998],[26.783168600000018,59.49370659999999],[26.790552699999974,59.4876813],[26.802473899999978,59.4852641],[26.806246900000012,59.4836165],[26.804654400000032,59.4830055],[26.808548599999988,59.4825126],[26.809509699999985,59.4835391],[26.823864100000012,59.4779212],[26.83983550000002,59.4739226],[26.87555080000002,59.4587949],[26.889376499999972,59.460327599999985],[26.879576,59.45648749999998],[26.900378600000018,59.446343299999974],[26.9486731,59.4368343],[26.97338279999997,59.4352468],[26.9918412,59.43674009999999],[26.9970211,59.43416209999997],[27.030940300000022,59.4345828],[27.047591400000016,59.43342160000002],[27.10494890000003,59.4366696],[27.14039939999999,59.4368262],[27.2225423,59.4436328],[27.296416700000016,59.4436568],[27.3853352,59.44612019999999],[27.42737629999998,59.441864],[27.470655800000028,59.433186],[27.50304680000003,59.42936689999997],[27.507021599999987,59.42770749999998],[27.52778589999998,59.427029],[27.5354498,59.42823259999999],[27.53439559999998,59.4265934],[27.541056400000027,59.42223489999998],[27.59415509999997,59.414488699999985],[27.659394099999986,59.41463560000001],[27.679524,59.415893],[27.7058382,59.41387039999998],[27.70825490000002,59.4171182],[27.721816200000013,59.4173688],[27.7223482,59.42226959999998],[27.726146200000027,59.42387229999998],[27.72274020000001,59.4189909],[27.738417600000012,59.4188046],[27.7395924,59.4262675],[27.739310200000016,59.4231476],[27.743674800000026,59.42265459999999],[27.74009879999997,59.422725],[27.738653900000017,59.415495],[27.7457968,59.4123017],[27.7542446,59.40322809999997],[27.7616349,59.40072109999998],[27.7721721,59.39968570000002],[27.7753901,59.397515099999985],[27.801685700000018,59.39759629999998],[27.805574,59.39485560000002],[27.839223800000017,59.39793289999998],[27.861298400000013,59.403047],[27.86685669999997,59.4024403],[27.8705104,59.40022329999998],[27.91387489999998,59.4017033],[27.934995,59.407042199999985],[27.96154689999998,59.4182914],[27.969354100000015,59.42007920000001],[27.994478600000026,59.433402],[28.0168322,59.4481321],[28.037571,59.46859960000001],[28.041862,59.470102],[28.0457631,59.4637907],[28.055087900000018,59.459576700000014],[28.065469499999978,59.45981139999996],[28.06547780000002,59.45843109999997],[28.0661399,59.459815],[28.0739562,59.45730389999996],[28.07541859999998,59.45473219999998],[28.1115332,59.4438591],[28.1282193,59.43097539999998],[28.135416300000017,59.4203233],[28.137125300000015,59.42114239999998],[28.141621099999966,59.41808680000001],[28.16508519999997,59.41159240000001],[28.175611099999987,59.4052341],[28.1912255,59.400645199999985],[28.2085688,59.383744099999966],[28.208531799999975,59.3800964],[28.202986500000026,59.374897299999986],[28.210017499999974,59.3703677],[28.205896100000025,59.3670493],[28.205799,59.36413639999997],[28.19914,59.3611559],[28.19878669999998,59.355991900000014],[28.1910395,59.3528382],[28.191905300000013,59.3471822],[28.16783730000002,59.3337932],[28.150728799999985,59.3085768],[28.1295321,59.29094049999998],[28.119963,59.29045439999998],[28.108395200000025,59.2924796],[28.042192046579864,59.289794959705745],[28.0440507,59.29446439999998],[28.032584200000016,59.2947741],[28.033246,59.3000812],[28.03059010000002,59.30051189999999],[27.989865,59.28745139999999],[27.992783099999972,59.28687709999998],[27.99940430000002,59.28882870000002],[27.99614749999997,59.2870878],[28.000787099999982,59.284388499999984],[27.99679459999998,59.2823871],[28.0029469,59.2815787],[27.996061,59.27731480000001],[27.980040499999973,59.27473120000001],[27.967514299999973,59.2752023],[27.95961060000002,59.27400330000001],[27.949690800000017,59.269653],[27.95142309999997,59.2694155],[27.943136800000012,59.2644472],[27.920812299999973,59.256225],[27.91637389999998,59.25229519999998],[27.911705,59.2515379],[27.9087046,59.2497058],[27.9096233,59.246394],[27.908333699999982,59.249411699999975],[27.906186199999976,59.24908309999998],[27.90373950000001,59.246252400000024],[27.90880620000002,59.24522039999996],[27.902987799999984,59.24558520000002],[27.8967419,59.237612100000035],[27.8970337,59.23429759999997],[27.8930224,59.233042],[27.8961802,59.23324010000002],[27.8968782,59.230860399999976],[27.8885597,59.21755669999998],[27.888509699999968,59.19467029999998],[27.879507100000012,59.18219370000003],[27.865749100000016,59.1721311],[27.860763099999986,59.17053329999998],[27.855763100000026,59.15902889999999],[27.846699199999986,59.1568418],[27.821599,59.1406309],[27.815319300000024,59.1391912],[27.8055745,59.13054619999996],[27.8030432,59.120201],[27.796968299999985,59.1107314],[27.79848690000001,59.10369869999999],[27.7792805,59.081214],[27.7773334,59.064932],[27.768796599999966,59.052606],[27.772775799999977,59.04509529999998],[27.768367500000018,59.03610229999999],[27.7654332,59.03333060000001],[27.7486111,59.0321676],[27.743221299999988,59.028001],[27.7420236,59.017617499999986],[27.7360427,59.01239070000001],[27.7418528,58.99631380000002],[27.737851,58.9913977],[27.731664899999984,58.9916535],[27.728960100000027,58.9892165],[27.720873,58.99317850000002],[27.689339699999977,59.0001263],[27.637465200000037,59.0065866],[27.5810288,59.00934149999997],[27.4884785,59.00872370000002],[27.439065600000028,59.0071952],[27.43545850000002,59.00653710000001],[27.435724299999976,59.005169699999975],[27.4298899,59.006563],[27.39179629999999,59.00537570000002],[27.31426,58.9992565],[27.2309102,58.9889187],[27.185970899999976,58.98017659999998],[27.17806520000001,58.98046009999998],[27.17813430000003,58.9791784],[27.142905299999985,58.97219650000002],[27.119071400000035,58.9656849],[27.0908581,58.95210269999998],[27.087538899999977,58.9525276],[27.0897992,58.951610599999974],[27.08673489999998,58.9498341],[27.0588983,58.9431391],[27.05580259999997,58.9404378],[27.0522368,58.94120489999998],[27.0276426,58.93131659999998],[27.014029499999967,58.922827800000015],[27.01565750000001,58.92209680000001],[27.0131867,58.92202839999998],[27.0119341,58.9182613],[27.009382899999988,58.91879680000002],[27.011534600000033,58.918086],[27.0052862,58.91271110000002],[27.00780570000002,58.91234869999997],[27.003413499999986,58.9065048],[26.995537699999982,58.904125800000024],[26.9913125,58.89985429999997],[26.98075920000002,58.8958165],[26.9784984,58.896395799999986],[26.980828600000013,58.89548729999997],[26.970649800000018,58.88906169999997],[26.967225200000016,58.8886203],[26.967545899999987,58.890618599999975],[26.966689699999986,58.8884635],[26.969952399999986,58.888093],[26.9587142,58.8793804],[26.959546800000016,58.87227279999998],[26.957022100000025,58.8724066],[26.960122,58.87201259999997],[26.95746789999998,58.87039270000001],[26.958947,58.8691284],[26.95659749999998,58.8700089],[26.95653659999997,58.86663639999998]]]]}},{"type":"Feature","properties":{"shapeName":"Harju maakond","shapeISO":"EE-37","shapeID":"21999144B19319879871883","shapeGroup":"EST","shapeType":"ADM1"},"geometry":{"type":"MultiPolygon","coordinates":[[[[23.90646730000002,59.3508944],[23.915368100000013,59.3464769],[23.920747499999987,59.345997],[23.923750799999972,59.33887439999997],[23.9321935,59.3388723],[23.9325086,59.33661140000001],[23.9348812,59.33594789999998],[23.93626490000003,59.337328699999986],[23.9415827,59.33571879999997],[23.943215100000028,59.3394443],[23.94710280000001,59.339565399999984],[23.940434,59.3313449],[23.93906659999998,59.3338864],[23.936938799999975,59.333133699999955],[23.93113130000003,59.3369518],[23.922992,59.33633479999999],[23.9198214,59.3401488],[23.912229,59.34061119999997],[23.912559,59.3383408],[23.918992800000023,59.33438],[23.929448,59.33031629999998],[23.9310121,59.3327922],[23.93290989999997,59.3325087],[23.932916600000013,59.3305035],[23.93477639999998,59.33130640000002],[23.9352446,59.32905369999999],[23.94624209999999,59.32243709999999],[23.945992099999973,59.317686399999964],[23.951284,59.3085538],[23.944567100000025,59.30328979999997],[23.937478499999983,59.30088719999998],[23.924995799999984,59.3050711],[23.920343599999978,59.304596199999985],[23.9186345,59.3100599],[23.9117933,59.3117408],[23.8980186,59.32067079999999],[23.894537299999985,59.3250446],[23.8869809,59.3270855],[23.8825407,59.331641],[23.878513300000016,59.3324542],[23.8755424,59.3377725],[23.862536,59.3454725],[23.861246900000015,59.34828479999999],[23.863791399999982,59.349486399999975],[23.8759809,59.346966499999986],[23.90646730000002,59.3508944]]],[[[23.95619250000001,59.36260349999997],[23.9647537,59.361778799999975],[23.98331079999998,59.35648],[23.997647899999976,59.348564],[24.00491780000003,59.3400638],[24.010773700000016,59.32459869999996],[24.010318799999986,59.321901499999974],[24.009868399999977,59.32407449999999],[24.007056299999988,59.321872],[24.01009930000002,59.31620370000001],[24.00814359999998,59.31365319999998],[23.999879700000026,59.315845300000014],[23.99117750000002,59.31272049999998],[23.9867044,59.313827099999976],[23.9854621,59.311264],[23.982505199999977,59.313867],[23.984975900000016,59.31588739999999],[23.9711589,59.316199500000025],[23.971042500000024,59.318894399999984],[23.96315379999998,59.3224381],[23.966466300000015,59.325436],[23.96356470000002,59.328130799999975],[23.9671964,59.3307942],[23.9646562,59.33291429999998],[23.952821900000018,59.3374096],[23.948796600000026,59.3362205],[23.94630540000002,59.3442329],[23.930655500000015,59.3461373],[23.9411497,59.350629],[23.947416,59.358737199999986],[23.95619250000001,59.36260349999997]]],[[[25.204973300000013,59.5777521],[25.2121633,59.5762337],[25.2130834,59.57474469999996],[25.215374200000014,59.5756435],[25.2124818,59.5768177],[25.21469430000002,59.578343099999984],[25.217900200000024,59.57471529999998],[25.2275009,59.5798428],[25.2305149,59.5753765],[25.2342862,59.57514849999996],[25.232818700000024,59.57237929999998],[25.236787900000014,59.5670122],[25.2420482,59.5653585],[25.24395259999997,59.562582399999954],[25.226290299999967,59.5712218],[25.2152689,59.569636399999986],[25.21273140000001,59.5721534],[25.206728500000022,59.5738181],[25.198948599999976,59.58200810000002],[25.204973300000013,59.5777521]]],[[[24.7792361,59.59154159999998],[24.7834807,59.590755399999985],[24.781139600000024,59.58978250000001],[24.786664100000024,59.58610649999998],[24.785606299999984,59.584310899999984],[24.775936200000018,59.5812467],[24.7715858,59.57702279999997],[24.7630565,59.5729394],[24.75800379999998,59.5725306],[24.7579286,59.57106260000001],[24.752995100000017,59.57293639999998],[24.74707010000002,59.573044400000015],[24.7379111,59.5796953],[24.740016099999977,59.5853764],[24.7501041,59.586108],[24.7554459,59.589109100000016],[24.7602064,59.588542299999986],[24.763586,59.5902443],[24.773043300000023,59.5840951],[24.7758293,59.583990299999975],[24.780301500000018,59.5867277],[24.7792361,59.59154159999998]]],[[[24.51247950000003,59.6054458],[24.51529219999998,59.60550309999997],[24.5249085,59.58979839999998],[24.53395850000002,59.58480609999999],[24.536157899999985,59.5773587],[24.553582400000018,59.55763610000001],[24.554254500000017,59.5562691],[24.55259250000001,59.557959199999985],[24.5500908,59.55718779999997],[24.551978500000022,59.54965719999997],[24.56430149999999,59.54068729999999],[24.549824800000028,59.53723119999999],[24.5442734,59.5382089],[24.5424813,59.53628059999997],[24.53419729999997,59.53820589999998],[24.530744,59.536882200000015],[24.5251311,59.5394362],[24.5202936,59.5394123],[24.51639409999998,59.54238189999998],[24.504433,59.54574679999999],[24.498333099999986,59.550737699999985],[24.494124300000014,59.5504921],[24.492306300000017,59.55348650000002],[24.48657929999998,59.55552749999998],[24.48205509999997,59.56632439999997],[24.4750954,59.5690536],[24.4748355,59.57078],[24.479565500000025,59.57148859999999],[24.487975800000015,59.5763189],[24.485769799999982,59.579432699999984],[24.49511810000002,59.58587710000001],[24.4980312,59.5944028],[24.50487159999998,59.59742959999997],[24.50943690000002,59.60650050000001],[24.51247950000003,59.6054458]]],[[[24.974707700000025,59.6466355],[24.982113,59.6422171],[24.9879448,59.642835],[24.987789,59.6442021],[24.9935932,59.64033350000001],[24.998588499999986,59.64074819999998],[25.003764499999978,59.63818039999999],[25.01015140000003,59.6391387],[25.013926,59.638083799999976],[25.0113251,59.63481729999999],[25.0171658,59.63342260000001],[25.019799900000013,59.634505],[25.019542,59.6309068],[25.036575699999972,59.6214843],[25.041491600000015,59.61519089999999],[25.039475700000033,59.61125929999998],[25.032299,59.608475],[25.0276361,59.6130126],[25.007767400000017,59.6162112],[25.003084799999986,59.61830519999999],[24.998881,59.6176606],[24.996752500000028,59.61471149999997],[24.992147700000015,59.6151089],[24.99139489999998,59.61309510000002],[24.987128,59.61373649999997],[24.9849333,59.6101605],[24.98649949999997,59.60802689999998],[24.98446150000002,59.6083581],[24.977799,59.617455],[24.98241259999998,59.617587699999966],[24.98797349999998,59.620912699999955],[24.991935,59.620785399999974],[24.987873899999975,59.6236428],[24.99259350000003,59.6242626],[24.999342399999968,59.62236349999998],[24.99236110000002,59.6266813],[24.987673600000015,59.62587829999998],[24.985810199999978,59.628086],[24.987645799999985,59.6275934],[24.987968100000014,59.6296197],[24.992216600000024,59.6291801],[24.9987588,59.62524709999999],[24.99981,59.6296111],[24.990851800000023,59.631875],[24.990618799999986,59.63553749999998],[24.986189500000012,59.637093499999985],[24.983202500000015,59.63659470000002],[24.9840299,59.634439],[24.980960299999985,59.640285599999984],[24.97359640000002,59.6411956],[24.970323200000013,59.6389107],[24.965281400000016,59.6401339],[24.965334,59.6418129],[24.9708197,59.64168519999997],[24.966917300000027,59.64509940000002],[24.9681043,59.6468033],[24.9706651,59.64575369999998],[24.974707700000025,59.6466355]]],[[[23.911022648353672,59.130112566385556],[23.880372700000024,59.151077],[23.8669201,59.15716449999998],[23.867475435492718,59.160029878240834],[23.844849970388495,59.159548289370974],[23.8453765,59.1656422],[23.833058645497484,59.175261413254695],[23.78441217656095,59.17410782673589],[23.782587862375014,59.206606233013765],[23.76355348445198,59.20645545083683],[23.750035094624277,59.206474802080976],[23.733624579314945,59.20636223143727],[23.730742096801002,59.23673667504871],[23.741593300000023,59.245272499999984],[23.7449152,59.2513437],[23.741958699999987,59.25651549999998],[23.731804300000015,59.25819209999996],[23.7314391,59.2736619],[23.740397,59.27030840000001],[23.7458328,59.27050090000002],[23.750873699999975,59.27314789999997],[23.7602072,59.2702869],[23.76724620000001,59.27005759999999],[23.777507600000025,59.2734149],[23.784339099999986,59.28392370000002],[23.8020325,59.284846300000034],[23.807428200000025,59.2870028],[23.81133140000003,59.286029],[23.8233239,59.289417599999986],[23.824094900000016,59.287912],[23.8448739,59.2840975],[23.851941399999983,59.279378100000024],[23.8641156,59.2758374],[23.87582319999998,59.276127399999986],[23.87914,59.2716273],[23.8798901,59.272471199999984],[23.882783699999983,59.270194500000024],[23.886589599999983,59.26994719999997],[23.90770289999997,59.2790048],[23.919422,59.2743253],[23.928666,59.27429169999996],[23.93354360000001,59.2721671],[23.946168399999976,59.27059359999998],[23.964463399999985,59.272818099999974],[23.97081,59.2779958],[23.974959599999977,59.2789322],[23.9760532,59.27788489999996],[23.983396199999984,59.2817734],[23.986865,59.2818412],[23.984923799999986,59.279476099999975],[23.9965081,59.28413019999998],[23.99498250000001,59.282777],[24.008464399999987,59.28592679999997],[24.0142034,59.284649299999984],[24.02216379999997,59.28948470000002],[24.02098590000002,59.2878339],[24.0292861,59.286855899999985],[24.031940699999975,59.288197400000016],[24.0292476,59.2892799],[24.031788,59.291],[24.0399373,59.2893514],[24.046255900000013,59.284044],[24.0539332,59.287063],[24.0561373,59.28420640000002],[24.065596700000025,59.28087219999996],[24.083509699999983,59.2827187],[24.084146,59.2768028],[24.076842799999973,59.27543769999997],[24.073368499999972,59.272517199999974],[24.082233800000026,59.270741499999986],[24.083639200000015,59.26913679999998],[24.082991699999987,59.27359779999998],[24.090929799999984,59.271321],[24.087992100000026,59.27396019999998],[24.0906526,59.275382],[24.09426829999998,59.2731592],[24.10205249999998,59.27983039999998],[24.101630300000025,59.28276],[24.103579500000027,59.28235629999998],[24.110794099999985,59.28805369999997],[24.108215300000015,59.2898546],[24.1123588,59.289905300000015],[24.116690800000022,59.3001314],[24.1083358,59.29278029999998],[24.10453869999998,59.291942],[24.115026899999968,59.3044978],[24.1177848,59.30470049999999],[24.114637599999973,59.307030300000015],[24.1168457,59.3079071],[24.116411200000027,59.31105739999998],[24.11115069999998,59.31457669999999],[24.10250249999997,59.32799019999999],[24.093054399999982,59.3313035],[24.082926100000016,59.33253150000003],[24.080168199999985,59.33498609999998],[24.077508100000014,59.3348901],[24.0788274,59.3316583],[24.074567699999985,59.33667449999998],[24.0597233,59.342898],[24.0468509,59.35142939999999],[24.0475111,59.3497514],[24.0426346,59.3549507],[24.036873700000033,59.35405379999999],[24.042449300000023,59.3556937],[24.03542330000002,59.3751412],[24.036675200000023,59.38864339999998],[24.042408100000014,59.39025729999996],[24.0621099,59.38490069999998],[24.076475800000015,59.3855354],[24.0812861,59.38228739999998],[24.099581899999976,59.3768057],[24.108694100000026,59.376419],[24.1350963,59.3681564],[24.149747,59.3661569],[24.15571370000002,59.3628022],[24.15457240000002,59.36045109999997],[24.159207700000017,59.3558945],[24.1763237,59.351170900000014],[24.1826543,59.3465871],[24.20063210000001,59.3414537],[24.2199334,59.34098230000002],[24.240746,59.344162800000014],[24.24540910000003,59.34876029999999],[24.24724410000001,59.3588523],[24.232213100000024,59.3768542],[24.213115200000026,59.38654879999998],[24.207708900000018,59.385838599999985],[24.2046382,59.38860059999997],[24.1926006,59.38980150000001],[24.184489600000013,59.39600989999998],[24.1787529,59.39737539999997],[24.18530769999998,59.3961445],[24.187813,59.39712870000001],[24.194103,59.40653429999998],[24.19520420000002,59.405460800000014],[24.205695299999977,59.405596399999986],[24.204249500000014,59.4037604],[24.2071681,59.40303739999998],[24.2042271,59.4036024],[24.2065562,59.40252349999999],[24.20355270000001,59.402818100000026],[24.20574339999997,59.4023092],[24.201869500000033,59.40022169999999],[24.2120619,59.3953981],[24.22071420000001,59.3936214],[24.233441,59.394200699999985],[24.255804100000017,59.400966400000016],[24.259458,59.4048153],[24.2600916,59.4036989],[24.2697543,59.4032032],[24.2765279,59.4039599],[24.277879299999974,59.40537119999998],[24.2801492,59.40475829999998],[24.295156399999986,59.4120274],[24.30224570000002,59.41258149999996],[24.32179750000001,59.420788899999984],[24.33921349999999,59.42415229999999],[24.352023100000018,59.4390533],[24.34960119999997,59.44355190000002],[24.345577299999977,59.4445355],[24.348379,59.4538378],[24.3464536,59.45700189999998],[24.350432700000024,59.4609798],[24.348975,59.4630501],[24.362804400000012,59.468453],[24.3595017,59.4736594],[24.365034,59.47181729999997],[24.3708071,59.4727397],[24.374567899999988,59.475281899999985],[24.37644939999997,59.47360369999997],[24.38498649999998,59.472878],[24.40260669999998,59.4737284],[24.420245500000018,59.472088],[24.426771400000014,59.47340659999998],[24.43940680000002,59.470415799999984],[24.460100499999974,59.469666799999985],[24.464617599999986,59.4679675],[24.4664644,59.4647811],[24.4793934,59.459742],[24.48222780000002,59.45636939999998],[24.48798610000002,59.4557675],[24.485831899999972,59.4539685],[24.492911300000017,59.448273],[24.526463199999988,59.44302259999998],[24.541973699999975,59.43755320000002],[24.56430519999998,59.441243700000015],[24.57322039999998,59.44702749999998],[24.57586229999998,59.452139899999956],[24.56941180000003,59.4599037],[24.5703549,59.46149969999998],[24.574340399999983,59.46192809999998],[24.576760899999975,59.4600768],[24.586453299999977,59.4585291],[24.59505589999998,59.452270099999986],[24.6032211,59.45115289999998],[24.6064096,59.448648300000016],[24.615656300000023,59.4467394],[24.6338813,59.4385338],[24.6474428,59.4345961],[24.65429739999998,59.42961789999998],[24.66404039999998,59.42858859999997],[24.6651995,59.43061069999998],[24.678245,59.4342182],[24.676510100000026,59.4351245],[24.6816273,59.4384171],[24.683737,59.44822650000001],[24.680271299999973,59.4502991],[24.6736796,59.4501354],[24.671227200000025,59.45199309999997],[24.669612600000015,59.45000909999996],[24.669441100000014,59.4536157],[24.665561700000016,59.455797],[24.6616556,59.45421810000001],[24.662775500000027,59.45268069999999],[24.66025439999999,59.454644],[24.664825,59.4561795],[24.663158799999973,59.4576899],[24.6599143,59.45667809999998],[24.6630804,59.4578641],[24.66077980000003,59.4591771],[24.6525192,59.461718699999984],[24.65029510000002,59.4598785],[24.656390700000017,59.4566185],[24.649873699999976,59.4596667],[24.651710300000016,59.4646004],[24.64753929999998,59.46600409999998],[24.647503099999984,59.461479],[24.646373499999978,59.470875099999986],[24.6506403,59.46804049999999],[24.6615388,59.466866099999976],[24.668393400000028,59.46315],[24.689956599999977,59.4652145],[24.69240819999998,59.469089],[24.6962193,59.4700124],[24.69536390000002,59.4734488],[24.69737770000002,59.47426710000001],[24.6890641,59.47625559999999],[24.68568710000001,59.48388720000001],[24.6891635,59.485660699999976],[24.693607399999987,59.48112550000001],[24.69946610000002,59.4815625],[24.70349559999999,59.4794003],[24.707263,59.482087],[24.706073,59.4866983],[24.71349310000003,59.47750280000002],[24.7286641,59.473025199999974],[24.7234684,59.472958799999965],[24.716330499999987,59.46410009999999],[24.70713389999998,59.4588058],[24.703200699999975,59.45941960000001],[24.7050019,59.45820609999997],[24.700567499999977,59.455407500000014],[24.71590829999997,59.4589991],[24.7167415,59.4579531],[24.718721899999984,59.45891180000002],[24.7192066,59.4572767],[24.721399200000015,59.45917409999996],[24.719076,59.4600203],[24.7238928,59.4584132],[24.7221389,59.4589277],[24.719240099999986,59.456758399999984],[24.72080649999997,59.45350949999999],[24.72561669999998,59.4519128],[24.730209199999976,59.45475920000001],[24.729841399999984,59.45215979999998],[24.732442900000013,59.4538688],[24.739498,59.4529795],[24.7396464,59.454607],[24.736896600000012,59.455111199999976],[24.7386906,59.4552141],[24.740134,59.45446129999996],[24.739849,59.4521044],[24.744985,59.44864159999999],[24.750104,59.44790690000003],[24.748294100000013,59.44573319999997],[24.752728800000014,59.44865259999999],[24.754597600000018,59.447793599999976],[24.758247100000016,59.4496119],[24.7610929,59.4472991],[24.775317900000022,59.44955410000002],[24.762203400000026,59.445415799999985],[24.7673277,59.44534140000001],[24.757937500000015,59.44276019999998],[24.75847439999998,59.4413189],[24.7710633,59.445913899999965],[24.771348899999982,59.44357370000002],[24.77617180000003,59.4462737],[24.78818549999997,59.4431056],[24.79593520000001,59.4449235],[24.805065400000018,59.45031319999999],[24.8114995,59.4582995],[24.82229220000001,59.465683299999974],[24.8168701,59.4683215],[24.817479299999984,59.470108],[24.8169892,59.468415799999974],[24.8212558,59.466651],[24.82310070000003,59.46773750000001],[24.8195177,59.468305],[24.825105800000024,59.4695286],[24.818187799999986,59.47055369999998],[24.821661500000026,59.4710135],[24.82611419999999,59.4692858],[24.8306535,59.472309099999954],[24.837789299999972,59.48586250000002],[24.8358734,59.4890897],[24.82950480000002,59.49160209999999],[24.826892599999976,59.490739],[24.8268316,59.494004899999986],[24.8196957,59.4988381],[24.8168296,59.4980021],[24.815331900000018,59.50002590000002],[24.8158284,59.49749729999997],[24.8130807,59.50056410000001],[24.809040399999986,59.498313],[24.8123617,59.50179619999999],[24.807077699999986,59.50547389999998],[24.812957399999974,59.5071465],[24.81417149999998,59.512548],[24.808024200000023,59.5192758],[24.8001542,59.51795619999998],[24.79342809999997,59.5288845],[24.79304289999998,59.5373946],[24.7896658,59.5410516],[24.7944005,59.5443259],[24.7945102,59.55210530000002],[24.791770799999988,59.55654079999997],[24.7940364,59.5580812],[24.7921555,59.55920909999998],[24.794056500000018,59.55849789999998],[24.79507,59.55977960000001],[24.795515599999973,59.5626871],[24.793371499999978,59.5623249],[24.795642500000024,59.56314039999997],[24.79314880000001,59.5648716],[24.79607460000003,59.57196179999997],[24.797892600000022,59.56570149999998],[24.8095022,59.56255759999998],[24.820811500000016,59.562062300000015],[24.825379399999978,59.5600029],[24.825452899999977,59.5560423],[24.830279899999972,59.55445],[24.8382939,59.5538784],[24.839122699999983,59.55590109999997],[24.840227700000014,59.5535147],[24.8436173,59.5529528],[24.85154920000001,59.5551021],[24.85229610000003,59.5512131],[24.8582727,59.5483912],[24.862251200000014,59.54941189999999],[24.860387900000013,59.551848599999985],[24.863527799999968,59.5509111],[24.8653106,59.5526384],[24.868239099999975,59.55203109999999],[24.8678786,59.548882],[24.873954299999983,59.5518644],[24.8755618,59.5501808],[24.877287,59.55170779999999],[24.8784496,59.5501605],[24.8795873,59.5511688],[24.8873138,59.548321],[24.887022400000024,59.54208909999997],[24.889874,59.5407827],[24.892460300000028,59.5424815],[24.89670809999998,59.5382601],[24.889702699999983,59.5353446],[24.890544,59.5314995],[24.913579699999982,59.51962],[24.9102475,59.507012299999985],[24.914903,59.5000675],[24.917089100000027,59.498951],[24.91904290000002,59.49975169999998],[24.91716689999998,59.4989027],[24.9239753,59.49603949999999],[24.932893400000015,59.4943793],[24.93341780000001,59.4978836],[24.940524400000015,59.5028308],[24.948768200000014,59.4989083],[24.9427393,59.50135369999998],[24.94019070000003,59.4999203],[24.942643500000017,59.49885039999999],[24.940139200000026,59.4998832],[24.93746390000001,59.498000200000014],[24.94162610000001,59.4974455],[24.939833399999987,59.49591580000001],[24.943333399999975,59.49433529999999],[24.94924060000002,59.49736489999999],[24.9569076,59.4939081],[24.96176529999999,59.4981638],[24.957235900000022,59.493747499999984],[24.96948839999998,59.489432399999984],[24.97086930000002,59.49006019999997],[24.964290699999978,59.49305249999998],[24.968735300000024,59.495595299999984],[24.978951200000022,59.4917445],[24.9849044,59.492214],[25.002989200000012,59.49961909999998],[24.995216,59.5054338],[24.99876610000001,59.50701969999998],[24.99598,59.5083989],[25.007636600000026,59.505511],[25.012374,59.5070589],[25.0294136,59.504433599999984],[25.039603699999976,59.50504769999998],[25.047045,59.49961369999997],[25.0521875,59.4989985],[25.063085,59.502070900000014],[25.06808510000003,59.5011417],[25.07096590000001,59.5025135],[25.0784923,59.5021088],[25.08060509999997,59.505078800000014],[25.086234100000013,59.50632869999998],[25.09131029999999,59.50502039999998],[25.08788429999999,59.5023166],[25.088466500000024,59.49945409999998],[25.0971478,59.4927234],[25.1087186,59.48866380000001],[25.117912099999984,59.4908787],[25.121933499999976,59.48305359999998],[25.12968309999998,59.48194749999998],[25.13401530000002,59.47944239999999],[25.143119900000016,59.4789903],[25.1487129,59.4764518],[25.151710100000027,59.4813054],[25.1486822,59.482055400000014],[25.16309160000002,59.48692639999999],[25.172936,59.4926336],[25.17737869999998,59.5025051],[25.17242720000003,59.5094173],[25.165343500000027,59.5104607],[25.160285300000012,59.508994],[25.1550732,59.5154882],[25.13872940000001,59.52506729999999],[25.144829,59.5260802],[25.145716200000024,59.532484899999965],[25.14815730000002,59.5332585],[25.14341819999997,59.5398845],[25.1338345,59.54064849999998],[25.145702,59.5414156],[25.1467763,59.53832219999999],[25.156084499999988,59.5363863],[25.160140699999985,59.53152540000003],[25.1617667,59.5326896],[25.16104909999999,59.531212300000014],[25.16793589999998,59.52811269999996],[25.183048200000027,59.526161400000014],[25.18819159999997,59.52409040000002],[25.1959377,59.518037599999985],[25.19661380000003,59.5135327],[25.19986249999998,59.51235790000001],[25.1949537,59.50685],[25.21053,59.5023341],[25.23387479999997,59.5062523],[25.254705199999982,59.5145137],[25.268346500000018,59.522027299999955],[25.2697446,59.52873409999998],[25.275087,59.52573],[25.278387900000013,59.5200317],[25.27249770000002,59.51313209999998],[25.274913,59.5100056],[25.291707300000027,59.50521790000001],[25.309045099999974,59.5031021],[25.319805400000014,59.4974931],[25.3355273,59.4953953],[25.33762780000001,59.49372480000002],[25.3674312,59.497026],[25.377720300000018,59.4946343],[25.3789427,59.49307909999999],[25.383259,59.49413269999997],[25.387041,59.4920248],[25.389844,59.4927203],[25.397146,59.490446300000016],[25.404612700000012,59.490563],[25.401721200000015,59.490102899999954],[25.4033606,59.48929939999997],[25.41133660000003,59.4918302],[25.4147155,59.48950259999999],[25.4241796,59.4895986],[25.439016899999984,59.4926785],[25.440738699999983,59.4914972],[25.439498499999978,59.4926906],[25.456015399999973,59.497302],[25.45841339999998,59.4993977],[25.4571475,59.50269259999998],[25.461673799999986,59.5027443],[25.463223399999983,59.50527739999998],[25.4576405,59.51284169999998],[25.4609039,59.5129198],[25.458086900000033,59.5162234],[25.464087899999974,59.5187421],[25.48089020000001,59.5205327],[25.5056033,59.5180683],[25.514882100000012,59.5202933],[25.5222558,59.51948239999998],[25.522573899999983,59.51839489999997],[25.532045200000013,59.51926189999998],[25.546909099999983,59.52809209999998],[25.5538013,59.53765559999999],[25.555867900000024,59.543963599999984],[25.552998600000024,59.5477668],[25.54344610000003,59.5508446],[25.530820500000026,59.560034],[25.524533,59.568471799999976],[25.526469799999976,59.575834],[25.522282700000023,59.5791925],[25.516747200000026,59.580112499999984],[25.503152499999967,59.591217],[25.5024837,59.59787820000001],[25.492927700000024,59.6042618],[25.495072500000013,59.636147899999976],[25.503791599999975,59.639479899999984],[25.49707609999998,59.64764669999998],[25.5033358,59.6460564],[25.50796480000003,59.648700199999986],[25.522130400000027,59.6427997],[25.5155238,59.63989309999999],[25.524677100000012,59.63011909999999],[25.51581320000001,59.6222955],[25.52620029999997,59.6146251],[25.53813070000002,59.6100001],[25.546965699999976,59.6085149],[25.5633075,59.6109287],[25.569396799999982,59.6144869],[25.56872230000001,59.6129737],[25.5740641,59.6121034],[25.571483,59.609931],[25.57601449999998,59.60636919999998],[25.57364630000003,59.60364629999998],[25.5754351,59.601749499999976],[25.591353,59.5973034],[25.604452,59.5992162],[25.603788800000032,59.59551619999997],[25.6101121,59.58984649999997],[25.6206475,59.588562],[25.6126631,59.588678399999985],[25.611878899999976,59.58624979999998],[25.6119757,59.5839105],[25.61869220000003,59.57850369999998],[25.62712989999998,59.5790837],[25.635820800000012,59.570714299999985],[25.652564,59.5687889],[25.6579515,59.5645957],[25.669941100000027,59.5637437],[25.689859,59.56851],[25.705842400000012,59.5774591],[25.7066375,59.5827543],[25.705496,59.582342],[25.700522,59.582597],[25.705487,59.5823828],[25.706795700000015,59.5837108],[25.70127690000003,59.5847729],[25.698700899999977,59.5835377],[25.705618200000018,59.5887152],[25.705551499999974,59.5917817],[25.713145200000028,59.60039860000001],[25.711881,59.60294449999997],[25.7062329,59.6048677],[25.703589199999985,59.6094904],[25.6941079,59.6133812],[25.690293,59.6119974],[25.68406949999999,59.615410699999984],[25.685238799999976,59.62707089999998],[25.682520500000013,59.627984599999984],[25.681088699999986,59.6369036],[25.68954330000001,59.63848910000002],[25.692382100000017,59.64322949999996],[25.688053400000026,59.64855439999997],[25.6733191,59.6525911],[25.6709055,59.654141299999985],[25.672681399999984,59.65472639999998],[25.67055089999997,59.654182599999984],[25.670575400000033,59.656371],[25.67553059999997,59.657703400000024],[25.67762690000001,59.66080139999998],[25.682925499999975,59.6598752],[25.6918871,59.66405559999997],[25.68919930000002,59.667790299999986],[25.6920112,59.66622259999996],[25.696781100000017,59.666381],[25.693833399999974,59.672152199999985],[25.696940599999984,59.675314299999975],[25.694985,59.6703424],[25.697624700000016,59.66846019999998],[25.705247200000024,59.66743150000003],[25.708191400000022,59.6700151],[25.7107088,59.669359599999986],[25.705014,59.665082899999966],[25.7076023,59.657537099999985],[25.715996700000012,59.658282],[25.7171974,59.6518561],[25.722909899999987,59.65393540000002],[25.725650400000013,59.6528178],[25.72711940000001,59.65554969999998],[25.731331700000027,59.6554122],[25.729097400000025,59.65904289999999],[25.740423700000022,59.6552783],[25.7469004,59.64989490000002],[25.7660134,59.6399384],[25.763169399999974,59.637622],[25.7607365,59.6384764],[25.757918299999986,59.63520409999998],[25.762828599999988,59.629284],[25.7618755,59.6272648],[25.76733280000002,59.6269614],[25.767737900000018,59.6256584],[25.764669600000023,59.6258584],[25.7688058,59.623321],[25.77403410000002,59.624059],[25.784956599999973,59.62077969999998],[25.785735599999985,59.618605100000025],[25.782795900000014,59.6181348],[25.778369400000024,59.6125998],[25.769799,59.60946429999998],[25.7743818,59.6059066],[25.77376250000002,59.601824],[25.777795899999987,59.6016819],[25.781170500000012,59.59585529999998],[25.778825800000018,59.594597700000016],[25.781974599999987,59.58808709999999],[25.777854900000012,59.58106950000001],[25.782073299999986,59.57890479999998],[25.776138,59.57463639999999],[25.777071399999976,59.5719918],[25.78247839999998,59.5693231],[25.790162,59.56854119999997],[25.801340399999987,59.5709268],[25.8028936,59.569563],[25.805933,59.57001429999998],[25.81202170000002,59.5682201],[25.8143887,59.56371489999998],[25.830149699999986,59.56394079999998],[25.83194260000002,59.5604484],[25.836586,59.560763],[25.8419133,59.556071399999986],[25.8343357,59.54753529999998],[25.807849799999982,59.544030700000015],[25.796624400000013,59.54117909999997],[25.7942122,59.5362766],[25.79627829999998,59.53650109999999],[25.801827499999977,59.53127029999999],[25.799024599999985,59.52451270000002],[25.8163246,59.522389900000015],[25.8145336,59.5195717],[25.829392300000016,59.50630209999997],[25.828530499999985,59.500974499999984],[25.832454600000027,59.498878],[25.84495349999998,59.44399],[25.85615690000002,59.4447048],[25.85679139999997,59.442043],[25.8778304,59.443467099999985],[25.881099799999973,59.434901699999976],[25.8889146,59.435617600000015],[25.889056199999978,59.432956699999984],[25.895962500000017,59.42971270000001],[25.896709199999975,59.42503530000001],[25.884183500000017,59.4128425],[25.885407,59.41034],[25.8911466,59.40874319999998],[25.883688299999985,59.40581239999999],[25.89623609999997,59.3985354],[25.894138499999976,59.397495599999985],[25.897278,59.38773939999999],[25.9071927,59.384187900000015],[25.9183067,59.377067599999975],[25.919829099999983,59.37238149999998],[25.928248299999982,59.36596839999997],[25.930058,59.3574241],[25.935611599999984,59.34912629999998],[25.931363799999975,59.342904899999986],[25.93361560000001,59.3349588],[25.938187900000013,59.33252959999997],[25.936521199999977,59.3267637],[25.93872690000003,59.3263759],[25.938254,59.3214588],[25.942313400000028,59.3150449],[25.937741800000023,59.3096222],[25.9503748,59.29039819999998],[25.945244300000027,59.2864065],[25.95510350000001,59.278244],[25.943716199999972,59.27384149999999],[25.918794499999983,59.27279249999999],[25.913660800000013,59.2713367],[25.909536499999984,59.2736144],[25.9107048,59.275612699999975],[25.894402299999978,59.2775171],[25.888309899999978,59.2886094],[25.8491394,59.2913318],[25.811045399999987,59.291721],[25.798428400000017,59.296461],[25.7759339,59.2965559],[25.774487899999976,59.2978091],[25.76425849999998,59.29366089999998],[25.76200329999999,59.291158799999984],[25.7608695,59.291935],[25.7533693,59.2847398],[25.74711770000001,59.28312449999998],[25.7205393,59.2832384],[25.7178076,59.2822265],[25.70458759999999,59.28515740000002],[25.69320139999997,59.2818556],[25.682692,59.2754236],[25.6724457,59.2780054],[25.651921600000012,59.27395049999996],[25.6494036,59.27251639999998],[25.659372600000015,59.2668442],[25.655582,59.264464299999986],[25.65545590000001,59.260148199999975],[25.653156,59.2595173],[25.652205,59.2611701],[25.640910099999978,59.2548235],[25.6229963,59.26163780000001],[25.610130800000025,59.26451019999998],[25.609154400000023,59.26355920000001],[25.5928723,59.271414699999966],[25.581953699999982,59.2744553],[25.575818699999985,59.27243529999997],[25.5705804,59.27369009999998],[25.562773900000025,59.2728813],[25.546065299999974,59.2659939],[25.540252,59.266337299999975],[25.536391700000024,59.263038899999984],[25.533989,59.2622052],[25.5247898,59.26466349999997],[25.510404300000022,59.2655647],[25.5042417,59.26889569999998],[25.49631710000001,59.268241900000014],[25.4932811,59.2696541],[25.486212399999975,59.26771639999998],[25.470391599999985,59.2682546],[25.476472799999982,59.2622375],[25.507936,59.24527209999998],[25.5132872,59.2358941],[25.510081200000023,59.2335549],[25.51102779999998,59.231933],[25.52236950000002,59.22238119999999],[25.523013599999977,59.2180745],[25.531854799999987,59.2126747],[25.525314299999977,59.2090388],[25.5205216,59.20393489999997],[25.520804499999972,59.200045399999986],[25.5022428,59.1816822],[25.50547309999998,59.1790027],[25.491179800000022,59.1719486],[25.4821021,59.1705495],[25.4673368,59.1519497],[25.461065200000032,59.150871200000026],[25.4592407,59.14631590000001],[25.449818900000015,59.14286909999998],[25.449152,59.1408331],[25.459365200000015,59.1316362],[25.44527689999999,59.119948700000016],[25.44401230000001,59.113149],[25.4806205,59.10357949999998],[25.48705470000002,59.1004344],[25.484599099999986,59.0962699],[25.4782614,59.0926846],[25.460027799999985,59.06815789999998],[25.445756899999978,59.0738306],[25.4443769,59.08107],[25.4326307,59.088556],[25.422145099999977,59.090161399999964],[25.41571890000002,59.0929628],[25.415648800000024,59.0914641],[25.393163099999985,59.08109419999998],[25.389034599999974,59.0770024],[25.401741,59.0696528],[25.409923300000017,59.06124209999999],[25.40421740000003,59.035870399999986],[25.4047758,59.028181],[25.40034669999997,59.02089029999997],[25.375405299999983,59.0070502],[25.3576403,59.014282500000014],[25.346583300000013,59.011823600000014],[25.33394370000002,58.9944252],[25.324539099999967,58.99166369999999],[25.300797599999985,58.9984973],[25.293596199999985,58.99739369999999],[25.291379799999977,58.999893],[25.293344299999987,59.0068343],[25.279033299999988,59.00849319999998],[25.280116,59.010580799999964],[25.273835599999984,59.0134126],[25.26855690000003,59.013721199999985],[25.263726100000014,59.01675379999998],[25.274726,59.01989949999999],[25.269851,59.0233087],[25.26283379999999,59.02483330000001],[25.2603302,59.022726599999984],[25.2528242,59.0269957],[25.22511880000002,59.0269342],[25.22548680000002,59.0310574],[25.2350664,59.03138149999997],[25.232259500000026,59.034245],[25.200878,59.03615959999997],[25.203262599999977,59.0399745],[25.19581560000001,59.0435933],[25.191731399999973,59.04800419999998],[25.1927851,59.049702],[25.204289199999977,59.05264249999997],[25.183573100000014,59.0686645],[25.1834797,59.071328299999976],[25.185925500000028,59.07514740000001],[25.202443699999986,59.084242],[25.1884379,59.08717460000001],[25.1781352,59.0858119],[25.156313499999985,59.0936721],[25.14590959999999,59.09163],[25.1383317,59.0992349],[25.132645900000025,59.096464],[25.12293579999998,59.095574700000014],[25.101264300000025,59.0961355],[25.05951859999998,59.1041936],[25.03513069999999,59.11904269999996],[25.0348458,59.1223093],[25.028159500000026,59.1281811],[25.0174255,59.133063299999975],[25.012508,59.142327699999974],[25.0090764,59.14334679999999],[24.998476600000025,59.13973729999997],[24.9848584,59.1474888],[24.980669,59.144495],[24.97445930000001,59.14386689999997],[24.9525098,59.1465252],[24.924758,59.15543649999998],[24.9293214,59.16117079999999],[24.923612900000027,59.16258280000001],[24.92576460000001,59.165447199999974],[24.921608800000012,59.1753845],[24.926848099999976,59.17667139999999],[24.923745100000012,59.1842342],[24.9057077,59.1822861],[24.904275199999983,59.186055300000014],[24.903425399999986,59.2064101],[24.91081380000001,59.2274402],[24.895903399999984,59.224402],[24.86775979999998,59.2279839],[24.8526202,59.2267848],[24.832332599999976,59.222316699999965],[24.7934701,59.22174239999996],[24.7929627,59.21557939999998],[24.804704500000017,59.2050222],[24.788032100000024,59.2054134],[24.794381799999986,59.1988631],[24.789947799999982,59.196482400000015],[24.785543,59.196975299999984],[24.7843726,59.1988712],[24.7801301,59.1979336],[24.77385140000003,59.1987987],[24.772984700000016,59.2032309],[24.76099129999997,59.2096372],[24.7583655,59.2081548],[24.752236599999975,59.2115541],[24.74725080000001,59.2094594],[24.7419185,59.2107616],[24.73123130000001,59.219704],[24.721603099999985,59.22328619999997],[24.71412989999998,59.21821839999997],[24.718549,59.2127954],[24.71474120000001,59.211569599999976],[24.712088399999985,59.21243850000002],[24.7108978,59.2160986],[24.7096193,59.214948100000015],[24.7088703,59.21671429999996],[24.70181490000002,59.213656],[24.6898599,59.2212183],[24.675925500000023,59.2172957],[24.6712907,59.2215586],[24.669361400000017,59.21878559999998],[24.665244,59.218096],[24.664771,59.21935939999998],[24.64577189999999,59.2191116],[24.64397990000002,59.21371049999998],[24.632514799999974,59.21485659999998],[24.6240971,59.202613700000015],[24.596806299999987,59.1885741],[24.568171299999978,59.191542399999975],[24.568555299999986,59.17709],[24.559123600000017,59.1636634],[24.557364199999967,59.154352],[24.577743,59.141390499999986],[24.55977359999999,59.1383173],[24.542377599999988,59.1376761],[24.539940500000025,59.1352956],[24.55443610000001,59.12986510000001],[24.557529899999988,59.1227765],[24.57145840000001,59.123887],[24.5713886,59.0942139],[24.5675754,59.09552769999997],[24.555255400000025,59.09315440000001],[24.547402199999986,59.0966734],[24.5357372,59.09643509999999],[24.516043,59.0989357],[24.5118499,59.0969748],[24.50501929999998,59.09959769999998],[24.4954191,59.1007935],[24.4718336,59.09906979999998],[24.461035,59.095165],[24.44295550000003,59.09138689999999],[24.4314003,59.0923246],[24.35943989999998,59.089656],[24.354551200000017,59.092112],[24.34990709999998,59.08489909999998],[24.35547829999998,59.081768299999986],[24.3567844,59.07799219999997],[24.3512805,59.0768751],[24.344747399999978,59.07207850000001],[24.34713809999998,59.070189599999985],[24.358369099999983,59.072165],[24.358830099999977,59.07404480000002],[24.3612496,59.073604199999984],[24.363919,59.0686506],[24.359943100000017,59.0659114],[24.37177960000001,59.057193599999984],[24.3516373,59.05240130000002],[24.34917839999999,59.0562265],[24.3364591,59.05455719999998],[24.333308199999987,59.0514451],[24.330615600000012,59.05366880000001],[24.32543820000003,59.05456],[24.3262833,59.05119839999998],[24.321477699999985,59.045218099999985],[24.3164791,59.044124899999964],[24.314456800000023,59.044954400000016],[24.30985189999998,59.039162],[24.305931800000028,59.0392588],[24.31001559999999,59.03331779999997],[24.3150557,59.034739500000015],[24.314104099999977,59.02613889999996],[24.3035449,59.025167],[24.299640799999988,59.026913],[24.292497,59.022222199999966],[24.301968400000018,59.013608099999985],[24.298884199999986,59.00873859999999],[24.295430299999982,59.0080408],[24.290609299999982,59.01121940000002],[24.281624499999975,59.01264619999998],[24.27812839999999,59.0173683],[24.279463300000025,59.022134],[24.273011,59.0246998],[24.2588695,59.02460419999996],[24.246059,59.017997499999986],[24.236215700000017,59.01606910000002],[24.2290251,59.01669579999997],[24.222167299999974,59.0188117],[24.200708100000018,59.0343362],[24.18824030000001,59.0294338],[24.1797758,59.0278782],[24.17757229999997,59.0236362],[24.17080209999997,59.0204969],[24.154835699999975,59.0274809],[24.1512981,59.02584619999996],[24.15003080000001,59.0220411],[24.124339399999972,59.0053721],[24.1048686,58.99645949999998],[24.108107099999984,58.9915818],[24.094783536530333,58.98948522693496],[24.09364839999999,58.98935690000001],[24.086127599999973,59.0004552],[24.086451200000024,59.013527099999955],[24.16670310000003,59.054854],[24.16320652912554,59.0565971990823],[24.16245491865116,59.056664614383145],[24.151501800000027,59.05787239999998],[24.1502562,59.06593569999998],[24.134695700000023,59.071737],[24.12210987010884,59.074342537055315],[24.121505819319868,59.07435353124697],[24.119429600000014,59.079865799999986],[24.1052437,59.08769019999996],[24.11382689999999,59.08855519999998],[24.1092809,59.09257949999996],[24.1095135,59.095840599999974],[24.1031656,59.100393799999985],[24.105630067325848,59.10163337890876],[24.11297832098351,59.100249615295255],[24.1254231,59.10807650000002],[24.121801899999976,59.1149383],[24.101136,59.1223224],[24.071848399999983,59.130131700000014],[24.049265500000033,59.1351223],[23.96456861743189,59.13961357389565],[23.964087066018884,59.13963041040259],[23.95182251901953,59.14037513120096],[23.945756700000032,59.13654380000001],[23.9370620484957,59.13502125202433],[23.930832991007353,59.137282806091584],[23.916001900000026,59.135127],[23.911022648353672,59.130112566385556]]]]}},{"type":"Feature","properties":{"shapeName":"Lääne-Viru maakond","shapeISO":"EE-59","shapeID":"21999144B8345617572164","shapeGroup":"EST","shapeType":"ADM1"},"geometry":{"type":"Polygon","coordinates":[[[26.759436499999975,59.4995188],[26.7557519,59.49479129999998],[26.761908100000014,59.49455],[26.760200199999975,59.49353459999997],[26.763308799999972,59.4914147],[26.7688224,59.49039939999998],[26.7667088,59.488781599999975],[26.7721156,59.48458949999997],[26.768255100000026,59.4784438],[26.78084840000003,59.47152650000001],[26.780766900000025,59.468732799999984],[26.787924699999987,59.4625775],[26.7861131,59.4335206],[26.7884875,59.4253534],[26.79406909999998,59.4198502],[26.7953848,59.40708319999998],[26.7679639,59.4096408],[26.7601282,59.4183609],[26.728251,59.41066539999996],[26.7318188,59.40742740000002],[26.74124320000002,59.4041356],[26.73583179999997,59.40291],[26.74505979999997,59.397408099999986],[26.756206499999987,59.384972099999985],[26.746075599999976,59.38232339999998],[26.751019599999974,59.379188100000015],[26.7417056,59.3789592],[26.743438699999984,59.3742988],[26.715364,59.36876809999998],[26.70233070000002,59.35906609999998],[26.709699199999974,59.3547302],[26.719918,59.355510599999974],[26.725439,59.36220309999999],[26.737406799999974,59.3586339],[26.7386863,59.353621699999984],[26.7440196,59.3525542],[26.7467375,59.35507419999998],[26.76466060000002,59.355392399999985],[26.782117399999986,59.35749339999999],[26.7799962,59.35403819999998],[26.7905441,59.35325969999998],[26.7966418,59.347949499999956],[26.803816899999987,59.3481429],[26.804263300000024,59.3439594],[26.8187681,59.3441171],[26.81057569999998,59.33478509999998],[26.79112180000002,59.33745169999997],[26.78640730000001,59.3281231],[26.777144399999973,59.329402],[26.764302700000016,59.30455149999997],[26.7524145,59.29620429999997],[26.741900400000024,59.29344780000001],[26.7491381,59.28916550000001],[26.741608,59.265901100000015],[26.751780499999985,59.26682229999997],[26.760986,59.2396832],[26.845917100000026,59.264135],[26.853118699999975,59.235327300000016],[26.844376700000012,59.2307577],[26.8820197,59.220166499999976],[26.91881990000003,59.2137779],[26.930931799999986,59.207145],[26.939435100000033,59.195558],[26.92799519999998,59.18430869999997],[26.935418100000025,59.18052239999998],[26.948306100000032,59.181259699999984],[26.952754800000022,59.1646917],[26.941469,59.1656871],[26.93935180000002,59.1628377],[26.941283600000013,59.162026800000014],[26.936848099999988,59.15776339999997],[26.938447199999977,59.1510544],[26.9359316,59.14840730000002],[26.94067950000002,59.141224399999984],[26.9328079,59.135966],[26.9122369,59.136218699999965],[26.908444200000023,59.1436364],[26.899320200000012,59.14658330000002],[26.89755620000003,59.139585300000014],[26.857827699999987,59.137013],[26.842427,59.12428239999996],[26.8290124,59.1191225],[26.821481799999972,59.12308959999996],[26.817242500000013,59.12320960000002],[26.807041500000015,59.0394792],[26.821386499999985,59.0346852],[26.820400899999985,59.02861830000002],[26.799625,59.021379],[26.798509,59.007025699999986],[26.804811100000013,58.9971478],[26.79997610000002,58.98893459999998],[26.78321880000001,58.9786948],[26.734448,58.97409789999998],[26.727715,58.967704],[26.708620200000027,58.96264189999999],[26.704304,58.9614903],[26.698357799999975,58.9636899],[26.697372,58.9689224],[26.628806600000026,58.9538533],[26.61883710000002,58.9508119],[26.61261580000002,58.94650460000001],[26.5800847,58.93620290000001],[26.565352800000014,58.933116799999986],[26.539830399999975,58.933174499999964],[26.5450303,58.9362665],[26.540657,58.9397052],[26.542583,58.9436435],[26.526982300000014,58.948322699999984],[26.5102969,58.946469799999974],[26.50928790000002,58.94453559999999],[26.505638599999973,58.945754],[26.488870499999972,58.94399509999999],[26.4916378,58.93734769999999],[26.4753126,58.935760099999975],[26.47257810000001,58.9339983],[26.476510400000013,58.923057399999976],[26.457146600000026,58.9216936],[26.46053269999997,58.90964839999997],[26.466689500000022,58.90500689999997],[26.463194299999977,58.8996954],[26.448928599999988,58.89803290000001],[26.4500064,58.8880269],[26.428891900000032,58.8874938],[26.415734600000025,58.8838697],[26.42096440000002,58.87971009999998],[26.4118837,58.8769297],[26.403033900000025,58.87908359999997],[26.37595,58.8775761],[26.3754686,58.8815755],[26.365687,58.8808521],[26.362525699999978,58.88992859999998],[26.35126730000001,58.89431279999999],[26.34759569999999,58.90110389999999],[26.3404064,58.90165180000001],[26.337104099999987,58.9041972],[26.336488200000023,58.90567729999999],[26.3451044,58.9080714],[26.338169199999975,58.92132319999997],[26.31220349999999,58.920984499999975],[26.292829,58.917363499999965],[26.290411,58.911565],[26.286224900000022,58.910106],[26.280510499999984,58.9145464],[26.2699311,58.9131533],[26.27083120000003,58.90631349999999],[26.26571859999999,58.9035352],[26.268784899999968,58.8985323],[26.2401914,58.8933805],[26.20058309999997,58.891564599999974],[26.1727421,58.8919276],[26.1575781,58.8893623],[26.1574242,58.8913703],[26.15080460000003,58.89281840000002],[26.150193,58.89463029999998],[26.1527198,58.895585900000015],[26.151888399999972,58.8988108],[26.156111800000016,58.9007579],[26.153364199999988,58.9021311],[26.1570226,58.90297709999999],[26.1550166,58.9051423],[26.157838900000012,58.9052441],[26.1570164,58.9069436],[26.16108780000003,58.90707789999998],[26.1609771,58.9105599],[26.1688048,58.92038659999996],[26.157392699999985,58.933512],[26.1631571,58.9505848],[26.146918,58.95465869999997],[26.142593100000024,58.96475259999997],[26.135093499999975,58.9633227],[26.133685199999974,58.96755880000001],[26.13784,58.970141],[26.13327190000002,58.9801941],[26.138278099999983,58.9828783],[26.1388581,58.98592660000001],[26.133418700000018,58.98851059999998],[26.1339308,58.9908837],[26.1256538,58.9906239],[26.0937909,59.0005659],[26.091010699999984,59.0020942],[26.0884265,59.0148441],[26.0626976,59.0177715],[26.0567334,59.0248927],[26.04859190000003,59.045239],[26.044698699999984,59.0484292],[26.028125800000023,59.05499709999999],[25.99467,59.050246199999954],[25.9747627,59.06206510000001],[25.9606548,59.06759669999998],[25.961433199999988,59.062650099999985],[25.9472213,59.0562458],[25.945277699999977,59.0559093],[25.9325359,59.066447400000015],[25.92317219999998,59.057478899999985],[25.913423899999987,59.0673703],[25.935519200000016,59.0804303],[25.93613349999998,59.0900946],[25.941591200000016,59.0906868],[25.94019169999999,59.09564549999998],[25.936405299999983,59.09715249999997],[25.936622399999983,59.1054983],[25.938585200000016,59.1039174],[25.946789499999984,59.1080774],[25.945704,59.1164471],[25.95117850000002,59.11771649999998],[25.96072480000002,59.1239365],[25.97813910000003,59.12292749999997],[25.9771051,59.13020569999997],[25.98143870000002,59.13677230000001],[25.980653500000017,59.14354439999998],[25.9911802,59.1538932],[26.00955160000003,59.155596],[26.01614179999997,59.163070699999984],[26.0064046,59.1859805],[26.001821,59.1844648],[25.995371099999975,59.18901960000002],[25.976936700000014,59.1810652],[25.969056,59.1865768],[25.964930399999986,59.1883898],[25.9609266,59.18771719999998],[25.957847500000018,59.19026489999999],[25.9551207,59.189280199999956],[25.951557599999987,59.1894821],[25.9515131,59.19115189999999],[25.938721799999986,59.1900982],[25.93561280000003,59.193276099999984],[25.94777719999997,59.198079100000015],[25.94096650000002,59.203393100000014],[25.9266121,59.198822199999974],[25.9291102,59.1959376],[25.922669600000027,59.19132669999997],[25.908145399999974,59.1927004],[25.905426400000014,59.19544229999998],[25.8923724,59.197304],[25.8930999,59.19604339999997],[25.88672580000002,59.1935584],[25.8809843,59.194521],[25.876591900000015,59.1936655],[25.874592899999982,59.1975468],[25.8474069,59.20472020000001],[25.841305500000015,59.2118973],[25.82669759999999,59.203724],[25.8108665,59.1988226],[25.801548900000018,59.201044],[25.795362299999983,59.199651799999984],[25.789256599999987,59.2060981],[25.7930052,59.207683099999976],[25.787352200000015,59.22042029999998],[25.784927100000022,59.21966879999999],[25.764828,59.22583440000001],[25.7625089,59.2287875],[25.737074799999984,59.21801230000001],[25.717976899999986,59.2126822],[25.710770699999987,59.21459139999998],[25.696277300000016,59.21399839999998],[25.6906256,59.210116799999966],[25.693809,59.207728899999985],[25.693583,59.2044905],[25.704059200000017,59.2028696],[25.705936,59.20139309999996],[25.66510769999997,59.20043769999999],[25.6626555,59.2015554],[25.645403700000024,59.20160709999998],[25.6306859,59.2098242],[25.636321600000016,59.213271599999985],[25.62226640000001,59.216390799999964],[25.639489,59.22493109999997],[25.61067080000002,59.22695339999997],[25.5876235,59.2375875],[25.550004399999988,59.258983500000014],[25.536391700000024,59.263038899999984],[25.540252,59.266337299999975],[25.546065299999974,59.2659939],[25.562773900000025,59.2728813],[25.5705804,59.27369009999998],[25.575818699999985,59.27243529999997],[25.581953699999982,59.2744553],[25.5928723,59.271414699999966],[25.609154400000023,59.26355920000001],[25.610130800000025,59.26451019999998],[25.6229963,59.26163780000001],[25.640910099999978,59.2548235],[25.652205,59.2611701],[25.653156,59.2595173],[25.65545590000001,59.260148199999975],[25.655582,59.264464299999986],[25.659372600000015,59.2668442],[25.6494036,59.27251639999998],[25.651921600000012,59.27395049999996],[25.6724457,59.2780054],[25.682692,59.2754236],[25.69320139999997,59.2818556],[25.70458759999999,59.28515740000002],[25.7178076,59.2822265],[25.7205393,59.2832384],[25.74711770000001,59.28312449999998],[25.7533693,59.2847398],[25.7608695,59.291935],[25.76200329999999,59.291158799999984],[25.76425849999998,59.29366089999998],[25.774487899999976,59.2978091],[25.7759339,59.2965559],[25.798428400000017,59.296461],[25.811045399999987,59.291721],[25.8491394,59.2913318],[25.888309899999978,59.2886094],[25.894402299999978,59.2775171],[25.9107048,59.275612699999975],[25.909536499999984,59.2736144],[25.913660800000013,59.2713367],[25.918794499999983,59.27279249999999],[25.943716199999972,59.27384149999999],[25.95510350000001,59.278244],[25.945244300000027,59.2864065],[25.9503748,59.29039819999998],[25.937741800000023,59.3096222],[25.942313400000028,59.3150449],[25.938254,59.3214588],[25.93872690000003,59.3263759],[25.936521199999977,59.3267637],[25.938187900000013,59.33252959999997],[25.93361560000001,59.3349588],[25.931363799999975,59.342904899999986],[25.935611599999984,59.34912629999998],[25.930058,59.3574241],[25.928248299999982,59.36596839999997],[25.919829099999983,59.37238149999998],[25.9183067,59.377067599999975],[25.9071927,59.384187900000015],[25.897278,59.38773939999999],[25.894138499999976,59.397495599999985],[25.89623609999997,59.3985354],[25.883688299999985,59.40581239999999],[25.8911466,59.40874319999998],[25.885407,59.41034],[25.884183500000017,59.4128425],[25.896709199999975,59.42503530000001],[25.895962500000017,59.42971270000001],[25.889056199999978,59.432956699999984],[25.8889146,59.435617600000015],[25.881099799999973,59.434901699999976],[25.8778304,59.443467099999985],[25.85679139999997,59.442043],[25.85615690000002,59.4447048],[25.84495349999998,59.44399],[25.832454600000027,59.498878],[25.828530499999985,59.500974499999984],[25.829392300000016,59.50630209999997],[25.8145336,59.5195717],[25.8163246,59.522389900000015],[25.799024599999985,59.52451270000002],[25.801827499999977,59.53127029999999],[25.79627829999998,59.53650109999999],[25.7942122,59.5362766],[25.796624400000013,59.54117909999997],[25.807849799999982,59.544030700000015],[25.8343357,59.54753529999998],[25.8419133,59.556071399999986],[25.836586,59.560763],[25.83194260000002,59.5604484],[25.830149699999986,59.56394079999998],[25.84017989999998,59.56609249999999],[25.843428500000016,59.56838649999999],[25.8456251,59.567653],[25.85022609999998,59.5712302],[25.854526700000015,59.568901099999984],[25.862695499999983,59.5693844],[25.869724100000028,59.57337769999997],[25.873864699999984,59.5790832],[25.87227689999997,59.588311699999956],[25.86566540000003,59.592323499999985],[25.871597,59.59904920000001],[25.86808669999999,59.601668799999985],[25.8698918,59.60368370000001],[25.86561519999998,59.6099531],[25.8665993,59.6254694],[25.8740886,59.6179783],[25.883460300000024,59.6154998],[25.911606900000027,59.614367],[25.910752,59.6163407],[25.9133682,59.6175646],[25.912853499999976,59.61500549999999],[25.92072070000001,59.6090769],[25.9239308,59.6013839],[25.9115635,59.5930297],[25.91355169999998,59.5889439],[25.90965360000002,59.5848939],[25.915374699999983,59.5817521],[25.931328100000027,59.578075],[25.95015080000001,59.5779825],[25.960831899999977,59.5792223],[25.9707422,59.583050700000015],[25.9714439,59.58530679999998],[25.97679450000001,59.5875705],[25.9755923,59.5923257],[25.97810180000002,59.594059],[25.977563599999975,59.5970017],[25.9724473,59.59961279999997],[25.975613199999987,59.608975899999976],[25.965810899999983,59.6249226],[25.963398100000017,59.63613969999999],[25.9694924,59.632384],[25.9795732,59.6350345],[25.979059900000017,59.632765599999985],[25.976051600000023,59.63212309999999],[25.9772576,59.62970079999997],[25.977725300000028,59.63063260000001],[25.98380170000002,59.6299741],[25.98307440000002,59.6277688],[25.9882651,59.62617479999996],[25.9925514,59.6276677],[25.993944,59.626549099999956],[25.99028809999998,59.6238153],[25.989690399999986,59.6254804],[25.98592829999998,59.625542],[25.985749300000013,59.622429599999975],[25.980392900000016,59.621840100000014],[25.984299100000012,59.61900519999996],[25.988204300000028,59.6205537],[25.98957970000001,59.6184607],[25.9930183,59.6212278],[25.991932800000022,59.61568660000002],[25.998300700000012,59.6124399],[26.002872,59.61462879999998],[26.006438200000026,59.614286499999984],[26.005047300000022,59.61563109999998],[26.008324900000023,59.615447],[26.007489499999966,59.6175324],[26.015861,59.6172702],[26.0145081,59.6189375],[26.02275149999997,59.6210845],[26.026310699999986,59.6282114],[26.0315113,59.62731659999998],[26.031805300000016,59.62434220000002],[26.0367922,59.622874600000024],[26.05022560000001,59.62422249999999],[26.054721799999978,59.6286293],[26.05871760000002,59.62860979999996],[26.047560899999986,59.6207257],[26.04684939999999,59.618037],[26.05172160000002,59.61827430000002],[26.053452499999974,59.615167299999975],[26.061151699999986,59.6137485],[26.061360200000017,59.61229389999997],[26.05684589999999,59.6113914],[26.059921200000016,59.6110932],[26.062389199999984,59.6084974],[26.06519380000001,59.60969530000001],[26.0630601,59.60801390000002],[26.06530230000002,59.605800299999984],[26.07533359999997,59.605304099999984],[26.082465099999986,59.6022922],[26.091070100000024,59.6035785],[26.0908611,59.60191569999998],[26.094859300000017,59.6018922],[26.0972906,59.60016],[26.101659199999975,59.602124],[26.102725200000027,59.5970585],[26.10019550000003,59.599887799999976],[26.092705299999977,59.59954839999999],[26.087904399999985,59.59575789999997],[26.0910693,59.59510489999998],[26.09278440000001,59.59634240000001],[26.0931213,59.592340599999986],[26.09932650000002,59.588325199999986],[26.0978656,59.586473],[26.10010210000002,59.5849471],[26.103941900000017,59.58512559999998],[26.103112399999976,59.58623209999997],[26.111983900000027,59.58510110000001],[26.1167588,59.5874257],[26.119936,59.5854355],[26.143691299999983,59.58358009999998],[26.1777818,59.5856074],[26.199654699999986,59.584826700000015],[26.216591,59.587063],[26.253465599999984,59.58511849999998],[26.2654889,59.586736899999956],[26.2748907,59.583896699999976],[26.27296320000001,59.58183660000002],[26.278788300000027,59.5788714],[26.284364499999974,59.5790107],[26.2896702,59.5720692],[26.304288599999975,59.569531],[26.3022406,59.5694644],[26.303638300000024,59.5676476],[26.31255740000002,59.5650347],[26.3121769,59.5636826],[26.317286299999978,59.563396],[26.3251336,59.5562742],[26.3458702,59.55472750000001],[26.3638998,59.556934699999985],[26.37383170000001,59.550814],[26.391342600000026,59.5490113],[26.410149200000028,59.5494645],[26.41539039999997,59.54771140000001],[26.4225633,59.54836419999997],[26.424993800000017,59.54504510000002],[26.430792800000027,59.54398629999998],[26.437744,59.5449091],[26.438787599999987,59.54334959999997],[26.434048400000027,59.5409621],[26.435021400000025,59.5399074],[26.442135,59.5386354],[26.445852600000027,59.5349076],[26.455632300000012,59.53280449999998],[26.465977300000024,59.53335669999997],[26.4670708,59.5366045],[26.469665399999986,59.535219099999985],[26.46908559999998,59.5301414],[26.475569900000018,59.528329100000015],[26.47731410000003,59.523032100000016],[26.4916866,59.5179479],[26.49439819999997,59.514787200000015],[26.5007316,59.51371779999999],[26.501945900000017,59.51218319999999],[26.5070111,59.51154729999997],[26.5112855,59.514690399999985],[26.4995734,59.51936239999998],[26.507886,59.5177369],[26.534185199999982,59.520101],[26.541586499999987,59.5219028],[26.5453422,59.52786249999998],[26.5472625,59.52782809999997],[26.5428274,59.52291659999999],[26.546514,59.52312970000001],[26.54474120000003,59.51861139999998],[26.564185099999968,59.52043530000001],[26.5779448,59.5250266],[26.589330699999977,59.5351505],[26.59132869999997,59.5419807],[26.58963109999998,59.54464710000001],[26.5853356,59.54468720000001],[26.578716099999983,59.5489227],[26.568486100000023,59.5523341],[26.586457300000028,59.54770809999999],[26.592744100000033,59.5514469],[26.590862300000012,59.554807900000014],[26.5959318,59.5496185],[26.604504299999977,59.55043580000001],[26.6065097,59.5529139],[26.612991499999982,59.55090529999998],[26.62124340000002,59.550973099999986],[26.62077330000001,59.548930299999974],[26.624881099999982,59.546375499999975],[26.65108480000001,59.5461248],[26.653187499999987,59.542953],[26.65885259999999,59.54149559999997],[26.659842799999975,59.54318079999999],[26.661199799999984,59.5394667],[26.6686521,59.536747],[26.68940479999998,59.5365379],[26.7059766,59.52914590000001],[26.715423599999973,59.5283016],[26.712782900000015,59.526634],[26.713288199999983,59.523651899999976],[26.719266299999987,59.5187883],[26.725332900000026,59.51879369999998],[26.7254782,59.5214225],[26.733323200000026,59.518402300000034],[26.7436763,59.5217373],[26.743871400000014,59.517858400000016],[26.748956099999983,59.52041110000002],[26.746013400000017,59.5163934],[26.751260500000033,59.51459970000001],[26.74288620000003,59.50899029999997],[26.74781639999998,59.50822659999998],[26.74558419999997,59.505669],[26.7616613,59.5031836],[26.759436499999975,59.4995188]]]}},{"type":"Feature","properties":{"shapeName":"Tartu maakond","shapeISO":"EE-78","shapeID":"21999144B18638129154840","shapeGroup":"EST","shapeType":"ADM1"},"geometry":{"type":"MultiPolygon","coordinates":[[[[27.4424651,58.36183649999998],[27.44256019999999,58.3577204],[27.4471996,58.3536274],[27.438416200000017,58.3586565],[27.4424651,58.36183649999998]]],[[[27.44230489999998,58.3629277],[27.438696,58.361629599999986],[27.441345700000024,58.36484719999997],[27.44230489999998,58.3629277]]],[[[27.5124407,58.3893977],[27.521632700000012,58.3884368],[27.5311239,58.38578789999998],[27.528805700000017,58.38489239999998],[27.52278879999998,58.385842],[27.516370299999984,58.388759],[27.5049102,58.386850699999954],[27.5069684,58.38496839999997],[27.51717970000001,58.38428339999997],[27.5163267,58.3830456],[27.520016900000016,58.384692],[27.523806300000018,58.382269399999984],[27.5221961,58.38137579999998],[27.526462600000027,58.3816277],[27.5281007,58.37596849999998],[27.533576800000017,58.371530399999976],[27.531617,58.37096969999997],[27.533752599999975,58.3661385],[27.5251016,58.3635809],[27.523576299999977,58.3647879],[27.5108229,58.3656042],[27.51302040000003,58.363858],[27.509776899999977,58.361348],[27.495337699999972,58.3598997],[27.48730050000002,58.3631761],[27.47740809999998,58.3703891],[27.47318530000002,58.3778691],[27.473814100000027,58.3817727],[27.4711464,58.379915799999985],[27.464543899999978,58.379357800000015],[27.463208,58.3773425],[27.4625353,58.379223499999966],[27.4607906,58.3789121],[27.462484799999974,58.38022669999998],[27.4584297,58.3815154],[27.46698940000002,58.3833314],[27.464135,58.385046],[27.468747099999977,58.387643499999974],[27.4726241,58.3845571],[27.47671519999997,58.38698919999997],[27.5124407,58.3893977]]],[[[27.4804454,58.1910976],[27.4393833,58.195548400000014],[27.426946499999975,58.19510070000002],[27.425695699999988,58.201275],[27.416282199999987,58.21061679999997],[27.403574300000017,58.21000879999998],[27.399292199999987,58.2113599],[27.3911576,58.20767029999997],[27.357595399999973,58.2202209],[27.352816,58.2153747],[27.272497800000014,58.2241035],[27.280410900000017,58.24496],[27.24446609999997,58.2475325],[27.244971300000017,58.2498687],[27.238464700000012,58.2490764],[27.2414396,58.2532361],[27.226752100000013,58.2527335],[27.2142985,58.2551555],[27.1829538,58.252924],[27.16476540000002,58.2547452],[27.15998049999998,58.257003299999965],[27.150478599999985,58.26742479999997],[27.139947399999983,58.268240100000014],[27.1330326,58.26406089999997],[27.1334217,58.251772],[27.12647039999998,58.24809679999998],[27.123859899999974,58.248481199999986],[27.124969900000018,58.25048269999997],[27.1208923,58.2511615],[27.118739,58.2495274],[27.08586820000002,58.24556629999998],[27.081463,58.2534471],[27.07495690000001,58.25793479999998],[27.071708800000028,58.2568009],[27.069257,58.2584667],[27.06488379999998,58.25838329999996],[27.0586446,58.2642604],[27.0458644,58.26306020000001],[27.04724459999998,58.26178509999997],[27.04156150000002,58.260194200000015],[27.04628239999997,58.25386630000001],[27.03768889999998,58.2467981],[27.04258030000002,58.2382038],[27.024952899999988,58.2289544],[27.01799469999999,58.2365007],[27.00093680000002,58.227628799999955],[26.98325,58.2252667],[26.98116169999998,58.2292574],[26.976724699999984,58.2313829],[26.980689100000028,58.2390381],[26.978347,58.241101],[26.964813,58.239449499999985],[26.959357,58.2424028],[26.951575,58.23555109999998],[26.93920769999997,58.238357499999985],[26.93426439999997,58.2376893],[26.92824830000002,58.2277777],[26.919473700000022,58.22685369999997],[26.91477430000002,58.23175229999999],[26.917333800000012,58.23303969999997],[26.9119525,58.237650599999974],[26.91779579999998,58.2409271],[26.907281400000013,58.24916709999997],[26.90214440000001,58.24841590000001],[26.9033588,58.2463371],[26.8888154,58.2409033],[26.884258199999987,58.23655659999997],[26.8860661,58.2345196],[26.8827498,58.233344],[26.8777174,58.23405],[26.875873599999984,58.231594499999986],[26.86559390000002,58.2121939],[26.866199299999977,58.2001507],[26.86026930000003,58.19952739999999],[26.86030909999998,58.19806740000001],[26.854134499999983,58.195627399999985],[26.8533506,58.19666680000001],[26.845213900000015,58.1957383],[26.841575099999975,58.19142779999997],[26.83477240000003,58.188392599999986],[26.83385830000002,58.1852763],[26.825180300000028,58.183206],[26.82763560000002,58.1812298],[26.82460530000003,58.17970440000001],[26.8172052,58.18163879999999],[26.8142947,58.18459009999997],[26.79787449999999,58.18265829999998],[26.794653800000024,58.1833762],[26.78461759999998,58.17889119999998],[26.779766400000028,58.1791031],[26.7723572,58.17494469999996],[26.765154,58.174626],[26.765433900000023,58.16923309999997],[26.7578428,58.1703888],[26.755940500000023,58.172601499999985],[26.7492233,58.1722267],[26.747353,58.169379],[26.7437091,58.16888229999998],[26.7451527,58.166990599999984],[26.738051500000015,58.16578329999998],[26.74754939999998,58.1769194],[26.741868600000018,58.1890679],[26.73407410000001,58.18892969999999],[26.73319380000003,58.191242],[26.717766899999976,58.18795029999998],[26.709000800000027,58.180737399999984],[26.7017198,58.181401500000014],[26.69891649999999,58.17825809999999],[26.6864692,58.17719389999997],[26.6819819,58.17886629999998],[26.6815017,58.1773016],[26.6749934,58.1787967],[26.6699402,58.1781998],[26.66589419999998,58.181070300000016],[26.660640399999977,58.1813292],[26.658764,58.182886899999986],[26.65365169999998,58.1772594],[26.656008,58.17087789999998],[26.654344399999985,58.16907309999998],[26.6584275,58.1661026],[26.660466200000016,58.1588859],[26.674673599999984,58.1548438],[26.658835500000027,58.15567649999997],[26.6606142,58.15287469999997],[26.657935800000025,58.1525337],[26.65741639999997,58.150260399999986],[26.65844019999998,58.1476335],[26.6619531,58.1465069],[26.673195500000027,58.146996],[26.672267799999975,58.14502289999999],[26.65488790000002,58.1365186],[26.65423609999998,58.13457229999999],[26.6617601,58.131649899999985],[26.658483499999974,58.1303207],[26.657310900000013,58.1262646],[26.6330282,58.1241273],[26.62489840000001,58.1214154],[26.624963799999975,58.1250739],[26.602828800000026,58.12546059999998],[26.602559199999988,58.1343916],[26.60698,58.13585779999998],[26.5995543,58.1407661],[26.592982500000026,58.140958599999955],[26.57725430000002,58.14555759999998],[26.569142200000012,58.1461253],[26.5677868,58.15237909999998],[26.5704402,58.156074199999985],[26.5646462,58.1597842],[26.558737099999966,58.1604359],[26.54906019999999,58.164451],[26.538812299999975,58.16527809999999],[26.52537009999998,58.1637352],[26.51950279999998,58.165627299999976],[26.51714030000003,58.1637812],[26.5070855,58.16479669999999],[26.49394370000002,58.16326090000002],[26.4804796,58.1523575],[26.46573730000003,58.152432399999974],[26.43855819999997,58.140953599999975],[26.43429409999997,58.1455202],[26.4309021,58.14432439999999],[26.427573299999988,58.146345],[26.4165875,58.1428627],[26.413821299999977,58.144359299999984],[26.41696460000001,58.1500836],[26.4129213,58.1599759],[26.406099900000026,58.16284730000001],[26.408274200000026,58.16689819999996],[26.40518010000001,58.1687783],[26.416242,58.1766199],[26.418895599999974,58.18312379999997],[26.4223845,58.183589599999976],[26.42528780000002,58.18183459999998],[26.42627789999998,58.17861720000002],[26.4263014,58.182493199999975],[26.4202624,58.1843394],[26.4160251,58.1827651],[26.41455959999998,58.1778281],[26.402989899999977,58.17058929999999],[26.405139300000016,58.16838350000001],[26.403168,58.1671986],[26.39276089999999,58.1649285],[26.387061600000017,58.165864],[26.374901699999974,58.169365],[26.3716934,58.1725103],[26.3317653,58.1325738],[26.324829799999982,58.135049],[26.3090472,58.13637820000001],[26.2975932,58.134281699999974],[26.289947700000013,58.13599159999998],[26.284799099999987,58.134617],[26.2833195,58.1280971],[26.273433699999977,58.1130408],[26.223362600000012,58.115502399999976],[26.2162531,58.114172899999964],[26.20686220000001,58.1152734],[26.192112200000015,58.114583899999985],[26.1625006,58.1185792],[26.159872600000014,58.11713429999998],[26.156197099999986,58.11827769999998],[26.152923300000012,58.117205],[26.147828299999983,58.1216847],[26.147947700000017,58.1244927],[26.13164689999998,58.11928510000002],[26.12391750000002,58.12156289999999],[26.1191689,58.113849],[26.11314540000002,58.12242839999997],[26.0929768,58.119363899999975],[26.088989900000026,58.1209334],[26.09076920000002,58.1348184],[26.092912,58.1351039],[26.084075,58.136703],[26.08954359999997,58.1405168],[26.087613200000025,58.14376709999998],[26.089631800000017,58.1455528],[26.08234829999999,58.1504289],[26.0848587,58.150707799999985],[26.08585719999998,58.15164329999997],[26.0845734,58.15104019999994],[26.085807299999978,58.152345],[26.0838321,58.1556979],[26.0869217,58.15586189999997],[26.09032169999998,58.16201589999998],[26.0870809,58.1648458],[26.0822466,58.16465839999998],[26.07854780000002,58.16680249999998],[26.08895869999998,58.16666],[26.090156,58.18203889999998],[26.09650249999997,58.1880688],[26.0998787,58.2005781],[26.106378600000024,58.206409],[26.116091,58.225525800000014],[26.122012300000012,58.229665],[26.13103880000001,58.23076619999998],[26.1406165,58.2372501],[26.14078520000002,58.23917769999996],[26.1378482,58.2397046],[26.14272020000002,58.245472099999986],[26.135856300000032,58.2517935],[26.138088800000023,58.25284869999997],[26.1358644,58.2524075],[26.13528,58.2555144],[26.1365787,58.26600159999996],[26.132431,58.27271339999998],[26.1382748,58.2765184],[26.14311679999997,58.2916336],[26.1400358,58.30140459999998],[26.14142730000002,58.30879760000001],[26.13890189999998,58.312078099999965],[26.143864900000036,58.3123716],[26.138833,58.312256799999986],[26.1404741,58.3155952],[26.138623300000013,58.3203288],[26.140094,58.323158699999986],[26.14821919999998,58.3258963],[26.145871299999985,58.32606559999997],[26.1406021,58.3326157],[26.148187900000018,58.33130759999999],[26.15720180000002,58.338837],[26.1599899,58.33802739999997],[26.1571744,58.339246499999966],[26.1594575,58.34488349999998],[26.15740919999998,58.35228409999996],[26.159840399999986,58.350807099999976],[26.1563411,58.356190399999974],[26.1573695,58.35914860000001],[26.151369,58.36311350000002],[26.1491658,58.37130649999998],[26.1455252,58.3724169],[26.13777019999998,58.38042589999998],[26.1318332,58.38204219999997],[26.13353640000002,58.3842704],[26.1351264,58.3858913],[26.1409266,58.384581],[26.144016899999986,58.385910299999985],[26.147334799999985,58.39204069999999],[26.1463185,58.3957122],[26.1584762,58.400901200000014],[26.15611239999998,58.4035547],[26.1629267,58.40386779999996],[26.17130460000003,58.409509],[26.1878688,58.40691750000002],[26.18583590000003,58.4106246],[26.1908423,58.4129087],[26.18126130000002,58.419183199999985],[26.18036140000001,58.42505779999997],[26.173613299999978,58.4330376],[26.17490210000003,58.43576909999996],[26.1610863,58.446183],[26.16607690000003,58.45017810000002],[26.162025,58.45337629999999],[26.162341600000012,58.45594],[26.158445599999986,58.4575802],[26.1612294,58.4605497],[26.155188899999967,58.4625755],[26.157030899999977,58.46559070000003],[26.15314110000001,58.465964],[26.154614799999976,58.4674631],[26.150661399999986,58.467777799999986],[26.151884499999976,58.4702788],[26.147592,58.4702498],[26.147007900000016,58.472161],[26.1448948,58.4733413],[26.151012899999987,58.4750465],[26.147067400000026,58.47564189999996],[26.1500845,58.4769889],[26.145006399999986,58.4800028],[26.15047849999997,58.4801326],[26.1498129,58.4837282],[26.1515771,58.48198739999999],[26.15566909999997,58.4819631],[26.1532836,58.4837055],[26.1562932,58.484961699999985],[26.153005199999974,58.48740769999997],[26.1561348,58.48677379999997],[26.162330299999972,58.49056309999998],[26.1560054,58.4923898],[26.1569706,58.49474189999997],[26.16722109999999,58.4991866],[26.187260399999985,58.486735],[26.202687,58.49427150000002],[26.20713639999999,58.49390059999999],[26.2222676,58.48768149999998],[26.303021799999975,58.52037709999998],[26.327875300000017,58.525086],[26.333041200000014,58.524804599999975],[26.3406294,58.5307089],[26.341058900000032,58.5354798],[26.3518357,58.5334552],[26.3608265,58.53447949999996],[26.37979510000003,58.5275835],[26.38408810000002,58.512913],[26.40238360000001,58.507208],[26.39965229999998,58.5138001],[26.395174400000013,58.51447409999999],[26.40039219999997,58.5179272],[26.407324299999974,58.5306069],[26.413331499999973,58.52990359999998],[26.415585,58.5311682],[26.420439100000017,58.5293295],[26.424101800000027,58.5307427],[26.41946009999997,58.533312],[26.4231509,58.53710089999997],[26.435881500000033,58.54012939999998],[26.44230149999999,58.5347198],[26.449979100000018,58.5376557],[26.451044600000024,58.53589570000001],[26.460298,58.5384157],[26.482069799999984,58.52889889999999],[26.4858097,58.530240499999984],[26.489221499999985,58.52935949999997],[26.4977552,58.53389529999997],[26.48570649999997,58.5381294],[26.497323099999985,58.54411479999999],[26.504602700000017,58.54246049999998],[26.503460199999967,58.544661200000014],[26.5364199,58.546858199999974],[26.544351199999976,58.5460053],[26.5393526,58.54006550000001],[26.536467900000023,58.538207499999984],[26.5212463,58.5379886],[26.52062630000003,58.53454660000002],[26.533039400000025,58.53070339999998],[26.541560199999985,58.53113249999997],[26.5493537,58.52780750000003],[26.56392640000001,58.53608209999997],[26.574798,58.52895979999999],[26.607686399999977,58.5154438],[26.619528200000026,58.521213],[26.627860799999976,58.5207317],[26.63186789999999,58.523448],[26.642987300000023,58.5226993],[26.65021070000002,58.5239405],[26.646776399999975,58.525416399999955],[26.652305100000014,58.52683519999997],[26.64255790000003,58.532176],[26.643234600000024,58.5457913],[26.65093160000001,58.5542472],[26.667447899999985,58.560964099999964],[26.660599599999983,58.568518],[26.6836233,58.561325799999985],[26.69087,58.556076099999984],[26.694416400000026,58.55042490000001],[26.700813499999988,58.54952],[26.703737600000025,58.5460468],[26.7124633,58.54197660000001],[26.73081160000002,58.54940969999996],[26.738590199999987,58.550505],[26.7369579,58.554593799999985],[26.7399751,58.55961629999999],[26.755128500000016,58.55202549999998],[26.7730288,58.561044],[26.796117199999987,58.55659569999999],[26.797953499999988,58.560560799999976],[26.80404019999998,58.56346339999997],[26.8083677,58.562660799999975],[26.807992700000025,58.565439699999985],[26.8302588,58.5662935],[26.829765900000027,58.56988120000002],[26.8255846,58.5716183],[26.825527700000027,58.57514729999998],[26.8510783,58.5757259],[26.8471728,58.58803059999999],[26.86128630000002,58.63294060000001],[26.8667566,58.63207209999999],[26.871427,58.63420919999997],[26.93065569999997,58.62180830000001],[26.9618668,58.6064955],[26.966936,58.60792839999997],[26.96878429999999,58.6119061],[26.9733664,58.61115019999998],[26.9778412,58.6056518],[26.98249809999998,58.60672169999997],[26.978790199999988,58.613919],[26.986333099999975,58.617154499999984],[26.988673200000033,58.6151129],[26.9875975,58.6126659],[26.999120400000024,58.6110751],[27.002524,58.6059279],[27.00636190000002,58.6050528],[27.007263799999986,58.596114499999985],[27.0128872,58.59567029999997],[27.0133213,58.59333229999998],[27.030859900000024,58.5931248],[27.03272929999999,58.607858499999985],[27.022747499999976,58.6100379],[27.021311800000014,58.6177706],[27.0161295,58.6228068],[27.024537299999984,58.62925209999998],[27.01955720000003,58.63628129999996],[27.00829,58.6353942],[27.0058623,58.633932299999984],[27.00063750000002,58.635669700000015],[27.00394760000002,58.63883640000001],[27.001291,58.63932830000001],[27.002171500000028,58.6406777],[27.019839299999973,58.6436077],[27.01925930000002,58.6452485],[27.0229263,58.64538550000001],[27.028707099999973,58.6429812],[27.045774300000023,58.64680089999999],[27.045038699999978,58.651883],[27.060944700000025,58.6570359],[27.0659428,58.6548255],[27.073389200000015,58.65426989999998],[27.07483589999998,58.6520279],[27.0834478,58.6565684],[27.081657599999986,58.6584721],[27.0836594,58.6626842],[27.0879714,58.66401929999997],[27.07802649999997,58.66890149999997],[27.078334,58.670641899999985],[27.093485500000014,58.6753762],[27.1278228,58.6824451],[27.128981900000014,58.679792899999974],[27.13425409999999,58.68112090000001],[27.135139,58.6773597],[27.1633977,58.68279610000001],[27.16584650000002,58.6704125],[27.1694418,58.668518700000014],[27.166290300000014,58.667064899999986],[27.16444339999997,58.65936519999999],[27.170904500000024,58.6468349],[27.169400599999985,58.645385200000035],[27.176735299999986,58.64086719999997],[27.178608699999984,58.6366528],[27.175969200000015,58.63831039999999],[27.181258,58.6305733],[27.188449299999977,58.6260743],[27.1973566,58.61381290000002],[27.20532409999998,58.6083937],[27.210331499999985,58.60755080000002],[27.21259419999998,58.595194],[27.20948,58.5861143],[27.21381730000003,58.5742239],[27.212062499999973,58.5720374],[27.215500599999977,58.569897],[27.216422499999986,58.56337480000003],[27.220042899999985,58.559833],[27.21868589999998,58.555085700000014],[27.221896700000023,58.557199],[27.21953429999999,58.55492690000001],[27.2222465,58.55359479999998],[27.21942049999998,58.553062799999985],[27.22257239999998,58.5528812],[27.227671,58.537848],[27.2297469,58.5375606],[27.23466750000001,58.528668],[27.2365123,58.52885579999997],[27.235644099999973,58.52448669999998],[27.239614599999978,58.52118539999998],[27.237694,58.52047539999998],[27.240679399999983,58.52000549999998],[27.2394778,58.51709109999998],[27.2437518,58.5131163],[27.2416455,58.5121153],[27.243753300000016,58.5104691],[27.239371399999982,58.5087612],[27.241501800000023,58.50762349999998],[27.239068300000017,58.5075695],[27.24170759999998,58.5072619],[27.240589700000026,58.50063839999997],[27.2428729,58.5010622],[27.244168399999978,58.4995555],[27.2402255,58.49828979999999],[27.24324630000002,58.498293],[27.2423542,58.4965156],[27.2442876,58.4965554],[27.241060800000014,58.49535620000002],[27.245213699999987,58.494669899999984],[27.242312700000014,58.493409],[27.244527899999976,58.49320209999998],[27.242707199999973,58.4910848],[27.24548060000002,58.49096570000001],[27.24281939999997,58.4907406],[27.245538300000018,58.4903082],[27.242609899999962,58.489939],[27.246762700000026,58.4896387],[27.242781599999976,58.4884427],[27.2470401,58.489161699999975],[27.246048700000024,58.483202],[27.2431154,58.48277089999998],[27.24518439999999,58.4826388],[27.2461965,58.4767585],[27.246055600000016,58.47375179999998],[27.24343910000002,58.472625],[27.24601690000002,58.4735188],[27.247828200000026,58.46531920000001],[27.245267,58.458647],[27.247717,58.457781799999985],[27.238418400000022,58.4407864],[27.2403251,58.4383778],[27.251403699999976,58.43649109999997],[27.249068,58.43570079999998],[27.2493337,58.4307762],[27.240164500000017,58.42345470000002],[27.242895500000014,58.415689],[27.2526768,58.4096037],[27.252497,58.40691309999998],[27.25738760000002,58.4057285],[27.258883099999977,58.39889],[27.2664302,58.3940267],[27.27974250000001,58.38978479999999],[27.292906799999983,58.3904719],[27.29895019999998,58.3949771],[27.305177,58.3964396],[27.296906899999975,58.3973893],[27.29706969999998,58.3999401],[27.29308940000002,58.4029055],[27.296774299999978,58.4058862],[27.30365660000001,58.4062574],[27.3354932,58.3987368],[27.354201199999988,58.39665570000002],[27.354066,58.3955032],[27.354905400000035,58.3965869],[27.359935100000015,58.3941497],[27.36362749999999,58.39463209999999],[27.3644436,58.39298360000002],[27.3650784,58.3940589],[27.3684464,58.3931491],[27.366389899999984,58.3921163],[27.37021909999999,58.39237019999998],[27.381110299999985,58.3857077],[27.375824899999984,58.38856519999999],[27.3738399,58.38746519999999],[27.384177699999977,58.38486139999994],[27.410907600000016,58.37272579999998],[27.439409,58.3656318],[27.438341,58.36351759999997],[27.43120439999998,58.36118159999998],[27.4116899,58.35976209999998],[27.4050843,58.3538859],[27.4057372,58.3522764],[27.4149288,58.3494839],[27.419487100000016,58.3446239],[27.420172900000026,58.3416637],[27.416798,58.3381819],[27.419463899999972,58.338561],[27.4210755,58.335952299999974],[27.4191455,58.3269471],[27.4277596,58.319223099999974],[27.426116399999977,58.31557560000001],[27.4324,58.31195149999998],[27.429657099999975,58.3098285],[27.431271,58.3052704],[27.42623210000002,58.303166099999984],[27.41984809999999,58.3031675],[27.413143199999972,58.2999502],[27.41226510000001,58.29250230000001],[27.41560220000002,58.291420299999984],[27.41311190000002,58.289740800000025],[27.4172194,58.28679490000001],[27.427886699999988,58.282708],[27.430920699999977,58.27899679999998],[27.4350959,58.27852359999997],[27.439023899999974,58.27574590000001],[27.44031309999998,58.273052],[27.43494659999999,58.2726517],[27.43768780000001,58.269074899999985],[27.443028499999986,58.26717110000002],[27.4403128,58.2659993],[27.443604199999985,58.266698300000016],[27.441961399999986,58.26564230000001],[27.4470219,58.2626458],[27.4550939,58.261372200000025],[27.4547557,58.25797869999998],[27.456050299999973,58.25898789999997],[27.45873619999997,58.2580478],[27.457849,58.2566202],[27.4601,58.25651949999999],[27.458977699999988,58.25536109999997],[27.464673800000025,58.2515864],[27.4694775,58.24300020000002],[27.47578690000002,58.2374668],[27.477029599999973,58.23302330000001],[27.4692167,58.22936470000002],[27.465998499999973,58.22228190000002],[27.47410689999999,58.211686599999965],[27.474192400000025,58.2029992],[27.4804454,58.1910976]]]]}},{"type":"Feature","properties":{"shapeName":"Valga maakond","shapeISO":"EE-82","shapeID":"21999144B24079073744872","shapeGroup":"EST","shapeType":"ADM1"},"geometry":{"type":"MultiPolygon","coordinates":[[[[26.073639899999982,58.1196925],[26.074817,58.1157139],[26.070422799999974,58.11470139999999],[26.068441600000018,58.11645949999997],[26.071404699999984,58.1221648],[26.073639899999982,58.1196925]]],[[[26.0649106,58.1226152],[26.066611399999978,58.1216862],[26.0626845,58.1225944],[26.0649106,58.1226152]]],[[[26.0929768,58.119363899999975],[26.11314540000002,58.12242839999997],[26.1191689,58.113849],[26.12391750000002,58.12156289999999],[26.13164689999998,58.11928510000002],[26.147947700000017,58.1244927],[26.147828299999983,58.1216847],[26.152923300000012,58.117205],[26.156197099999986,58.11827769999998],[26.159872600000014,58.11713429999998],[26.1625006,58.1185792],[26.192112200000015,58.114583899999985],[26.20686220000001,58.1152734],[26.2162531,58.114172899999964],[26.223362600000012,58.115502399999976],[26.273433699999977,58.1130408],[26.2833195,58.1280971],[26.284799099999987,58.134617],[26.289947700000013,58.13599159999998],[26.2975932,58.134281699999974],[26.3090472,58.13637820000001],[26.324829799999982,58.135049],[26.3317653,58.1325738],[26.3716934,58.1725103],[26.374901699999974,58.169365],[26.387061600000017,58.165864],[26.39276089999999,58.1649285],[26.403168,58.1671986],[26.405139300000016,58.16838350000001],[26.402989899999977,58.17058929999999],[26.41455959999998,58.1778281],[26.4160251,58.1827651],[26.4202624,58.1843394],[26.4263014,58.182493199999975],[26.42627789999998,58.17861720000002],[26.42528780000002,58.18183459999998],[26.4223845,58.183589599999976],[26.418895599999974,58.18312379999997],[26.416242,58.1766199],[26.40518010000001,58.1687783],[26.408274200000026,58.16689819999996],[26.406099900000026,58.16284730000001],[26.4129213,58.1599759],[26.41696460000001,58.1500836],[26.413821299999977,58.144359299999984],[26.4165875,58.1428627],[26.427573299999988,58.146345],[26.4309021,58.14432439999999],[26.43429409999997,58.1455202],[26.43855819999997,58.140953599999975],[26.46573730000003,58.152432399999974],[26.4804796,58.1523575],[26.49394370000002,58.16326090000002],[26.5070855,58.16479669999999],[26.51714030000003,58.1637812],[26.51950279999998,58.165627299999976],[26.52537009999998,58.1637352],[26.538812299999975,58.16527809999999],[26.54906019999999,58.164451],[26.558737099999966,58.1604359],[26.5646462,58.1597842],[26.5704402,58.156074199999985],[26.5677868,58.15237909999998],[26.569142200000012,58.1461253],[26.57725430000002,58.14555759999998],[26.592982500000026,58.140958599999955],[26.5995543,58.1407661],[26.60698,58.13585779999998],[26.602559199999988,58.1343916],[26.602828800000026,58.12546059999998],[26.624963799999975,58.1250739],[26.62489840000001,58.1214154],[26.6091047,58.11872730000002],[26.60828670000001,58.1097026],[26.6117249,58.108509],[26.597638200000024,58.103445100000016],[26.59837319999998,58.10066849999997],[26.5917117,58.10007039999997],[26.59525269999998,58.085613299999984],[26.5784142,58.07802229999997],[26.576690500000023,58.071211],[26.5700463,58.0664626],[26.57561739999997,58.06577679999997],[26.574341,58.056331599999986],[26.5872039,58.0579935],[26.5874684,58.05338249999998],[26.5802297,58.04884019999998],[26.58069630000002,58.0420155],[26.587638500000015,58.0389573],[26.594153400000014,58.03843569999998],[26.59045639999998,58.03052589999997],[26.591832,58.0207067],[26.58944460000001,58.019209100000026],[26.585491200000025,58.02014670000002],[26.582303499999988,58.01766],[26.5834697,58.00990789999999],[26.572951399999983,58.0089299],[26.5683882,58.0036976],[26.568066299999973,58.00001320000001],[26.57255549999997,57.9980289],[26.57253450000002,57.9957585],[26.575412700000022,57.99551549999997],[26.5798926,57.99094349999997],[26.5903478,57.988277199999985],[26.581165500000022,57.9892267],[26.579469499999984,57.98792439999998],[26.578994799999982,57.98469379999998],[26.583051899999976,57.984121600000016],[26.5820683,57.97727289999999],[26.5858797,57.97455979999997],[26.5826756,57.975534],[26.57787120000002,57.9745497],[26.58187840000001,57.9702132],[26.578516300000015,57.9683444],[26.578776599999973,57.96293059999998],[26.567871700000026,57.96101310000002],[26.568068600000032,57.955825199999985],[26.561583300000024,57.9567482],[26.55445849999999,57.9511334],[26.54553,57.954575],[26.538486700000025,57.95457869999998],[26.5323255,57.9512497],[26.520621300000013,57.952177099999965],[26.5148743,57.94965539999998],[26.51001259999998,57.95294039999997],[26.49866479999998,57.9550141],[26.48797559999997,57.95087589999997],[26.48583879999999,57.947947],[26.4864758,57.938837099999986],[26.4815522,57.94088660000003],[26.474114799999974,57.9399249],[26.471863400000018,57.94209390000001],[26.46263389999999,57.9406478],[26.454548200000026,57.9421973],[26.4512668,57.939656],[26.4414661,57.9388261],[26.438024399999975,57.93563930000001],[26.4316145,57.9347445],[26.42322020000002,57.93533],[26.41783840000002,57.94076839999998],[26.41361729999997,57.941897599999976],[26.404678899999986,57.9373072],[26.40505149999998,57.934953800000024],[26.399731800000026,57.9326315],[26.40117169999997,57.9303112],[26.397045399999985,57.9280152],[26.4042509,57.923826],[26.413327400000032,57.922495699999985],[26.411744299999988,57.91474340000001],[26.4168641,57.9110083],[26.417783099999987,57.9076257],[26.4156674,57.9011298],[26.40540860000002,57.8983479],[26.39726319999998,57.89170510000002],[26.392244900000012,57.87931649999998],[26.3777462,57.8779526],[26.370877599999968,57.87576859999998],[26.3781625,57.87406089999999],[26.384569900000017,57.87025370000002],[26.389630099999984,57.87077179999998],[26.39642950000002,57.86796909999998],[26.4222345,57.866572399999974],[26.42793980000002,57.85744559999996],[26.439135,57.8530433],[26.4309507,57.8512673],[26.421397099999986,57.84573129999997],[26.4149147,57.844798799999985],[26.414506699999972,57.8408231],[26.42177219999998,57.8350093],[26.41880570000001,57.83232609999999],[26.419527399999975,57.82754059999997],[26.42895950000002,57.8217574],[26.430859900000026,57.8146622],[26.43043939999998,57.812900899999974],[26.415001600000025,57.8045151],[26.4211048,57.8038623],[26.421396300000016,57.795697899999965],[26.43689249999997,57.79486879999996],[26.4415586,57.787053499999956],[26.4398492,57.7817413],[26.4446136,57.781642599999984],[26.4470249,57.78421860000002],[26.4525526,57.783961900000016],[26.457911200000026,57.785904699999975],[26.462717800000025,57.7841422],[26.480087199999975,57.79142979999999],[26.485320700000017,57.7915315],[26.4975898,57.78539359999998],[26.4977581,57.774437199999966],[26.48339550000003,57.7717632],[26.49065140000003,57.7675733],[26.491996899999986,57.76267239999998],[26.489337199999973,57.7592307],[26.4966608,57.7551775],[26.478833,57.747251699999964],[26.468569300000024,57.7488831],[26.459751799999978,57.7440826],[26.454369,57.7457568],[26.451180299999987,57.73788039999999],[26.452311900000012,57.73597140000001],[26.4620318,57.73508789999999],[26.4598708,57.731955700000015],[26.47298130000003,57.7213649],[26.4695188,57.715391799999985],[26.47289710000001,57.711233],[26.4847215,57.7190599],[26.48843960000002,57.71886119999998],[26.492165499999974,57.7170935],[26.488023500000022,57.7140636],[26.491406799999986,57.70932730000001],[26.4886316,57.708008499999984],[26.4922554,57.7067068],[26.49356520000001,57.7087669],[26.498704700000022,57.70896479999998],[26.5045723,57.6998545],[26.503012100000014,57.69612209999998],[26.50675680000003,57.696297],[26.498983200000012,57.6886696],[26.4648029,57.671740499999984],[26.443421200000014,57.651594299999985],[26.4835124,57.63515759999997],[26.499690699999977,57.6267654],[26.469313,57.5994998],[26.4689461,57.59636589999999],[26.463121500000028,57.599133],[26.458846,57.59691789999998],[26.455687200000032,57.59940579999998],[26.451662099999986,57.59532609999998],[26.475328699999974,57.59231209999997],[26.48600579999997,57.593227],[26.48891879999998,57.59194229999998],[26.479748600000015,57.5813014],[26.468118,57.57549090000001],[26.401571,57.572234399999985],[26.345001800000013,57.58405759999998],[26.33508779999999,57.579609099999985],[26.3311044,57.5809367],[26.3280054,57.57952149999997],[26.325628799999976,57.5831839],[26.3122967,57.5843609],[26.31120119999999,57.5856814],[26.3167087,57.5876297],[26.31417589999997,57.58827239999997],[26.31164170000001,57.586757800000015],[26.309531700000022,57.58992929999997],[26.311052200000024,57.5927718],[26.30130460000003,57.593719],[26.287953499999983,57.5915976],[26.283724,57.5929416],[26.28387910000002,57.5957321],[26.278032200000016,57.59530449999998],[26.271523199999976,57.599327399999964],[26.2743906,57.601119699999984],[26.26695090000003,57.6089895],[26.260934899999988,57.6130115],[26.2549396,57.61412190000002],[26.25636360000002,57.61810970000002],[26.251957500000028,57.618248],[26.2562109,57.62114419999998],[26.24763219999998,57.6205816],[26.24988939999998,57.6229041],[26.248287,57.6254713],[26.25391660000001,57.625864],[26.24070110000002,57.6333575],[26.2418791,57.6350583],[26.247631,57.6353942],[26.241853200000012,57.64464159999998],[26.2396487,57.64649],[26.2320473,57.647193],[26.233359,57.6490671],[26.243044600000022,57.65117239999997],[26.238275299999977,57.6554975],[26.2396311,57.658143399999965],[26.228291700000014,57.6588947],[26.212111400000023,57.6658165],[26.214601500000015,57.66898470000001],[26.21080590000002,57.6761317],[26.212311300000025,57.67937079999997],[26.201996700000027,57.680981399999986],[26.19606159999997,57.68522009999999],[26.1862562,57.685112],[26.1793106,57.6876672],[26.182250499999977,57.691600899999955],[26.188519199999977,57.69452],[26.198644599999987,57.70909529999999],[26.20574010000002,57.714995299999984],[26.1966017,57.7205205],[26.1862722,57.723288099999984],[26.1732484,57.729295399999984],[26.1429097,57.7332092],[26.137268699999982,57.73963639999999],[26.1415675,57.7450857],[26.13616329999999,57.7509593],[26.109205800000016,57.7569079],[26.0786956,57.76680029999998],[26.07802020000002,57.7646992],[26.074671800000033,57.76455449999999],[26.07055820000002,57.766968099999964],[26.05912980000001,57.760901],[26.0505286,57.7619609],[26.0445757,57.767651],[26.0336918,57.771682],[26.0241047,57.7686212],[26.020424833834504,57.771863352785665],[26.027085199999973,57.7746493],[26.02743439999998,57.78146089999997],[26.0246674,57.7832638],[26.0288969,57.788985],[26.0329375,57.7897784],[26.038507500000012,57.80990739999997],[26.05047,57.82258],[26.0547643,57.833265],[26.058693499999972,57.8370692],[26.056458499999973,57.84843189999997],[26.036190300000015,57.850285],[26.02065909999999,57.846192],[26.010926899999976,57.85819309999999],[25.998587400000016,57.85903079999998],[25.961959899999982,57.84587839999999],[25.9315048,57.853425],[25.895790500000025,57.850718],[25.888124700000024,57.8470461],[25.883608899999974,57.849550199999975],[25.886944700000022,57.8525301],[25.886074,57.856449599999955],[25.876774299999983,57.858986],[25.876115100000025,57.865146899999985],[25.8591284,57.857276300000024],[25.8202713,57.86486219999996],[25.785128099999977,57.8992305],[25.78828830000002,57.9045817],[25.7727275,57.9126236],[25.75207080000002,57.917743399999985],[25.73746319999998,57.9241563],[25.703258,57.90332],[25.6789691,57.90439279999998],[25.677792200000017,57.91237260000001],[25.661283899999987,57.9153979],[25.65569010000003,57.91456509999998],[25.64878710000002,57.9166095],[25.64717559999998,57.9225598],[25.638646300000023,57.9307287],[25.5804613,57.944205699999976],[25.5920461,57.95594120000002],[25.601239099999987,57.96169969999997],[25.619496700000017,57.986899],[25.62323,57.9879391],[25.623166100000017,57.99446380000001],[25.632811800000017,57.9985431],[25.6308542,58.0037202],[25.611474,58.02310639999999],[25.609384100000014,58.028374],[25.617608799999978,58.033450599999966],[25.632276400000016,58.03107710000001],[25.635514,58.0329943],[25.645347600000026,58.033000600000044],[25.64794979999999,58.034245],[25.6523998,58.0342404],[25.656158400000027,58.03190810000001],[25.678949899999985,58.03370929999998],[25.683353,58.03330589999999],[25.688272699999985,58.030506699999975],[25.691084400000015,58.023457599999986],[25.7116804,58.03443429999997],[25.715654499999975,58.0391475],[25.71994380000003,58.039339],[25.722688699999985,58.04126529999997],[25.724101200000028,58.04392159999998],[25.737317600000026,58.05165179999999],[25.739670899999986,58.05780169999997],[25.747810299999976,58.059308299999984],[25.749722900000027,58.062268199999984],[25.7541792,58.063907],[25.743810500000027,58.0691252],[25.7434703,58.070940399999984],[25.749102100000027,58.07062479999998],[25.757804499999985,58.07289749999997],[25.773934500000014,58.07218489999999],[25.7764265,58.0699529],[25.78727579999999,58.073153699999985],[25.7884173,58.0763217],[25.7928795,58.07862059999997],[25.80080729999999,58.07586509999996],[25.803647,58.083941],[25.8167858,58.08600369999998],[25.82104239999998,58.08296809999998],[25.8226494,58.085409499999976],[25.820372900000017,58.08929089999997],[25.828542,58.090019],[25.831131399999983,58.0887939],[25.8355182,58.09117569999997],[25.835125299999984,58.09302179999997],[25.84322010000002,58.09375739999999],[25.837633,58.100146],[25.8579981,58.1005759],[25.858122499999983,58.10246939999998],[25.852732,58.1056627],[25.853529599999973,58.112814600000014],[25.850099800000013,58.1187381],[25.84609120000003,58.118526],[25.845104500000016,58.11343709999997],[25.8356077,58.105452600000014],[25.8333576,58.11799879999999],[25.830189,58.11980019999998],[25.838332399999974,58.122438299999985],[25.852284400000013,58.12393880000002],[25.850106099999984,58.12834250000002],[25.863366699999983,58.1296795],[25.861154,58.13828189999999],[25.854189099999974,58.139741100000016],[25.85399579999998,58.1426026],[25.848907600000025,58.14524560000001],[25.84988270000002,58.14744790000001],[25.87107579999998,58.1471697],[25.886541399999974,58.14472410000001],[25.9074782,58.1335991],[25.905595099999967,58.13192369999998],[25.90854949999999,58.126245199999964],[25.92049639999998,58.119684299999975],[25.921250800000013,58.1061152],[25.926494100000014,58.098665099999984],[25.942533399999984,58.10012529999997],[25.94358070000002,58.09843369999998],[25.95304020000002,58.09817679999998],[25.9727647,58.0999419],[25.973848700000016,58.1018651],[25.978314699999974,58.1025402],[25.9800325,58.10967440000001],[26.002417499999968,58.111606],[26.02056240000001,58.1159846],[26.01873329999998,58.12022689999998],[26.0244526,58.12311490000001],[26.0593266,58.1228654],[26.056634400000025,58.1144789],[26.062746499999967,58.11354669999996],[26.0667132,58.1111046],[26.064225699999987,58.110192900000015],[26.058971,58.1124336],[26.055687,58.112052300000016],[26.05786359999998,58.10334149999998],[26.060270799999977,58.1036055],[26.05914229999998,58.10638919999999],[26.0631297,58.10821680000002],[26.067303899999974,58.104188],[26.066426399999976,58.100658700000025],[26.0568319,58.096421],[26.057811400000038,58.0949177],[26.0652023,58.097751100000025],[26.067578899999976,58.09633910000002],[26.064878599999982,58.09508590000002],[26.068162,58.0944268],[26.07594730000003,58.098890499999975],[26.078338399999986,58.10087639999998],[26.07809639999997,58.107096],[26.083314300000023,58.1112702],[26.082184900000026,58.1183027],[26.087920699999973,58.1192363],[26.09895640000003,58.117253799999986],[26.0929768,58.119363899999975]]]]}},{"type":"Feature","properties":{"shapeName":"Viljandi maakond","shapeISO":"EE-84","shapeID":"21999144B19644163170936","shapeGroup":"EST","shapeType":"ADM1"},"geometry":{"type":"Polygon","coordinates":[[[25.0462886,58.0401562],[25.0395656,58.043162],[25.03951389999998,58.0492527],[25.0329577,58.048487499999986],[25.029574,58.056414],[25.0312359,58.0652816],[25.029032599999983,58.0698636],[25.01459870000003,58.073563199999974],[25.015885399999974,58.08010969999998],[25.024659600000017,58.09163989999998],[25.064621100000025,58.10309559999998],[25.053992800000024,58.11085890000001],[25.058444,58.11643509999998],[25.05769570000001,58.1207289],[25.0602985,58.11976049999998],[25.098686800000014,58.1211962],[25.098711899999973,58.1177436],[25.1094924,58.1141051],[25.112843,58.1198511],[25.124574100000018,58.119643399999966],[25.12366980000002,58.1145048],[25.128076800000017,58.1146217],[25.134460900000025,58.130024],[25.12538879999997,58.1347983],[25.1232774,58.131832699999975],[25.11791560000003,58.13207039999999],[25.119381599999976,58.135218399999985],[25.11300420000001,58.1356635],[25.113206400000013,58.1382324],[25.104391500000013,58.142679799999975],[25.106714600000025,58.151379],[25.118716099999986,58.149881100000016],[25.125672499999983,58.1579075],[25.12043059999998,58.157256900000014],[25.1155184,58.1626994],[25.11906240000003,58.16807050000001],[25.116228200000013,58.17014790000001],[25.1245932,58.1744093],[25.133853400000017,58.1671902],[25.139632,58.157014500000024],[25.13365939999997,58.1484615],[25.138582800000027,58.14754350000001],[25.139743,58.149532],[25.145149200000024,58.1484148],[25.1441456,58.1525956],[25.1513225,58.153798299999984],[25.151179300000027,58.1584812],[25.1532804,58.159538],[25.151285100000027,58.161304],[25.146063499999986,58.1600092],[25.14207730000001,58.16483959999998],[25.143289699999983,58.1660726],[25.141241,58.1662917],[25.141951100000018,58.16930229999998],[25.1483408,58.1748416],[25.1622403,58.17553109999998],[25.16625159999999,58.1850089],[25.1520434,58.1845471],[25.1515923,58.1888523],[25.1571539,58.1910266],[25.15811030000002,58.194196799999986],[25.171519,58.19691689999998],[25.199412,58.1939414],[25.210948299999988,58.196881599999976],[25.2096833,58.201544],[25.2215981,58.2061498],[25.231240700000026,58.2033582],[25.2336498,58.20090630000003],[25.230841499999983,58.20094549999999],[25.2325987,58.19578460000001],[25.235015399999977,58.1957462],[25.2343663,58.1938428],[25.240416899999985,58.19237189999997],[25.241634100000017,58.194659199999975],[25.23787240000002,58.1986463],[25.2411501,58.2008466],[25.252099300000033,58.2002339],[25.255033799999985,58.2042356],[25.250036600000012,58.2156442],[25.250292299999973,58.2203337],[25.2557743,58.2233651],[25.253310300000013,58.23118169999998],[25.2458417,58.23569149999997],[25.24699819999998,58.2389187],[25.24212519999998,58.24003639999998],[25.239414399999976,58.2431037],[25.24269110000003,58.24772069999999],[25.25458359999999,58.25032369999999],[25.258352,58.25180839999998],[25.257032699999986,58.252762200000014],[25.2706727,58.2542497],[25.2658386,58.2565704],[25.264058699999985,58.273192299999984],[25.260598399999978,58.27551389999997],[25.26282380000003,58.277551799999955],[25.211353300000017,58.2823679],[25.166907800000015,58.2957336],[25.15048309999998,58.3146432],[25.139813099999987,58.31901040000002],[25.13466739999998,58.3199093],[25.11415350000002,58.3177124],[25.100448400000023,58.311704],[25.098371,58.3121009],[25.100299499999977,58.317436],[25.096030099999986,58.31801669999997],[25.098228100000014,58.32148579999998],[25.0965183,58.3238219],[25.0946959,58.3240827],[25.093785800000028,58.3212401],[25.0864931,58.3203484],[25.060804399999984,58.3243321],[25.0403231,58.3295835],[24.9801675,58.322910399999984],[24.9719399,58.3431401],[24.9875335,58.39837249999996],[24.985430299999976,58.421437],[24.982446600000014,58.4235331],[24.983969799999972,58.4260389],[24.996398300000013,58.42163289999996],[25.013561400000015,58.43352369999999],[25.0177722,58.4344993],[25.010612799999972,58.43938460000001],[25.016541300000018,58.44456579999997],[25.014292499999975,58.44561349999997],[25.01617050000003,58.446546799999965],[25.013016,58.44715429999997],[25.01501789999999,58.44864980000001],[25.011886,58.4487638],[25.01093280000001,58.447367],[25.0123091,58.4513538],[25.0093354,58.4501824],[25.007924,58.45108669999997],[25.008036200000024,58.452725],[25.01328609999997,58.45446539999996],[25.01085829999997,58.4844121],[25.028797300000015,58.4894024],[25.03160989999999,58.50167],[25.03446650000002,58.5038985],[25.0622042,58.50793229999996],[25.07139309999998,58.506062],[25.07984619999998,58.5173154],[25.092275800000028,58.5184825],[25.097974,58.5171966],[25.09782909999998,58.51558590000001],[25.118100799999983,58.520847],[25.119605600000025,58.52277630000001],[25.122781899999982,58.520387],[25.129688900000023,58.52536289999998],[25.131410199999973,58.52437879999999],[25.1365352,58.531563599999984],[25.1435287,58.53487949999998],[25.144881,58.5338182],[25.1566677,58.53688239999999],[25.156213,58.529641499999975],[25.15986210000002,58.52982839999997],[25.1680673,58.5360241],[25.1755048,58.5359339],[25.176907500000024,58.5409784],[25.169412699999977,58.5409147],[25.175541300000027,58.54474059999996],[25.174805100000025,58.5537371],[25.180289,58.5542084],[25.190388299999984,58.55962],[25.182463,58.56260169999999],[25.18594160000001,58.5656266],[25.193396700000015,58.5687112],[25.2427929,58.5705565],[25.246336500000016,58.572562099999985],[25.246414699999985,58.5748047],[25.230841299999977,58.5782468],[25.2340206,58.58392609999998],[25.231187,58.5888964],[25.226746199999972,58.59132119999998],[25.228707400000015,58.59448149999998],[25.225060799999977,58.610026],[25.219695899999984,58.6101365],[25.217629300000024,58.6059116],[25.2122645,58.607154199999954],[25.21818990000002,58.617436],[25.21401089999998,58.618914099999984],[25.222791199999985,58.62332210000001],[25.247079699999983,58.6281761],[25.2570022,58.6204865],[25.26683810000002,58.621625],[25.2877843,58.618053699999976],[25.3017138,58.617590600000014],[25.31119079999997,58.6113788],[25.3471478,58.6166353],[25.3541523,58.6064657],[25.375216,58.606111200000015],[25.3981968,58.613337599999966],[25.43475349999998,58.6111513],[25.450780900000012,58.6068098],[25.46008779999998,58.607139899999986],[25.469642700000012,58.60957249999998],[25.47164480000001,58.612274],[25.466935399999986,58.6181674],[25.491446100000026,58.61807980000001],[25.497073400000026,58.62579389999998],[25.512792399999988,58.6312059],[25.514541800000014,58.633495],[25.523187,58.6329782],[25.525696699999983,58.6273303],[25.5278334,58.62862029999996],[25.53050730000001,58.627988],[25.526270400000026,58.624934899999964],[25.53138980000002,58.6216533],[25.535637799999982,58.62482489999998],[25.545500400000027,58.62637589999998],[25.5397995,58.63113509999997],[25.5409053,58.634625],[25.554473800000018,58.63912589999997],[25.5862042,58.6349468],[25.597948600000013,58.6403188],[25.6063156,58.64167709999999],[25.609460800000015,58.64713730000001],[25.627400200000015,58.65027819999999],[25.633106300000016,58.6485041],[25.639625899999977,58.6490662],[25.65275319999998,58.6536131],[25.6543499,58.6641487],[25.661120300000015,58.6701007],[25.66912160000001,58.6716604],[25.674891199999983,58.66855919999998],[25.6821445,58.66791319999997],[25.694554,58.66880719999999],[25.705386700000012,58.6717618],[25.7166842,58.6715315],[25.7249005,58.67680840000001],[25.735616900000018,58.679671399999975],[25.743255799999986,58.6778024],[25.755571900000017,58.6826963],[25.7645788,58.6820351],[25.770322,58.6831038],[25.771035,58.68899960000001],[25.77826930000003,58.689776899999984],[25.78651119999999,58.686914499999986],[25.784719,58.6678802],[25.78122169999998,58.659953799999975],[25.768699799999986,58.6521051],[25.784033,58.65282749999999],[25.792484,58.6504938],[25.798386700000023,58.6299697],[25.78814880000003,58.621668],[25.777983300000027,58.6208636],[25.770735099999985,58.6219907],[25.770860599999985,58.61807670000002],[25.767332100000026,58.6153977],[25.7642589,58.61562849999996],[25.76342110000003,58.61348810000002],[25.757723199999987,58.612590800000014],[25.7532058,58.6137446],[25.7502504,58.6125086],[25.759378599999987,58.604878700000015],[25.808289699999985,58.598901900000016],[25.831867700000025,58.5987076],[25.845341700000027,58.6026175],[25.870115599999988,58.60556819999997],[25.883774300000013,58.60537019999999],[25.8933935,58.6035327],[25.895477399999983,58.6005676],[25.900442899999987,58.6013802],[25.927364,58.592091199999984],[25.9394378,58.58959039999998],[25.95722330000001,58.588558],[25.955577,58.58579269999998],[25.966359599999976,58.57634],[25.9618142,58.5762846],[25.95872820000002,58.57438589999996],[25.96135130000003,58.5734497],[25.955916299999984,58.5687798],[25.9588634,58.5664753],[25.96122479999999,58.5672331],[25.963662299999967,58.56533759999998],[25.96775069999999,58.56518269999997],[25.970287,58.559031],[25.967123299999972,58.5557809],[25.969697,58.55516449999997],[25.97569850000002,58.55743],[25.9952025,58.54906039999999],[25.9962485,58.54705509999999],[25.999420399999977,58.54707410000002],[26.021737300000026,58.5563234],[26.0238927,58.5224213],[26.0808186,58.496756899999966],[26.0920588,58.502096699999974],[26.14441449999997,58.470868],[26.147007900000016,58.472161],[26.147592,58.4702498],[26.151884499999976,58.4702788],[26.150661399999986,58.467777799999986],[26.154614799999976,58.4674631],[26.15314110000001,58.465964],[26.157030899999977,58.46559070000003],[26.155188899999967,58.4625755],[26.1612294,58.4605497],[26.158445599999986,58.4575802],[26.162341600000012,58.45594],[26.162025,58.45337629999999],[26.16607690000003,58.45017810000002],[26.1610863,58.446183],[26.17490210000003,58.43576909999996],[26.173613299999978,58.4330376],[26.18036140000001,58.42505779999997],[26.18126130000002,58.419183199999985],[26.1908423,58.4129087],[26.18583590000003,58.4106246],[26.1878688,58.40691750000002],[26.17130460000003,58.409509],[26.1629267,58.40386779999996],[26.15611239999998,58.4035547],[26.1584762,58.400901200000014],[26.1463185,58.3957122],[26.147334799999985,58.39204069999999],[26.144016899999986,58.385910299999985],[26.1409266,58.384581],[26.1351264,58.3858913],[26.13353640000002,58.3842704],[26.1086308,58.3961597],[26.07985,58.4018722],[26.0804989,58.4030994],[26.07984019999997,58.4046163],[26.08024190000002,58.40305109999998],[26.078559199999976,58.40295019999997],[26.07895189999998,58.4040448],[26.0753559,58.402935100000015],[26.069551899999983,58.4055812],[26.059508100000016,58.407138400000015],[26.05256329999998,58.407534099999985],[26.051565400000026,58.406231],[26.05215819999998,58.407836599999975],[26.047968400000016,58.4084911],[26.0464301,58.4069024],[26.047317,58.4088004],[26.041996099999988,58.40652890000002],[26.03963960000003,58.4087685],[26.03910919999998,58.406773],[26.037282,58.40725819999999],[26.030893200000023,58.4038351],[26.028403,58.40480659999997],[26.02798630000003,58.40322109999997],[26.022541,58.406104100000015],[26.01693010000001,58.405997699999986],[26.0149862,58.4042054],[26.013096,58.40619659999999],[26.01477410000001,58.40391719999998],[26.0123557,58.4062667],[25.9998073,58.4007668],[25.996095599999986,58.40361580000002],[25.9866729,58.4032934],[25.98036930000002,58.40080339999998],[25.9829483,58.4005253],[25.980664199999968,58.3997501],[25.98157139999999,58.3954908],[25.9742827,58.3965535],[25.965785800000017,58.391011],[25.966457900000023,58.38542649999999],[25.970213099999977,58.3820573],[25.9641969,58.38084419999998],[25.96983729999998,58.381769],[25.9713186,58.3792384],[25.967711799999982,58.377898],[25.967262299999973,58.3752169],[25.9653508,58.37551339999999],[25.968178499999976,58.369883500000014],[25.96506529999998,58.36728589999998],[25.966832699999976,58.366628300000016],[25.96509790000002,58.3659468],[25.967839099999985,58.3663907],[25.965201599999972,58.365795500000026],[25.966785100000028,58.3611239],[25.9635303,58.3576031],[25.965820600000022,58.35141549999998],[25.9607581,58.3447437],[25.943392,58.3407722],[25.93815030000003,58.335836299999976],[25.934118599999977,58.33588639999998],[25.9263595,58.33272159999998],[25.923636799999986,58.3277138],[25.915125599999975,58.325060899999976],[25.913630800000014,58.32140959999997],[25.908972800000022,58.321576],[25.913400799999977,58.32116319999999],[25.9139414,58.3134357],[25.916533,58.3107164],[25.916445100000022,58.308576500000015],[25.91389449999998,58.3082402],[25.913797199999973,58.299573099999975],[25.921000700000025,58.29155810000001],[25.93514890000002,58.2791764],[25.94591819999998,58.2726619],[25.951646800000017,58.2647274],[25.957163,58.26124259999999],[25.9565393,58.2592182],[25.96538120000001,58.2538677],[25.964470900000023,58.25271409999997],[25.966882700000017,58.2535972],[25.969200800000017,58.2505926],[25.9866065,58.243642],[25.9903375,58.2403547],[25.9902782,58.23903389999999],[25.985046199999978,58.2388978],[25.98190969999997,58.237258],[25.9796739,58.22935239999999],[25.9818984,58.22927220000001],[25.9797671,58.22906719999999],[25.981964500000014,58.22906639999998],[25.981973,58.2254141],[25.985067100000023,58.2230657],[25.9834077,58.2221627],[25.985527400000016,58.222935700000015],[25.98999620000002,58.2158916],[25.99903179999998,58.212532],[25.994263,58.2040854],[26.0005708,58.1946991],[26.006564299999987,58.1901359],[26.00996950000003,58.1900375],[26.00979550000002,58.191923400000015],[26.01556960000002,58.1899104],[26.02005330000002,58.19285710000001],[26.019872600000028,58.190200200000014],[26.0227862,58.188494],[26.0254762,58.1912958],[26.030894300000032,58.1890003],[26.039169899999976,58.182175],[26.038391,58.1799988],[26.043444,58.1775471],[26.0367798,58.17297810000002],[26.038004,58.1678315],[26.03488980000003,58.1641193],[26.03451969999998,58.1572137],[26.042886,58.1505268],[26.046704699999985,58.15061369999996],[26.047921,58.1520326],[26.053391900000012,58.151242400000015],[26.052633900000018,58.1442992],[26.046782799999978,58.1403027],[26.0441472,58.14153949999998],[26.05248570000003,58.131104],[26.0603593,58.1268109],[26.0593266,58.1228654],[26.0244526,58.12311490000001],[26.01873329999998,58.12022689999998],[26.02056240000001,58.1159846],[26.002417499999968,58.111606],[25.9800325,58.10967440000001],[25.978314699999974,58.1025402],[25.973848700000016,58.1018651],[25.9727647,58.0999419],[25.95304020000002,58.09817679999998],[25.94358070000002,58.09843369999998],[25.942533399999984,58.10012529999997],[25.926494100000014,58.098665099999984],[25.921250800000013,58.1061152],[25.92049639999998,58.119684299999975],[25.90854949999999,58.126245199999964],[25.905595099999967,58.13192369999998],[25.9074782,58.1335991],[25.886541399999974,58.14472410000001],[25.87107579999998,58.1471697],[25.84988270000002,58.14744790000001],[25.848907600000025,58.14524560000001],[25.85399579999998,58.1426026],[25.854189099999974,58.139741100000016],[25.861154,58.13828189999999],[25.863366699999983,58.1296795],[25.850106099999984,58.12834250000002],[25.852284400000013,58.12393880000002],[25.838332399999974,58.122438299999985],[25.830189,58.11980019999998],[25.8333576,58.11799879999999],[25.8356077,58.105452600000014],[25.845104500000016,58.11343709999997],[25.84609120000003,58.118526],[25.850099800000013,58.1187381],[25.853529599999973,58.112814600000014],[25.852732,58.1056627],[25.858122499999983,58.10246939999998],[25.8579981,58.1005759],[25.837633,58.100146],[25.84322010000002,58.09375739999999],[25.835125299999984,58.09302179999997],[25.8355182,58.09117569999997],[25.831131399999983,58.0887939],[25.828542,58.090019],[25.820372900000017,58.08929089999997],[25.8226494,58.085409499999976],[25.82104239999998,58.08296809999998],[25.8167858,58.08600369999998],[25.803647,58.083941],[25.80080729999999,58.07586509999996],[25.7928795,58.07862059999997],[25.7884173,58.0763217],[25.78727579999999,58.073153699999985],[25.7764265,58.0699529],[25.773934500000014,58.07218489999999],[25.757804499999985,58.07289749999997],[25.749102100000027,58.07062479999998],[25.7434703,58.070940399999984],[25.743810500000027,58.0691252],[25.7541792,58.063907],[25.749722900000027,58.062268199999984],[25.747810299999976,58.059308299999984],[25.739670899999986,58.05780169999997],[25.737317600000026,58.05165179999999],[25.724101200000028,58.04392159999998],[25.722688699999985,58.04126529999997],[25.71994380000003,58.039339],[25.715654499999975,58.0391475],[25.7116804,58.03443429999997],[25.691084400000015,58.023457599999986],[25.688272699999985,58.030506699999975],[25.683353,58.03330589999999],[25.678949899999985,58.03370929999998],[25.656158400000027,58.03190810000001],[25.6523998,58.0342404],[25.64794979999999,58.034245],[25.645347600000026,58.033000600000044],[25.635514,58.0329943],[25.632276400000016,58.03107710000001],[25.617608799999978,58.033450599999966],[25.609384100000014,58.028374],[25.611474,58.02310639999999],[25.6308542,58.0037202],[25.632811800000017,57.9985431],[25.623166100000017,57.99446380000001],[25.62323,57.9879391],[25.619496700000017,57.986899],[25.601239099999987,57.96169969999997],[25.5920461,57.95594120000002],[25.589295800000016,57.9651201],[25.580501899999977,57.97195349999997],[25.574695600000013,57.9740247],[25.565393299999982,57.967464],[25.565858399999975,57.9626545],[25.556963099999983,57.96043729999996],[25.5513818,57.9723687],[25.5252709,57.97185929999997],[25.522799100000018,57.9679177],[25.517076699999972,57.967529],[25.512012300000023,57.96979409999998],[25.5226906,57.9744875],[25.519583300000026,57.98018879999998],[25.485853099999975,57.9748151],[25.4787166,57.9801102],[25.4786349,57.9825443],[25.458485099999972,57.99155209999997],[25.451331799999974,57.99227969999998],[25.4430435,57.995948699999985],[25.44799490000003,58.000757],[25.4583,58.0020561],[25.466870700000015,58.00517479999996],[25.4485977,58.017057499999986],[25.4083151,58.029138199999984],[25.3721636,58.02876969999998],[25.36386169999998,58.03139870000002],[25.353375200000027,58.04358479999997],[25.3449854,58.046912],[25.336009200000028,58.0572554],[25.32952429999997,58.05874509999998],[25.326135900000025,58.0639099],[25.31998560000002,58.0660543],[25.3187367,58.06950079999998],[25.295673,58.0814501],[25.286829699999977,58.08162450000001],[25.281177899999975,58.0700187],[25.26607650000001,58.067234],[25.264866399999978,58.06008629999999],[25.279590300000027,58.0506633],[25.293328,58.04642339999998],[25.30373960000002,58.0342715],[25.300604900000017,58.01537539999999],[25.2971378,58.0146496],[25.302370599999975,57.99996870000002],[25.295761200000022,57.99984379999999],[25.29656590000002,57.9970803],[25.302583299999988,57.9940084],[25.292216099999976,57.992993],[25.28283430000001,57.98963880000002],[25.27696159999999,57.9928863],[25.267418499999984,57.99459639999998],[25.25626309999997,57.9938462],[25.256006200000026,58.0029588],[25.254221599999976,58.0040742],[25.245867,58.0029571],[25.230457699999985,58.0154182],[25.2283793,58.018065],[25.24601719999998,58.018611700000015],[25.244570700000022,58.0211831],[25.24084680000002,58.02080959999997],[25.24034510000001,58.02230260000001],[25.236065799999977,58.0225296],[25.236461499999976,58.02437169999997],[25.22702439999998,58.0244514],[25.225514899999972,58.0217735],[25.22035660000003,58.0284371],[25.217300399999978,58.04120910000001],[25.2284249,58.0506572],[25.2219162,58.05316550000001],[25.217541,58.0493246],[25.21624,58.05962229999999],[25.211273800000026,58.062381],[25.205491,58.061291200000014],[25.2037274,58.0650432],[25.2121846,58.080787299999976],[25.199428799999975,58.08556879999996],[25.189412599999976,58.0799455],[25.1912275,58.07601559999998],[25.153877,58.0747487],[25.151738899999984,58.077034099999985],[25.13444369999997,58.0797564],[25.10584490000002,58.07782609999999],[25.105030800000026,58.0662028],[25.07695250000001,58.06639],[25.0462886,58.0401562]]]}},{"type":"Feature","properties":{"shapeName":"Põlva maakond","shapeISO":"EE-65","shapeID":"21999144B96472367616426","shapeGroup":"EST","shapeType":"ADM1"},"geometry":{"type":"MultiPolygon","coordinates":[[[[27.613751100000016,57.973523599999965],[27.616116100000028,57.9695831],[27.612218400000028,57.972958],[27.613751100000016,57.973523599999965]]],[[[27.576007,58.1083664],[27.57901419999998,58.10815419999997],[27.578814800000025,58.1068553],[27.572306699999984,58.103328199999986],[27.573837799999975,58.10801389999998],[27.576007,58.1083664]]],[[[26.62489840000001,58.1214154],[26.6330282,58.1241273],[26.657310900000013,58.1262646],[26.658483499999974,58.1303207],[26.6617601,58.131649899999985],[26.65423609999998,58.13457229999999],[26.65488790000002,58.1365186],[26.672267799999975,58.14502289999999],[26.673195500000027,58.146996],[26.6619531,58.1465069],[26.65844019999998,58.1476335],[26.65741639999997,58.150260399999986],[26.657935800000025,58.1525337],[26.6606142,58.15287469999997],[26.658835500000027,58.15567649999997],[26.674673599999984,58.1548438],[26.660466200000016,58.1588859],[26.6584275,58.1661026],[26.654344399999985,58.16907309999998],[26.656008,58.17087789999998],[26.65365169999998,58.1772594],[26.658764,58.182886899999986],[26.660640399999977,58.1813292],[26.66589419999998,58.181070300000016],[26.6699402,58.1781998],[26.6749934,58.1787967],[26.6815017,58.1773016],[26.6819819,58.17886629999998],[26.6864692,58.17719389999997],[26.69891649999999,58.17825809999999],[26.7017198,58.181401500000014],[26.709000800000027,58.180737399999984],[26.717766899999976,58.18795029999998],[26.73319380000003,58.191242],[26.73407410000001,58.18892969999999],[26.741868600000018,58.1890679],[26.74754939999998,58.1769194],[26.738051500000015,58.16578329999998],[26.7451527,58.166990599999984],[26.7437091,58.16888229999998],[26.747353,58.169379],[26.7492233,58.1722267],[26.755940500000023,58.172601499999985],[26.7578428,58.1703888],[26.765433900000023,58.16923309999997],[26.765154,58.174626],[26.7723572,58.17494469999996],[26.779766400000028,58.1791031],[26.78461759999998,58.17889119999998],[26.794653800000024,58.1833762],[26.79787449999999,58.18265829999998],[26.8142947,58.18459009999997],[26.8172052,58.18163879999999],[26.82460530000003,58.17970440000001],[26.82763560000002,58.1812298],[26.825180300000028,58.183206],[26.83385830000002,58.1852763],[26.83477240000003,58.188392599999986],[26.841575099999975,58.19142779999997],[26.845213900000015,58.1957383],[26.8533506,58.19666680000001],[26.854134499999983,58.195627399999985],[26.86030909999998,58.19806740000001],[26.86026930000003,58.19952739999999],[26.866199299999977,58.2001507],[26.86559390000002,58.2121939],[26.875873599999984,58.231594499999986],[26.8777174,58.23405],[26.8827498,58.233344],[26.8860661,58.2345196],[26.884258199999987,58.23655659999997],[26.8888154,58.2409033],[26.9033588,58.2463371],[26.90214440000001,58.24841590000001],[26.907281400000013,58.24916709999997],[26.91779579999998,58.2409271],[26.9119525,58.237650599999974],[26.917333800000012,58.23303969999997],[26.91477430000002,58.23175229999999],[26.919473700000022,58.22685369999997],[26.92824830000002,58.2277777],[26.93426439999997,58.2376893],[26.93920769999997,58.238357499999985],[26.951575,58.23555109999998],[26.959357,58.2424028],[26.964813,58.239449499999985],[26.978347,58.241101],[26.980689100000028,58.2390381],[26.976724699999984,58.2313829],[26.98116169999998,58.2292574],[26.98325,58.2252667],[27.00093680000002,58.227628799999955],[27.01799469999999,58.2365007],[27.024952899999988,58.2289544],[27.04258030000002,58.2382038],[27.03768889999998,58.2467981],[27.04628239999997,58.25386630000001],[27.04156150000002,58.260194200000015],[27.04724459999998,58.26178509999997],[27.0458644,58.26306020000001],[27.0586446,58.2642604],[27.06488379999998,58.25838329999996],[27.069257,58.2584667],[27.071708800000028,58.2568009],[27.07495690000001,58.25793479999998],[27.081463,58.2534471],[27.08586820000002,58.24556629999998],[27.118739,58.2495274],[27.1208923,58.2511615],[27.124969900000018,58.25048269999997],[27.123859899999974,58.248481199999986],[27.12647039999998,58.24809679999998],[27.1334217,58.251772],[27.1330326,58.26406089999997],[27.139947399999983,58.268240100000014],[27.150478599999985,58.26742479999997],[27.15998049999998,58.257003299999965],[27.16476540000002,58.2547452],[27.1829538,58.252924],[27.2142985,58.2551555],[27.226752100000013,58.2527335],[27.2414396,58.2532361],[27.238464700000012,58.2490764],[27.244971300000017,58.2498687],[27.24446609999997,58.2475325],[27.280410900000017,58.24496],[27.272497800000014,58.2241035],[27.352816,58.2153747],[27.357595399999973,58.2202209],[27.3911576,58.20767029999997],[27.399292199999987,58.2113599],[27.403574300000017,58.21000879999998],[27.416282199999987,58.21061679999997],[27.425695699999988,58.201275],[27.426946499999975,58.19510070000002],[27.4393833,58.195548400000014],[27.4804454,58.1910976],[27.481186800000025,58.188231100000095],[27.4864439,58.18689330000005],[27.495236500000086,58.18000909999995],[27.4959998,58.17435030000002],[27.499412300000063,58.17133850000003],[27.49877750000013,58.16737340000003],[27.496288300000078,58.166623],[27.4996301,58.16570380000014],[27.49788950000006,58.161456],[27.50002489999999,58.16139710000008],[27.501924500000086,58.15718520000014],[27.505324500000054,58.15717160000008],[27.50681840000001,58.150024],[27.513584400000152,58.144653599999984],[27.521229700000127,58.141695599999956],[27.5213529,58.13663160000003],[27.52439440000013,58.13439840000002],[27.52275590000008,58.13176220000001],[27.529917200000025,58.12843189999995],[27.531459900000158,58.117843199999975],[27.537073100000068,58.11607609999992],[27.54053319999995,58.116824500000064],[27.530824,58.11456220000008],[27.528156000000152,58.10848529999997],[27.529777100000018,58.10357590000007],[27.534152000000145,58.10080179999998],[27.551788400000095,58.10149860000015],[27.561121100000026,58.098632],[27.5667705,58.1010892],[27.5667691,58.0989611],[27.563629300000017,58.0982964],[27.566038499999973,58.0901925],[27.580225900000016,58.08886149999998],[27.58102219999999,58.0909785],[27.5848915,58.09157880000002],[27.5851248,58.087177899999986],[27.590728,58.08174029999998],[27.5998141,58.0812242],[27.6029179,58.07884359999996],[27.604561300000025,58.079639599999986],[27.607243500000024,58.07826509999998],[27.6019227,58.075466599999984],[27.60166590000002,58.07297179999996],[27.5987875,58.0729101],[27.597419700000014,58.0710418],[27.592469899999976,58.0713182],[27.588517300000017,58.0652857],[27.596347699999974,58.0641598],[27.59446680000002,58.058537600000015],[27.605479299999978,58.04417259999998],[27.6000042,58.04178139999998],[27.599226400000028,58.038365499999976],[27.5943313,58.038794],[27.59054210000001,58.037451099999984],[27.585503,58.03115349999998],[27.589218,58.0251016],[27.6017347,58.0201385],[27.599560100000016,58.0170321],[27.605151099999986,58.01184359999998],[27.607497399999982,58.012141399999976],[27.607703100000023,58.007846499999964],[27.61633090000003,58.006474899999986],[27.62131610000003,58.000453700000016],[27.6173118,57.997218],[27.606062400000013,57.995995],[27.598318199999973,57.9934987],[27.606147,57.9943934],[27.61071280000002,57.992740299999966],[27.611537299999984,57.9866699],[27.6085789,57.9840931],[27.6080845,57.977825],[27.616021,57.9646393],[27.620875699999978,57.96120290000002],[27.62572049999999,57.9606079],[27.628736900000025,57.957425499999964],[27.624486499999975,57.9628166],[27.618024100000028,57.9650295],[27.61817570000002,57.9666835],[27.623182900000018,57.96501960000002],[27.618554900000028,57.96702029999997],[27.619413,57.974167],[27.614945899999977,57.975341],[27.61649549999998,57.9765455],[27.614208,57.9792184],[27.6185074,57.978900899999985],[27.620265,57.981387699999964],[27.618259199999986,57.985995],[27.62205010000001,57.992677],[27.626062199999975,57.9932515],[27.62617970000003,57.99107460000001],[27.62817820000001,57.99098710000001],[27.62945609999998,57.99330610000002],[27.627230499999982,57.995118],[27.630025700000022,57.996833],[27.632817,57.996257],[27.6294107,57.99865960000001],[27.62904060000001,58.00240589999998],[27.635883299999975,57.99926569999998],[27.637845600000023,58.0008057],[27.643714699999972,58.0010465],[27.653932500000014,57.9954085],[27.657864199999985,57.998277499999986],[27.6499858,57.9986699],[27.648738200000018,58.002801099999985],[27.655474899999977,58.0057915],[27.651859,58.01486049999996],[27.6560938,58.017655199999986],[27.655538799999977,58.0160182],[27.66207819999997,58.01372169999997],[27.6677191,58.00655670000001],[27.6741926,58.0064903],[27.67826919999998,58.00812439999998],[27.68237380000001,58.0050605],[27.69251320000001,58.0034122],[27.68844619999997,57.99964409999998],[27.697631,57.998498],[27.6941583,57.9961902],[27.69868,57.9948086],[27.694285299999976,57.99368660000001],[27.69718370000003,57.9887406],[27.690319600000027,57.986615],[27.67862610000001,57.9744353],[27.680111899999986,57.97106309999998],[27.68572190000002,57.971061699999986],[27.68445549999997,57.96001579999997],[27.66026370000002,57.95716979999998],[27.6563656,57.95533489999998],[27.669602699999977,57.9460906],[27.66684610000003,57.9418599],[27.6718298,57.93758319999998],[27.676046799999984,57.9343501],[27.680978,57.9354362],[27.684455,57.9281386],[27.6788929,57.9237032],[27.7099193,57.92279580000001],[27.718230299999977,57.92000439999999],[27.716315500000025,57.919267300000016],[27.7168979,57.913621],[27.7191574,57.912105],[27.708542499999968,57.9072073],[27.6949115,57.90745310000001],[27.705431900000015,57.90012859999998],[27.7301379,57.90593050000001],[27.747040600000012,57.90025649999997],[27.75103950000002,57.9025936],[27.753854100000016,57.9016207],[27.755506899999972,57.90287909999998],[27.75375190000003,57.897484300000016],[27.7613615,57.895583500000015],[27.770658800000025,57.89460360000002],[27.781975599999985,57.897432],[27.799126900000022,57.89824939999996],[27.8163089,57.8954017],[27.818994700000015,57.8905618],[27.81819640000002,57.8888933],[27.809185500000012,57.8868858],[27.8086662,57.8853061],[27.816718,57.88209610000003],[27.814507500000026,57.8764306],[27.80950829999998,57.872439399999976],[27.81351909999998,57.8708823],[27.8177971,57.8657082],[27.813334,57.864093],[27.815626099999978,57.8617881],[27.794164600000023,57.8513796],[27.792063600000017,57.8461698],[27.7984013,57.8439716],[27.795637,57.8412162],[27.78793870000002,57.84350989999999],[27.776319800000014,57.8334638],[27.756322299999987,57.83702519999998],[27.757438399999987,57.83485990000001],[27.740926,57.82772119999996],[27.7302467,57.8306257],[27.7251687,57.8350786],[27.71805669999998,57.83633439999998],[27.7156504,57.839849399999956],[27.708114800000015,57.8409496],[27.710571799999983,57.8470174],[27.7080503,57.8484475],[27.7028434,57.8414313],[27.700225599999985,57.841738899999974],[27.697751400000023,57.8384291],[27.6920317,57.8367515],[27.68918380000003,57.8382469],[27.686915600000027,57.8352935],[27.6769041,57.83586079999996],[27.67554969999997,57.83728879999999],[27.6696509,57.83684229999999],[27.661011800000022,57.83985079999998],[27.64815680000001,57.8386903],[27.6399037,57.84099659999998],[27.6287283,57.8403195],[27.62498870000003,57.83812549999998],[27.62186429999997,57.8402059],[27.624282500000028,57.840682],[27.622013099999982,57.84097049999998],[27.617624500000026,57.838974600000014],[27.6176484,57.8401888],[27.61533160000002,57.83869280000002],[27.6132671,57.83963979999998],[27.60422080000002,57.83498739999998],[27.60241029999998,57.83575049999999],[27.5961715,57.83354919999997],[27.5864814,57.8342776],[27.584989900000014,57.8326907],[27.584128200000013,57.83416290000002],[27.582094399999974,57.8326923],[27.57886009999997,57.8336101],[27.576359100000015,57.8317269],[27.566424099999978,57.8322497],[27.564049899999972,57.830793],[27.557956599999972,57.83382419999999],[27.5555846,57.8340658],[27.556723,57.832650499999964],[27.553851599999987,57.832121600000015],[27.552316699999977,57.83417129999999],[27.549078,57.831919],[27.541775,57.834116],[27.5313549,57.83065439999997],[27.530396899999978,57.83232819999998],[27.5225551,57.8310688],[27.5155312,57.8320272],[27.5151747,57.8309595],[27.5113246,57.8328965],[27.504927,57.830479],[27.501631200000016,57.83262149999999],[27.499405,57.831771],[27.494801099999986,57.8333655],[27.492852,57.832307],[27.4907547,57.834548],[27.4849083,57.8334801],[27.479667,57.836182],[27.476462,57.834986],[27.4717459,57.835660399999966],[27.472236,57.833903],[27.464825,57.83427],[27.461403,57.836657],[27.4540811,57.83647589999999],[27.446243,57.83921859999999],[27.442336,57.839374],[27.437742500000017,57.8374013],[27.431896,57.838828],[27.428072,57.838189],[27.425384,57.839888],[27.422224,57.838998],[27.4213,57.840156],[27.420541,57.839046],[27.417527,57.84056],[27.409862,57.837511],[27.405995099999984,57.83770229999999],[27.404927,57.839279],[27.399036,57.836629],[27.395603,57.837839],[27.394268,57.83534],[27.389495,57.835267],[27.384308,57.832094],[27.3830251,57.8345539],[27.379421,57.835497],[27.37679,57.831557],[27.37418810000003,57.8321843],[27.3759112,57.83050750000001],[27.372852,57.827391],[27.370427,57.827885],[27.369769,57.8266051],[27.365766,57.827943],[27.360698,57.825181],[27.364495,57.822657],[27.361333,57.822048],[27.361467,57.820674],[27.35801,57.821096],[27.357492,57.81776],[27.34764890000001,57.81880119999999],[27.34990709999998,57.8232639],[27.3480838,57.82454740000002],[27.338764100000024,57.82188840000002],[27.334722299999978,57.82265029999998],[27.333464300000013,57.82414029999999],[27.330358200000017,57.823935499999976],[27.328455900000034,57.83034019999998],[27.3154212,57.8314943],[27.309887,57.836578],[27.307112,57.8438802],[27.273762300000016,57.84472189999999],[27.280778799999986,57.8617089],[27.290758599999986,57.8660483],[27.293120500000025,57.869441],[27.29218339999998,57.8749033],[27.30632710000002,57.87339720000002],[27.306512,57.87551389999999],[27.3121942,57.87821649999998],[27.310472,57.880245],[27.3227561,57.88001640000002],[27.32599779999999,57.8876821],[27.3312,57.8869107],[27.338990499999984,57.894045100000014],[27.3353696,57.89879939999996],[27.325267200000024,57.902388899999956],[27.31613720000002,57.90064649999997],[27.307378200000013,57.9049445],[27.313975399999986,57.9068867],[27.311034699999972,57.916459],[27.29997780000001,57.9164293],[27.29857489999997,57.9053719],[27.3014544,57.9023],[27.296464899999986,57.8975062],[27.293468600000022,57.899100699999984],[27.286723800000026,57.8991089],[27.2628691,57.90873469999996],[27.240508799999986,57.904790900000016],[27.23661519999999,57.9084497],[27.2295001,57.90793309999999],[27.228528800000028,57.9100795],[27.21272110000003,57.914341299999954],[27.214059299999985,57.91901859999998],[27.18939580000002,57.91754790000001],[27.186679599999984,57.9153391],[27.1824388,57.9222612],[27.1774726,57.92482780000002],[27.178848800000015,57.9267448],[27.175297199999985,57.9272762],[27.1597771,57.923825399999984],[27.157521900000013,57.9328076],[27.139964799999984,57.94798989999999],[27.1202724,57.9460571],[27.121044900000026,57.94717890000001],[27.11283620000001,57.9494198],[27.11685980000003,57.95370879999997],[27.116002599999984,57.9571871],[27.091993800000022,57.9468595],[27.0787706,57.94868849999996],[27.067474899999972,57.94730969999998],[27.068045299999977,57.942593799999976],[27.05896460000002,57.9422254],[27.0594268,57.938452200000015],[27.054221,57.93505009999998],[27.06579640000003,57.9283832],[27.070179800000023,57.9183338],[27.076303800000026,57.91657779999997],[27.079772,57.91216589999998],[27.08805690000003,57.908751399999964],[27.0871651,57.9063918],[27.0525897,57.9100193],[27.053099,57.9144024],[27.02469969999997,57.912268900000015],[27.018914799999983,57.912800400000016],[27.020508599999985,57.9136026],[27.01778839999998,57.915543499999984],[27.010911699999983,57.91381],[27.000854600000018,57.914297],[27.001470600000015,57.9182628],[26.99756070000003,57.91890320000002],[26.9959766,57.91471809999999],[26.98699619999999,57.91601710000001],[26.98609169999998,57.9200054],[26.97835640000001,57.9206662],[26.977356699999987,57.919540099999985],[26.9717889,57.92430929999997],[26.97081569999999,57.9403816],[26.958284,57.93857759999998],[26.945638800000026,57.9325374],[26.940324,57.93159949999998],[26.94020039999997,57.9289459],[26.9206341,57.92488229999998],[26.912494599999974,57.9260255],[26.898091600000022,57.917635900000015],[26.8986447,57.9265755],[26.888701,57.9269957],[26.8656167,57.9223305],[26.8509796,57.9252223],[26.84244,57.9246686],[26.829521099999972,57.922083],[26.8273687,57.9196832],[26.81265690000001,57.9173949],[26.81034150000002,57.91556820000001],[26.798783500000013,57.924804100000024],[26.798293,57.9294196],[26.794415099999984,57.92966619999997],[26.79480829999998,57.9278698],[26.779617,57.9269015],[26.775515400000018,57.929553],[26.762317100000015,57.9255137],[26.756192299999984,57.92175489999999],[26.7506925,57.9267286],[26.7520717,57.92895649999998],[26.7483178,57.9307993],[26.7413264,57.92969149999997],[26.73628379999998,57.9319248],[26.73087659999997,57.93075839999997],[26.7285868,57.932435199999986],[26.719041899999983,57.9340499],[26.711538,57.9419066],[26.704271,57.93891989999997],[26.7007074,57.93931160000002],[26.69742860000002,57.934709199999986],[26.692533099999977,57.93660139999998],[26.687673700000012,57.93593629999999],[26.6809862,57.931223],[26.6701211,57.9312827],[26.665013,57.929594299999984],[26.662716699999972,57.9308504],[26.657058899999985,57.9305952],[26.654175700000025,57.936066099999984],[26.637104599999976,57.933212199999986],[26.631456899999982,57.93066970000002],[26.62783029999999,57.9310384],[26.624785500000016,57.928298599999955],[26.6218045,57.93086790000001],[26.627566499999983,57.93106320000001],[26.626558600000013,57.93252229999999],[26.6204729,57.935535499999986],[26.6135655,57.935326400000015],[26.61267050000003,57.9379548],[26.606256799999972,57.9379239],[26.5995641,57.9409679],[26.6023521,57.9462565],[26.585903600000027,57.94184669999998],[26.576840399999984,57.94691279999997],[26.5806366,57.94947770000001],[26.5776157,57.95496579999999],[26.572520699999973,57.95665939999998],[26.568068600000032,57.955825199999985],[26.567871700000026,57.96101310000002],[26.578776599999973,57.96293059999998],[26.578516300000015,57.9683444],[26.58187840000001,57.9702132],[26.57787120000002,57.9745497],[26.5826756,57.975534],[26.5858797,57.97455979999997],[26.5820683,57.97727289999999],[26.583051899999976,57.984121600000016],[26.578994799999982,57.98469379999998],[26.579469499999984,57.98792439999998],[26.581165500000022,57.9892267],[26.5903478,57.988277199999985],[26.5798926,57.99094349999997],[26.575412700000022,57.99551549999997],[26.57253450000002,57.9957585],[26.57255549999997,57.9980289],[26.568066299999973,58.00001320000001],[26.5683882,58.0036976],[26.572951399999983,58.0089299],[26.5834697,58.00990789999999],[26.582303499999988,58.01766],[26.585491200000025,58.02014670000002],[26.58944460000001,58.019209100000026],[26.591832,58.0207067],[26.59045639999998,58.03052589999997],[26.594153400000014,58.03843569999998],[26.587638500000015,58.0389573],[26.58069630000002,58.0420155],[26.5802297,58.04884019999998],[26.5874684,58.05338249999998],[26.5872039,58.0579935],[26.574341,58.056331599999986],[26.57561739999997,58.06577679999997],[26.5700463,58.0664626],[26.576690500000023,58.071211],[26.5784142,58.07802229999997],[26.59525269999998,58.085613299999984],[26.5917117,58.10007039999997],[26.59837319999998,58.10066849999997],[26.597638200000024,58.103445100000016],[26.6117249,58.108509],[26.60828670000001,58.1097026],[26.6091047,58.11872730000002],[26.62489840000001,58.1214154]]]]}},{"type":"Feature","properties":{"shapeName":"Järva maakond","shapeISO":"EE-51","shapeID":"21999144B6110370050072","shapeGroup":"EST","shapeType":"ADM1"},"geometry":{"type":"Polygon","coordinates":[[[25.247079699999983,58.6281761],[25.258346800000012,58.63268389999998],[25.30718,58.70615149999998],[25.27394209999998,58.7169558],[25.27161740000003,58.7150171],[25.267831500000014,58.7159416],[25.26512609999997,58.7146826],[25.265254400000014,58.716878],[25.261086900000024,58.71974249999999],[25.25568329999997,58.72146570000001],[25.254797600000018,58.7200387],[25.25099560000002,58.7203743],[25.250116,58.7226196],[25.20264070000003,58.7241589],[25.204189400000026,58.72829530000002],[25.2015423,58.7294315],[25.2003575,58.7341209],[25.20602039999997,58.7380242],[25.21663250000002,58.75329570000001],[25.2143781,58.76213869999997],[25.2316129,58.7678025],[25.21456380000001,58.7847812],[25.20588049999997,58.786963899999975],[25.195017199999985,58.800225799999986],[25.2019905,58.8083645],[25.22084019999998,58.80402669999998],[25.23886650000001,58.8167474],[25.237790599999975,58.82185810000002],[25.24189540000001,58.8208573],[25.2601921,58.8308588],[25.252481800000012,58.8364993],[25.26314479999998,58.84334029999999],[25.2600368,58.8438164],[25.274948,58.8545607],[25.268723099999978,58.8590892],[25.279518099999983,58.86191360000004],[25.266973700000012,58.8705094],[25.264252100000014,58.8712613],[25.261273100000018,58.869352399999975],[25.2465351,58.8740455],[25.24911170000001,58.8761117],[25.244255,58.8776906],[25.2440526,58.882613],[25.236475500000026,58.884012699999985],[25.240273,58.889469099999985],[25.247377900000032,58.8888852],[25.25812479999998,58.9083162],[25.303280900000026,58.9215797],[25.302403799999983,58.9251611],[25.305180900000014,58.92762389999998],[25.31278569999998,58.958516399999986],[25.28753460000002,58.9782178],[25.330432199999986,58.989980699999975],[25.33394370000002,58.9944252],[25.346583300000013,59.011823600000014],[25.3576403,59.014282500000014],[25.375405299999983,59.0070502],[25.40034669999997,59.02089029999997],[25.4047758,59.028181],[25.40421740000003,59.035870399999986],[25.409923300000017,59.06124209999999],[25.401741,59.0696528],[25.389034599999974,59.0770024],[25.393163099999985,59.08109419999998],[25.415648800000024,59.0914641],[25.41571890000002,59.0929628],[25.422145099999977,59.090161399999964],[25.4326307,59.088556],[25.4443769,59.08107],[25.445756899999978,59.0738306],[25.460027799999985,59.06815789999998],[25.4782614,59.0926846],[25.484599099999986,59.0962699],[25.48705470000002,59.1004344],[25.4806205,59.10357949999998],[25.44401230000001,59.113149],[25.44527689999999,59.119948700000016],[25.459365200000015,59.1316362],[25.449152,59.1408331],[25.449818900000015,59.14286909999998],[25.4592407,59.14631590000001],[25.461065200000032,59.150871200000026],[25.4673368,59.1519497],[25.4821021,59.1705495],[25.491179800000022,59.1719486],[25.50547309999998,59.1790027],[25.5022428,59.1816822],[25.520804499999972,59.200045399999986],[25.5205216,59.20393489999997],[25.525314299999977,59.2090388],[25.531854799999987,59.2126747],[25.523013599999977,59.2180745],[25.52236950000002,59.22238119999999],[25.51102779999998,59.231933],[25.510081200000023,59.2335549],[25.5132872,59.2358941],[25.507936,59.24527209999998],[25.476472799999982,59.2622375],[25.470391599999985,59.2682546],[25.486212399999975,59.26771639999998],[25.4932811,59.2696541],[25.49631710000001,59.268241900000014],[25.5042417,59.26889569999998],[25.510404300000022,59.2655647],[25.5247898,59.26466349999997],[25.533989,59.2622052],[25.536391700000024,59.263038899999984],[25.550004399999988,59.258983500000014],[25.5876235,59.2375875],[25.61067080000002,59.22695339999997],[25.639489,59.22493109999997],[25.62226640000001,59.216390799999964],[25.636321600000016,59.213271599999985],[25.6306859,59.2098242],[25.645403700000024,59.20160709999998],[25.6626555,59.2015554],[25.66510769999997,59.20043769999999],[25.705936,59.20139309999996],[25.704059200000017,59.2028696],[25.693583,59.2044905],[25.693809,59.207728899999985],[25.6906256,59.210116799999966],[25.696277300000016,59.21399839999998],[25.710770699999987,59.21459139999998],[25.717976899999986,59.2126822],[25.737074799999984,59.21801230000001],[25.7625089,59.2287875],[25.764828,59.22583440000001],[25.784927100000022,59.21966879999999],[25.787352200000015,59.22042029999998],[25.7930052,59.207683099999976],[25.789256599999987,59.2060981],[25.795362299999983,59.199651799999984],[25.801548900000018,59.201044],[25.8108665,59.1988226],[25.82669759999999,59.203724],[25.841305500000015,59.2118973],[25.8474069,59.20472020000001],[25.874592899999982,59.1975468],[25.876591900000015,59.1936655],[25.8809843,59.194521],[25.88672580000002,59.1935584],[25.8930999,59.19604339999997],[25.8923724,59.197304],[25.905426400000014,59.19544229999998],[25.908145399999974,59.1927004],[25.922669600000027,59.19132669999997],[25.9291102,59.1959376],[25.9266121,59.198822199999974],[25.94096650000002,59.203393100000014],[25.94777719999997,59.198079100000015],[25.93561280000003,59.193276099999984],[25.938721799999986,59.1900982],[25.9515131,59.19115189999999],[25.951557599999987,59.1894821],[25.9551207,59.189280199999956],[25.957847500000018,59.19026489999999],[25.9609266,59.18771719999998],[25.964930399999986,59.1883898],[25.969056,59.1865768],[25.976936700000014,59.1810652],[25.995371099999975,59.18901960000002],[26.001821,59.1844648],[26.0064046,59.1859805],[26.01614179999997,59.163070699999984],[26.00955160000003,59.155596],[25.9911802,59.1538932],[25.980653500000017,59.14354439999998],[25.98143870000002,59.13677230000001],[25.9771051,59.13020569999997],[25.97813910000003,59.12292749999997],[25.96072480000002,59.1239365],[25.95117850000002,59.11771649999998],[25.945704,59.1164471],[25.946789499999984,59.1080774],[25.938585200000016,59.1039174],[25.936622399999983,59.1054983],[25.936405299999983,59.09715249999997],[25.94019169999999,59.09564549999998],[25.941591200000016,59.0906868],[25.93613349999998,59.0900946],[25.935519200000016,59.0804303],[25.913423899999987,59.0673703],[25.92317219999998,59.057478899999985],[25.9325359,59.066447400000015],[25.945277699999977,59.0559093],[25.9472213,59.0562458],[25.961433199999988,59.062650099999985],[25.9606548,59.06759669999998],[25.9747627,59.06206510000001],[25.99467,59.050246199999954],[26.028125800000023,59.05499709999999],[26.044698699999984,59.0484292],[26.04859190000003,59.045239],[26.0567334,59.0248927],[26.0626976,59.0177715],[26.0884265,59.0148441],[26.091010699999984,59.0020942],[26.0937909,59.0005659],[26.1256538,58.9906239],[26.1339308,58.9908837],[26.133418700000018,58.98851059999998],[26.1388581,58.98592660000001],[26.138278099999983,58.9828783],[26.13327190000002,58.9801941],[26.13784,58.970141],[26.133685199999974,58.96755880000001],[26.135093499999975,58.9633227],[26.142593100000024,58.96475259999997],[26.146918,58.95465869999997],[26.1631571,58.9505848],[26.157392699999985,58.933512],[26.1688048,58.92038659999996],[26.1609771,58.9105599],[26.16108780000003,58.90707789999998],[26.1570164,58.9069436],[26.157838900000012,58.9052441],[26.1550166,58.9051423],[26.1570226,58.90297709999999],[26.153364199999988,58.9021311],[26.156111800000016,58.9007579],[26.151888399999972,58.8988108],[26.1527198,58.895585900000015],[26.150193,58.89463029999998],[26.15080460000003,58.89281840000002],[26.1574242,58.8913703],[26.1575781,58.8893623],[26.161685,58.8850258],[26.156190699999986,58.8830272],[26.1582681,58.88143009999999],[26.14959670000001,58.880967800000015],[26.147122299999985,58.8829311],[26.1437929,58.882534200000016],[26.14364939999998,58.8843978],[26.1408203,58.88187279999998],[26.136041400000014,58.880972],[26.137602799999982,58.87984319999999],[26.13459340000003,58.8780628],[26.127335599999988,58.8777363],[26.13056189999999,58.8751055],[26.126507099999987,58.86899229999999],[26.116412200000024,58.8632916],[26.128432100000026,58.85881310000001],[26.129530099999975,58.84320939999997],[26.133149799999977,58.83909720000002],[26.126226700000014,58.836281],[26.122197500000027,58.8373566],[26.098648900000025,58.83733779999998],[26.093506099999974,58.835995],[26.089626100000014,58.836630199999966],[26.085166299999987,58.8340461],[26.0740003,58.83315279999998],[26.0673299,58.83529350000002],[26.05952789999999,58.83266349999999],[26.051840599999977,58.8324003],[26.04894949999999,58.834079799999955],[26.03833250000003,58.8287035],[26.029898700000015,58.82801309999997],[26.01579060000001,58.83138239999999],[26.0123241,58.8257204],[26.0155628,58.8194323],[26.012415200000017,58.81825879999998],[26.013134500000014,58.81654859999997],[26.010714900000025,58.817047800000026],[26.001508799999982,58.8128419],[25.9939707,58.814609900000015],[25.9883723,58.8135429],[25.98014,58.81800659999998],[25.9736635,58.8175093],[25.973493,58.81471309999996],[25.969575400000025,58.81526920000001],[25.95624,58.807998499999975],[25.958720099999987,58.8066298],[25.956784300000013,58.80334869999999],[25.96530509999997,58.795684499999965],[25.962597500000022,58.79116679999997],[25.970632900000027,58.784204099999975],[25.97114720000003,58.7742775],[25.967948900000014,58.7724297],[25.9706396,58.767515899999985],[25.96918559999998,58.7658467],[25.95801690000003,58.76358869999996],[25.9521891,58.7587792],[25.942020600000014,58.75703639999997],[25.938293200000025,58.7531855],[25.929612500000022,58.751210499999964],[25.9258651,58.751726],[25.9280827,58.75460839999999],[25.921981399999986,58.764109],[25.90992579999998,58.7679581],[25.90447420000002,58.771517],[25.89607069999999,58.772922],[25.881664499999978,58.77185439999999],[25.880073,58.77289059999998],[25.8783552,58.763119],[25.8824835,58.759191],[25.865745,58.7532221],[25.865012299999968,58.74867079999997],[25.851044499999986,58.7504075],[25.84635839999998,58.752543699999976],[25.83396679999999,58.750904],[25.829875599999983,58.7468506],[25.8415531,58.7390128],[25.837130900000023,58.73469379999999],[25.844639,58.73286980000002],[25.816868499999988,58.72023530000002],[25.812387200000014,58.719179],[25.809345900000025,58.72065169999998],[25.807498299999985,58.7141685],[25.7959251,58.715465899999984],[25.7918648,58.7023377],[25.786245700000013,58.6948944],[25.77826930000003,58.689776899999984],[25.771035,58.68899960000001],[25.770322,58.6831038],[25.7645788,58.6820351],[25.755571900000017,58.6826963],[25.743255799999986,58.6778024],[25.735616900000018,58.679671399999975],[25.7249005,58.67680840000001],[25.7166842,58.6715315],[25.705386700000012,58.6717618],[25.694554,58.66880719999999],[25.6821445,58.66791319999997],[25.674891199999983,58.66855919999998],[25.66912160000001,58.6716604],[25.661120300000015,58.6701007],[25.6543499,58.6641487],[25.65275319999998,58.6536131],[25.639625899999977,58.6490662],[25.633106300000016,58.6485041],[25.627400200000015,58.65027819999999],[25.609460800000015,58.64713730000001],[25.6063156,58.64167709999999],[25.597948600000013,58.6403188],[25.5862042,58.6349468],[25.554473800000018,58.63912589999997],[25.5409053,58.634625],[25.5397995,58.63113509999997],[25.545500400000027,58.62637589999998],[25.535637799999982,58.62482489999998],[25.53138980000002,58.6216533],[25.526270400000026,58.624934899999964],[25.53050730000001,58.627988],[25.5278334,58.62862029999996],[25.525696699999983,58.6273303],[25.523187,58.6329782],[25.514541800000014,58.633495],[25.512792399999988,58.6312059],[25.497073400000026,58.62579389999998],[25.491446100000026,58.61807980000001],[25.466935399999986,58.6181674],[25.47164480000001,58.612274],[25.469642700000012,58.60957249999998],[25.46008779999998,58.607139899999986],[25.450780900000012,58.6068098],[25.43475349999998,58.6111513],[25.3981968,58.613337599999966],[25.375216,58.606111200000015],[25.3541523,58.6064657],[25.3471478,58.6166353],[25.31119079999997,58.6113788],[25.3017138,58.617590600000014],[25.2877843,58.618053699999976],[25.26683810000002,58.621625],[25.2570022,58.6204865],[25.247079699999983,58.6281761]]]}},{"type":"Feature","properties":{"shapeName":"Rapla maakond","shapeISO":"EE-70","shapeID":"21999144B63985624838258","shapeGroup":"EST","shapeType":"ADM1"},"geometry":{"type":"Polygon","coordinates":[[[25.20264070000003,58.7241589],[25.19575069999997,58.72663349999997],[25.165880899999983,58.723318],[25.157207100000033,58.71878169999997],[25.129080599999988,58.7225725],[25.1079737,58.7235417],[25.108095799999987,58.7246894],[25.078379499999976,58.72488339999998],[25.077524,58.72789839999997],[25.064491699999973,58.7294377],[25.0645413,58.72685],[25.06952519999998,58.72536870000001],[25.0618781,58.7230958],[25.0629908,58.72173289999997],[25.0556091,58.72043960000001],[25.054948099999983,58.71558849999998],[25.052256499999984,58.7158498],[25.0499956,58.710968499999986],[25.039789900000024,58.7087464],[25.0368531,58.709487800000026],[25.032493,58.707209],[25.02233,58.7100749],[25.02410820000001,58.714028599999985],[25.02116459999998,58.715536499999985],[25.01015350000002,58.71320249999999],[25.005131,58.70850859999999],[24.9910749,58.7099474],[24.9904326,58.7053337],[24.9831561,58.700154],[24.9711751,58.699325],[24.966322799999972,58.6941245],[24.9634935,58.68501090000002],[24.9539369,58.68329279999998],[24.9460842,58.6638492],[24.9377055,58.66474559999998],[24.931347599999977,58.6613203],[24.923221,58.66236259999999],[24.92429010000001,58.6655797],[24.9172648,58.6705859],[24.917547300000027,58.67754309999999],[24.9121837,58.6778993],[24.9155845,58.68212969999998],[24.91314709999999,58.68233719999998],[24.909477,58.68649439999998],[24.907198299999987,58.701837499999975],[24.919313299999967,58.733046299999984],[24.902082400000033,58.7434141],[24.88265289999998,58.74618910000002],[24.884368800000026,58.7497022],[24.876492600000013,58.75076939999999],[24.8625103,58.75701429999999],[24.8437744,58.7494138],[24.833931399999983,58.74720269999999],[24.83313129999998,58.743148099999964],[24.82407760000003,58.7414468],[24.81943410000002,58.735079],[24.80217160000002,58.731722199999986],[24.798664300000024,58.7324379],[24.7995538,58.73571050000001],[24.794737100000013,58.7373081],[24.7698688,58.732437699999984],[24.7490336,58.739801600000014],[24.74297559999998,58.74082629999999],[24.7402718,58.739895199999985],[24.7249164,58.74801119999998],[24.7121937,58.74409809999999],[24.695764600000032,58.7465326],[24.69622759999998,58.7476683],[24.6878534,58.75055740000001],[24.67855070000002,58.7468101],[24.662813,58.72699759999998],[24.658091700000014,58.724672499999976],[24.634686,58.7190124],[24.63292910000002,58.71665090000001],[24.610727400000027,58.7126522],[24.59438269999997,58.70633],[24.567538200000023,58.70445239999999],[24.5666624,58.70995289999998],[24.5619483,58.71001949999996],[24.56227110000002,58.711622899999966],[24.580874400000013,58.721694],[24.569009300000015,58.7305898],[24.553772599999977,58.73723889999999],[24.545141099999988,58.73961460000001],[24.538503600000016,58.738841499999985],[24.52974750000003,58.735742399999985],[24.5216378,58.72723869999998],[24.4856179,58.71791979999996],[24.478552799999985,58.7128465],[24.47843629999997,58.7033072],[24.4733008,58.695187599999976],[24.467292299999972,58.6915892],[24.4726488,58.6902522],[24.45677170000001,58.6802882],[24.4526153,58.68125839999997],[24.4493986,58.679198299999975],[24.422923,58.67546009999999],[24.4233782,58.672760099999984],[24.414366,58.6722724],[24.395370100000015,58.66374479999998],[24.387029400000028,58.66234069999999],[24.3843624,58.65556089999998],[24.377407899999987,58.65635420000001],[24.3767321,58.658741099999986],[24.3728992,58.660042099999984],[24.3567551,58.661125],[24.3516364,58.6639994],[24.280087499999976,58.672257],[24.267160800000028,58.67697850000001],[24.251134900000018,58.68015489999997],[24.24540020000002,58.6798287],[24.2341956,58.68415429999998],[24.229296299999987,58.6820471],[24.185920300000028,58.6751422],[24.13199594684957,58.69933899765395],[24.131238800000023,58.69968249999999],[24.1508506,58.7237298],[24.157300799999977,58.72860769999998],[24.159375,58.7323304],[24.157629,58.734891300000015],[24.16301543560852,58.73665703192933],[24.163663019619644,58.73669424526878],[24.1672088,58.7373353],[24.15248461365497,58.7543611128158],[24.14671630000002,58.75351220000001],[24.12574640000002,58.744159],[24.12128129769142,58.74357017094513],[24.11294182717211,58.749385647750195],[24.094484000836296,58.74541859331014],[24.084069399999972,58.7470479],[24.08606190000003,58.74934230000002],[24.083356722688606,58.75275413656365],[24.078770715470043,58.750829640316525],[24.075984800000022,58.7523798],[24.078379799999976,58.762062],[24.08313,58.7643161],[24.090924347940824,58.76519644110751],[24.100932608860035,58.76454434572222],[24.1091966,58.77203819999998],[24.13614230000001,58.78351629999998],[24.1365811,58.78596010000001],[24.165859899999983,58.78840740000001],[24.163669725750747,58.79522794042549],[24.163606607072094,58.795228217144334],[24.149211468782784,58.79539290946615],[24.143966549351823,58.79537043851904],[24.1330832,58.8030322],[24.131885690918462,58.806422086418465],[24.12540680794404,58.80516218272911],[24.123705800000025,58.8047517],[24.1388898,58.81730240000002],[24.14203130000002,58.8275709],[24.1357796,58.8307084],[24.1416888,58.83422939999998],[24.140543899999987,58.8360509],[24.14207739688192,58.83516382340034],[24.1465389,58.83308289999998],[24.165442238911243,58.8301455497822],[24.168767039844045,58.8318293243371],[24.17895467001958,58.83036834318266],[24.18660379999998,58.8308664],[24.1861217,58.83396669999998],[24.1926226,58.842905],[24.192441799999976,58.84598549999998],[24.186381699999977,58.848776],[24.187266800000028,58.85073459999999],[24.18311692973541,58.85242075694615],[24.169971337540215,58.84888593884638],[24.17457335537334,58.85755507909536],[24.1748356125888,58.85756545719419],[24.152858799999972,58.8645241],[24.156776900000025,58.8650781],[24.159227799999975,58.872865500000024],[24.153446816062107,58.87602139774175],[24.14920783642222,58.87560016429138],[24.1416776,58.877927299999975],[24.14470780000002,58.88205170000002],[24.153688,58.88597],[24.15123024053523,58.890570529606734],[24.144924670675987,58.88936757617705],[24.1273934,58.8929568],[24.135221199999975,58.900817899999964],[24.13278539999997,58.90135979999999],[24.1285498,58.90986909999999],[24.134444,58.91883609999997],[24.1314736,58.920458799999984],[24.11303740000003,58.9232502],[24.1130948,58.9249856],[24.097538900000014,58.93362649999999],[24.089221499999983,58.9405521],[24.082251900000024,58.9509367],[24.0858479,58.953843599999985],[24.070630599999983,58.9688433],[24.083361299999986,58.9734166],[24.09364839999999,58.98935690000001],[24.094783536530333,58.98948522693496],[24.108107099999984,58.9915818],[24.1048686,58.99645949999998],[24.124339399999972,59.0053721],[24.15003080000001,59.0220411],[24.1512981,59.02584619999996],[24.154835699999975,59.0274809],[24.17080209999997,59.0204969],[24.17757229999997,59.0236362],[24.1797758,59.0278782],[24.18824030000001,59.0294338],[24.200708100000018,59.0343362],[24.222167299999974,59.0188117],[24.2290251,59.01669579999997],[24.236215700000017,59.01606910000002],[24.246059,59.017997499999986],[24.2588695,59.02460419999996],[24.273011,59.0246998],[24.279463300000025,59.022134],[24.27812839999999,59.0173683],[24.281624499999975,59.01264619999998],[24.290609299999982,59.01121940000002],[24.295430299999982,59.0080408],[24.298884199999986,59.00873859999999],[24.301968400000018,59.013608099999985],[24.292497,59.022222199999966],[24.299640799999988,59.026913],[24.3035449,59.025167],[24.314104099999977,59.02613889999996],[24.3150557,59.034739500000015],[24.31001559999999,59.03331779999997],[24.305931800000028,59.0392588],[24.30985189999998,59.039162],[24.314456800000023,59.044954400000016],[24.3164791,59.044124899999964],[24.321477699999985,59.045218099999985],[24.3262833,59.05119839999998],[24.32543820000003,59.05456],[24.330615600000012,59.05366880000001],[24.333308199999987,59.0514451],[24.3364591,59.05455719999998],[24.34917839999999,59.0562265],[24.3516373,59.05240130000002],[24.37177960000001,59.057193599999984],[24.359943100000017,59.0659114],[24.363919,59.0686506],[24.3612496,59.073604199999984],[24.358830099999977,59.07404480000002],[24.358369099999983,59.072165],[24.34713809999998,59.070189599999985],[24.344747399999978,59.07207850000001],[24.3512805,59.0768751],[24.3567844,59.07799219999997],[24.35547829999998,59.081768299999986],[24.34990709999998,59.08489909999998],[24.354551200000017,59.092112],[24.35943989999998,59.089656],[24.4314003,59.0923246],[24.44295550000003,59.09138689999999],[24.461035,59.095165],[24.4718336,59.09906979999998],[24.4954191,59.1007935],[24.50501929999998,59.09959769999998],[24.5118499,59.0969748],[24.516043,59.0989357],[24.5357372,59.09643509999999],[24.547402199999986,59.0966734],[24.555255400000025,59.09315440000001],[24.5675754,59.09552769999997],[24.5713886,59.0942139],[24.57145840000001,59.123887],[24.557529899999988,59.1227765],[24.55443610000001,59.12986510000001],[24.539940500000025,59.1352956],[24.542377599999988,59.1376761],[24.55977359999999,59.1383173],[24.577743,59.141390499999986],[24.557364199999967,59.154352],[24.559123600000017,59.1636634],[24.568555299999986,59.17709],[24.568171299999978,59.191542399999975],[24.596806299999987,59.1885741],[24.6240971,59.202613700000015],[24.632514799999974,59.21485659999998],[24.64397990000002,59.21371049999998],[24.64577189999999,59.2191116],[24.664771,59.21935939999998],[24.665244,59.218096],[24.669361400000017,59.21878559999998],[24.6712907,59.2215586],[24.675925500000023,59.2172957],[24.6898599,59.2212183],[24.70181490000002,59.213656],[24.7088703,59.21671429999996],[24.7096193,59.214948100000015],[24.7108978,59.2160986],[24.712088399999985,59.21243850000002],[24.71474120000001,59.211569599999976],[24.718549,59.2127954],[24.71412989999998,59.21821839999997],[24.721603099999985,59.22328619999997],[24.73123130000001,59.219704],[24.7419185,59.2107616],[24.74725080000001,59.2094594],[24.752236599999975,59.2115541],[24.7583655,59.2081548],[24.76099129999997,59.2096372],[24.772984700000016,59.2032309],[24.77385140000003,59.1987987],[24.7801301,59.1979336],[24.7843726,59.1988712],[24.785543,59.196975299999984],[24.789947799999982,59.196482400000015],[24.794381799999986,59.1988631],[24.788032100000024,59.2054134],[24.804704500000017,59.2050222],[24.7929627,59.21557939999998],[24.7934701,59.22174239999996],[24.832332599999976,59.222316699999965],[24.8526202,59.2267848],[24.86775979999998,59.2279839],[24.895903399999984,59.224402],[24.91081380000001,59.2274402],[24.903425399999986,59.2064101],[24.904275199999983,59.186055300000014],[24.9057077,59.1822861],[24.923745100000012,59.1842342],[24.926848099999976,59.17667139999999],[24.921608800000012,59.1753845],[24.92576460000001,59.165447199999974],[24.923612900000027,59.16258280000001],[24.9293214,59.16117079999999],[24.924758,59.15543649999998],[24.9525098,59.1465252],[24.97445930000001,59.14386689999997],[24.980669,59.144495],[24.9848584,59.1474888],[24.998476600000025,59.13973729999997],[25.0090764,59.14334679999999],[25.012508,59.142327699999974],[25.0174255,59.133063299999975],[25.028159500000026,59.1281811],[25.0348458,59.1223093],[25.03513069999999,59.11904269999996],[25.05951859999998,59.1041936],[25.101264300000025,59.0961355],[25.12293579999998,59.095574700000014],[25.132645900000025,59.096464],[25.1383317,59.0992349],[25.14590959999999,59.09163],[25.156313499999985,59.0936721],[25.1781352,59.0858119],[25.1884379,59.08717460000001],[25.202443699999986,59.084242],[25.185925500000028,59.07514740000001],[25.1834797,59.071328299999976],[25.183573100000014,59.0686645],[25.204289199999977,59.05264249999997],[25.1927851,59.049702],[25.191731399999973,59.04800419999998],[25.19581560000001,59.0435933],[25.203262599999977,59.0399745],[25.200878,59.03615959999997],[25.232259500000026,59.034245],[25.2350664,59.03138149999997],[25.22548680000002,59.0310574],[25.22511880000002,59.0269342],[25.2528242,59.0269957],[25.2603302,59.022726599999984],[25.26283379999999,59.02483330000001],[25.269851,59.0233087],[25.274726,59.01989949999999],[25.263726100000014,59.01675379999998],[25.26855690000003,59.013721199999985],[25.273835599999984,59.0134126],[25.280116,59.010580799999964],[25.279033299999988,59.00849319999998],[25.293344299999987,59.0068343],[25.291379799999977,58.999893],[25.293596199999985,58.99739369999999],[25.300797599999985,58.9984973],[25.324539099999967,58.99166369999999],[25.33394370000002,58.9944252],[25.330432199999986,58.989980699999975],[25.28753460000002,58.9782178],[25.31278569999998,58.958516399999986],[25.305180900000014,58.92762389999998],[25.302403799999983,58.9251611],[25.303280900000026,58.9215797],[25.25812479999998,58.9083162],[25.247377900000032,58.8888852],[25.240273,58.889469099999985],[25.236475500000026,58.884012699999985],[25.2440526,58.882613],[25.244255,58.8776906],[25.24911170000001,58.8761117],[25.2465351,58.8740455],[25.261273100000018,58.869352399999975],[25.264252100000014,58.8712613],[25.266973700000012,58.8705094],[25.279518099999983,58.86191360000004],[25.268723099999978,58.8590892],[25.274948,58.8545607],[25.2600368,58.8438164],[25.26314479999998,58.84334029999999],[25.252481800000012,58.8364993],[25.2601921,58.8308588],[25.24189540000001,58.8208573],[25.237790599999975,58.82185810000002],[25.23886650000001,58.8167474],[25.22084019999998,58.80402669999998],[25.2019905,58.8083645],[25.195017199999985,58.800225799999986],[25.20588049999997,58.786963899999975],[25.21456380000001,58.7847812],[25.2316129,58.7678025],[25.2143781,58.76213869999997],[25.21663250000002,58.75329570000001],[25.20602039999997,58.7380242],[25.2003575,58.7341209],[25.2015423,58.7294315],[25.204189400000026,58.72829530000002],[25.20264070000003,58.7241589]]]}},{"type":"Feature","properties":{"shapeName":"Võru maakond","shapeISO":"EE-86","shapeID":"21999144B65356680713058","shapeGroup":"EST","shapeType":"ADM1"},"geometry":{"type":"Polygon","coordinates":[[[26.468118,57.57549090000001],[26.479748600000015,57.5813014],[26.48891879999998,57.59194229999998],[26.48600579999997,57.593227],[26.475328699999974,57.59231209999997],[26.451662099999986,57.59532609999998],[26.455687200000032,57.59940579999998],[26.458846,57.59691789999998],[26.463121500000028,57.599133],[26.4689461,57.59636589999999],[26.469313,57.5994998],[26.499690699999977,57.6267654],[26.4835124,57.63515759999997],[26.443421200000014,57.651594299999985],[26.4648029,57.671740499999984],[26.498983200000012,57.6886696],[26.50675680000003,57.696297],[26.503012100000014,57.69612209999998],[26.5045723,57.6998545],[26.498704700000022,57.70896479999998],[26.49356520000001,57.7087669],[26.4922554,57.7067068],[26.4886316,57.708008499999984],[26.491406799999986,57.70932730000001],[26.488023500000022,57.7140636],[26.492165499999974,57.7170935],[26.48843960000002,57.71886119999998],[26.4847215,57.7190599],[26.47289710000001,57.711233],[26.4695188,57.715391799999985],[26.47298130000003,57.7213649],[26.4598708,57.731955700000015],[26.4620318,57.73508789999999],[26.452311900000012,57.73597140000001],[26.451180299999987,57.73788039999999],[26.454369,57.7457568],[26.459751799999978,57.7440826],[26.468569300000024,57.7488831],[26.478833,57.747251699999964],[26.4966608,57.7551775],[26.489337199999973,57.7592307],[26.491996899999986,57.76267239999998],[26.49065140000003,57.7675733],[26.48339550000003,57.7717632],[26.4977581,57.774437199999966],[26.4975898,57.78539359999998],[26.485320700000017,57.7915315],[26.480087199999975,57.79142979999999],[26.462717800000025,57.7841422],[26.457911200000026,57.785904699999975],[26.4525526,57.783961900000016],[26.4470249,57.78421860000002],[26.4446136,57.781642599999984],[26.4398492,57.7817413],[26.4415586,57.787053499999956],[26.43689249999997,57.79486879999996],[26.421396300000016,57.795697899999965],[26.4211048,57.8038623],[26.415001600000025,57.8045151],[26.43043939999998,57.812900899999974],[26.430859900000026,57.8146622],[26.42895950000002,57.8217574],[26.419527399999975,57.82754059999997],[26.41880570000001,57.83232609999999],[26.42177219999998,57.8350093],[26.414506699999972,57.8408231],[26.4149147,57.844798799999985],[26.421397099999986,57.84573129999997],[26.4309507,57.8512673],[26.439135,57.8530433],[26.42793980000002,57.85744559999996],[26.4222345,57.866572399999974],[26.39642950000002,57.86796909999998],[26.389630099999984,57.87077179999998],[26.384569900000017,57.87025370000002],[26.3781625,57.87406089999999],[26.370877599999968,57.87576859999998],[26.3777462,57.8779526],[26.392244900000012,57.87931649999998],[26.39726319999998,57.89170510000002],[26.40540860000002,57.8983479],[26.4156674,57.9011298],[26.417783099999987,57.9076257],[26.4168641,57.9110083],[26.411744299999988,57.91474340000001],[26.413327400000032,57.922495699999985],[26.4042509,57.923826],[26.397045399999985,57.9280152],[26.40117169999997,57.9303112],[26.399731800000026,57.9326315],[26.40505149999998,57.934953800000024],[26.404678899999986,57.9373072],[26.41361729999997,57.941897599999976],[26.41783840000002,57.94076839999998],[26.42322020000002,57.93533],[26.4316145,57.9347445],[26.438024399999975,57.93563930000001],[26.4414661,57.9388261],[26.4512668,57.939656],[26.454548200000026,57.9421973],[26.46263389999999,57.9406478],[26.471863400000018,57.94209390000001],[26.474114799999974,57.9399249],[26.4815522,57.94088660000003],[26.4864758,57.938837099999986],[26.48583879999999,57.947947],[26.48797559999997,57.95087589999997],[26.49866479999998,57.9550141],[26.51001259999998,57.95294039999997],[26.5148743,57.94965539999998],[26.520621300000013,57.952177099999965],[26.5323255,57.9512497],[26.538486700000025,57.95457869999998],[26.54553,57.954575],[26.55445849999999,57.9511334],[26.561583300000024,57.9567482],[26.568068600000032,57.955825199999985],[26.572520699999973,57.95665939999998],[26.5776157,57.95496579999999],[26.5806366,57.94947770000001],[26.576840399999984,57.94691279999997],[26.585903600000027,57.94184669999998],[26.6023521,57.9462565],[26.5995641,57.9409679],[26.606256799999972,57.9379239],[26.61267050000003,57.9379548],[26.6135655,57.935326400000015],[26.6204729,57.935535499999986],[26.626558600000013,57.93252229999999],[26.627566499999983,57.93106320000001],[26.6218045,57.93086790000001],[26.624785500000016,57.928298599999955],[26.62783029999999,57.9310384],[26.631456899999982,57.93066970000002],[26.637104599999976,57.933212199999986],[26.654175700000025,57.936066099999984],[26.657058899999985,57.9305952],[26.662716699999972,57.9308504],[26.665013,57.929594299999984],[26.6701211,57.9312827],[26.6809862,57.931223],[26.687673700000012,57.93593629999999],[26.692533099999977,57.93660139999998],[26.69742860000002,57.934709199999986],[26.7007074,57.93931160000002],[26.704271,57.93891989999997],[26.711538,57.9419066],[26.719041899999983,57.9340499],[26.7285868,57.932435199999986],[26.73087659999997,57.93075839999997],[26.73628379999998,57.9319248],[26.7413264,57.92969149999997],[26.7483178,57.9307993],[26.7520717,57.92895649999998],[26.7506925,57.9267286],[26.756192299999984,57.92175489999999],[26.762317100000015,57.9255137],[26.775515400000018,57.929553],[26.779617,57.9269015],[26.79480829999998,57.9278698],[26.794415099999984,57.92966619999997],[26.798293,57.9294196],[26.798783500000013,57.924804100000024],[26.81034150000002,57.91556820000001],[26.81265690000001,57.9173949],[26.8273687,57.9196832],[26.829521099999972,57.922083],[26.84244,57.9246686],[26.8509796,57.9252223],[26.8656167,57.9223305],[26.888701,57.9269957],[26.8986447,57.9265755],[26.898091600000022,57.917635900000015],[26.912494599999974,57.9260255],[26.9206341,57.92488229999998],[26.94020039999997,57.9289459],[26.940324,57.93159949999998],[26.945638800000026,57.9325374],[26.958284,57.93857759999998],[26.97081569999999,57.9403816],[26.9717889,57.92430929999997],[26.977356699999987,57.919540099999985],[26.97835640000001,57.9206662],[26.98609169999998,57.9200054],[26.98699619999999,57.91601710000001],[26.9959766,57.91471809999999],[26.99756070000003,57.91890320000002],[27.001470600000015,57.9182628],[27.000854600000018,57.914297],[27.010911699999983,57.91381],[27.01778839999998,57.915543499999984],[27.020508599999985,57.9136026],[27.018914799999983,57.912800400000016],[27.02469969999997,57.912268900000015],[27.053099,57.9144024],[27.0525897,57.9100193],[27.0871651,57.9063918],[27.08805690000003,57.908751399999964],[27.079772,57.91216589999998],[27.076303800000026,57.91657779999997],[27.070179800000023,57.9183338],[27.06579640000003,57.9283832],[27.054221,57.93505009999998],[27.0594268,57.938452200000015],[27.05896460000002,57.9422254],[27.068045299999977,57.942593799999976],[27.067474899999972,57.94730969999998],[27.0787706,57.94868849999996],[27.091993800000022,57.9468595],[27.116002599999984,57.9571871],[27.11685980000003,57.95370879999997],[27.11283620000001,57.9494198],[27.121044900000026,57.94717890000001],[27.1202724,57.9460571],[27.139964799999984,57.94798989999999],[27.157521900000013,57.9328076],[27.1597771,57.923825399999984],[27.175297199999985,57.9272762],[27.178848800000015,57.9267448],[27.1774726,57.92482780000002],[27.1824388,57.9222612],[27.186679599999984,57.9153391],[27.18939580000002,57.91754790000001],[27.214059299999985,57.91901859999998],[27.21272110000003,57.914341299999954],[27.228528800000028,57.9100795],[27.2295001,57.90793309999999],[27.23661519999999,57.9084497],[27.240508799999986,57.904790900000016],[27.2628691,57.90873469999996],[27.286723800000026,57.8991089],[27.293468600000022,57.899100699999984],[27.296464899999986,57.8975062],[27.3014544,57.9023],[27.29857489999997,57.9053719],[27.29997780000001,57.9164293],[27.311034699999972,57.916459],[27.313975399999986,57.9068867],[27.307378200000013,57.9049445],[27.31613720000002,57.90064649999997],[27.325267200000024,57.902388899999956],[27.3353696,57.89879939999996],[27.338990499999984,57.894045100000014],[27.3312,57.8869107],[27.32599779999999,57.8876821],[27.3227561,57.88001640000002],[27.310472,57.880245],[27.3121942,57.87821649999998],[27.306512,57.87551389999999],[27.30632710000002,57.87339720000002],[27.29218339999998,57.8749033],[27.293120500000025,57.869441],[27.290758599999986,57.8660483],[27.280778799999986,57.8617089],[27.273762300000016,57.84472189999999],[27.307112,57.8438802],[27.309887,57.836578],[27.3154212,57.8314943],[27.328455900000034,57.83034019999998],[27.330358200000017,57.823935499999976],[27.333464300000013,57.82414029999999],[27.334722299999978,57.82265029999998],[27.338764100000024,57.82188840000002],[27.3480838,57.82454740000002],[27.34990709999998,57.8232639],[27.34764890000001,57.81880119999999],[27.357492,57.81776],[27.35801,57.821096],[27.361467,57.820674],[27.361333,57.822048],[27.364495,57.822657],[27.360698,57.825181],[27.365766,57.827943],[27.369769,57.8266051],[27.370427,57.827885],[27.372852,57.827391],[27.3759112,57.83050750000001],[27.37418810000003,57.8321843],[27.37679,57.831557],[27.379421,57.835497],[27.3830251,57.8345539],[27.384308,57.832094],[27.389495,57.835267],[27.394268,57.83534],[27.395603,57.837839],[27.399036,57.836629],[27.404927,57.839279],[27.405995099999984,57.83770229999999],[27.409862,57.837511],[27.417527,57.84056],[27.420541,57.839046],[27.4213,57.840156],[27.422224,57.838998],[27.425384,57.839888],[27.428072,57.838189],[27.431896,57.838828],[27.437742500000017,57.8374013],[27.442336,57.839374],[27.446243,57.83921859999999],[27.4540811,57.83647589999999],[27.461403,57.836657],[27.464825,57.83427],[27.472236,57.833903],[27.4717459,57.835660399999966],[27.476462,57.834986],[27.479667,57.836182],[27.4849083,57.8334801],[27.4907547,57.834548],[27.492852,57.832307],[27.494801099999986,57.8333655],[27.499405,57.831771],[27.501631200000016,57.83262149999999],[27.504927,57.830479],[27.5113246,57.8328965],[27.5151747,57.8309595],[27.5155312,57.8320272],[27.5225551,57.8310688],[27.530396899999978,57.83232819999998],[27.5313549,57.83065439999997],[27.541775,57.834116],[27.549078,57.831919],[27.55392590000002,57.83187469999998],[27.5543398,57.8270414],[27.5517352,57.82696929999997],[27.5512513,57.821725899999976],[27.546036099999966,57.824048799999986],[27.54157359999999,57.8231763],[27.543038100000032,57.816826499999976],[27.549897599999976,57.817026],[27.554137500000017,57.8142699],[27.539111,57.813901399999985],[27.5390977,57.81096660000002],[27.5426482,57.80844819999998],[27.535585100000013,57.80856619999999],[27.532252500000023,57.806735099999976],[27.536157699999983,57.8051033],[27.538114100000012,57.80149629999997],[27.53361929999998,57.796638],[27.53622939999997,57.794169499999974],[27.5280572,57.7897619],[27.5198599,57.7898172],[27.520775,57.792658],[27.51740040000002,57.793004],[27.503680700000018,57.788943300000014],[27.501684300000022,57.7916825],[27.494324,57.78890190000001],[27.4972895,57.7854666],[27.5062157,57.7832809],[27.51249089999999,57.77567579999999],[27.505775300000018,57.772319500000016],[27.507831900000017,57.763547],[27.514299400000013,57.7627919],[27.5181459,57.7593247],[27.52637580000003,57.757257199999984],[27.5278074,57.7541732],[27.513289300000018,57.75256269999997],[27.511308399999983,57.7507166],[27.527314,57.7516576],[27.529511900000024,57.7451782],[27.527857900000015,57.741372699999985],[27.545464300000024,57.7333366],[27.542296900000018,57.73324419999998],[27.541146,57.7311462],[27.526642,57.73106270000001],[27.52153330000002,57.71594259999997],[27.525588499999973,57.7094144],[27.5181949,57.70928869999998],[27.506889600000015,57.71370329999998],[27.50694809999999,57.7080337],[27.501168600000025,57.7064181],[27.497026499999976,57.7080838],[27.4903226,57.71736450000002],[27.49257209999998,57.7228823],[27.486223,57.7199671],[27.4721776,57.71684519999999],[27.46948239999998,57.7087544],[27.461863800000028,57.7072272],[27.45166159999998,57.71668289999999],[27.44700269999998,57.717408699999986],[27.428868,57.70859009999998],[27.428713500000015,57.705879],[27.424994099999974,57.70338549999999],[27.426819,57.699812099999974],[27.41108990000001,57.7004764],[27.414270299999973,57.695973899999984],[27.405805,57.69404810000001],[27.4013309,57.6860261],[27.3892391,57.685823],[27.39186939999998,57.67821889999997],[27.3842534,57.6751976],[27.381354500000022,57.67593189999999],[27.3825593,57.6742876],[27.378026300000023,57.6723704],[27.37631480000002,57.6686565],[27.381221599999986,57.660940199999985],[27.37748309999997,57.6584507],[27.38501430000002,57.6550762],[27.3775879,57.64851959999997],[27.381309600000026,57.647598],[27.378420099999982,57.6443068],[27.380651199999978,57.6427594],[27.387561799999972,57.6424584],[27.3855564,57.64044869999998],[27.38744320000003,57.6390143],[27.39904710000001,57.6366716],[27.40100419999998,57.632862],[27.400444099999977,57.6242375],[27.3960127,57.622276],[27.387549399999987,57.62177070000001],[27.3888015,57.61600579999997],[27.401141900000017,57.616935300000016],[27.404756699999986,57.6125735],[27.3841213,57.60358589999998],[27.37772240000003,57.59607259999998],[27.372617399999978,57.597769600000014],[27.356597700000027,57.59779039999997],[27.34060239999998,57.5905731],[27.3402687,57.58581059999999],[27.3282815,57.58078259999998],[27.317455300000017,57.5799842],[27.33046249999999,57.57053790000001],[27.3327877,57.565064],[27.33027710000003,57.55963890000002],[27.33586390000002,57.55885809999998],[27.33479009999997,57.5566914],[27.33757820000001,57.5534592],[27.3363075,57.54623629999996],[27.3406873,57.5456295],[27.340635200000026,57.54391829999999],[27.342695,57.54436059999998],[27.3444043,57.537464],[27.3489748,57.5351886],[27.3494358,57.53102779999998],[27.34571960000002,57.52952289999998],[27.350576,57.52833379999998],[27.34959070000003,57.5256897],[27.3528938,57.525484100000014],[27.3506332,57.51771690000002],[27.3471154,57.5219401],[27.3257477,57.52349169999998],[27.29722460000001,57.53974819999998],[27.28077130000003,57.53738420000001],[27.2753323,57.54390569999996],[27.2661536,57.5443326],[27.2652303,57.548845499999985],[27.257960100000016,57.550780899999964],[27.248696499999983,57.54868969999998],[27.22550910000002,57.5546678],[27.194215799999988,57.550584],[27.161393599999986,57.56051969999998],[27.1173651,57.5620583],[27.108879499999986,57.5655],[27.102132100000013,57.565692599999984],[27.10047480000003,57.5684265],[27.08830860000002,57.57348179999999],[27.08737130000003,57.5767644],[27.0758706,57.5768578],[27.0683076,57.581292300000015],[27.055839899999985,57.58266329999996],[27.0469356,57.58065929999997],[27.046611199999983,57.5822935],[27.033627100000015,57.58516379999997],[27.04137240000001,57.58755810000002],[27.04459669999999,57.5967726],[27.031447300000018,57.6045174],[26.995210300000032,57.60459079999997],[26.9926947,57.610831],[26.9874468,57.60908429999998],[26.9834055,57.6122389],[26.978940100000013,57.61153319999998],[26.97542250000002,57.61269229999998],[26.9707971,57.6047986],[26.95961480000002,57.6063839],[26.957031,57.604528],[26.945588399999973,57.602782300000015],[26.9399136,57.60907659999997],[26.9511922,57.61548039999998],[26.950463399999986,57.62051430000002],[26.94020769999998,57.6199169],[26.93295089999997,57.623731],[26.9301818,57.6234559],[26.9300627,57.63015],[26.92629340000002,57.63331670000002],[26.9068693,57.6331125],[26.8996731,57.630591699999954],[26.900513700000015,57.629213199999974],[26.895810600000022,57.625830799999974],[26.88662310000003,57.62158629999997],[26.86455630000003,57.61582889999996],[26.86082249999998,57.6110539],[26.857766400000028,57.61095239999997],[26.859335199999975,57.60892309999998],[26.8643469,57.608388800000014],[26.861144499999973,57.6023418],[26.857572599999987,57.60093389999999],[26.8594125,57.596476199999984],[26.8636162,57.594296100000015],[26.861667,57.5920418],[26.8464519,57.5892916],[26.834215300000018,57.58294769999996],[26.81684720000003,57.5812052],[26.809652900000025,57.584439],[26.80083,57.58295419999999],[26.7968845,57.58183729999998],[26.798901099999984,57.5805456],[26.79463020000003,57.577814],[26.795584599999977,57.5755027],[26.79280089999999,57.57332359999998],[26.78196110000002,57.57860279999997],[26.782481,57.580662],[26.778516499999984,57.5805855],[26.781109399999984,57.576237599999985],[26.786848500000033,57.5752906],[26.7820695,57.5726488],[26.775017899999987,57.561255],[26.776604399999982,57.5599642],[26.7700842,57.560376799999986],[26.7629448,57.56321],[26.753626500000024,57.5623873],[26.7733803,57.5743927],[26.76778070000001,57.5774166],[26.749034300000012,57.5776749],[26.752696100000023,57.5801596],[26.7378045,57.5876971],[26.7290393,57.58025],[26.737810699999986,57.5758701],[26.730801199999984,57.56927369999999],[26.7237591,57.5723994],[26.7123843,57.5668355],[26.708276300000016,57.566381],[26.70049460000002,57.570873500000026],[26.6970767,57.57078909999997],[26.697333499999978,57.567357499999964],[26.6922834,57.5661261],[26.675900799999972,57.56665430000001],[26.66970739999998,57.56303619999997],[26.67246320000002,57.56154810000002],[26.6699304,57.56070489999997],[26.672394199999978,57.558085700000014],[26.671507400000014,57.5542916],[26.664658099999976,57.5530575],[26.647076,57.5540084],[26.64281069999997,57.54655159999998],[26.634499099999978,57.54353489999998],[26.6146166,57.5292869],[26.616935300000026,57.5093539],[26.613070299999972,57.511386],[26.605184700000024,57.5113346],[26.60533680000001,57.514623],[26.5961061,57.5136107],[26.59513429999998,57.515760499999985],[26.588594300000025,57.51716049999997],[26.592672,57.52014209999997],[26.5897357,57.52256730000001],[26.5916618,57.5245486],[26.587153900000025,57.52618730000001],[26.589131800000015,57.52787749999999],[26.58605250000002,57.5299344],[26.5889269,57.5364342],[26.584881900000013,57.539879399999975],[26.578841,57.536701600000015],[26.5792109,57.533685099999985],[26.567773399999982,57.531795],[26.5612216,57.5281581],[26.5610885,57.52262],[26.566225599999985,57.519532],[26.5574271,57.51394589999999],[26.524905,57.516248],[26.499866799999975,57.5245087],[26.490973099999984,57.54546710000001],[26.468118,57.57549090000001]]]}},{"type":"Feature","properties":{"shapeName":"Jõgeva maakond","shapeISO":"EE-49","shapeID":"21999144B65964655866417","shapeGroup":"EST","shapeType":"ADM1"},"geometry":{"type":"Polygon","coordinates":[[[26.708620200000027,58.96264189999999],[26.711319099999976,58.953467],[26.72026920000001,58.95348939999998],[26.7220911,58.95033870000002],[26.735530500000014,58.947197899999985],[26.7390784,58.94311539999999],[26.72960839999998,58.9318245],[26.7388876,58.927416],[26.7435277,58.92782940000003],[26.746133400000012,58.9171921],[26.737608099999974,58.9156221],[26.737616600000027,58.907826600000014],[26.745127200000013,58.89456639999998],[26.74395380000002,58.8898297],[26.755128,58.8802206],[26.7649781,58.8804881],[26.7884694,58.8861961],[26.814041600000017,58.88486959999999],[26.83438840000002,58.887252899999964],[26.8397948,58.896094799999986],[26.86408289999999,58.89257670000002],[26.8964134,58.8921433],[26.923042,58.88300509999996],[26.93379620000001,58.868613399999965],[26.9446009,58.870599],[26.950588,58.865692899999985],[26.952385200000027,58.8671764],[26.95653659999997,58.86663639999998],[26.953685399999973,58.864704099999976],[26.955293900000022,58.86374369999998],[26.9501256,58.847893899999974],[26.954282200000023,58.84648309999997],[26.951223,58.8456705],[26.95048769999998,58.8398774],[26.948203,58.8398938],[26.9499561,58.837805099999976],[26.94760809999998,58.83764470000001],[26.94931779999997,58.836723],[26.947453299999978,58.8364536],[26.946646,58.82903960000003],[26.9491299,58.828466499999955],[26.946124699999974,58.82890290000001],[26.94863649999998,58.828331200000015],[26.946650500000025,58.8284697],[26.9458798,58.825111399999976],[26.953416,58.804138],[26.9667183,58.7898863],[26.97167520000003,58.78571080000001],[26.974080100000027,58.78581289999998],[26.97328,58.78472840000001],[26.980245,58.782623299999976],[26.978438499999978,58.7817697],[26.976110799999972,58.78284290000002],[26.9775822,58.7817019],[26.9855171,58.780486899999985],[26.997989,58.77501320000002],[26.99934390000002,58.77603869999999],[27.000614299999977,58.77436739999999],[27.0047652,58.77541150000002],[27.0043988,58.77381219999999],[27.0064169,58.7748534],[27.0085899,58.773833499999974],[27.0089837,58.77495970000002],[27.0112086,58.7736744],[27.012971800000024,58.7752707],[27.01255180000003,58.77267429999998],[27.01475820000002,58.77418979999999],[27.019763100000016,58.772710300000014],[27.026561900000026,58.77341469999998],[27.026240799999982,58.77217370000001],[27.0293619,58.77378349999998],[27.029662,58.77178580000001],[27.031571400000022,58.7727764],[27.0445706,58.768918699999986],[27.058226100000017,58.75998790000001],[27.09565040000002,58.742444699999986],[27.10897429999999,58.7297292],[27.12180209999999,58.72142489999996],[27.120871499999982,58.71960609999998],[27.12735359999999,58.7150624],[27.12581190000002,58.71461329999999],[27.12749020000002,58.71497319999999],[27.1364556,58.7071441],[27.1544278,58.69630739999998],[27.1599248,58.69098279999997],[27.1633977,58.68279610000001],[27.135139,58.6773597],[27.13425409999999,58.68112090000001],[27.128981900000014,58.679792899999974],[27.1278228,58.6824451],[27.093485500000014,58.6753762],[27.078334,58.670641899999985],[27.07802649999997,58.66890149999997],[27.0879714,58.66401929999997],[27.0836594,58.6626842],[27.081657599999986,58.6584721],[27.0834478,58.6565684],[27.07483589999998,58.6520279],[27.073389200000015,58.65426989999998],[27.0659428,58.6548255],[27.060944700000025,58.6570359],[27.045038699999978,58.651883],[27.045774300000023,58.64680089999999],[27.028707099999973,58.6429812],[27.0229263,58.64538550000001],[27.01925930000002,58.6452485],[27.019839299999973,58.6436077],[27.002171500000028,58.6406777],[27.001291,58.63932830000001],[27.00394760000002,58.63883640000001],[27.00063750000002,58.635669700000015],[27.0058623,58.633932299999984],[27.00829,58.6353942],[27.01955720000003,58.63628129999996],[27.024537299999984,58.62925209999998],[27.0161295,58.6228068],[27.021311800000014,58.6177706],[27.022747499999976,58.6100379],[27.03272929999999,58.607858499999985],[27.030859900000024,58.5931248],[27.0133213,58.59333229999998],[27.0128872,58.59567029999997],[27.007263799999986,58.596114499999985],[27.00636190000002,58.6050528],[27.002524,58.6059279],[26.999120400000024,58.6110751],[26.9875975,58.6126659],[26.988673200000033,58.6151129],[26.986333099999975,58.617154499999984],[26.978790199999988,58.613919],[26.98249809999998,58.60672169999997],[26.9778412,58.6056518],[26.9733664,58.61115019999998],[26.96878429999999,58.6119061],[26.966936,58.60792839999997],[26.9618668,58.6064955],[26.93065569999997,58.62180830000001],[26.871427,58.63420919999997],[26.8667566,58.63207209999999],[26.86128630000002,58.63294060000001],[26.8471728,58.58803059999999],[26.8510783,58.5757259],[26.825527700000027,58.57514729999998],[26.8255846,58.5716183],[26.829765900000027,58.56988120000002],[26.8302588,58.5662935],[26.807992700000025,58.565439699999985],[26.8083677,58.562660799999975],[26.80404019999998,58.56346339999997],[26.797953499999988,58.560560799999976],[26.796117199999987,58.55659569999999],[26.7730288,58.561044],[26.755128500000016,58.55202549999998],[26.7399751,58.55961629999999],[26.7369579,58.554593799999985],[26.738590199999987,58.550505],[26.73081160000002,58.54940969999996],[26.7124633,58.54197660000001],[26.703737600000025,58.5460468],[26.700813499999988,58.54952],[26.694416400000026,58.55042490000001],[26.69087,58.556076099999984],[26.6836233,58.561325799999985],[26.660599599999983,58.568518],[26.667447899999985,58.560964099999964],[26.65093160000001,58.5542472],[26.643234600000024,58.5457913],[26.64255790000003,58.532176],[26.652305100000014,58.52683519999997],[26.646776399999975,58.525416399999955],[26.65021070000002,58.5239405],[26.642987300000023,58.5226993],[26.63186789999999,58.523448],[26.627860799999976,58.5207317],[26.619528200000026,58.521213],[26.607686399999977,58.5154438],[26.574798,58.52895979999999],[26.56392640000001,58.53608209999997],[26.5493537,58.52780750000003],[26.541560199999985,58.53113249999997],[26.533039400000025,58.53070339999998],[26.52062630000003,58.53454660000002],[26.5212463,58.5379886],[26.536467900000023,58.538207499999984],[26.5393526,58.54006550000001],[26.544351199999976,58.5460053],[26.5364199,58.546858199999974],[26.503460199999967,58.544661200000014],[26.504602700000017,58.54246049999998],[26.497323099999985,58.54411479999999],[26.48570649999997,58.5381294],[26.4977552,58.53389529999997],[26.489221499999985,58.52935949999997],[26.4858097,58.530240499999984],[26.482069799999984,58.52889889999999],[26.460298,58.5384157],[26.451044600000024,58.53589570000001],[26.449979100000018,58.5376557],[26.44230149999999,58.5347198],[26.435881500000033,58.54012939999998],[26.4231509,58.53710089999997],[26.41946009999997,58.533312],[26.424101800000027,58.5307427],[26.420439100000017,58.5293295],[26.415585,58.5311682],[26.413331499999973,58.52990359999998],[26.407324299999974,58.5306069],[26.40039219999997,58.5179272],[26.395174400000013,58.51447409999999],[26.39965229999998,58.5138001],[26.40238360000001,58.507208],[26.38408810000002,58.512913],[26.37979510000003,58.5275835],[26.3608265,58.53447949999996],[26.3518357,58.5334552],[26.341058900000032,58.5354798],[26.3406294,58.5307089],[26.333041200000014,58.524804599999975],[26.327875300000017,58.525086],[26.303021799999975,58.52037709999998],[26.2222676,58.48768149999998],[26.20713639999999,58.49390059999999],[26.202687,58.49427150000002],[26.187260399999985,58.486735],[26.16722109999999,58.4991866],[26.1569706,58.49474189999997],[26.1560054,58.4923898],[26.162330299999972,58.49056309999998],[26.1561348,58.48677379999997],[26.153005199999974,58.48740769999997],[26.1562932,58.484961699999985],[26.1532836,58.4837055],[26.15566909999997,58.4819631],[26.1515771,58.48198739999999],[26.1498129,58.4837282],[26.15047849999997,58.4801326],[26.145006399999986,58.4800028],[26.1500845,58.4769889],[26.147067400000026,58.47564189999996],[26.151012899999987,58.4750465],[26.1448948,58.4733413],[26.147007900000016,58.472161],[26.14441449999997,58.470868],[26.0920588,58.502096699999974],[26.0808186,58.496756899999966],[26.0238927,58.5224213],[26.021737300000026,58.5563234],[25.999420399999977,58.54707410000002],[25.9962485,58.54705509999999],[25.9952025,58.54906039999999],[25.97569850000002,58.55743],[25.969697,58.55516449999997],[25.967123299999972,58.5557809],[25.970287,58.559031],[25.96775069999999,58.56518269999997],[25.963662299999967,58.56533759999998],[25.96122479999999,58.5672331],[25.9588634,58.5664753],[25.955916299999984,58.5687798],[25.96135130000003,58.5734497],[25.95872820000002,58.57438589999996],[25.9618142,58.5762846],[25.966359599999976,58.57634],[25.955577,58.58579269999998],[25.95722330000001,58.588558],[25.9394378,58.58959039999998],[25.927364,58.592091199999984],[25.900442899999987,58.6013802],[25.895477399999983,58.6005676],[25.8933935,58.6035327],[25.883774300000013,58.60537019999999],[25.870115599999988,58.60556819999997],[25.845341700000027,58.6026175],[25.831867700000025,58.5987076],[25.808289699999985,58.598901900000016],[25.759378599999987,58.604878700000015],[25.7502504,58.6125086],[25.7532058,58.6137446],[25.757723199999987,58.612590800000014],[25.76342110000003,58.61348810000002],[25.7642589,58.61562849999996],[25.767332100000026,58.6153977],[25.770860599999985,58.61807670000002],[25.770735099999985,58.6219907],[25.777983300000027,58.6208636],[25.78814880000003,58.621668],[25.798386700000023,58.6299697],[25.792484,58.6504938],[25.784033,58.65282749999999],[25.768699799999986,58.6521051],[25.78122169999998,58.659953799999975],[25.784719,58.6678802],[25.78651119999999,58.686914499999986],[25.77826930000003,58.689776899999984],[25.786245700000013,58.6948944],[25.7918648,58.7023377],[25.7959251,58.715465899999984],[25.807498299999985,58.7141685],[25.809345900000025,58.72065169999998],[25.812387200000014,58.719179],[25.816868499999988,58.72023530000002],[25.844639,58.73286980000002],[25.837130900000023,58.73469379999999],[25.8415531,58.7390128],[25.829875599999983,58.7468506],[25.83396679999999,58.750904],[25.84635839999998,58.752543699999976],[25.851044499999986,58.7504075],[25.865012299999968,58.74867079999997],[25.865745,58.7532221],[25.8824835,58.759191],[25.8783552,58.763119],[25.880073,58.77289059999998],[25.881664499999978,58.77185439999999],[25.89607069999999,58.772922],[25.90447420000002,58.771517],[25.90992579999998,58.7679581],[25.921981399999986,58.764109],[25.9280827,58.75460839999999],[25.9258651,58.751726],[25.929612500000022,58.751210499999964],[25.938293200000025,58.7531855],[25.942020600000014,58.75703639999997],[25.9521891,58.7587792],[25.95801690000003,58.76358869999996],[25.96918559999998,58.7658467],[25.9706396,58.767515899999985],[25.967948900000014,58.7724297],[25.97114720000003,58.7742775],[25.970632900000027,58.784204099999975],[25.962597500000022,58.79116679999997],[25.96530509999997,58.795684499999965],[25.956784300000013,58.80334869999999],[25.958720099999987,58.8066298],[25.95624,58.807998499999975],[25.969575400000025,58.81526920000001],[25.973493,58.81471309999996],[25.9736635,58.8175093],[25.98014,58.81800659999998],[25.9883723,58.8135429],[25.9939707,58.814609900000015],[26.001508799999982,58.8128419],[26.010714900000025,58.817047800000026],[26.013134500000014,58.81654859999997],[26.012415200000017,58.81825879999998],[26.0155628,58.8194323],[26.0123241,58.8257204],[26.01579060000001,58.83138239999999],[26.029898700000015,58.82801309999997],[26.03833250000003,58.8287035],[26.04894949999999,58.834079799999955],[26.051840599999977,58.8324003],[26.05952789999999,58.83266349999999],[26.0673299,58.83529350000002],[26.0740003,58.83315279999998],[26.085166299999987,58.8340461],[26.089626100000014,58.836630199999966],[26.093506099999974,58.835995],[26.098648900000025,58.83733779999998],[26.122197500000027,58.8373566],[26.126226700000014,58.836281],[26.133149799999977,58.83909720000002],[26.129530099999975,58.84320939999997],[26.128432100000026,58.85881310000001],[26.116412200000024,58.8632916],[26.126507099999987,58.86899229999999],[26.13056189999999,58.8751055],[26.127335599999988,58.8777363],[26.13459340000003,58.8780628],[26.137602799999982,58.87984319999999],[26.136041400000014,58.880972],[26.1408203,58.88187279999998],[26.14364939999998,58.8843978],[26.1437929,58.882534200000016],[26.147122299999985,58.8829311],[26.14959670000001,58.880967800000015],[26.1582681,58.88143009999999],[26.156190699999986,58.8830272],[26.161685,58.8850258],[26.1575781,58.8893623],[26.1727421,58.8919276],[26.20058309999997,58.891564599999974],[26.2401914,58.8933805],[26.268784899999968,58.8985323],[26.26571859999999,58.9035352],[26.27083120000003,58.90631349999999],[26.2699311,58.9131533],[26.280510499999984,58.9145464],[26.286224900000022,58.910106],[26.290411,58.911565],[26.292829,58.917363499999965],[26.31220349999999,58.920984499999975],[26.338169199999975,58.92132319999997],[26.3451044,58.9080714],[26.336488200000023,58.90567729999999],[26.337104099999987,58.9041972],[26.3404064,58.90165180000001],[26.34759569999999,58.90110389999999],[26.35126730000001,58.89431279999999],[26.362525699999978,58.88992859999998],[26.365687,58.8808521],[26.3754686,58.8815755],[26.37595,58.8775761],[26.403033900000025,58.87908359999997],[26.4118837,58.8769297],[26.42096440000002,58.87971009999998],[26.415734600000025,58.8838697],[26.428891900000032,58.8874938],[26.4500064,58.8880269],[26.448928599999988,58.89803290000001],[26.463194299999977,58.8996954],[26.466689500000022,58.90500689999997],[26.46053269999997,58.90964839999997],[26.457146600000026,58.9216936],[26.476510400000013,58.923057399999976],[26.47257810000001,58.9339983],[26.4753126,58.935760099999975],[26.4916378,58.93734769999999],[26.488870499999972,58.94399509999999],[26.505638599999973,58.945754],[26.50928790000002,58.94453559999999],[26.5102969,58.946469799999974],[26.526982300000014,58.948322699999984],[26.542583,58.9436435],[26.540657,58.9397052],[26.5450303,58.9362665],[26.539830399999975,58.933174499999964],[26.565352800000014,58.933116799999986],[26.5800847,58.93620290000001],[26.61261580000002,58.94650460000001],[26.61883710000002,58.9508119],[26.628806600000026,58.9538533],[26.697372,58.9689224],[26.698357799999975,58.9636899],[26.704304,58.9614903],[26.708620200000027,58.96264189999999]]]}}],"meta":{"provider":"geoBoundaries","license":"Open Data Commons Open Database License 1.0","sourceName":"OpenStreetMap, Wambacher","sourceDataUpdateDate":"Thu Jan 19 07:31:04 2023","sourceUrl":"wambachers-osm.website/boundaries/"}}