{"type":"FeatureCollection","crs":{"type":"name","properties":{"name":"urn:ogc:def:crs:OGC:1.3:CRS84"}},"features":[{"type":"Feature","properties":{"shapeName":"Eastern Cape","shapeISO":"EC","shapeID":"76434192B98113213215773","shapeGroup":"ZAF","shapeType":"ADM1"},"geometry":{"type":"Polygon","coordinates":[[[30.193859794000048,-31.081260201999953],[30.181620003000035,-31.100969997999982],[30.17424999800005,-31.10557999799994],[30.17433999700006,-31.11243000099995],[30.172190001000047,-31.11628000199994],[30.162819997000042,-31.12085000099995],[30.16146000300006,-31.12521999599994],[30.158460008000077,-31.127329998999983],[30.15518,-31.139290007999932],[30.123530002000052,-31.162519989999964],[30.126890004000074,-31.164199998999948],[30.12681000200007,-31.16645000099993],[30.11955000100005,-31.177979998999945],[30.113740002000043,-31.18314000299995],[30.09766999900006,-31.187609995999935],[30.102099999000075,-31.18930000299997],[30.102400009000064,-31.19206000099996],[30.096760003000043,-31.19353999799995],[30.085200003000068,-31.21108999699993],[30.07047000600005,-31.220749996999984],[30.068609998000056,-31.228109996999933],[30.069319998000026,-31.23714999699996],[30.05645000100003,-31.245090002999973],[30.04839,-31.246730002999982],[30.045540003000042,-31.25193],[30.0452,-31.257739998999966],[30.039459996000062,-31.262529997999934],[30.037840001000063,-31.266990000999954],[30.01751999700008,-31.28392999899995],[30.01064,-31.287169997999968],[30.013469993000058,-31.28906000099994],[30.01192000800006,-31.29352000399996],[29.995480001000033,-31.30860999899994],[29.984700003000057,-31.313009996999938],[29.98205000100006,-31.316080002999968],[29.97519999800005,-31.319289998999977],[29.972730004000027,-31.319840003999957],[29.9708,-31.318639995999945],[29.96527999700004,-31.32077000399994],[29.96659999800005,-31.32460999899996],[29.968769999000074,-31.32549999799994],[29.96854,-31.32778000199994],[29.964450003000024,-31.329250000999934],[29.964580003000037,-31.33528],[29.959980002000066,-31.339989997999965],[29.957959998000035,-31.34498999899995],[29.94191,-31.35489000399997],[29.938580001000048,-31.362560002999942],[29.92144999800007,-31.37086999899998],[29.91925000300006,-31.374839993999956],[29.91245999700004,-31.38047000199998],[29.905189997000036,-31.381469996999954],[29.90451,-31.385040000999936],[29.907349999000076,-31.389229995999983],[29.905099998000026,-31.39347999699993],[29.874670003000062,-31.407240000999934],[29.873740003000023,-31.414219996999975],[29.868059997000046,-31.422409997999978],[29.862919997000063,-31.423919996999928],[29.859549997000045,-31.429059996999968],[29.85365999700008,-31.43034999599996],[29.84646,-31.43427000099996],[29.834459999000046,-31.443250002999946],[29.82336000300006,-31.44260000099996],[29.81073000300006,-31.444119997999962],[29.80423999900006,-31.442269995999936],[29.785560003000057,-31.44461999599997],[29.783289997000054,-31.443520002999946],[29.776319999000066,-31.448239998999952],[29.770110001000035,-31.445049998999934],[29.769599997000057,-31.44908999699993],[29.764139998000076,-31.44944999599994],[29.76649999600005,-31.451119998999957],[29.765010001000064,-31.452759998999966],[29.759189996000032,-31.45239000099997],[29.740079998000056,-31.466830001999938],[29.73826999700003,-31.464400000999944],[29.734830002000024,-31.467450001999964],[29.73334999700006,-31.47543000199994],[29.734300002000055,-31.479080006999936],[29.72939,-31.483109998999964],[29.72420999900004,-31.48203000199993],[29.72044999800005,-31.48322000299993],[29.722709998000028,-31.49201],[29.72177,-31.495649998999966],[29.718139999000073,-31.49603000299993],[29.71533000200003,-31.49851000299998],[29.710900002000074,-31.50792],[29.695130001000052,-31.52645999699996],[29.69013,-31.52830999899993],[29.686040002000027,-31.527540001999967],[29.684010009000076,-31.5361],[29.678660007000076,-31.53938],[29.67024999700004,-31.549179998999932],[29.665480002000038,-31.551879991999954],[29.662160002000064,-31.54832000199997],[29.65307000300004,-31.556249994999973],[29.63654000300005,-31.563830001999975],[29.633369999000024,-31.567820001999962],[29.633459991000052,-31.57093999799997],[29.630179999000063,-31.57288],[29.62946000900007,-31.577030002999948],[29.62517,-31.58179],[29.626790003000053,-31.583299998999962],[29.62577000300007,-31.58493999899997],[29.60756000300006,-31.59313999899996],[29.608670003000043,-31.59569000199997],[29.60400999600006,-31.596750002999954],[29.60279,-31.599950000999968],[29.596980001000077,-31.603919995999945],[29.59462999400006,-31.60390999799995],[29.592020001000037,-31.607009997999967],[29.58270000300007,-31.60882],[29.555699998000023,-31.623160002999953],[29.549102998000023,-31.628037998999957],[29.54858000300004,-31.63163000199995],[29.553479999000047,-31.63500000099998],[29.55143000100003,-31.637700001999974],[29.54787000300007,-31.63810000099994],[29.544810004000055,-31.642570001999957],[29.54222999800004,-31.642249995999975],[29.535730003000026,-31.64728],[29.530650008000066,-31.64747999599996],[29.527280001000065,-31.650290000999973],[29.524159996000037,-31.647999997999932],[29.520359994000046,-31.648370002999968],[29.514219999000034,-31.655749998999966],[29.50619,-31.65575999699996],[29.501970002000064,-31.66213999699994],[29.50208999700004,-31.66456999899998],[29.49620000400006,-31.665220000999966],[29.492159997000044,-31.66834999599996],[29.493500003000065,-31.67055999699994],[29.47752999900007,-31.674880000999963],[29.473119995000047,-31.67759999799995],[29.45931,-31.676269997999952],[29.44570999900003,-31.680969997999966],[29.44161000400004,-31.685150002999933],[29.437460001000034,-31.68468],[29.43178000200004,-31.68642999599996],[29.42226000100004,-31.69168999799996],[29.425159997000037,-31.69398999899994],[29.42457,-31.696050002999982],[29.420650004000038,-31.695949996999957],[29.417189996000047,-31.70019999799996],[29.41632000100003,-31.70537000099995],[29.414659997000058,-31.70497999899993],[29.412389999000027,-31.70675999799994],[29.411509998000042,-31.714069997999957],[29.40350000400008,-31.719090003999952],[29.404440002000058,-31.723040001999948],[29.403309998000054,-31.72481000299996],[29.406660001000034,-31.72658000299998],[29.402530003000038,-31.729669997999963],[29.403009996000037,-31.734019995999972],[29.39444,-31.736929998999983],[29.388580002000026,-31.740699997999968],[29.383419997000033,-31.747010002999957],[29.372760002000064,-31.748359998999945],[29.362149997000074,-31.757210000999976],[29.356720001000042,-31.75851999699995],[29.35771999700006,-31.775669996999966],[29.35646,-31.783800008999947],[29.354720003000068,-31.788029996999967],[29.34977999800003,-31.79272999699998],[29.347129997000025,-31.79176000399997],[29.34497000300007,-31.794229997999935],[29.34902999800005,-31.79957000199994],[29.347670003000076,-31.803719996999973],[29.346310001000063,-31.80494],[29.340940002000025,-31.805150001999948],[29.336669997000058,-31.80808000099995],[29.330989999000053,-31.806930000999955],[29.320399999000074,-31.81048],[29.31987998900007,-31.813170002999982],[29.31475000300003,-31.815329996999935],[29.314440003000072,-31.817810004999956],[29.30879999700005,-31.821360003999928],[29.306290002000026,-31.825230000999966],[29.30112999800008,-31.82631999599994],[29.30276999800003,-31.828060009999945],[29.298530011000025,-31.83193],[29.296469999000067,-31.831369996999967],[29.291630001000044,-31.835240001999978],[29.29032000500007,-31.84020000299995],[29.286480003000065,-31.84381999699997],[29.284530003000043,-31.843930000999933],[29.282630002000076,-31.848010000999977],[29.278860002000044,-31.84859999799994],[29.27927999800005,-31.851320002999955],[29.272849999000073,-31.85878],[29.26816999600004,-31.85931],[29.262629996000044,-31.863839998999936],[29.263310002000026,-31.86750000199993],[29.260480001000076,-31.86977],[29.262259999000037,-31.874789997999983],[29.260390001000076,-31.87859],[29.261760001000027,-31.88124000099998],[29.258319999000037,-31.88542999699996],[29.251759999000058,-31.88745],[29.25194000600004,-31.88878],[29.24997999200008,-31.888150001999975],[29.247440003000065,-31.889470010999958],[29.24551999700003,-31.89086999899996],[29.24559000100004,-31.89309998799996],[29.242400001000078,-31.894249995999928],[29.24174,-31.895820000999947],[29.24491000300003,-31.89919999899996],[29.241749998000046,-31.90419000199995],[29.234150002000035,-31.90813000299994],[29.232349999000064,-31.914759997999965],[29.225550003000023,-31.919430001999956],[29.224380006000047,-31.925670003999983],[29.214499998000065,-31.931109997999954],[29.21382999900004,-31.936450001999958],[29.21644999800003,-31.93697000399993],[29.216799998000056,-31.93951999899997],[29.21298,-31.94502999699995],[29.20735999900006,-31.94478000199996],[29.20534000300006,-31.946389998999962],[29.201029998000024,-31.94628000299997],[29.20062,-31.947819996999954],[29.19134000300005,-31.948059993999948],[29.18179999700004,-31.95186000399997],[29.183200001000046,-31.953780000999984],[29.178190001000075,-31.9595],[29.167900003000057,-31.965920000999972],[29.167150002000028,-31.97183999599997],[29.162970005000034,-31.97226000099994],[29.15994999800006,-31.978159998999956],[29.15325,-31.980349995999973],[29.15042999700006,-31.984639997999977],[29.153240002000075,-31.98719000099993],[29.14975,-31.98848],[29.148010002000035,-31.987400002999948],[29.146580004000043,-31.990960000999962],[29.142529999000033,-31.99171999899994],[29.13582001000003,-31.99591000299995],[29.13713999600003,-32.003199998999946],[29.134259996000026,-32.00337],[29.131960003000074,-32.00532],[29.13216999800005,-32.01275000299995],[29.129710002000024,-32.01390000299995],[29.13016999900003,-32.0191],[29.12272,-32.02446999899996],[29.12412000300003,-32.02767999499997],[29.11866999500006,-32.027849996999976],[29.11540000100007,-32.03029000399994],[29.11508000300006,-32.03239000099995],[29.11129999700006,-32.032589996999945],[29.11209999700003,-32.03668000199997],[29.115480003000073,-32.036709996999946],[29.10666000300006,-32.04044000299996],[29.107060003000072,-32.045180003999974],[29.10269999800005,-32.04636999699994],[29.09954,-32.05508999899996],[29.092210004000037,-32.06036999699995],[29.09143000100005,-32.06354000099998],[29.087539999000057,-32.06399],[29.08676000400004,-32.06696],[29.088689999000053,-32.07263999799994],[29.08687999800003,-32.07510000199994],[29.08900999800005,-32.07698999699994],[29.088860001000057,-32.080280002999984],[29.086770002000037,-32.07923999899998],[29.08,-32.08059000299994],[29.077849996000054,-32.07798000199995],[29.078279999000074,-32.07975000199997],[29.075200003000077,-32.08130000299997],[29.075910003000047,-32.08291],[29.069550007000032,-32.08796],[29.06640999800004,-32.08866000199998],[29.070150002000048,-32.09421999799997],[29.06756999600003,-32.0982],[29.063569998000048,-32.096649998999965],[29.061259992000032,-32.10196999899995],[29.051320002000068,-32.10312999799993],[29.045539990000066,-32.106279996999945],[29.04565000200006,-32.108510001999946],[29.039289998000072,-32.113200002999974],[29.03942999700007,-32.11441999899995],[29.03368000300003,-32.11542000299994],[29.03133000300005,-32.11247999699998],[29.032570003000046,-32.11707999899994],[29.03108,-32.11889],[29.02100000400003,-32.12082000399994],[29.02127000300004,-32.12271999699993],[29.0126,-32.13020999699995],[29.010169999000027,-32.13359000199995],[29.009970003000035,-32.137509998999974],[29.007779999000036,-32.13826999699995],[29.00826999800006,-32.140060001999984],[29.010789999000053,-32.13932],[29.01127000100007,-32.140429998999934],[29.008020011000042,-32.14706000199993],[29.000680001000035,-32.151400002999935],[28.99584000200008,-32.157],[28.99315,-32.15683999699996],[28.997149998000054,-32.159479991999945],[28.996579997000026,-32.161730001999956],[28.986559998000075,-32.17076000399993],[28.983830003000037,-32.17132999699993],[28.982349998000075,-32.16967],[28.983359999000072,-32.17118],[28.979890002000047,-32.175179997999976],[28.974109997000028,-32.17592],[28.97569999800004,-32.180420003999984],[28.97343,-32.17982],[28.967689997000036,-32.18477000199994],[28.962139999000044,-32.18621999699997],[28.960279998000033,-32.1932],[28.95731999700007,-32.194650002999936],[28.95675000400007,-32.19285999799996],[28.955210002000058,-32.193649998999945],[28.950190004000035,-32.19901999799998],[28.94623998900005,-32.20441000099993],[28.949930003000077,-32.210769995999954],[28.947209998000062,-32.21079999899996],[28.94623998900005,-32.21363999799996],[28.943340001000024,-32.21399999699997],[28.943039999000064,-32.21872000099995],[28.937960004000047,-32.2201],[28.93731000100007,-32.22221000299993],[28.93396999600003,-32.22408000099995],[28.92602,-32.22678000199994],[28.92740999700004,-32.23002000099996],[28.924580003000074,-32.23101999599993],[28.920460003000073,-32.235849995999956],[28.92052000800004,-32.24082000299995],[28.914000002000023,-32.24202000199995],[28.91246,-32.24426999599996],[28.90812999700006,-32.24597000099993],[28.90194000300005,-32.246620003999965],[28.900059998000074,-32.24481000299994],[28.897809997000024,-32.245160003999956],[28.89827000100007,-32.251540003999935],[28.895989997000072,-32.25481999599998],[28.897439999000028,-32.255519996999965],[28.896990001000063,-32.25711999599997],[28.882530003000056,-32.273109989999966],[28.88485,-32.28041],[28.882419999000035,-32.27984999699993],[28.87414999600003,-32.28310000199997],[28.86934,-32.286640002999945],[28.86872,-32.28912000299994],[28.86509,-32.28757000299993],[28.85910000100006,-32.291669998999964],[28.85541000300003,-32.29841999599995],[28.85073,-32.30050999499997],[28.842170002000046,-32.299909998999965],[28.83867000200007,-32.30133999699996],[28.83664999800004,-32.30479999599993],[28.831739997000057,-32.30548000099998],[28.823740001000033,-32.31794],[28.81586,-32.32033],[28.81562000300005,-32.32916998899998],[28.79587999900008,-32.34027999899996],[28.79193,-32.34103999799993],[28.790058996000027,-32.33905100199996],[28.78488999900003,-32.34271],[28.784459997000056,-32.34528],[28.778410001000054,-32.3494],[28.777409997000063,-32.35360000199995],[28.77256999900004,-32.36059000399996],[28.763139998000042,-32.36551000399993],[28.759520003000034,-32.37070000299997],[28.751179997000065,-32.37426999799993],[28.752279998000063,-32.377899998999965],[28.751230004000035,-32.38277999799993],[28.74815,-32.38535999599998],[28.747099998000067,-32.39226999699997],[28.74443,-32.39644000399994],[28.743890001000068,-32.395229997999934],[28.735770003000027,-32.39943],[28.72644999000005,-32.40209],[28.725230002000046,-32.401100001999964],[28.724480001000074,-32.40501999899993],[28.70982,-32.415670003999935],[28.708199997000065,-32.41821000099998],[28.710459997000044,-32.419880003999936],[28.70776000400008,-32.42034999899994],[28.70499,-32.42628999899995],[28.69993000200003,-32.42622000299997],[28.699159997000038,-32.42813000199993],[28.696589997000046,-32.428339996999966],[28.69582,-32.430939998999975],[28.695220004000078,-32.42969999899998],[28.692310001000067,-32.42982000899997],[28.693949993000047,-32.43222],[28.68495000200005,-32.43643999799997],[28.685589999000058,-32.44139],[28.68022,-32.44418000099995],[28.67680000100006,-32.44808000099994],[28.67048999700006,-32.44866],[28.669660002000057,-32.45279999699994],[28.66549000300006,-32.45305999799996],[28.65935,-32.45801999799994],[28.65391999600007,-32.46679999699995],[28.657239997000033,-32.47405999799997],[28.652520001000028,-32.47790999899996],[28.65079999900007,-32.48323999699994],[28.645189996000056,-32.480860002999975],[28.63706,-32.48347000299998],[28.63558000300003,-32.48624999699996],[28.632210004000058,-32.48588999799995],[28.627600004000044,-32.48950000299993],[28.61508,-32.49297999799995],[28.610129998000048,-32.49860999799995],[28.60630000100008,-32.49961000099995],[28.60359000300008,-32.50281999799995],[28.602830004000054,-32.51269],[28.60089000200003,-32.51623000099994],[28.596140004000063,-32.51914000399995],[28.59075000100006,-32.51876],[28.582450003000076,-32.52306999799998],[28.57657000100005,-32.53656000299998],[28.57186000300004,-32.54185999799995],[28.55544,-32.55202000299994],[28.553319998000063,-32.556709996999984],[28.555566002000035,-32.56114299699993],[28.55219000200003,-32.567339997999966],[28.552900002000058,-32.57054000399995],[28.551589999000043,-32.57261999599996],[28.539179999000055,-32.57513999699995],[28.527550003000044,-32.581599998999934],[28.52282000100007,-32.59325999799995],[28.51853999000008,-32.598190003999946],[28.51001000900004,-32.60415999799994],[28.504060004000053,-32.60544999699994],[28.500960003000046,-32.60450000099996],[28.484159989000034,-32.60919000999996],[28.473320001000047,-32.619700000999956],[28.46901000400004,-32.619200002999946],[28.46473,-32.62201999799993],[28.463059998000062,-32.62133000199998],[28.450720002000025,-32.623959998999965],[28.4342,-32.63110999699995],[28.428690003000042,-32.63736000399996],[28.429930003000038,-32.63971000399994],[28.427159999000025,-32.644540003999964],[28.41785999800004,-32.65267999799994],[28.416960001000064,-32.65661000099993],[28.40800000200005,-32.66361000099994],[28.39949000300004,-32.66772000299994],[28.392339998000068,-32.67381999799994],[28.389449999000078,-32.67884000299995],[28.38080000100007,-32.68520999699996],[28.378620002000048,-32.68856000099993],[28.374500002000048,-32.690429998999946],[28.37292,-32.698189997999975],[28.37358,-32.70487],[28.36430000400003,-32.70948999799998],[28.358110001000057,-32.70775999799997],[28.35221000300004,-32.70877],[28.343909997000026,-32.70785999599997],[28.338629998000044,-32.71156999799996],[28.33729999800005,-32.71479000099998],[28.33295,-32.71452000199997],[28.330149993000077,-32.71834999799995],[28.32535000400003,-32.71770000399994],[28.31757,-32.72458000199998],[28.31410000300008,-32.724440002999984],[28.310899997000035,-32.72685],[28.307850003000055,-32.72553999599995],[28.299909997000043,-32.732070000999954],[28.298220006000065,-32.73637999899995],[28.287110004000056,-32.74008999399996],[28.283949998000026,-32.74679999799997],[28.268969999000035,-32.75891000399997],[28.263890004000075,-32.760180005999985],[28.25736999700007,-32.75953000399994],[28.250390001000028,-32.76574000299996],[28.24587000100007,-32.76510999599998],[28.239170003000027,-32.77045999899997],[28.234570001000066,-32.77054],[28.229179998000063,-32.77395],[28.17077,-32.78911999799993],[28.15573000300003,-32.79610999199997],[28.139179999000078,-32.80726000299995],[28.11724,-32.83054],[28.116989997000076,-32.83945999699995],[28.119360001000075,-32.844339995999974],[28.119239999000058,-32.84960999699996],[28.121300003000044,-32.85179000299996],[28.117450002000055,-32.85370000199998],[28.115929996000034,-32.85872],[28.10922,-32.86303999599994],[28.107950005000077,-32.872930002999965],[28.100499998000032,-32.87928],[28.10093,-32.88442],[28.098700003000033,-32.88548000099996],[28.099699998000062,-32.887889997999935],[28.09720000200008,-32.88952],[28.096150007000062,-32.89306999899998],[28.09379000100006,-32.891209997999965],[28.091639998000062,-32.89263999599996],[28.089949999000055,-32.89637000299996],[28.08515999900004,-32.89771000099995],[28.075520004000055,-32.90742999799994],[28.08040000300008,-32.91004999699993],[28.08097000400005,-32.912060001999976],[28.071349997000027,-32.91430999599993],[28.062879998000028,-32.918390002999956],[28.056809998000062,-32.91915000199998],[28.04585,-32.92765000399993],[28.038809999000023,-32.93076000199994],[28.036959997000054,-32.93391000099996],[28.03247,-32.93458],[28.03459999900008,-32.94273000099997],[28.027159999000048,-32.94383000199997],[28.019809998000028,-32.95102999899996],[28.013779998000075,-32.95225000199997],[28.009070001000055,-32.95517000299998],[28.003700002000073,-32.95532999799997],[27.991929999000035,-32.96242999699996],[27.986020002000032,-32.96980000199994],[27.969119997000064,-32.97365000299993],[27.96077000100007,-32.97879000299997],[27.949199994000026,-32.99069999699998],[27.952070003000074,-32.99782999699994],[27.945049999000048,-32.99959],[27.942370003000065,-33.002410002999966],[27.933380002000035,-33.005120000999966],[27.922610002000056,-33.01159999899994],[27.921389998000052,-33.0186],[27.916360002000033,-33.02401999699998],[27.916450002000033,-33.02665000199994],[27.92120999900004,-33.02599000099997],[27.9255,-33.02838000199995],[27.91357000200003,-33.03281000199996],[27.90795999900007,-33.039659997999934],[27.901870002000067,-33.04349000199994],[27.8881,-33.04515999699993],[27.87104,-33.0556],[27.863450003000025,-33.057249997999975],[27.86311,-33.06003999799998],[27.854100003000042,-33.06329000299996],[27.850160002000052,-33.06692000399994],[27.843889998000066,-33.06930999699995],[27.84379,-33.07060000399997],[27.830379997000023,-33.07469999899996],[27.825049999000043,-33.08076000099993],[27.824410003000025,-33.08634000199993],[27.82031999700007,-33.08736000199997],[27.81657000200005,-33.08653],[27.80556999600003,-33.08915999699997],[27.783300001000043,-33.10221999899994],[27.77347,-33.10247000199996],[27.762470001000054,-33.105239997999945],[27.747490002000063,-33.111820001999945],[27.743429999000057,-33.11607000199996],[27.736789998000063,-33.117209996999975],[27.72850998900003,-33.12100000799995],[27.72229999800004,-33.13057999899996],[27.715429998000047,-33.13545],[27.713609999000028,-33.139249993999954],[27.7039,-33.143670003999944],[27.70346999700007,-33.148150002999955],[27.70022,-33.15295],[27.693880001000025,-33.15667000099995],[27.686290003000067,-33.158279997999955],[27.680609996000044,-33.16123000099998],[27.677760007000074,-33.16518],[27.678850002000047,-33.16682],[27.66437,-33.172390002999975],[27.65937999700003,-33.17773999699995],[27.659300004000045,-33.18038],[27.65210999800007,-33.18635000199998],[27.646179996000058,-33.18825000299995],[27.64415000300005,-33.19279],[27.634050002000038,-33.19692999599994],[27.63424,-33.200549998999975],[27.632730001000027,-33.201810002999935],[27.61499000300006,-33.20771000199994],[27.61102,-33.21286],[27.61100000400006,-33.21662000099997],[27.60446,-33.21919000099996],[27.603109996000057,-33.22203000099995],[27.594219993000024,-33.22215000299997],[27.58997,-33.224269995999975],[27.582279997000057,-33.22541999699996],[27.582099997000057,-33.22850000099993],[27.574839996000037,-33.23585000199995],[27.52815000100003,-33.25625999699997],[27.521299998000075,-33.261489996999956],[27.520570002000056,-33.26630999799994],[27.51930999700005,-33.26595999799997],[27.516800002000025,-33.26908000199995],[27.49885000300003,-33.280320004999965],[27.49231,-33.28160999599993],[27.484159999000042,-33.28740999699994],[27.481289997000033,-33.291110000999936],[27.48190999800005,-33.29633000299998],[27.480189996000036,-33.298709996999946],[27.474949998000056,-33.30029999799996],[27.464340009000068,-33.30698999799995],[27.45548000100007,-33.30875],[27.435890002000065,-33.317059995999955],[27.429770003000044,-33.32249],[27.42247000100008,-33.33365999899996],[27.41649,-33.33590000299995],[27.412809993000053,-33.33977000799996],[27.402059998000027,-33.34300000099995],[27.376089998000054,-33.35672000399995],[27.35538000100007,-33.36387999899995],[27.338660004000076,-33.37895999699998],[27.32499,-33.382920001999935],[27.318179997000072,-33.389040000999955],[27.298120003000065,-33.39976000099995],[27.266300003000026,-33.42173000299994],[27.24279,-33.43189999899994],[27.228810004000024,-33.44208999099993],[27.226589997000076,-33.44524999699996],[27.22644,-33.44913],[27.22116999900004,-33.45280000199995],[27.21561000300005,-33.45988000299997],[27.209140003000073,-33.46281000199997],[27.19750999100006,-33.46295000099997],[27.18660999900004,-33.46549999699994],[27.175349999000048,-33.46964999199997],[27.172479990000056,-33.472380002999955],[27.171250004000058,-33.472269998999934],[27.17185999800006,-33.471150000999955],[27.168820002000075,-33.47190000099994],[27.156119999000055,-33.478500001999976],[27.152929999000037,-33.48069999699993],[27.15276000600005,-33.48281],[27.143329996000034,-33.48719000099993],[27.141040002000068,-33.492209998999954],[27.14245000300008,-33.495330002999935],[27.137940009000033,-33.49438999699993],[27.132800001000078,-33.50048000199996],[27.13547999800005,-33.50386999799997],[27.133139996000068,-33.505300002999945],[27.130119997000065,-33.50490000399998],[27.124659999000073,-33.50865999699994],[27.12022999900006,-33.515929995999954],[27.11507000200004,-33.51941999799993],[27.11473,-33.52269999799995],[27.112389998000026,-33.52475000399994],[27.091519998000024,-33.52743999799998],[27.08819999700006,-33.52943999699994],[27.079239999000038,-33.530610001999946],[27.076769997000042,-33.53230999899995],[27.068550001000062,-33.53277000399993],[27.058549998000046,-33.536280001999955],[27.049220003000073,-33.54077],[27.04311000200005,-33.54595999899993],[27.041759998000032,-33.54782999699995],[27.04276999900003,-33.55433999799993],[27.015410003000056,-33.56190000099997],[27.009830002000058,-33.56596999399994],[27.00878,-33.57042999699996],[26.986790002000077,-33.571039998999936],[26.970459998000024,-33.57312999699997],[26.95968,-33.57558000299997],[26.955950002000066,-33.57786999799998],[26.948280002000047,-33.57815000299996],[26.93722999700003,-33.58149],[26.93522,-33.58362],[26.92874000200004,-33.58586000299994],[26.918919999000025,-33.59548000199993],[26.904500002000077,-33.59925000199996],[26.901549999000054,-33.60193998799997],[26.902870001000053,-33.60405999699998],[26.891570001000048,-33.60910999799995],[26.889390002000027,-33.61435000399996],[26.882310001000064,-33.61579],[26.877960002000066,-33.62066],[26.871469998000066,-33.6227],[26.866710001000058,-33.62633000099993],[26.855379998000046,-33.62731],[26.842979997000043,-33.631049996999934],[26.824690003000057,-33.63235999199998],[26.794879993000052,-33.64149999799997],[26.78535000200003,-33.64258000299998],[26.781209997000076,-33.64491999699993],[26.76640999700004,-33.64631000199995],[26.742259997000076,-33.652929997999934],[26.73551999800003,-33.655930000999945],[26.731070001000035,-33.66147999899994],[26.72355000700003,-33.665559997999935],[26.70458,-33.67188999899997],[26.700180002000025,-33.67663],[26.70006,-33.679810001999954],[26.69686000100006,-33.68190999799998],[26.693620002000046,-33.68109000199996],[26.683739994000064,-33.683239997999976],[26.666579996000053,-33.69661999899995],[26.66263000500004,-33.69454999599998],[26.648060004000058,-33.69977999599996],[26.64272999800005,-33.70348999799995],[26.639709999000047,-33.70807000299993],[26.631249999000033,-33.71052000099996],[26.62875000200006,-33.71633999799997],[26.62553999800008,-33.71770000099997],[26.625920001000054,-33.71908],[26.621909997000046,-33.71990000399995],[26.62061,-33.718260003999944],[26.61087999600005,-33.719349998999974],[26.59406000100006,-33.72284999899995],[26.57829,-33.73321999899997],[26.572669999000027,-33.73941000099995],[26.55963999900007,-33.7462],[26.55853999800007,-33.748260003999974],[26.549650003000067,-33.750559995999936],[26.548129997000046,-33.74986000299998],[26.54324999800008,-33.752629998999964],[26.525820001000056,-33.75484],[26.502619997000068,-33.762280000999965],[26.497240001000023,-33.76569000099994],[26.484799999000074,-33.76561999799998],[26.47726000800003,-33.769909998999935],[26.47030999900005,-33.771429996999984],[26.468390001000046,-33.77337999699995],[26.446199999000044,-33.770020002999956],[26.424120002000052,-33.76387000099993],[26.38018999700006,-33.7594],[26.35213999700005,-33.76125000199994],[26.34114999700006,-33.76499999699996],[26.324070001000052,-33.76789000399998],[26.29425999800003,-33.76348],[26.28614,-33.76173000399996],[26.277509998000028,-33.75647000099997],[26.24975000200004,-33.74558],[26.18834000100003,-33.72618999599996],[26.134800003000066,-33.714050003999944],[26.078760001000035,-33.70675000199998],[26.03124000400004,-33.70508999799995],[25.956829998000046,-33.70845999699998],[25.90474000200004,-33.71326000199997],[25.838079997000023,-33.725000002999934],[25.78901,-33.74346999599993],[25.77124999800003,-33.75257000199997],[25.76229,-33.75974000299993],[25.749200003000055,-33.76689999799993],[25.7392,-33.77046000399997],[25.70396000200003,-33.79046000099993],[25.685909997000067,-33.80337999599993],[25.665320002000044,-33.821899996999946],[25.641490001000022,-33.85165000199993],[25.63664000400007,-33.86157000299994],[25.634509997000066,-33.86388000199997],[25.630959998000037,-33.86424999899998],[25.633290001000034,-33.866090002999954],[25.632930002000023,-33.86944999599996],[25.62186999900007,-33.89332999699997],[25.61335000100007,-33.91890999499998],[25.611249996000026,-33.9308],[25.61251999900003,-33.948269997999944],[25.615780002000065,-33.95190999699997],[25.62443999900006,-33.95605000099994],[25.63932999900004,-33.95508999899994],[25.640860002000068,-33.95858000099997],[25.62696,-33.96030000199994],[25.630959998000037,-33.96205999699998],[25.63684,-33.96164],[25.63691000400007,-33.96302999699998],[25.62940999800003,-33.96385000099997],[25.63036000200003,-33.96484999699993],[25.634199997000053,-33.96484999699993],[25.63233999700003,-33.96597000299994],[25.635929997000062,-33.96830999599996],[25.644480005000048,-33.96323999899994],[25.647560001000045,-33.97529999799997],[25.661359997000034,-33.981319998999936],[25.67200000400004,-33.983639995999965],[25.67433999800005,-33.98826000199995],[25.68710999700005,-34.000299996999956],[25.695770001000028,-34.020040000999984],[25.704360002000044,-34.030010008999966],[25.70269,-34.03019],[25.70397999900007,-34.03192],[25.68686000200006,-34.03078999599995],[25.68651999900004,-34.028209997999966],[25.683440003000044,-34.02860999799998],[25.67830000300006,-34.02676000399998],[25.659700001000033,-34.026529996999955],[25.64938999800006,-34.030170003999956],[25.648099999000067,-34.03364000099998],[25.646130003000053,-34.03356999799996],[25.64490999900005,-34.03564999899993],[25.64502000300007,-34.03825999899993],[25.638939997000023,-34.03992000399995],[25.63928,-34.04215000099998],[25.634239998000055,-34.04654000099998],[25.629080001000034,-34.046310001999984],[25.62812999700003,-34.04938999799998],[25.620970001000046,-34.04663999899998],[25.608489999000028,-34.045110002999934],[25.599099998000042,-34.04827],[25.59267999700006,-34.04812000299995],[25.591259997000066,-34.050520001999985],[25.580929998000045,-34.05075999899998],[25.570209998000053,-34.04564000299996],[25.549629993000053,-34.04430000499997],[25.543410004000066,-34.04184000099997],[25.537090001000024,-34.042529996999974],[25.51977,-34.03633000399998],[25.512229993000062,-34.03822999699997],[25.50492999900007,-34.03472999699994],[25.497929999000064,-34.03597000499997],[25.491029997000055,-34.03382999899998],[25.482260004000068,-34.03372000299993],[25.468080004000058,-34.02936999599996],[25.452220003000036,-34.03093000299998],[25.44017000300005,-34.035429997999984],[25.43206000300006,-34.03370999699996],[25.422109999000043,-34.03454999699994],[25.41860999900007,-34.03338999899995],[25.415069998000035,-34.03484999899996],[25.411489997000047,-34.03379999699996],[25.40776999600007,-34.03577999899994],[25.39481999800006,-34.03131999599998],[25.392649998000024,-34.02851],[25.381690001000038,-34.022929998999984],[25.36181000600004,-34.019360003999964],[25.35132000400006,-34.01557],[25.345139999000025,-34.01166000199993],[25.310649994000073,-33.99673999899994],[25.30553999700004,-33.993019998999955],[25.254560001000073,-33.97804999799996],[25.203399997000076,-33.96749999799994],[25.154140002000076,-33.962809996999965],[25.105840002000036,-33.96270000099997],[25.07785,-33.964749998999935],[25.03127999900005,-33.97037],[25.022840003000056,-33.97332000399996],[25.017019998000023,-33.97305000399996],[24.988770002000024,-33.98021],[24.966700003000028,-33.98868999699994],[24.939000003000046,-34.00391999899995],[24.92844999600004,-34.01478999699998],[24.929069996000067,-34.02421999799998],[24.934040003000064,-34.033540003999974],[24.925090003000037,-34.05346999699998],[24.927270001000068,-34.06041],[24.92296000300007,-34.067710002999945],[24.921320003000062,-34.077680002999955],[24.92236999800008,-34.079800003999935],[24.912759997000023,-34.085920002999956],[24.90764000100006,-34.08689000399994],[24.88518,-34.11097999899994],[24.86544000400005,-34.12312999699998],[24.84887000300006,-34.13894999699994],[24.84286,-34.141670001999955],[24.832300003000057,-34.16787],[24.844029997000064,-34.178180001999976],[24.851109999000073,-34.183309995999934],[24.859009997000044,-34.18669000199998],[24.85988999800003,-34.189109996999946],[24.871440001000053,-34.19671999099995],[24.851040004000026,-34.19392999899998],[24.83988000200003,-34.197309996999934],[24.83586,-34.20075999799997],[24.83391,-34.20508000199993],[24.837880004000056,-34.20908998999994],[24.83711999700006,-34.213860000999944],[24.827279997000062,-34.211150001999954],[24.824330002000067,-34.20857000399997],[24.818440001000056,-34.20789999699997],[24.79483,-34.19741000299996],[24.79022999800003,-34.19761999699995],[24.786390003000065,-34.20034000199996],[24.778349999000056,-34.19941000199998],[24.776619999000047,-34.19711000099994],[24.768990001000077,-34.198470002999954],[24.766810002000057,-34.19685999799998],[24.764699999000072,-34.19742999899995],[24.764020002000052,-34.19553999599998],[24.761119998000026,-34.19622000099997],[24.752749997000024,-34.192069998999955],[24.733580002000053,-34.18616000199995],[24.722860001000072,-34.18762000199996],[24.716420004000042,-34.19085000299998],[24.714409999000054,-34.193709998999964],[24.70124,-34.18905],[24.699680002000036,-34.190680001999965],[24.693899998000063,-34.19024000099995],[24.691989998000054,-34.187899991999984],[24.688120001000073,-34.187899991999984],[24.68489,-34.186060003999955],[24.685129997000047,-34.18382],[24.67993,-34.18422999799998],[24.65895000300003,-34.174910000999944],[24.646420009000053,-34.17299000299994],[24.631959996000035,-34.17225999899995],[24.615490002000058,-34.17575999899998],[24.60872999000003,-34.18039001099993],[24.606440003000046,-34.18374999699995],[24.606779998000036,-34.18847999899998],[24.609900003000064,-34.19089000399998],[24.608660003000068,-34.19138000299995],[24.59906,-34.18793000199997],[24.589809998000078,-34.18740000199995],[24.588590002000046,-34.18528000099997],[24.58723999800003,-34.1863],[24.58222999800006,-34.184579998999936],[24.579330002000063,-34.18545000199998],[24.57176000100003,-34.181690000999936],[24.566690004000066,-34.18130999699997],[24.564170003000072,-34.17887999599998],[24.558150002000048,-34.176929995999956],[24.55881000200003,-34.176039996999975],[24.552080002000025,-34.1762],[24.54708,-34.174979995999934],[24.546179995000045,-34.17354999799994],[24.54180000100007,-34.174500002999935],[24.53321999900004,-34.17247999899996],[24.532140001000073,-34.17333999599998],[24.518019999000046,-34.16928000099995],[24.51221,-34.17246000299997],[24.501560002000076,-34.16881999599997],[24.50020999800006,-34.166800000999956],[24.49125,-34.16764000099994],[24.473489998000048,-34.16109],[24.459359997000035,-34.15099999699993],[24.446530001000042,-34.14494000299993],[24.439870004000056,-34.139900000999944],[24.44113999900003,-34.13826000199998],[24.43863000400006,-34.13804000099998],[24.439369998000075,-34.13631000199996],[24.42749999700004,-34.12732000099993],[24.40970000300007,-34.11824999799995],[24.40173000200008,-34.11718999799996],[24.396029999000064,-34.11115999799995],[24.391890002000025,-34.110510002999945],[24.39134999600003,-34.10858],[24.389770001000045,-34.109010001999934],[24.38171999800005,-34.10458000199998],[24.38194999700005,-34.10308000099997],[24.37666,-34.10366999799993],[24.37296000400005,-34.10250000199994],[24.363360001000046,-34.104750002999936],[24.361040004000074,-34.103489998999976],[24.354339997000068,-34.10400000299995],[24.35114999700005,-34.10193],[24.34613999800007,-34.10335999799997],[24.339489998000033,-34.10193999899997],[24.328279998000028,-34.10339000099998],[24.32273,-34.103200002999984],[24.318179990000033,-34.101199995999934],[24.310339989000056,-34.10184999899997],[24.302039999000044,-34.09768],[24.298999996000077,-34.097940000999984],[24.29712,-34.09496000299998],[24.292900002000067,-34.09276],[24.28396,-34.092130001999976],[24.27257,-34.08676000299994],[24.26906000200006,-34.08749999799994],[24.263570001000062,-34.084759995999946],[24.24960000300007,-34.08299000399995],[24.24434000100007,-34.07818],[24.242849998000054,-34.07996999699998],[24.241079997000043,-34.07763000399996],[24.233639996000022,-34.07778999899995],[24.22164000300006,-34.0718],[24.220180002000063,-34.07379000099996],[24.21996000200005,-34.07264],[24.215400001000035,-34.07309999699993],[24.214990003000025,-34.07095000199996],[24.20743,-34.06933999599994],[24.205200003000073,-34.06567000299998],[24.200470001000042,-34.065069998999945],[24.196049999000024,-34.06045999899993],[24.193799997000042,-34.05997999799996],[24.193609999000046,-34.066030001999934],[24.189650002000064,-34.067050001999974],[24.18284,-34.06454998899994],[24.174150001000044,-34.06576000299998],[24.165450003000046,-34.06253000199996],[24.16173000300006,-34.06388999599994],[24.148239998000065,-34.05948],[24.138839999000027,-34.06017000399993],[24.12953999800004,-34.05802000799997],[24.12656,-34.060739996999985],[24.11996,-34.06246999699994],[24.118739996000045,-34.06081],[24.11327,-34.059150003999946],[24.082720003000077,-34.055329997999934],[24.07774999700007,-34.05278000199996],[24.07401,-34.05444999699995],[24.048110004000023,-34.05012000199997],[24.04215,-34.047820000999934],[24.036240003000046,-34.04871999899996],[24.024649991000047,-34.04579],[24.019669994000026,-34.04642999599997],[24.003540002000022,-34.04370999899993],[23.993509997000046,-34.04420999699994],[23.932100004000063,-34.03299999699993],[23.911489997000047,-34.03081999899996],[23.90332999800006,-34.02912000199996],[23.90299000300007,-34.02687999799997],[23.898239997000076,-34.03134000099993],[23.892280001000074,-34.03290999699993],[23.877009998000062,-34.02846999899998],[23.846519999000066,-34.02709],[23.80353,-34.01653000199997],[23.799470005000046,-34.018490000999975],[23.785490001000028,-34.01447999699997],[23.77715000200004,-34.01477],[23.767490002000045,-34.01091999899995],[23.76434000300003,-34.01202000099994],[23.751800003000028,-34.0052],[23.748909997000055,-34.006679996999935],[23.738509995000072,-34.00555000099996],[23.66284,-33.99119000099995],[23.644809999000074,-33.98956999799998],[23.64702,-33.98056],[23.647469999000066,-33.977199998999936],[23.64538999800004,-33.97578999799998],[23.647450002000028,-33.97267999899998],[23.644440002000067,-33.96381999899995],[23.645900002000076,-33.962449997999954],[23.64090999900003,-33.95476000999997],[23.63771999900007,-33.95521999899995],[23.634589996000045,-33.95205000399994],[23.635109998000075,-33.94001000099996],[23.638529997000035,-33.93718999799995],[23.63696999800004,-33.934650000999966],[23.640640008000048,-33.933220002999974],[23.63994999600004,-33.93102],[23.64322999600006,-33.93186000099996],[23.644740004000028,-33.93067],[23.643950002000054,-33.92751000199996],[23.639989997000043,-33.92420999799998],[23.643240002000027,-33.92233000099998],[23.642779998000037,-33.919829996999965],[23.63737999600005,-33.91299000699996],[23.63985999700003,-33.90971999799996],[23.652330001000053,-33.90959999599994],[23.656829997000045,-33.90692999799995],[23.657659999000032,-33.90484999699993],[23.65504,-33.90371999299998],[23.65690999800006,-33.90222999799994],[23.649710002000063,-33.89894999799998],[23.649270002000037,-33.897049996999954],[23.647559999000066,-33.89672000099995],[23.64875999800006,-33.89450000199997],[23.64737000100007,-33.89278],[23.651620002000072,-33.89273000099996],[23.655869994000057,-33.886849998999935],[23.65796000100005,-33.88771000299994],[23.666619997000055,-33.884660001999976],[23.669180007000023,-33.885439996999935],[23.670969996000053,-33.88347000899995],[23.682980004000058,-33.88401],[23.688109998000073,-33.878950000999964],[23.69426999800004,-33.86796999899997],[23.700599999000076,-33.86738000199995],[23.703299999000023,-33.864060000999984],[23.620269997000037,-33.84324],[23.60806000200006,-33.83292999699995],[23.561949998000046,-33.82893999799995],[23.554015003000075,-33.79635498899995],[23.557349997000074,-33.79340999599998],[23.51882000100005,-33.78212000299993],[23.517920004000075,-33.78562000299996],[23.487989999000035,-33.791489998999964],[23.489059998000073,-33.80752999899994],[23.468049999000073,-33.80748],[23.454210002000025,-33.80322000099994],[23.42772,-33.79906],[23.417,-33.79466000299993],[23.395039996000037,-33.79263999899996],[23.43007,-33.761759997999945],[23.43994000200007,-33.717390000999956],[23.475359999000034,-33.71766],[23.54127000400007,-33.69954],[23.541670004000025,-33.68301],[23.555529998000054,-33.67295999799995],[23.55652000300006,-33.651540000999944],[23.585900003000063,-33.672749995999936],[23.628779997000038,-33.66932999799997],[23.670440004000056,-33.67255999799994],[23.67498,-33.62587001199995],[23.619888997000032,-33.59148299699996],[23.616769997000063,-33.56957999799994],[23.596199999000078,-33.572520003999955],[23.60012000300003,-33.52750000299994],[23.606139996000024,-33.50335000299998],[23.603999999000052,-33.49640000199997],[23.578619997000033,-33.48568000199998],[23.57903000300007,-33.48467999799993],[23.514170001000025,-33.46273999899995],[23.495619998000052,-33.44344001099995],[23.467609998000057,-33.448140002999935],[23.423253997000074,-33.441971001999946],[23.393369994000068,-33.44568999699993],[23.373780002000046,-33.44540000199993],[23.354879999000048,-33.441169996999975],[23.36407000300005,-33.461750001999974],[23.318030003000047,-33.40650000099998],[23.297124998000072,-33.38864000099994],[23.195369996000068,-33.386150002999955],[23.134800004000056,-33.38762000099996],[23.11288999900006,-33.400810003999936],[23.06643000300005,-33.40025000099996],[22.93478000300007,-33.42914000099995],[22.83025000300006,-33.41908000099994],[22.77443,-33.41974000199997],[22.784499998000058,-33.41553000199997],[22.735740001000067,-33.39476999799996],[22.739269996000075,-33.323980002999974],[22.77338999600005,-33.326259998999944],[22.77392999500006,-33.30902999799997],[22.790259991000028,-33.30730999599996],[22.84022000300007,-33.22021000099994],[22.877199998000037,-33.18693000199994],[22.892269998000074,-33.14163000399998],[22.955310001000043,-33.073140000999956],[22.95784999800003,-33.04505999899993],[22.93409,-33.02165999899995],[22.935210005000044,-33.01304000299996],[22.96925000400006,-32.99337000299994],[22.948750001000064,-32.950040000999934],[23.003680004000046,-32.89828000199998],[23.007439997000063,-32.872819998999944],[23.098009998000066,-32.87369000899997],[23.11642000200004,-32.85799000399993],[23.08932999700005,-32.79916000099996],[23.149329996000063,-32.766739997999935],[23.18746999900003,-32.76743000199997],[23.20110001000006,-32.78535500099997],[23.25041000300007,-32.78857999899998],[23.305169997000064,-32.80949999799998],[23.37862000100006,-32.82501999599998],[23.397736997000038,-32.763480002999984],[23.35160000700006,-32.76379000299994],[23.3535,-32.72943999599994],[23.33285999800006,-32.703610003999984],[23.26957,-32.67147999599996],[23.30130999800008,-32.65178999899996],[23.307289998000044,-32.611620002999985],[23.288155001000064,-32.55120999799993],[23.24447000400005,-32.513229998999975],[23.24754000200005,-32.46532999799996],[23.221610003000023,-32.42504],[23.27214,-32.40066000199994],[23.28721500300003,-32.40417500299998],[23.307329999000046,-32.39592000199997],[23.33305000400003,-32.35113999799995],[23.349259997000047,-32.36441000999997],[23.40985000200004,-32.38919999899997],[23.424650002000078,-32.35623999699993],[23.448959998000078,-32.323269997999944],[23.523590004000027,-32.32875999899994],[23.555460002000075,-32.335380010999984],[23.59177999700006,-32.34076999799993],[23.66514999900005,-32.344229997999946],[23.67836999600007,-32.32910999899997],[23.65693000300007,-32.30389000099996],[23.648870002000024,-32.29801999599994],[23.670450002000052,-32.23767000399994],[23.692409997000027,-32.23346000399994],[23.70817,-32.21915000299998],[23.726079999000035,-32.20844999899998],[23.747070001000054,-32.20068000999993],[23.76622999800003,-32.17872999699995],[23.79785000100003,-32.19407000299998],[23.851080007000064,-32.24252],[23.864450001000023,-32.24899999799993],[23.892299997000066,-32.25494999599994],[23.920959999000047,-32.233420002999935],[23.93535999900007,-32.23193],[23.952999999000042,-32.21646999899997],[23.961149999000042,-32.20652000399997],[23.984700004000047,-32.19839999799996],[23.984459999000023,-32.196380001999955],[23.98583,-32.19782999699993],[24.030529994000062,-32.19347999799993],[24.044050001000073,-32.1819],[24.03803,-32.15813000399993],[24.069210002000034,-32.1601],[24.08819999800005,-32.16382999899997],[24.100129996000078,-32.164],[24.112929997000037,-32.15093],[24.10223499600005,-32.148830002999944],[24.117569999000068,-32.13521999599993],[24.13036000200003,-32.13195999299995],[24.13552999700005,-32.12314000099997],[24.13543999700005,-32.097859996999944],[24.10967499700007,-32.084289998999964],[24.097880002000068,-32.110774996999965],[24.097880002000068,-32.08517000799998],[24.102850001000036,-32.06988999899994],[24.10443000400005,-32.06763999699996],[24.11256000800006,-32.07002999699995],[24.11185,-32.06164],[24.123289999000065,-32.05592999899994],[24.134805004000043,-32.06019999599994],[24.141069997000045,-32.05135999199996],[24.12860999800006,-32.04125000099998],[24.140870001000053,-32.01170999799996],[24.17447999700005,-32.01994000099995],[24.174850002000028,-32.01255999699998],[24.189399999000045,-32.01224999699997],[24.1878,-32.00818000399994],[24.19374,-32.00483],[24.183029997000062,-31.995939996999937],[24.22241,-31.95564000099995],[24.205430001000025,-31.941689991999965],[24.19981,-31.94257000099998],[24.188039997000033,-31.933629998999947],[24.191150003000075,-31.92676999699995],[24.197199991000048,-31.92348999799998],[24.164199997000026,-31.902410002999943],[24.14660998900007,-31.896849998999983],[24.146810001000063,-31.90269000099994],[24.138649994000048,-31.90544],[24.10538,-31.906850001999942],[24.10475000200006,-31.886810003999983],[24.108300001000032,-31.88613999699993],[24.123609997000074,-31.84717],[24.153320001000054,-31.85491000299993],[24.15483000100005,-31.822480001999963],[24.15976999700007,-31.823140002999935],[24.179749998000034,-31.81939],[24.18369999600003,-31.813279998999974],[24.15433001100007,-31.798309996999933],[24.152459995000072,-31.78860999799997],[24.147409995000032,-31.767279997999935],[24.161589996000032,-31.740149993999978],[24.22599000100007,-31.74741000399996],[24.240180001000056,-31.75203999699994],[24.248410001000025,-31.760359998999945],[24.26825000300005,-31.76666999699995],[24.268819997000037,-31.75590998599995],[24.285020001000078,-31.765179995999972],[24.301569995000023,-31.758329996999976],[24.315339997000024,-31.750129997999977],[24.32237,-31.741780002999974],[24.324689998000053,-31.72406000099994],[24.340689997000027,-31.71383],[24.423289999000076,-31.711639995999974],[24.41262000200004,-31.688509996999983],[24.44125000300005,-31.712609997999948],[24.469940001000055,-31.70648],[24.50627,-31.706830001999947],[24.514129996000065,-31.704970000999936],[24.51733000200005,-31.644579997999983],[24.522960003000037,-31.603689997999936],[24.503910002000055,-31.568419998999957],[24.524550005000037,-31.54542999699993],[24.533030001000043,-31.50978],[24.519439999000042,-31.49789999899997],[24.54130000500004,-31.486839996999947],[24.558850001000053,-31.481839995999962],[24.567630001000055,-31.427149996999958],[24.56719000100003,-31.41864000099997],[24.5961,-31.39918],[24.664990001000035,-31.38366000999997],[24.704810003000034,-31.400590001999944],[24.710609996000073,-31.409509997999976],[24.72429999900004,-31.399859997999954],[24.788679998000077,-31.389460002999954],[24.825499991000072,-31.35650999799998],[24.84613000300004,-31.365559996999934],[24.860230001000048,-31.373975001999952],[24.86285998900007,-31.37361],[24.861350006000066,-31.356310003999965],[24.852990005000038,-31.328209989999948],[24.89884999700007,-31.313700000999972],[24.90025,-31.31671999799994],[24.92337999800003,-31.313489998999955],[24.93358999800006,-31.32038000199998],[24.94197000500003,-31.315069998999945],[24.948729998000033,-31.29835000299994],[24.960469998000065,-31.28551],[25.00562,-31.263099998999962],[25.04447000300007,-31.26614000199993],[25.05847000400007,-31.26938],[25.073460001000058,-31.25326999699996],[25.0844,-31.26233000299993],[25.100790004000032,-31.259450000999948],[25.1152,-31.246269998999935],[25.13067999900005,-31.239399997999953],[25.15269999900005,-31.243119991999947],[25.155200001000026,-31.231150000999946],[25.170479998000076,-31.23917999899993],[25.17713000300006,-31.23457999799996],[25.179130004000058,-31.22223],[25.19235999700004,-31.213360001999945],[25.198349998000026,-31.21546],[25.20481999900005,-31.2151],[25.209639999000046,-31.204749995999975],[25.20435000200007,-31.201739996999947],[25.210969998000053,-31.192109997999978],[25.219749998000054,-31.190410011999973],[25.22376000400004,-31.19228999799998],[25.22504000300006,-31.1952],[25.269329999000036,-31.214400000999944],[25.268219997000074,-31.22082000299997],[25.284940004000077,-31.22340999499994],[25.29058000400005,-31.21347999699998],[25.354419997000036,-31.23599999399994],[25.368760001000055,-31.226009998999984],[25.38621000100005,-31.21784000399998],[25.382480001000033,-31.20446999899997],[25.377820002000078,-31.198870002999968],[25.384560001000068,-31.150970000999962],[25.398160002000054,-31.13068],[25.41559999900005,-31.13440000199995],[25.446389999000075,-31.10020000199995],[25.454289991000053,-31.0793],[25.43884000500003,-31.06149],[25.453200002000074,-31.05421],[25.463779997000074,-31.05474000199996],[25.486750001000075,-31.036910003999935],[25.5016,-31.00738999699996],[25.484840002000055,-31.006329996999966],[25.475770002000047,-30.991199998999946],[25.47502,-30.98388],[25.493099999000037,-30.96770000099997],[25.510949998000058,-30.95572],[25.506420002000027,-30.95034],[25.508320002000062,-30.942159997999966],[25.504619999000056,-30.93297999799995],[25.510429999000053,-30.92840999799995],[25.51404,-30.921459997999932],[25.517779999000027,-30.90151],[25.516480002000037,-30.902629996999963],[25.508429998000054,-30.89819999799994],[25.500639998000054,-30.888009996999983],[25.471289999000078,-30.869840000999943],[25.48516999800006,-30.84979999099994],[25.521629998000037,-30.83318000099996],[25.549330001000044,-30.790980003999948],[25.54793000600006,-30.789800000999946],[25.52485000200005,-30.79639999899996],[25.50843999700004,-30.78877000199998],[25.504979999000057,-30.78363],[25.48644000300004,-30.784549994999963],[25.48020000200006,-30.77891],[25.479899998000064,-30.759769996999978],[25.47387999700004,-30.743710001999943],[25.477159998000047,-30.738520001999973],[25.47637999500006,-30.728179995999938],[25.473930003000078,-30.72311999799996],[25.462349997000047,-30.72213000199997],[25.46251,-30.71554999799997],[25.46653000500004,-30.709780000999956],[25.463800003000074,-30.689439996999965],[25.460229997000056,-30.68327999899998],[25.463260002000027,-30.677709995999976],[25.47187000100007,-30.672919995999962],[25.46975,-30.66879999899993],[25.471309998000038,-30.66669000099995],[25.460380001000033,-30.66077],[25.458499999000026,-30.65745],[25.45648000400007,-30.637000003999958],[25.46251,-30.62810000199994],[25.467099997000048,-30.624210010999946],[25.468230009000024,-30.632629995999935],[25.474620007000055,-30.635039991999975],[25.484090010000045,-30.63189999499997],[25.48777000900003,-30.629169997999952],[25.503690007000046,-30.62496999399997],[25.516859989000068,-30.617019993999975],[25.525589989000025,-30.613879992999955],[25.53430000900005,-30.61309999399998],[25.55628,-30.61663],[25.56234000200004,-30.61632999099993],[25.573780001000046,-30.60954],[25.590130001000034,-30.591119997999954],[25.59669000100007,-30.590369996999982],[25.60308999700004,-30.59439],[25.60901000100006,-30.60719999899993],[25.616980002000048,-30.618869995999944],[25.624800006000044,-30.6243],[25.622950004000074,-30.63240000099995],[25.609360001000027,-30.64980000399993],[25.61005999500003,-30.65301999899998],[25.61371999800008,-30.65601000299995],[25.61914000400003,-30.65811],[25.62976999700004,-30.65933000299998],[25.64167,-30.657719997999948],[25.654039999000076,-30.652420002999975],[25.67156000400007,-30.640879997999946],[25.675469994000025,-30.64010000299993],[25.68530999400008,-30.647100002999935],[25.685440002000064,-30.65063999599994],[25.68009,-30.65984999799997],[25.679730001000053,-30.666210000999968],[25.693230004000043,-30.67610999799996],[25.70060999900005,-30.679649998999935],[25.716630011000063,-30.682470001999945],[25.74975,-30.68246000399995],[25.75684,-30.68748999899998],[25.764199999000027,-30.68850999899996],[25.771490003000054,-30.685999996999954],[25.77691,-30.681609996999953],[25.778900001000068,-30.67588],[25.779070002000026,-30.65661999699995],[25.780800002000035,-30.64899999599993],[25.783079998000062,-30.64521999899995],[25.79304,-30.637100000999965],[25.800330004000045,-30.634729996999965],[25.819000001000063,-30.63498],[25.833790003000047,-30.632360000999938],[25.84666,-30.63356],[25.851229999000054,-30.62933000399994],[25.856170003000045,-30.617500002999975],[25.860629997000046,-30.612929995999934],[25.872400001000074,-30.610699998999962],[25.887270004000072,-30.61215999899997],[25.890979998000034,-30.610259998999936],[25.893170003000023,-30.60445999799998],[25.89199,-30.59679999699995],[25.87484999800006,-30.572790002999966],[25.871759996000037,-30.56220000299993],[25.87258,-30.55808000299993],[25.879199997000057,-30.549029996999934],[25.88561,-30.543820000999972],[25.895210002000056,-30.540630000999954],[25.903180003000045,-30.543219997999984],[25.923800001000075,-30.564349998999944],[25.926760002000037,-30.571330002999957],[25.92268000300004,-30.579029996999964],[25.92296999900003,-30.58130001099994],[25.92571,-30.583629997999935],[25.930970002000038,-30.58504],[25.93770000300003,-30.583610001999944],[25.94134000200006,-30.579620001999956],[25.940559999000072,-30.564889997999956],[25.943809996000027,-30.5569],[25.955170001000056,-30.54707998899994],[25.977010010000072,-30.538159995999933],[25.999090008000053,-30.53694999399994],[26.029499990000033,-30.532099992999974],[26.051990002000025,-30.522730000999957],[26.069580002000066,-30.52348000199993],[26.097400003000075,-30.516470002999938],[26.108379997000043,-30.521350001999963],[26.11816999800004,-30.535360000999958],[26.134069999000076,-30.540609996999933],[26.142089999000063,-30.540220002999945],[26.146269996000058,-30.53889000399994],[26.149350008000056,-30.535909997999966],[26.148670003000063,-30.517469998999957],[26.143540001000076,-30.51037999899995],[26.136729999000067,-30.509799998999938],[26.13188000200006,-30.50736],[26.130070001000036,-30.50489999599995],[26.130089997000027,-30.500080001999947],[26.13573000300005,-30.492429998999967],[26.14550999000005,-30.485280001999968],[26.151809996000054,-30.483539995999934],[26.162559999000052,-30.483489996999936],[26.17940999700005,-30.49121000399998],[26.194109999000034,-30.50376000199998],[26.196199998000054,-30.512949998999943],[26.193830002000027,-30.52797999699993],[26.19734,-30.531569996999963],[26.206010003000074,-30.533620002999953],[26.218639995000046,-30.531649998999967],[26.22982999900006,-30.535440001999973],[26.256249997000054,-30.53939000099996],[26.26306999700006,-30.54303],[26.26505,-30.54937999799995],[26.26527999800004,-30.56634],[26.26956000200005,-30.571510001999968],[26.280479998000033,-30.578139996999937],[26.28043999700003,-30.581380003999982],[26.276759998000045,-30.585520000999963],[26.280169990000047,-30.589640000999964],[26.291029990000027,-30.59177000099993],[26.309149998000066,-30.58402],[26.31641999800007,-30.582519998999942],[26.344040003000032,-30.593649996999943],[26.35602,-30.594969998999943],[26.36164000200006,-30.59283000099998],[26.371920002000024,-30.58175000199998],[26.389669997000055,-30.581509996999955],[26.395640007000054,-30.57782999699998],[26.40157000100004,-30.57157],[26.417929999000023,-30.566349997999964],[26.42931999900003,-30.56546999699998],[26.44912,-30.569330003999937],[26.460599992000027,-30.57826999799994],[26.478859999000065,-30.589280001999953],[26.48727000100007,-30.59155999899997],[26.489430003000052,-30.593829996999943],[26.490039997000054,-30.59997999799998],[26.485689998000055,-30.613080000999958],[26.480710001000034,-30.621280000999946],[26.48089,-30.62704999899995],[26.48336000200004,-30.629640003999953],[26.504240001000028,-30.63177000299993],[26.510520003000067,-30.636049997999976],[26.52169000200007,-30.640200000999982],[26.551160002000074,-30.66181000399996],[26.557879997000043,-30.66407000399994],[26.575519996000025,-30.66675],[26.590929990000063,-30.662639997999975],[26.607750001000056,-30.66404999899993],[26.629010003000076,-30.66174],[26.636529997000025,-30.672840003999966],[26.627770003000023,-30.67819999699998],[26.62490000100007,-30.68317000299993],[26.625319997000076,-30.69115000299996],[26.629450004000034,-30.693879997999943],[26.639640004000057,-30.693619996999928],[26.653459997000027,-30.69010999099993],[26.66083000200007,-30.68532999699994],[26.66976999600007,-30.670579995999958],[26.675320002000035,-30.667519996999943],[26.677320001000055,-30.668250000999933],[26.680669996000063,-30.67845],[26.685660007000024,-30.68596000399998],[26.69322000300008,-30.687939997999933],[26.703089997000063,-30.68690000199996],[26.70914,-30.68395999699993],[26.725700003000043,-30.66639000899994],[26.736640004000037,-30.664639996999938],[26.751620003000028,-30.666189996999947],[26.761979997000026,-30.657979998999963],[26.76874999900008,-30.65553000899996],[26.776120004000063,-30.648440001999973],[26.80526999700004,-30.63936999899994],[26.814140004000024,-30.642670002999978],[26.82827999500006,-30.659610000999976],[26.83875000100005,-30.669419997999967],[26.84425999800004,-30.682589995999933],[26.85431,-30.68475999599997],[26.863560002000042,-30.684129997999946],[26.872690001000024,-30.681259995999937],[26.87611,-30.67809000099993],[26.87729000300004,-30.673679996999965],[26.87579000200003,-30.66490999599995],[26.878739997000025,-30.659610000999976],[26.88617,-30.659449997999957],[26.896179993000032,-30.66706],[26.90305,-30.66891999199993],[26.918049996000036,-30.66509000399998],[26.928629998000076,-30.665990000999955],[26.934559999000044,-30.665069998999968],[26.948810003000062,-30.658609996999928],[26.94927,-30.652920000999984],[26.93012999900003,-30.627640004999932],[26.92933,-30.62450000399997],[26.932979997000075,-30.61901000299997],[26.939799997000023,-30.617389998999954],[26.94789999900007,-30.60764],[26.97943000300006,-30.59790999599994],[27.000549998000054,-30.59461000799996],[27.005559997000034,-30.59572],[27.01029999700006,-30.604120002999935],[27.013799998000025,-30.606390000999966],[27.02793998900006,-30.604620000999944],[27.033670002000065,-30.60067000199996],[27.042609996000067,-30.58760000099994],[27.04151000300004,-30.581469995999953],[27.039179999000055,-30.579119996999964],[27.02649000200006,-30.57858999599995],[27.017810002000033,-30.56133],[27.005400002000044,-30.55792],[27.00038000400008,-30.553419995999946],[26.998090002000026,-30.548719996999978],[27.002359999000078,-30.539799998999968],[27.005670001000055,-30.537279997999974],[27.01291999600005,-30.53634],[27.02259000300006,-30.537459997999974],[27.027359997000076,-30.534340000999975],[27.034939997000038,-30.537440000999936],[27.04272,-30.53696],[27.06497999800007,-30.52970999699994],[27.085250002000066,-30.52805000099994],[27.08902000100005,-30.530499997999982],[27.08708,-30.53926999899994],[27.09133999900007,-30.54773999799994],[27.09633000200006,-30.553650002999973],[27.10605000700008,-30.55832],[27.113480001000028,-30.553440000999956],[27.12134999700004,-30.54093000299997],[27.132739996000055,-30.53803999699994],[27.138020003000065,-30.532219991999966],[27.134899998000037,-30.52375000099994],[27.12720000400003,-30.515270003999944],[27.128209998000045,-30.511809996999943],[27.13046,-30.51015],[27.13946999700005,-30.509690002999946],[27.161060003000046,-30.51418999899994],[27.16972,-30.512310001999936],[27.17633999700007,-30.519949998999948],[27.18638,-30.52463000199998],[27.205990004000057,-30.50736],[27.205680004000044,-30.50058],[27.20954000300003,-30.49353999899995],[27.209890004000044,-30.489000002999944],[27.21277000400005,-30.48700000399998],[27.215350002000037,-30.48762000399995],[27.219020003000026,-30.492269995999948],[27.21829999700003,-30.50545000099993],[27.21969000200005,-30.508569997999928],[27.221470001000057,-30.510389996999947],[27.228259999000045,-30.510689998999965],[27.229689997000037,-30.50957000099993],[27.229459999000028,-30.49919001099994],[27.233560002000047,-30.49328999599993],[27.233149996000066,-30.484830002999956],[27.23945000300006,-30.480620003999945],[27.244789999000034,-30.480710002999956],[27.24557001000005,-30.481799998999975],[27.24813999400004,-30.486830001999977],[27.248249998000063,-30.495349991999944],[27.251119992000042,-30.50251000399993],[27.262150001000066,-30.50371000299998],[27.26654,-30.50630999799995],[27.274699999000063,-30.502249994999943],[27.283349997000073,-30.503090002999954],[27.290219997000065,-30.510320001999958],[27.296409999000048,-30.512230000999978],[27.298480002000076,-30.51157],[27.300669998000046,-30.508800003999966],[27.30117999400005,-30.501609997999935],[27.298430003000078,-30.49463000199995],[27.306410002000064,-30.49062999599994],[27.324260003000063,-30.48773],[27.328359999000043,-30.48343],[27.326120004000074,-30.478280001999963],[27.32109,-30.475570002999973],[27.31479999900006,-30.46902000199998],[27.299050003000048,-30.46392000299994],[27.29595000200004,-30.46158000099996],[27.293499997000026,-30.45523000299994],[27.300579999000036,-30.44365999599995],[27.304889996000043,-30.441270003999932],[27.311049996000065,-30.441100001999928],[27.323460004000026,-30.446749997999973],[27.339619998000046,-30.45064999799996],[27.347869997000032,-30.449210001999973],[27.355630004000034,-30.44311],[27.368720001000042,-30.43700999699996],[27.368379998000023,-30.43344000099995],[27.36153000300004,-30.42534],[27.34072999800003,-30.43101],[27.333790003000047,-30.42938999699993],[27.32422000300005,-30.42316000099993],[27.323640003000037,-30.417710000999932],[27.33190999800007,-30.41566000299997],[27.33460000100007,-30.412139998999976],[27.339089998000077,-30.40353000099998],[27.3389,-30.398290002999943],[27.34458999700007,-30.397330000999943],[27.352209997000045,-30.401130002999935],[27.365989998000032,-30.402990002999957],[27.37337000100007,-30.405269998999984],[27.376889998000024,-30.408840002999966],[27.38086000100003,-30.40640000299993],[27.383150003000026,-30.40128999799998],[27.40351,-30.392379997999967],[27.40185000300005,-30.385010000999955],[27.40293999900007,-30.38041999799998],[27.39585999700006,-30.370319996999967],[27.396739998000044,-30.361059996999984],[27.39140000200007,-30.357469996999953],[27.38339,-30.35826999699998],[27.37988000200005,-30.361859995999964],[27.378680002000067,-30.374450002999936],[27.372099991000027,-30.374550000999932],[27.368339997000078,-30.370870001999947],[27.36287999900003,-30.355190000999983],[27.36704000800006,-30.34518],[27.36637999900006,-30.338669998999933],[27.35831,-30.33584999599998],[27.35339,-30.33594000399995],[27.348940004000042,-30.332440003999977],[27.351120002000073,-30.328969997999934],[27.362659999000073,-30.323699997999938],[27.37735000300006,-30.327119995999965],[27.380760011000064,-30.329189998999937],[27.38269999700003,-30.336650003999978],[27.392359997000028,-30.33981999899993],[27.411160003000077,-30.331719997999983],[27.42026,-30.324139997999964],[27.438150002000043,-30.3232],[27.45361000300005,-30.31358999899993],[27.46458999600003,-30.31403],[27.47408000300004,-30.320469996999975],[27.47576000400005,-30.32298999799997],[27.474499999000045,-30.33295999799998],[27.476949997000077,-30.34826000399994],[27.47435000200005,-30.354979997999976],[27.48118000100004,-30.36037000099998],[27.488289998000027,-30.362909998999953],[27.489979997000034,-30.365979996999954],[27.48942000200003,-30.373409998999932],[27.494529999000065,-30.374529996999968],[27.50211999700008,-30.37180000199993],[27.500680001000035,-30.3781],[27.50689,-30.387589998999943],[27.512020001000053,-30.38712000399994],[27.520419997000033,-30.383310003999952],[27.533449997000048,-30.384070002999977],[27.538780002000067,-30.393120000999943],[27.55310999900007,-30.40115999699998],[27.560100001000023,-30.4155],[27.571419997000078,-30.428629997999963],[27.571459998000023,-30.43017999799997],[27.56443000300004,-30.434450002999938],[27.567310003000046,-30.444799990999968],[27.572389998000062,-30.44810000299998],[27.585059999000066,-30.448479997999982],[27.587409999000045,-30.449910003999946],[27.593230004000077,-30.450259996999932],[27.60118999900004,-30.446560000999966],[27.60371,-30.448020000999975],[27.604339998000057,-30.449910003999946],[27.597559998000065,-30.45732000199996],[27.60380999800003,-30.45845999599993],[27.60894999800007,-30.470880001999944],[27.615040002000057,-30.477660001999936],[27.615130002000058,-30.48817],[27.611879997000074,-30.49114],[27.60708999800005,-30.49185999799994],[27.60969,-30.495619998999928],[27.614659999000025,-30.49672000099997],[27.61989999700006,-30.493679997999948],[27.621900004000054,-30.499310004999984],[27.620890002000067,-30.50207000299997],[27.624629999000035,-30.50695000199994],[27.63693001000007,-30.513089996999952],[27.639150002000065,-30.515739998999948],[27.64527000100003,-30.51701000199995],[27.64589999900005,-30.51968],[27.653060002000075,-30.517389996999952],[27.657289999000056,-30.519249996999974],[27.657609997000066,-30.52247],[27.665099989000055,-30.52540999699994],[27.672610001000066,-30.535440001999973],[27.679619999000067,-30.534499995999965],[27.686769996000066,-30.540010000999928],[27.690399997000043,-30.54084000299997],[27.69340999800005,-30.544809998999938],[27.691629999000043,-30.548600001999944],[27.69526,-30.550079998999934],[27.697269997000035,-30.553030002999947],[27.693899997000074,-30.55544],[27.69429999700003,-30.558720006999977],[27.700480001000074,-30.561190001999933],[27.70211000300003,-30.56452],[27.71643000100005,-30.568580002999965],[27.720699999000033,-30.579050000999928],[27.730229998000027,-30.589609998999947],[27.735030003000077,-30.59068999599998],[27.741910001000065,-30.60390000299998],[27.74825000100003,-30.60617999899995],[27.75388,-30.605569996999975],[27.758920002000025,-30.606799998999975],[27.764510001000076,-30.610460001999968],[27.768469998000057,-30.611999995999952],[27.76992,-30.61109000099998],[27.773559999000042,-30.614290006999965],[27.78166999900003,-30.6173],[27.78552,-30.6173],[27.786999997000066,-30.618909996999946],[27.79217999800005,-30.61757999699995],[27.795470004000038,-30.619110000999967],[27.805810001000054,-30.615529998999932],[27.81417000400006,-30.61628],[27.816499991000057,-30.614900000999967],[27.82528000600007,-30.61506000399993],[27.83036000100003,-30.613719997999965],[27.85532998900004,-30.61583000099995],[27.860719992000043,-30.614180002999944],[27.881199998000056,-30.61371],[27.889629996000053,-30.60524000099997],[27.898479998000028,-30.60724],[27.903189996000037,-30.60294999799993],[27.906860005000055,-30.604350000999943],[27.915489999000044,-30.6013],[27.918350003000057,-30.602589998999974],[27.9224,-30.609209995999947],[27.920169995000037,-30.622020002999932],[27.926640002000056,-30.623119996999947],[27.933039999000073,-30.62749],[27.933539997000025,-30.633230002999937],[27.94048,-30.639700002999973],[27.94052000100004,-30.644109998999966],[27.977520001000073,-30.65503000399997],[27.99165000200003,-30.650920001999964],[28.003749993000042,-30.65899000099995],[28.052440003000072,-30.65805000299997],[28.084570002000078,-30.65398000099998],[28.113575001000072,-30.67557500299995],[28.11768,-30.668669996999938],[28.12320000400007,-30.663389997999957],[28.123830002000034,-30.659179998999946],[28.123570001000076,-30.649320002999957],[28.121409999000036,-30.64344],[28.117500001000053,-30.64017999699996],[28.116329996000047,-30.6348],[28.118810004000068,-30.62266000799997],[28.112210004000076,-30.614699996999946],[28.11276999900008,-30.611859997999943],[28.110570004000067,-30.60868000399995],[28.113150002000054,-30.599870001999932],[28.12158,-30.59889000299995],[28.122729993000064,-30.595869995999976],[28.12947,-30.591810000999942],[28.137340003000077,-30.592420002999972],[28.14502999900003,-30.58588999799997],[28.151229991000037,-30.584010001999957],[28.15357000100005,-30.575839996999946],[28.16044,-30.57249000099995],[28.159339999000053,-30.56833999899993],[28.162589996000065,-30.56284],[28.16084,-30.55862000199994],[28.163549999000054,-30.556699995999963],[28.158520003000035,-30.54958000199997],[28.156959997000058,-30.544000000999972],[28.16298999600008,-30.538950000999932],[28.16367000100007,-30.535080010999934],[28.168400003000045,-30.52802999599993],[28.176510003000033,-30.527030000999957],[28.177069998000036,-30.52525000199995],[28.177230001000055,-30.521800000999974],[28.172339996000062,-30.508800003999966],[28.17533,-30.503209996999942],[28.18082000100003,-30.50124000099993],[28.179730006000057,-30.491339995999965],[28.17791999700006,-30.488409996999962],[28.165459998000074,-30.481759997999973],[28.16442001000007,-30.47588000299993],[28.15493000300006,-30.471219996999935],[28.156350003000057,-30.46553999799994],[28.163700004000077,-30.46123],[28.165530002000025,-30.45476],[28.17253000200003,-30.45063000199997],[28.176719997000077,-30.44562000999997],[28.17955999700007,-30.438919987999952],[28.186130002000027,-30.43522],[28.197740002000046,-30.43299000299993],[28.206270006000068,-30.43721999899998],[28.21539,-30.43057],[28.228289999000026,-30.43046000299995],[28.23223999800007,-30.420749995999984],[28.237310002000072,-30.418180003999964],[28.23924999600007,-30.41306999899996],[28.246199990000036,-30.415329998999937],[28.24973,-30.419459996999933],[28.256950001000064,-30.41865],[28.25775,-30.41736999899996],[28.25292999800007,-30.40517000099993],[28.258649998000067,-30.402290000999983],[28.263640001000056,-30.386810003999983],[28.267149999000026,-30.384139997999966],[28.267040003000034,-30.377080000999968],[28.27078,-30.37082000299995],[28.267790004000062,-30.36038],[28.271030003000078,-30.35644999699997],[28.26985,-30.35337999899997],[28.26270001000006,-30.346980002999942],[28.255999988000042,-30.346090002999972],[28.252860011000053,-30.342070000999968],[28.251549992000037,-30.333580005999977],[28.25682,-30.3298],[28.252770003000023,-30.327779988999964],[28.25651,-30.32444],[28.24787999800003,-30.323289991999957],[28.242519998000034,-30.31788],[28.232949998000038,-30.315009998999983],[28.228249998000024,-30.308520001999966],[28.220510003000072,-30.308970000999977],[28.215359997000064,-30.306809998999938],[28.212280001000067,-30.297050000999945],[28.206860004000077,-30.29095999699996],[28.21459,-30.286400003999972],[28.22313000200006,-30.275449996999953],[28.223059999000043,-30.273359997999933],[28.228969988000074,-30.271160002999977],[28.23587999700004,-30.265999998999973],[28.23620001100005,-30.26010999799996],[28.244609997000055,-30.257489998999972],[28.24963000200006,-30.25827000199996],[28.259730003000072,-30.25651999799993],[28.26404000100007,-30.25212000099998],[28.269130002000054,-30.252950002999967],[28.27401000100008,-30.256209997999974],[28.282690002000038,-30.25556000399996],[28.288019999000028,-30.257600002999936],[28.29711999600005,-30.255170001999943],[28.30318999700006,-30.256230002999928],[28.31070999900004,-30.250769995999974],[28.313489993000076,-30.24067000399998],[28.318819999000027,-30.240619996999953],[28.321169998000073,-30.238110001999928],[28.32520999700006,-30.23714999899994],[28.328810003000058,-30.23386999199994],[28.330429999000046,-30.229709998999965],[28.33308,-30.23386999199994],[28.340290003000064,-30.234610001999954],[28.345849999000052,-30.23206999699994],[28.347769996000068,-30.22886],[28.343400001000077,-30.22355999699994],[28.345120003000034,-30.21881999699997],[28.347730003000038,-30.216920003999974],[28.345369997000034,-30.21526999799994],[28.345149997000078,-30.21276000299997],[28.348890002000076,-30.20754999899998],[28.352040001000034,-30.196680001999937],[28.356290002000037,-30.19248],[28.35546,-30.190579998999965],[28.359639997000045,-30.178449996999973],[28.365100003000066,-30.168620003999933],[28.370889998000052,-30.16974000099998],[28.382859989000053,-30.16882],[28.384070003000033,-30.16512000399996],[28.390170005000073,-30.16282000299998],[28.39045000300007,-30.159389997999938],[28.39228999900007,-30.159050002999948],[28.392739997000035,-30.155619998999953],[28.395850004000067,-30.151419996999948],[28.397129997000036,-30.14518000299995],[28.399800003000053,-30.14368000199994],[28.41976999700006,-30.14868000399997],[28.43248999700006,-30.15371],[28.451470002000065,-30.15783999799993],[28.456870003000063,-30.157510000999935],[28.460740001000033,-30.154519996999966],[28.47251000400007,-30.155600009999944],[28.47364,-30.152789997999946],[28.48133000300004,-30.14879],[28.499829999000042,-30.150990002999947],[28.50644999600007,-30.14488000199998],[28.512180002000036,-30.14312999799995],[28.51667999700004,-30.13877999899995],[28.53142999800008,-30.13288999799994],[28.53492,-30.125749998999936],[28.54693,-30.12309999799993],[28.550590003000025,-30.120630003999963],[28.553719998000076,-30.123960001999933],[28.564200002000064,-30.12388999899997],[28.566519999000036,-30.12259000199998],[28.575060001000054,-30.127410003999955],[28.579859999000064,-30.125910001999955],[28.58460999700003,-30.127600000999962],[28.590689996000037,-30.12685000099998],[28.597390002000054,-30.130690002999984],[28.61025999900005,-30.132470001999934],[28.618620001000068,-30.135520002999954],[28.626940003000072,-30.13173],[28.638359997000066,-30.131549991999975],[28.643070003000048,-30.133970002999945],[28.65017000100005,-30.13369999599996],[28.653630001000067,-30.13758],[28.65791000400003,-30.13731],[28.667609997000056,-30.140710001999935],[28.671639997000057,-30.136129996999955],[28.678250004000063,-30.13394999899998],[28.68506999600004,-30.12874000399995],[28.687970001000053,-30.128800000999945],[28.690310002000047,-30.12406999899997],[28.695410002000074,-30.12440000299995],[28.699099999000055,-30.126890001999982],[28.70162,-30.12646999699996],[28.70902,-30.119599997999956],[28.71877999800006,-30.11772999899995],[28.72067000100003,-30.11524000099996],[28.724160003000065,-30.115529996999953],[28.72887999900007,-30.112999996999974],[28.736120004000043,-30.112300003999962],[28.73964999900005,-30.115800003999937],[28.741850001000046,-30.114279997999972],[28.741720001000033,-30.11217000299996],[28.749820002000035,-30.10648000599997],[28.7618,-30.105490000999964],[28.768780003000074,-30.107610001999944],[28.79117000100007,-30.109399998999947],[28.79566999700006,-30.10350000799997],[28.794980001000056,-30.100830001999952],[28.802370003000078,-30.10062],[28.80760000300006,-30.09734],[28.81950999700007,-30.097629995999966],[28.826220001000024,-30.09555000399996],[28.831289998000045,-30.09761],[28.83894999900008,-30.09208999599997],[28.844290011000055,-30.092450002999954],[28.85534,-30.090139995999948],[28.859450002000074,-30.08731000299997],[28.857429999000033,-30.08325999799996],[28.85752999700003,-30.077560002999974],[28.86929000200007,-30.077859996999962],[28.87063,-30.074529998999935],[28.87486999400005,-30.07375000299993],[28.878940003000025,-30.069820000999982],[28.882440003000056,-30.07050999599994],[28.88999,-30.068159996999952],[28.89337999600008,-30.06876],[28.896919997000055,-30.064720001999945],[28.903069999000024,-30.065910002999942],[28.91063000200006,-30.05919],[28.918880001000048,-30.058049997999944],[28.921729998000046,-30.05307000099998],[28.923899998000024,-30.053879998999946],[28.936330002000034,-30.04916000299994],[28.940969997000025,-30.03641000099998],[28.952219997000043,-30.036670001999937],[28.95433,-30.039149993999956],[28.95784999700004,-30.039140003999933],[28.96479,-30.033099997999955],[28.96922,-30.03411],[28.97193999700005,-30.032370001999936],[28.975950001000058,-30.03233999899993],[28.977909999000076,-30.02977999799998],[28.98561999900005,-30.03122000199994],[28.990139999000064,-30.027429989999973],[28.990759999000034,-30.020169996999982],[28.99728000600004,-30.01165999699998],[29.004210003000026,-30.00502000399996],[29.01052,-30.004739997999934],[29.01473997200003,-30.00179996999998],[29.044949978000034,-30.01296998199996],[29.067829965000044,-30.04403995499996],[29.09013003000007,-30.05669998099995],[29.10733996400006,-30.078489957999977],[29.111918986000035,-30.09718697099993],[29.113710036000043,-30.09626997099997],[29.117240037000045,-30.10018996799994],[29.121189964000052,-30.09877995599993],[29.11864997200007,-30.102889968999932],[29.119629970000062,-30.105419968999968],[29.117409964000046,-30.10541995799997],[29.114539970000067,-30.102339970999935],[29.112300040000036,-30.10557996999995],[29.115159970000036,-30.107799970999963],[29.114819973000067,-30.110599968999963],[29.118559970000035,-30.109380038999973],[29.120029970000076,-30.110629968999945],[29.11532997100005,-30.114439971999957],[29.119399970000075,-30.122249970999974],[29.115830036000034,-30.12472996699995],[29.117669971000055,-30.125889968999957],[29.115349971000057,-30.132759969999938],[29.116309969000042,-30.13642996799996],[29.11876997300004,-30.138569967999956],[29.11626003600003,-30.14208997199995],[29.12154997300007,-30.14350003499993],[29.120609970000032,-30.151199969999936],[29.11803997100003,-30.15282997099996],[29.113939973000072,-30.15176996799994],[29.11043997300004,-30.15376996899994],[29.11343996000005,-30.157629963999966],[29.120379971000034,-30.160389970999972],[29.117149969000025,-30.163319970999964],[29.113909970000066,-30.16209996999993],[29.113099970000064,-30.168239968999956],[29.110329971000056,-30.16829996799993],[29.106739971000025,-30.17210997099994],[29.106829984000058,-30.176200020999943],[29.10413997300003,-30.17531996599996],[29.102549972000077,-30.17709997099996],[29.10368997300003,-30.180540035999968],[29.109879970000065,-30.183829971999955],[29.113219960000038,-30.190359962999935],[29.117379973000027,-30.189800034999962],[29.122109970000054,-30.192019966999965],[29.120769971000072,-30.19430997099994],[29.114059972000064,-30.193869966999955],[29.110769970000035,-30.196869969999966],[29.112419974000034,-30.209589967999932],[29.119719971000052,-30.20594003499997],[29.12159997200007,-30.207299966999983],[29.12149996100004,-30.209889961999977],[29.12714003600007,-30.211239967999973],[29.13227997200005,-30.214939968999943],[29.131839972000023,-30.216589969999973],[29.124139967000076,-30.217869968999935],[29.122429972000077,-30.221950036999942],[29.128219970000032,-30.22419997199995],[29.130230037000047,-30.226629969999976],[29.12967997000004,-30.233669970999983],[29.12602004100006,-30.238669967999954],[29.129179961000034,-30.239639959999977],[29.128859973000033,-30.247759970999937],[29.132960037000032,-30.24967996999993],[29.131929971000034,-30.251599968999983],[29.135489966000023,-30.25623003499993],[29.135979965000047,-30.26123003899994],[29.137309971000036,-30.26236996399996],[29.141099972000063,-30.261669968999968],[29.151759971000047,-30.256689970999957],[29.15377997300004,-30.26105997199994],[29.15175996100004,-30.26466996099998],[29.15644997000004,-30.26482002599994],[29.15555997100006,-30.26189997199998],[29.157029971000043,-30.26325996999998],[29.162699971000052,-30.26360996799997],[29.162149973000055,-30.266309967999973],[29.157799972000078,-30.266799969999965],[29.15599997100003,-30.268499969999937],[29.160959972000057,-30.270660034999935],[29.159269961000064,-30.274249961999942],[29.161819971000057,-30.27229996899996],[29.163169973000038,-30.27382003499997],[29.161239970000054,-30.27590003499995],[29.15788997100003,-30.274369969999952],[29.15680997100003,-30.27556997099998],[29.15790997000005,-30.276999967999984],[29.155816036000033,-30.27752696899995],[29.167419968000047,-30.281629970999973],[29.174169953000046,-30.280799981999962],[29.175659962000054,-30.282810017999964],[29.17256998700003,-30.283439964999957],[29.188109973000053,-30.28873996799996],[29.22752997200007,-30.297449977999975],[29.233359970000038,-30.306309960999954],[29.254719970000053,-30.304829968999968],[29.23145997000006,-30.269059967999965],[29.23683997100005,-30.266889968999976],[29.26219997000004,-30.278399969999953],[29.301859965000062,-30.320119956999974],[29.29868996600004,-30.334319968999978],[29.291859980000027,-30.34563997999993],[29.298789959000032,-30.35320995999996],[29.305009976000065,-30.379859949999968],[29.277090061000024,-30.376249987999984],[29.28243995100007,-30.395730026999956],[29.23819996900005,-30.40494003499998],[29.22763003700004,-30.41034003599998],[29.22731995500004,-30.426300003999984],[29.218469973000026,-30.421189969999944],[29.196769982000035,-30.43439003499998],[29.19835997000007,-30.46233996899997],[29.18784997100005,-30.484249966999982],[29.177309972000046,-30.51572996899995],[29.150359971000057,-30.51038996699998],[29.14017001600007,-30.53382989199997],[29.144829972000025,-30.53098996899996],[29.14656995200005,-30.531609961999948],[29.145479972000032,-30.532690034999973],[29.147569972000042,-30.541179970999963],[29.153119970000034,-30.547039962999975],[29.15174997200006,-30.548589968999977],[29.152769955000053,-30.554609957999958],[29.15564997000007,-30.555429970999967],[29.15774997300008,-30.55382996999998],[29.161429971000075,-30.547029967999947],[29.15785996900007,-30.547639957999934],[29.15776997300003,-30.54506996899994],[29.159809970000026,-30.544729966999967],[29.16110996900005,-30.541779970999983],[29.16529997300006,-30.543549969999958],[29.16631995700004,-30.54136996099993],[29.163079972000048,-30.539629968999975],[29.16511997200007,-30.538039966999975],[29.17384003600006,-30.551749969999946],[29.162940036000066,-30.558210035999934],[29.16203997100007,-30.560079969999947],[29.151459973000044,-30.560369968999964],[29.115259999000045,-30.57962002399995],[29.123829958000044,-30.58707996299995],[29.146039939000048,-30.595239968999977],[29.13525000100003,-30.605139977999954],[29.16809998100007,-30.613079979999952],[29.168029973000046,-30.617649969999945],[29.172990037000034,-30.624269967999965],[29.180690038000023,-30.61891997099997],[29.185279971000057,-30.61853997099996],[29.185379970000042,-30.62129996899995],[29.180829969000058,-30.623589968999966],[29.177780037000048,-30.628729970999984],[29.18086997100005,-30.63960997199996],[29.182949972000074,-30.641349969999965],[29.191899969000076,-30.63481996699994],[29.19788003700006,-30.63438003799996],[29.19865997200003,-30.632000034999976],[29.19546997300006,-30.628309970999965],[29.195200036000074,-30.624539966999976],[29.204559971000037,-30.62017996999998],[29.21112997000006,-30.621469969999964],[29.217989971000065,-30.61849996999996],[29.220159972000033,-30.62074995399996],[29.22838997200006,-30.61972997099997],[29.26132997600007,-30.621159976999934],[29.277319960000057,-30.63727996199998],[29.303519970000025,-30.63935003499995],[29.319840036000073,-30.644989968999937],[29.322499979000042,-30.644479977999936],[29.34563997500004,-30.671729967999966],[29.372800038000037,-30.64896003499996],[29.38552997100004,-30.65011997099998],[29.401340040000036,-30.639439970999945],[29.442990036000026,-30.639039969999942],[29.46858997000004,-30.624159970999983],[29.51235997200007,-30.61821998299996],[29.52428997000004,-30.641160035999974],[29.571269960000052,-30.65584996299998],[29.57220004100003,-30.655149972999936],[29.571280006000052,-30.65765993499997],[29.580299968000077,-30.654029971999933],[29.58762997200006,-30.658980035999946],[29.59418997100005,-30.667439971999954],[29.595769973000074,-30.685849968999946],[29.599509973000067,-30.689519969999935],[29.610289971000043,-30.686989970999946],[29.613189972000043,-30.687899968999943],[29.61427997100003,-30.686680034999938],[29.617019971000047,-30.688869969999928],[29.620199971000034,-30.688464970999974],[29.63489003600006,-30.68394996899997],[29.63654003700003,-30.68585996799993],[29.637059969000063,-30.683849970999972],[29.648709970000027,-30.683750034999946],[29.649339964000035,-30.685409960999948],[29.651519979000057,-30.68584002199998],[29.657189970000047,-30.680610042999945],[29.66710497100007,-30.67625997199997],[29.67191997100008,-30.671399968999935],[29.671359970000026,-30.67004996999998],[29.673709969000072,-30.669219969999972],[29.67656997000006,-30.67147997099994],[29.676289965000024,-30.673679956999933],[29.686769962000028,-30.679519966999976],[29.686529972000073,-30.681949970999938],[29.683079973000076,-30.683549967999966],[29.68344998200007,-30.68539997599993],[29.687359968000067,-30.68827996999994],[29.691749972000025,-30.686209969999936],[29.69364996300004,-30.687449958999935],[29.694249979000062,-30.695769982999934],[29.696499973000073,-30.696730034999973],[29.700779961000023,-30.705339961999982],[29.704799971000057,-30.702959969999938],[29.70792995900007,-30.70478996099996],[29.715269971000055,-30.70427003499998],[29.720369970000036,-30.70834997099996],[29.733599973000025,-30.707420034999984],[29.735029970000028,-30.709059968999952],[29.729639984000073,-30.715859974999944],[29.73435997100006,-30.719609970999954],[29.73892997100006,-30.717649969999968],[29.740649977000032,-30.718689979999965],[29.741050028000075,-30.720029977999957],[29.73892997100006,-30.721549970999945],[29.74064997000005,-30.723360034999928],[29.74449997200003,-30.722769967999966],[29.749729973000058,-30.719459970999935],[29.75070997000006,-30.71639996899995],[29.749409971000034,-30.71259996999993],[29.752529971000058,-30.706970034999983],[29.75533996300004,-30.71062995699998],[29.756639981000035,-30.71776997799998],[29.759149973000035,-30.71920997099994],[29.77073997100007,-30.718529967999984],[29.77157997100005,-30.716199968999945],[29.76846997100006,-30.712799968999946],[29.771859970000037,-30.71210997099996],[29.772199971000077,-30.705359967999982],[29.786090048000062,-30.71004996199997],[29.778979966000065,-30.70122996999993],[29.77768997100003,-30.697409970999956],[29.780579971000066,-30.695399969999983],[29.785559962000036,-30.69622997299996],[29.785659982000027,-30.698759975999963],[29.796309979000057,-30.704399981999984],[29.800339971000028,-30.708880034999936],[29.805759971000043,-30.70353996999995],[29.804839972000025,-30.70033997099995],[29.808989965000023,-30.698509970999964],[29.812949985000046,-30.699449975999983],[29.815380037000068,-30.70158996799995],[29.814580027000034,-30.706669980999948],[29.80658997100005,-30.714439969999944],[29.804029971000034,-30.715129968999975],[29.804449972000043,-30.72314997199993],[29.807979975000023,-30.72963996699997],[29.814239973000042,-30.731519971999944],[29.81872997100004,-30.723564971999963],[29.82511996900007,-30.72057996899997],[29.82750997100004,-30.723139971999956],[29.82424003600005,-30.728339968999933],[29.824569978000056,-30.734549981999976],[29.831009969000036,-30.734889971999962],[29.833679973000073,-30.738079970999934],[29.829639971000063,-30.740779971999984],[29.829929969000034,-30.74390996099993],[29.83335997100005,-30.742559969999945],[29.842129972000066,-30.743889971999977],[29.84478997000008,-30.736779971999965],[29.847679980000066,-30.736489977999952],[29.851799968000023,-30.74875997099997],[29.851539973000058,-30.75241996899996],[29.847749973000077,-30.75836997199997],[29.851909970000065,-30.761690037999983],[29.859419970000033,-30.756529969999974],[29.863769971000067,-30.757459968999967],[29.871229972000037,-30.75478997199997],[29.87337996000008,-30.758699960999934],[29.87659997000003,-30.75815997099994],[29.88203997000005,-30.762139970999954],[29.886299973000064,-30.759149968999964],[29.892559965000032,-30.75888997499993],[29.896549969000034,-30.76603003499997],[29.89612495700004,-30.76901004299998],[29.888409973000023,-30.77044996899997],[29.886029979000057,-30.772550028999945],[29.886689942000032,-30.78469006599994],[29.89694006700006,-30.774240065999948],[29.904069942000035,-30.775359940999977],[29.911189942000078,-30.77011994099996],[29.91470994200006,-30.771029940999938],[29.915949942000054,-30.774459940999975],[29.90978994200003,-30.78070006599995],[29.909689942000057,-30.784569940999972],[29.906259942000077,-30.792000065999957],[29.908009942000035,-30.798219940999957],[29.921869942000058,-30.789619940999955],[29.925190067000074,-30.79362994099995],[29.92751994200006,-30.793979940999975],[29.929329942000038,-30.791979940999965],[29.929489942000032,-30.78067994099996],[29.926589942000078,-30.77497994099997],[29.92154994200007,-30.77079994099995],[29.922349963000045,-30.768670047999933],[29.934169970000028,-30.768389971999966],[29.949239981000062,-30.770819979999942],[29.95125997200006,-30.774429968999982],[29.950199972000064,-30.781059969999944],[29.954989969000053,-30.78692996999996],[29.955209972000034,-30.78974997199998],[29.94059997100004,-30.79212997099995],[29.933170036000035,-30.80082003499996],[29.932259971000065,-30.807159970999976],[29.93755998300003,-30.80937997999996],[29.94504002800005,-30.809939975999953],[29.95656998100003,-30.808019981999962],[29.96576998000006,-30.808229981999943],[29.968520021000074,-30.806399985999974],[29.968469981000055,-30.80370997999995],[29.972429987000055,-30.80225998399993],[29.97402997300003,-30.806619970999975],[29.967299970000056,-30.81080996999998],[29.96651997500004,-30.81707998299993],[29.97044997000006,-30.81903003499997],[29.96781997200003,-30.825059969999984],[29.963849972000048,-30.824809969999933],[29.959239972000034,-30.82148996999996],[29.958149969000033,-30.822959969999943],[29.959589983000058,-30.827379979999932],[29.964759970000046,-30.83234996999994],[29.97046998500008,-30.83434997599994],[29.974799962000077,-30.838079955999945],[29.97991004000005,-30.837439969999934],[29.983339971000078,-30.834959968999954],[29.98984997200006,-30.83796997099995],[29.99365002600007,-30.835994977999974],[30.00029997200005,-30.837549971999977],[30.001459973000067,-30.827949970999953],[30.003719971000066,-30.826069966999967],[30.007709971000054,-30.825749964999943],[30.01124003700005,-30.82835997099994],[30.011889970000027,-30.832109970999966],[30.006949973000076,-30.84222996999995],[30.00975997100005,-30.84324996999993],[30.01617997200003,-30.839579968999942],[30.02179996500007,-30.839219970999977],[30.02237003600004,-30.847449969999957],[30.019379971000035,-30.85300996799998],[30.022069972000054,-30.856789971999945],[30.02503997100007,-30.856609971999944],[30.025449975000072,-30.84878004099994],[30.036389971000062,-30.846599970999932],[30.03897997300004,-30.844559969999978],[30.04595997200005,-30.84795996799994],[30.053169970000056,-30.846849969999937],[30.05786997200005,-30.84852496999997],[30.062189970000077,-30.84805997099994],[30.066839969000057,-30.851740034999978],[30.07013003700007,-30.85157997099998],[30.07422997200007,-30.856429970999955],[30.07318997300007,-30.86580996799995],[30.08180997200003,-30.86589996999993],[30.082809973000053,-30.86368996799996],[30.087399969000046,-30.86407996899993],[30.094769969000026,-30.862289974999953],[30.095119974000056,-30.86491996899997],[30.092609973000037,-30.86866996899994],[30.093209966000074,-30.87804996999995],[30.08818998600003,-30.87445996699995],[30.073919971000066,-30.87076996899998],[30.070449972000063,-30.871349969999983],[30.07031997100006,-30.874699969999938],[30.074470038000072,-30.87841997099997],[30.075659983000037,-30.882239977999973],[30.080959972000073,-30.88496996999993],[30.091349970000067,-30.883019970999953],[30.098439970000072,-30.884759969999948],[30.109229972000037,-30.88449997099997],[30.115029968000044,-30.887689957999953],[30.11947997900006,-30.888019979999967],[30.121109973000046,-30.891029969999977],[30.113619972000038,-30.900489969999967],[30.12692997000005,-30.905799971999954],[30.120069983000064,-30.91010997999996],[30.132340037000063,-30.909139968999966],[30.136239963000037,-30.911459960999935],[30.139539975000048,-30.918079967999972],[30.146389964000036,-30.92236996099996],[30.142824974000064,-30.92697997099998],[30.146350037000047,-30.931069969999953],[30.14645997300005,-30.933889971999974],[30.144659971000067,-30.937439971999936],[30.141259973000047,-30.937549969999964],[30.137849973000073,-30.94064996999998],[30.141049972000076,-30.951009968999983],[30.139159969000048,-30.954429967999943],[30.134729976000074,-30.956220024999936],[30.134479974000044,-30.963789968999947],[30.14112998300004,-30.96638997799994],[30.14768997400006,-30.971269965999966],[30.155099982000024,-30.97286997499998],[30.156419971000048,-30.975899969999944],[30.15203997100008,-30.98534996899997],[30.14128997100005,-30.98731996799995],[30.140939974000048,-30.99668003499994],[30.145229973000028,-30.998360034999962],[30.146859970000037,-31.002559968999947],[30.144559970000046,-31.00539996699996],[30.136159974000066,-31.00737003499995],[30.13543997100004,-31.009000035999975],[30.139969973000063,-31.01409997199994],[30.140769961000046,-31.022849962999942],[30.14306997400007,-31.02256996999995],[30.149279972000045,-31.015639970999928],[30.15563997000004,-31.02244996899998],[30.163219969000068,-31.02507997099997],[30.170029962000058,-31.025379958999963],[30.167509971000072,-31.038939968999955],[30.163229973000057,-31.04560996999993],[30.163329971000053,-31.049829969999962],[30.16983997600005,-31.05983996899994],[30.175918973000023,-31.06554597199994],[30.18832996200007,-31.069069964999983],[30.19340997300003,-31.07622996999993],[30.193859794000048,-31.081260201999953]]]}},{"type":"Feature","properties":{"shapeName":"Free State","shapeISO":"FS","shapeID":"76434192B57942368908249","shapeGroup":"ZAF","shapeType":"ADM1"},"geometry":{"type":"Polygon","coordinates":[[[27.37735000300006,-30.327119995999965],[27.362659999000073,-30.323699997999938],[27.351120002000073,-30.328969997999934],[27.348940004000042,-30.332440003999977],[27.35339,-30.33594000399995],[27.35831,-30.33584999599998],[27.36637999900006,-30.338669998999933],[27.36704000800006,-30.34518],[27.36287999900003,-30.355190000999983],[27.368339997000078,-30.370870001999947],[27.372099991000027,-30.374550000999932],[27.378680002000067,-30.374450002999936],[27.37988000200005,-30.361859995999964],[27.38339,-30.35826999699998],[27.39140000200007,-30.357469996999953],[27.396739998000044,-30.361059996999984],[27.39585999700006,-30.370319996999967],[27.40293999900007,-30.38041999799998],[27.40185000300005,-30.385010000999955],[27.40351,-30.392379997999967],[27.383150003000026,-30.40128999799998],[27.38086000100003,-30.40640000299993],[27.376889998000024,-30.408840002999966],[27.37337000100007,-30.405269998999984],[27.365989998000032,-30.402990002999957],[27.352209997000045,-30.401130002999935],[27.34458999700007,-30.397330000999943],[27.3389,-30.398290002999943],[27.339089998000077,-30.40353000099998],[27.33460000100007,-30.412139998999976],[27.33190999800007,-30.41566000299997],[27.323640003000037,-30.417710000999932],[27.32422000300005,-30.42316000099993],[27.333790003000047,-30.42938999699993],[27.34072999800003,-30.43101],[27.36153000300004,-30.42534],[27.368379998000023,-30.43344000099995],[27.368720001000042,-30.43700999699996],[27.355630004000034,-30.44311],[27.347869997000032,-30.449210001999973],[27.339619998000046,-30.45064999799996],[27.323460004000026,-30.446749997999973],[27.311049996000065,-30.441100001999928],[27.304889996000043,-30.441270003999932],[27.300579999000036,-30.44365999599995],[27.293499997000026,-30.45523000299994],[27.29595000200004,-30.46158000099996],[27.299050003000048,-30.46392000299994],[27.31479999900006,-30.46902000199998],[27.32109,-30.475570002999973],[27.326120004000074,-30.478280001999963],[27.328359999000043,-30.48343],[27.324260003000063,-30.48773],[27.306410002000064,-30.49062999599994],[27.298430003000078,-30.49463000199995],[27.30117999400005,-30.501609997999935],[27.300669998000046,-30.508800003999966],[27.298480002000076,-30.51157],[27.296409999000048,-30.512230000999978],[27.290219997000065,-30.510320001999958],[27.283349997000073,-30.503090002999954],[27.274699999000063,-30.502249994999943],[27.26654,-30.50630999799995],[27.262150001000066,-30.50371000299998],[27.251119992000042,-30.50251000399993],[27.248249998000063,-30.495349991999944],[27.24813999400004,-30.486830001999977],[27.24557001000005,-30.481799998999975],[27.244789999000034,-30.480710002999956],[27.23945000300006,-30.480620003999945],[27.233149996000066,-30.484830002999956],[27.233560002000047,-30.49328999599993],[27.229459999000028,-30.49919001099994],[27.229689997000037,-30.50957000099993],[27.228259999000045,-30.510689998999965],[27.221470001000057,-30.510389996999947],[27.21969000200005,-30.508569997999928],[27.21829999700003,-30.50545000099993],[27.219020003000026,-30.492269995999948],[27.215350002000037,-30.48762000399995],[27.21277000400005,-30.48700000399998],[27.209890004000044,-30.489000002999944],[27.20954000300003,-30.49353999899995],[27.205680004000044,-30.50058],[27.205990004000057,-30.50736],[27.18638,-30.52463000199998],[27.17633999700007,-30.519949998999948],[27.16972,-30.512310001999936],[27.161060003000046,-30.51418999899994],[27.13946999700005,-30.509690002999946],[27.13046,-30.51015],[27.128209998000045,-30.511809996999943],[27.12720000400003,-30.515270003999944],[27.134899998000037,-30.52375000099994],[27.138020003000065,-30.532219991999966],[27.132739996000055,-30.53803999699994],[27.12134999700004,-30.54093000299997],[27.113480001000028,-30.553440000999956],[27.10605000700008,-30.55832],[27.09633000200006,-30.553650002999973],[27.09133999900007,-30.54773999799994],[27.08708,-30.53926999899994],[27.08902000100005,-30.530499997999982],[27.085250002000066,-30.52805000099994],[27.06497999800007,-30.52970999699994],[27.04272,-30.53696],[27.034939997000038,-30.537440000999936],[27.027359997000076,-30.534340000999975],[27.02259000300006,-30.537459997999974],[27.01291999600005,-30.53634],[27.005670001000055,-30.537279997999974],[27.002359999000078,-30.539799998999968],[26.998090002000026,-30.548719996999978],[27.00038000400008,-30.553419995999946],[27.005400002000044,-30.55792],[27.017810002000033,-30.56133],[27.02649000200006,-30.57858999599995],[27.039179999000055,-30.579119996999964],[27.04151000300004,-30.581469995999953],[27.042609996000067,-30.58760000099994],[27.033670002000065,-30.60067000199996],[27.02793998900006,-30.604620000999944],[27.013799998000025,-30.606390000999966],[27.01029999700006,-30.604120002999935],[27.005559997000034,-30.59572],[27.000549998000054,-30.59461000799996],[26.97943000300006,-30.59790999599994],[26.94789999900007,-30.60764],[26.939799997000023,-30.617389998999954],[26.932979997000075,-30.61901000299997],[26.92933,-30.62450000399997],[26.93012999900003,-30.627640004999932],[26.94927,-30.652920000999984],[26.948810003000062,-30.658609996999928],[26.934559999000044,-30.665069998999968],[26.928629998000076,-30.665990000999955],[26.918049996000036,-30.66509000399998],[26.90305,-30.66891999199993],[26.896179993000032,-30.66706],[26.88617,-30.659449997999957],[26.878739997000025,-30.659610000999976],[26.87579000200003,-30.66490999599995],[26.87729000300004,-30.673679996999965],[26.87611,-30.67809000099993],[26.872690001000024,-30.681259995999937],[26.863560002000042,-30.684129997999946],[26.85431,-30.68475999599997],[26.84425999800004,-30.682589995999933],[26.83875000100005,-30.669419997999967],[26.82827999500006,-30.659610000999976],[26.814140004000024,-30.642670002999978],[26.80526999700004,-30.63936999899994],[26.776120004000063,-30.648440001999973],[26.76874999900008,-30.65553000899996],[26.761979997000026,-30.657979998999963],[26.751620003000028,-30.666189996999947],[26.736640004000037,-30.664639996999938],[26.725700003000043,-30.66639000899994],[26.70914,-30.68395999699993],[26.703089997000063,-30.68690000199996],[26.69322000300008,-30.687939997999933],[26.685660007000024,-30.68596000399998],[26.680669996000063,-30.67845],[26.677320001000055,-30.668250000999933],[26.675320002000035,-30.667519996999943],[26.66976999600007,-30.670579995999958],[26.66083000200007,-30.68532999699994],[26.653459997000027,-30.69010999099993],[26.639640004000057,-30.693619996999928],[26.629450004000034,-30.693879997999943],[26.625319997000076,-30.69115000299996],[26.62490000100007,-30.68317000299993],[26.627770003000023,-30.67819999699998],[26.636529997000025,-30.672840003999966],[26.629010003000076,-30.66174],[26.607750001000056,-30.66404999899993],[26.590929990000063,-30.662639997999975],[26.575519996000025,-30.66675],[26.557879997000043,-30.66407000399994],[26.551160002000074,-30.66181000399996],[26.52169000200007,-30.640200000999982],[26.510520003000067,-30.636049997999976],[26.504240001000028,-30.63177000299993],[26.48336000200004,-30.629640003999953],[26.48089,-30.62704999899995],[26.480710001000034,-30.621280000999946],[26.485689998000055,-30.613080000999958],[26.490039997000054,-30.59997999799998],[26.489430003000052,-30.593829996999943],[26.48727000100007,-30.59155999899997],[26.478859999000065,-30.589280001999953],[26.460599992000027,-30.57826999799994],[26.44912,-30.569330003999937],[26.42931999900003,-30.56546999699998],[26.417929999000023,-30.566349997999964],[26.40157000100004,-30.57157],[26.395640007000054,-30.57782999699998],[26.389669997000055,-30.581509996999955],[26.371920002000024,-30.58175000199998],[26.36164000200006,-30.59283000099998],[26.35602,-30.594969998999943],[26.344040003000032,-30.593649996999943],[26.31641999800007,-30.582519998999942],[26.309149998000066,-30.58402],[26.291029990000027,-30.59177000099993],[26.280169990000047,-30.589640000999964],[26.276759998000045,-30.585520000999963],[26.28043999700003,-30.581380003999982],[26.280479998000033,-30.578139996999937],[26.26956000200005,-30.571510001999968],[26.26527999800004,-30.56634],[26.26505,-30.54937999799995],[26.26306999700006,-30.54303],[26.256249997000054,-30.53939000099996],[26.22982999900006,-30.535440001999973],[26.218639995000046,-30.531649998999967],[26.206010003000074,-30.533620002999953],[26.19734,-30.531569996999963],[26.193830002000027,-30.52797999699993],[26.196199998000054,-30.512949998999943],[26.194109999000034,-30.50376000199998],[26.17940999700005,-30.49121000399998],[26.162559999000052,-30.483489996999936],[26.151809996000054,-30.483539995999934],[26.14550999000005,-30.485280001999968],[26.13573000300005,-30.492429998999967],[26.130089997000027,-30.500080001999947],[26.130070001000036,-30.50489999599995],[26.13188000200006,-30.50736],[26.136729999000067,-30.509799998999938],[26.143540001000076,-30.51037999899995],[26.148670003000063,-30.517469998999957],[26.149350008000056,-30.535909997999966],[26.146269996000058,-30.53889000399994],[26.142089999000063,-30.540220002999945],[26.134069999000076,-30.540609996999933],[26.11816999800004,-30.535360000999958],[26.108379997000043,-30.521350001999963],[26.097400003000075,-30.516470002999938],[26.069580002000066,-30.52348000199993],[26.051990002000025,-30.522730000999957],[26.029499990000033,-30.532099992999974],[25.999090008000053,-30.53694999399994],[25.977010010000072,-30.538159995999933],[25.955170001000056,-30.54707998899994],[25.943809996000027,-30.5569],[25.940559999000072,-30.564889997999956],[25.94134000200006,-30.579620001999956],[25.93770000300003,-30.583610001999944],[25.930970002000038,-30.58504],[25.92571,-30.583629997999935],[25.92296999900003,-30.58130001099994],[25.92268000300004,-30.579029996999964],[25.926760002000037,-30.571330002999957],[25.923800001000075,-30.564349998999944],[25.903180003000045,-30.543219997999984],[25.895210002000056,-30.540630000999954],[25.88561,-30.543820000999972],[25.879199997000057,-30.549029996999934],[25.87258,-30.55808000299993],[25.871759996000037,-30.56220000299993],[25.87484999800006,-30.572790002999966],[25.89199,-30.59679999699995],[25.893170003000023,-30.60445999799998],[25.890979998000034,-30.610259998999936],[25.887270004000072,-30.61215999899997],[25.872400001000074,-30.610699998999962],[25.860629997000046,-30.612929995999934],[25.856170003000045,-30.617500002999975],[25.851229999000054,-30.62933000399994],[25.84666,-30.63356],[25.833790003000047,-30.632360000999938],[25.819000001000063,-30.63498],[25.800330004000045,-30.634729996999965],[25.79304,-30.637100000999965],[25.783079998000062,-30.64521999899995],[25.780800002000035,-30.64899999599993],[25.779070002000026,-30.65661999699995],[25.778900001000068,-30.67588],[25.77691,-30.681609996999953],[25.771490003000054,-30.685999996999954],[25.764199999000027,-30.68850999899996],[25.75684,-30.68748999899998],[25.74975,-30.68246000399995],[25.716630011000063,-30.682470001999945],[25.70060999900005,-30.679649998999935],[25.693230004000043,-30.67610999799996],[25.679730001000053,-30.666210000999968],[25.68009,-30.65984999799997],[25.685440002000064,-30.65063999599994],[25.68530999400008,-30.647100002999935],[25.675469994000025,-30.64010000299993],[25.67156000400007,-30.640879997999946],[25.654039999000076,-30.652420002999975],[25.64167,-30.657719997999948],[25.62976999700004,-30.65933000299998],[25.61914000400003,-30.65811],[25.61371999800008,-30.65601000299995],[25.61005999500003,-30.65301999899998],[25.609360001000027,-30.64980000399993],[25.622950004000074,-30.63240000099995],[25.624800006000044,-30.6243],[25.616980002000048,-30.618869995999944],[25.60901000100006,-30.60719999899993],[25.60308999700004,-30.59439],[25.59669000100007,-30.590369996999982],[25.590130001000034,-30.591119997999954],[25.573780001000046,-30.60954],[25.56234000200004,-30.61632999099993],[25.55628,-30.61663],[25.53430000900005,-30.61309999399998],[25.525589989000025,-30.613879992999955],[25.516859989000068,-30.617019993999975],[25.503690007000046,-30.62496999399997],[25.48777000900003,-30.629169997999952],[25.484090010000045,-30.63189999499997],[25.474620007000055,-30.635039991999975],[25.468230009000024,-30.632629995999935],[25.467099997000048,-30.624210010999946],[25.453590004000034,-30.60900000299995],[25.42134000300007,-30.586970003999966],[25.41940999800005,-30.584519995999983],[25.41996000100005,-30.579989998999963],[25.41802000200005,-30.577689998999972],[25.40570000100007,-30.57211999599997],[25.399279999000044,-30.57308998999997],[25.37473999900004,-30.559129995999967],[25.363589999000055,-30.55808000299993],[25.357240001000037,-30.563639998999975],[25.35037999900004,-30.56433000399994],[25.340009998000028,-30.558300002999943],[25.333650001000024,-30.55766999599996],[25.328359996000074,-30.561029996999935],[25.326040001000024,-30.569619993999936],[25.32374999600006,-30.57241],[25.31141000100007,-30.577099998999984],[25.305409997000027,-30.576549994999937],[25.28380000100003,-30.558999994999965],[25.27897000100006,-30.544059988999948],[25.27064,-30.538720000999945],[25.26172000400004,-30.525899994999975],[25.254749998000023,-30.518970000999957],[25.24340999800006,-30.513579997999955],[25.23946999700007,-30.50457999899993],[25.235299997000027,-30.499929994999945],[25.23130999700004,-30.499480000999938],[25.22518,-30.50364999599998],[25.209959989000026,-30.505090002999964],[25.20295999800004,-30.504020003999983],[25.189590004000024,-30.498410000999968],[25.183700001000034,-30.48401],[25.167120002000047,-30.473670010999967],[25.160059998000065,-30.46472000199998],[25.15269,-30.459280000999968],[25.15307000200005,-30.45320000199996],[25.161159997000027,-30.449529998999935],[25.1577,-30.44261999899993],[25.146650005000026,-30.432889994999982],[25.139910001000032,-30.42422000299996],[25.125600003000045,-30.420230002999972],[25.113500002000023,-30.40922],[25.111179999000058,-30.403610000999947],[25.102130001000035,-30.39130999799994],[25.096119999000052,-30.37315999499998],[25.08085999900004,-30.36694999799994],[25.071619998000074,-30.359449998999935],[25.063999995000074,-30.356919998999956],[25.051139998000053,-30.35715999699994],[25.04267999900003,-30.363499995999973],[25.038280001000032,-30.362270001999946],[25.035470004000047,-30.34492],[25.04240000200008,-30.336540000999946],[25.046650001000046,-30.32287000399998],[25.047130009000057,-30.31620999599994],[25.034420002000047,-30.28615999799996],[25.02947999500003,-30.283729995999977],[25.02325999900006,-30.28352000299998],[25.01736999900004,-30.285729996999976],[25.00793,-30.29214],[25.00274999800007,-30.293479997999953],[24.98631999500003,-30.289969996999957],[24.98031,-30.284160000999975],[24.97611,-30.27331],[24.963200003000054,-30.26750999799998],[24.94652,-30.25180999899993],[24.94676000100003,-30.246670000999984],[24.955320001000075,-30.238619996999944],[24.955760001000044,-30.231150002999982],[24.954199996000057,-30.226069997999957],[24.95161999800007,-30.224860001999957],[24.94605000300004,-30.22526000299996],[24.942619998000055,-30.22155],[24.934040005000043,-30.21753999499998],[24.930209999000056,-30.20687000199996],[24.925110001000064,-30.20067999899993],[24.920260004000056,-30.20075000299994],[24.91042000400006,-30.209649997999975],[24.903240005000043,-30.209049998999944],[24.899989996000045,-30.206700000999945],[24.895649999000057,-30.19643999799996],[24.895180003000064,-30.184209995999936],[24.881639999000072,-30.173280010999974],[24.88038000100005,-30.1589],[24.87114,-30.134510003999935],[24.867249997000044,-30.130729996999946],[24.844249997000077,-30.123470002999966],[24.837590001000024,-30.117800002999957],[24.836369998000066,-30.115079996999953],[24.838489998000057,-30.09518999599993],[24.83288000400006,-30.0923],[24.826050003000034,-30.08524],[24.817810004000023,-30.082139998999935],[24.81413000200007,-30.067879997999967],[24.803430001000038,-30.06038999699996],[24.797820010000066,-30.051569997999934],[24.79616,-30.04585999899996],[24.798549998000055,-30.033939998999983],[24.800100001000033,-30.03131000199994],[24.807260006000035,-30.02635000099997],[24.808049996000022,-30.023010001999978],[24.80368000200008,-30.011769998999966],[24.793970003000027,-29.99897999799998],[24.788859999000067,-29.99666999799996],[24.773749999000074,-29.993810002999965],[24.75677,-29.992850007999948],[24.750240002000055,-29.989529998999956],[24.723740004000035,-29.992170002999956],[24.712429997000072,-29.98868],[24.703609998000047,-29.98371000399993],[24.69562000800005,-29.982679987999973],[24.674449999000046,-29.975570001999984],[24.67129999900004,-29.97145],[24.66952999700004,-29.96114999499997],[24.662820003000036,-29.942230003999953],[24.667860004000033,-29.909119997999937],[24.665049999000075,-29.901950005999936],[24.659280010000032,-29.899229998999942],[24.652700006000032,-29.89885000499993],[24.649809998000023,-29.90157999799993],[24.64949,-29.906890000999965],[24.645260003000033,-29.91130000299995],[24.60792999800003,-29.91126000299994],[24.595909993000078,-29.904800001999945],[24.584120002000077,-29.89616999699996],[24.564180003000047,-29.87772000299998],[24.55506,-29.862579998999934],[24.550669992000053,-29.849209997999935],[24.546969997000076,-29.844890001999943],[24.539540001000034,-29.84229999699994],[24.524030002000075,-29.845240003999947],[24.510340003000067,-29.841470003999973],[24.50262000300006,-29.83644999699993],[24.50175000200005,-29.833199991999948],[24.503380004000064,-29.824050004999947],[24.49770000500007,-29.81605],[24.48721,-29.812969996999982],[24.459020003000035,-29.810739996999928],[24.453509998000072,-29.811129997999956],[24.44717,-29.81513999599997],[24.43887999800006,-29.814760000999968],[24.435090005000063,-29.805890002999945],[24.42459000100007,-29.801179997999952],[24.410460010000065,-29.789450000999977],[24.40216999300003,-29.77409999599996],[24.387920007000048,-29.75387],[24.37603,-29.72698000099996],[24.36776,-29.72052999899995],[24.35454000200008,-29.713140002999978],[24.34884999600007,-29.703199997999945],[24.35349000100007,-29.66188000099993],[24.352230003000045,-29.658719993999966],[24.34662,-29.65592999599994],[24.66192000500007,-29.079159998999955],[24.90184,-28.64803000099994],[24.827729996000073,-28.62695999699997],[24.867819998000073,-28.51705999799998],[24.846890001000077,-28.50376999799994],[24.881350003000023,-28.463150002999953],[24.886779999000055,-28.464980000999958],[24.93761998900004,-28.324919989999955],[24.890329997000038,-28.31023000099998],[24.87048999500007,-28.270379998999942],[24.905349998000077,-28.274780001999943],[24.926679998000054,-28.24689999499998],[24.964569994000044,-28.25073999899996],[25.02808,-28.07348000199994],[25.03849000200006,-28.06805999599993],[25.05909000300005,-28.07065999899993],[25.07019999700003,-28.06853999799995],[25.073869998000077,-28.06591],[25.076910001000044,-28.048360000999935],[25.10493999700003,-28.016689990999964],[25.107440001000043,-28.011920003999933],[25.10643999800004,-28.006840000999944],[25.102470003000064,-28.00087999699997],[25.095099997000034,-27.99179999599994],[25.0903,-27.98854999899993],[25.09060000200003,-27.984029998999972],[25.096760002000053,-27.976939998999967],[25.111290002000032,-27.97024000099998],[25.117339998000034,-27.960599996999974],[25.13096000300004,-27.95057],[25.13284,-27.94333000299997],[25.130939999000077,-27.92906000299996],[25.133530003000033,-27.925269998999966],[25.13873999900005,-27.923570001999963],[25.150619998000025,-27.92859999799998],[25.16062,-27.92705999599997],[25.165679999000076,-27.92137],[25.17214000100006,-27.91853],[25.185110003000034,-27.90888999699996],[25.19304000300008,-27.893270000999962],[25.19771,-27.888549996999927],[25.20666,-27.88401],[25.228209998000068,-27.878489996999974],[25.24972000200006,-27.868649997999967],[25.254129998000053,-27.865080001999956],[25.25749999800007,-27.860179998999968],[25.257750001000034,-27.85506000299995],[25.242240001000027,-27.843670002999943],[25.238219999000023,-27.83748000099996],[25.23839,-27.83438999899994],[25.244109999000045,-27.82916999699995],[25.25363999900003,-27.826159996999934],[25.260589992000064,-27.822029997999948],[25.26948000300007,-27.801249997999946],[25.275070002000064,-27.79632],[25.301499998000054,-27.79317999899996],[25.315059998000038,-27.79570999799995],[25.333030002000044,-27.790500002999977],[25.337420001000055,-27.793459995999967],[25.340420004000066,-27.792959998999947],[25.344799997000052,-27.784889998999972],[25.34855999800004,-27.771980001999964],[25.364029997000046,-27.750540000999933],[25.37959000400008,-27.74242000299995],[25.394509998000046,-27.728680003999955],[25.412539999000046,-27.722189998999966],[25.424029997000048,-27.715580000999978],[25.44044000200006,-27.71687],[25.458009998000023,-27.710870002999968],[25.465279998000028,-27.709630002999972],[25.46925999900003,-27.710589997999932],[25.47331000400004,-27.706750002999968],[25.474740002000033,-27.698849996999968],[25.480860001000053,-27.692530001999955],[25.487940002000073,-27.69195000299993],[25.494839997000042,-27.693879997999943],[25.513190004000023,-27.694759998999928],[25.53736999800003,-27.69117999799994],[25.55583000200005,-27.686659997999982],[25.572390004000056,-27.67752],[25.584710004000044,-27.658659996999972],[25.590740003000064,-27.655170002999967],[25.596609999000066,-27.65506999699994],[25.60343,-27.65978000299998],[25.610410004000073,-27.66004000399994],[25.618459999000038,-27.669289997999954],[25.627539999000078,-27.66715999799993],[25.63077,-27.66799999899996],[25.63233999700003,-27.66981999799998],[25.633039998000072,-27.676090001999967],[25.64146999600007,-27.686360003999937],[25.65758999800005,-27.6948],[25.664750001000073,-27.693850003999955],[25.671750002000067,-27.68855999899995],[25.678469996000047,-27.676980000999947],[25.67671000200005,-27.659200002999967],[25.67956,-27.648929993999957],[25.678379997000036,-27.64078000099994],[25.675539997000044,-27.634909996999966],[25.67885,-27.62963999599998],[25.685210004000055,-27.62616],[25.70990000200004,-27.624550002999968],[25.727940001000036,-27.609039994999932],[25.734739998000066,-27.60981],[25.73748998900004,-27.608849997999982],[25.74948,-27.59979999899997],[25.763960002000033,-27.596020001999932],[25.781389999000055,-27.584060000999955],[25.788150003000055,-27.583040000999972],[25.79858,-27.584400003999974],[25.804789999000036,-27.58309],[25.814740002000065,-27.57281],[25.827370002000066,-27.56673000199993],[25.83275999700004,-27.567040001999942],[25.83499000200004,-27.578529998999954],[25.845180003000053,-27.590069995999954],[25.846719997000037,-27.59495000299995],[25.84364000100004,-27.60095999799995],[25.84478000300004,-27.60764998999997],[25.85260999700006,-27.62098],[25.85807000400007,-27.623779997999975],[25.872430003000034,-27.627970001999984],[25.891310003000058,-27.626060001999974],[25.898329999000055,-27.62253],[25.89509,-27.614680000999954],[25.89574000300007,-27.60998000899997],[25.90059999700003,-27.60913000299996],[25.909650003000024,-27.610380000999953],[25.915680003000034,-27.60573999899998],[25.924309997000023,-27.603460002999952],[25.931990002000077,-27.606419995999943],[25.940270003000023,-27.614900000999967],[25.947319995000043,-27.6329],[25.96808999700005,-27.62497999699997],[25.98188000300007,-27.627199996999934],[25.980049998000027,-27.63377000199995],[25.98188000300007,-27.638529998999957],[25.993069999000056,-27.641740003999928],[26.002289998000037,-27.648889992999955],[26.00529000100005,-27.652989996999963],[26.00861000100008,-27.66326999699993],[26.007649999000023,-27.67734],[26.01070999800004,-27.68976999599994],[26.00300999600006,-27.702299997999944],[26.002699996000047,-27.706580000999963],[26.012689993000038,-27.722260002999974],[26.020390003000045,-27.7279],[26.026190003000067,-27.73469999699995],[26.03545000400004,-27.736580000999936],[26.047690002000024,-27.72546000099993],[26.065919999000073,-27.718709995999973],[26.09223999900007,-27.696600002999958],[26.094840001000023,-27.69006],[26.094790002000025,-27.684600001999968],[26.092829996000034,-27.68237000399995],[26.06782,-27.680780010999968],[26.05469000200003,-27.669180001999962],[26.063690001000055,-27.66020999699998],[26.07991000100003,-27.653379989999962],[26.08619000300007,-27.648000000999957],[26.08581,-27.642839996999953],[26.07491999800004,-27.62047000399997],[26.084250001000044,-27.59545000099996],[26.088209998000025,-27.59387999599994],[26.10614999200004,-27.595549998999957],[26.113270002000036,-27.593339997999976],[26.11767999800003,-27.58981001099994],[26.124499999000022,-27.580569998999977],[26.12209000200005,-27.57244000299994],[26.123790007000025,-27.566870000999984],[26.134010002000025,-27.558469996999975],[26.14027,-27.55761],[26.14509000100003,-27.56261000199993],[26.153569998000023,-27.563959997999973],[26.163099998000064,-27.551689996999983],[26.168019998000034,-27.538050003999956],[26.170109996000065,-27.53611000199993],[26.186049999000033,-27.531540002999975],[26.20181000100007,-27.516750000999934],[26.22215999900004,-27.514520003999962],[26.22898,-27.51215],[26.23119999900007,-27.495390000999976],[26.22078,-27.483330002999935],[26.21988000300007,-27.47439000099996],[26.233919996000054,-27.454220001999943],[26.239700001000074,-27.4354],[26.242270001000065,-27.431429996999952],[26.245010002000072,-27.42986],[26.25291999800004,-27.429509998999947],[26.260160003000067,-27.41992000299996],[26.26464000200008,-27.416439990999947],[26.269529999000042,-27.416809995999984],[26.276080001000025,-27.42113],[26.28623,-27.422190000999933],[26.291040004000024,-27.416680003999943],[26.29558,-27.415789995999944],[26.309949998000036,-27.41831999599998],[26.313619999000025,-27.422440003999952],[26.316809999000043,-27.431450000999973],[26.32114000200005,-27.43340000099994],[26.324110001000065,-27.432929997999963],[26.326609998000038,-27.429199998999934],[26.327870002000054,-27.419949996999947],[26.32723999600006,-27.4058],[26.33537,-27.398440000999983],[26.339570002000073,-27.389400000999956],[26.34568000300004,-27.385350003999974],[26.36156,-27.389260001999958],[26.36869000100006,-27.38453999799998],[26.37242,-27.383760002999963],[26.380219999000076,-27.388410002999933],[26.38800000300006,-27.38953000099997],[26.394300001000033,-27.39397],[26.416490003000035,-27.40274],[26.423090004000073,-27.40686999899998],[26.434970003000046,-27.398780002999956],[26.44522,-27.38812],[26.45190000200006,-27.38575000399993],[26.458940003000066,-27.38658999599994],[26.468260001000033,-27.39122],[26.497580003000053,-27.395659998999975],[26.505200004000073,-27.398319997999977],[26.508090002000074,-27.398099997999964],[26.51112999700007,-27.3953],[26.514240003000054,-27.387440002999938],[26.51284,-27.384790000999942],[26.499509999000054,-27.379709997999953],[26.48473000300004,-27.379910001999974],[26.47631999400005,-27.371850000999927],[26.462010001000067,-27.365709997999943],[26.44641000100006,-27.34969000199993],[26.44721000900006,-27.344010010999966],[26.45554000100003,-27.33738999899998],[26.45823000300004,-27.326229996999928],[26.473790010000073,-27.31229000199994],[26.475499998000032,-27.30831000099994],[26.48142000100006,-27.306679998999982],[26.484830001000034,-27.309069998999973],[26.484870002000036,-27.313530001999936],[26.47912,-27.318930002999934],[26.48080999900003,-27.323179995999965],[26.48491000300004,-27.323950000999957],[26.49339,-27.319110002999935],[26.493920008000032,-27.308319998999934],[26.48829,-27.296300000999963],[26.48847,-27.286150000999953],[26.48887,-27.283260002999953],[26.496210003000044,-27.273779994999984],[26.497209998000073,-27.26777999799998],[26.49458000100003,-27.259099996999964],[26.48885000300004,-27.25057000099997],[26.47680000300005,-27.244649997999943],[26.46388999800007,-27.229759997999963],[26.454690003000053,-27.22279],[26.44366000200006,-27.217370002999928],[26.437699998000028,-27.20995998899997],[26.432850002000066,-27.19012000999993],[26.427249997000047,-27.18524000399998],[26.42426,-27.17753000299996],[26.420149998000056,-27.17254],[26.420109998000044,-27.168400003999977],[26.42546,-27.153589997999973],[26.42895000200008,-27.150240001999975],[26.44074000100005,-27.14999999799994],[26.459210003000067,-27.157990002999952],[26.47309000100006,-27.15415],[26.47627999300005,-27.148489996999956],[26.478069998000024,-27.13727999799994],[26.483580003000043,-27.131029998999963],[26.487400001000026,-27.13004000099994],[26.49841000500004,-27.13289999699998],[26.50697000400004,-27.12721999799993],[26.514169992000063,-27.118849997999973],[26.5221,-27.103689998999982],[26.52414999800004,-27.095859995999945],[26.528650002000063,-27.09100000199993],[26.53854,-27.09031999599995],[26.54903000300004,-27.09864999599995],[26.568419998000024,-27.102549995999937],[26.583550002000038,-27.108020000999943],[26.58689000700008,-27.103440003999935],[26.588110003000054,-27.095349990999978],[26.593750009000075,-27.079279996999958],[26.59194,-27.07],[26.58967000100006,-27.06668],[26.583569999000076,-27.063440000999947],[26.58148,-27.05977],[26.581820003000075,-27.05312],[26.592619997000043,-27.037849996999967],[26.613540004000072,-27.02712999599993],[26.619289998000056,-27.003390001999946],[26.63607999900006,-27.00341999699998],[26.646009998000068,-27.00034999899998],[26.65889000100003,-26.993770002999952],[26.66874999600003,-26.994620001999976],[26.672809999000037,-26.9964],[26.676350008000043,-27.000780001999942],[26.676520002000075,-27.010189998999977],[26.67892,-27.014619998999933],[26.684169997000026,-27.01757000999993],[26.688719991000028,-27.017999995999958],[26.69655999200006,-27.01394000199997],[26.70059999800003,-27.008599996999976],[26.70635,-26.987999996999974],[26.710990002000074,-26.97796999899998],[26.71548,-26.97391999399997],[26.741080002000047,-26.964920003999964],[26.749590002000048,-26.96508999599996],[26.75515999600003,-26.961910001999968],[26.761510002000023,-26.95249],[26.766690002000075,-26.94806],[26.78016000300005,-26.945960002999982],[26.789619999000024,-26.94287],[26.80502000200005,-26.931979998999964],[26.809760003000065,-26.931749998999976],[26.81172999900008,-26.934159996999938],[26.809400004000054,-26.94721999899997],[26.811419999000066,-26.95129000099996],[26.81825999600005,-26.953169996999975],[26.83058000400007,-26.949339992999967],[26.842399998000076,-26.94207999899993],[26.848500001000048,-26.940179997999962],[26.85803,-26.92203000199993],[26.863489998000034,-26.918890001999955],[26.86822999900005,-26.91965000099998],[26.87425999800007,-26.92377000099998],[26.87481000300005,-26.93006000099996],[26.880400001000055,-26.934850000999973],[26.88292000200005,-26.93586000199997],[26.89613999200003,-26.935060002999933],[26.907610001000023,-26.944519998999965],[26.909690001000058,-26.95249],[26.909049997000068,-26.96132999599996],[26.916929998000057,-26.972479998999972],[26.92005000300003,-26.973480001999974],[26.923150003000046,-26.96905000199996],[26.924999997000043,-26.957329997999977],[26.92334999900004,-26.94342000499995],[26.924559997000074,-26.930339998999955],[26.920159999000077,-26.90600000099994],[26.927209998000023,-26.887070002999963],[26.94039000300006,-26.871470002999956],[26.950770001000024,-26.87454000899993],[26.95130000100005,-26.87829000399995],[26.947220010000024,-26.89200999899998],[26.95609999900006,-26.900249998999982],[26.974820003000048,-26.912110001999963],[26.98680999800007,-26.91633],[26.992900003000045,-26.92085999799997],[27.00519,-26.925360001999934],[27.013929998000037,-26.932050001999983],[27.02819,-26.93592],[27.039989997000077,-26.93822],[27.05056999900006,-26.936740002999954],[27.064579998000056,-26.937299997999958],[27.073420002000034,-26.934779996999964],[27.086779998000054,-26.93853],[27.094889998000042,-26.931],[27.10598000300007,-26.927159996999933],[27.113019996000048,-26.92631999699995],[27.117039999000042,-26.927310001999956],[27.125949998000067,-26.933620006999945],[27.14347000300006,-26.94190999799997],[27.15368999800006,-26.937039996999943],[27.16179999800005,-26.92586],[27.164700002000075,-26.92412000199994],[27.17012,-26.92302],[27.17641,-26.924880000999963],[27.181300005000026,-26.92741],[27.182870002000072,-26.93042],[27.18177,-26.94067999599997],[27.183209996000073,-26.95028999699997],[27.181519998000056,-26.95770999399997],[27.175179998000033,-26.96361],[27.174010001000056,-26.968470002999936],[27.190050002000078,-26.977489998999943],[27.20330000100006,-26.980490000999964],[27.207860002000075,-26.979929997999932],[27.21212999900007,-26.97624],[27.211090003000038,-26.96237999799996],[27.21752000200007,-26.946060000999978],[27.229469997000024,-26.938970008999945],[27.23438999600006,-26.92739000299997],[27.241569996000067,-26.918710002999944],[27.24689000400008,-26.914430006999964],[27.25497000100006,-26.912590002999934],[27.262100002000068,-26.90822],[27.270390001000067,-26.891510000999972],[27.278180003000045,-26.888079996999977],[27.28210998900005,-26.883599996999976],[27.289819997000052,-26.87936000299993],[27.292429998000046,-26.86892],[27.29964,-26.86289999099995],[27.300989997000045,-26.8605],[27.30053,-26.856079997999927],[27.30589,-26.853369998999938],[27.315360002000034,-26.852650000999972],[27.33279999800004,-26.854209998999977],[27.340220002000024,-26.860909997999954],[27.339510002000054,-26.868489996999983],[27.34075000200005,-26.871989996999957],[27.355320004000077,-26.882420009999976],[27.360830001000068,-26.884259997999948],[27.365139999000064,-26.890980000999946],[27.36836000200003,-26.89174],[27.367799999000056,-26.89560999699995],[27.370890001000078,-26.904249996999965],[27.376569999000026,-26.904869996999935],[27.380760011000064,-26.90085000299996],[27.38420999600004,-26.90037000199993],[27.388970001000075,-26.903910002999964],[27.39126000300007,-26.91376],[27.398310002000073,-26.91601000199995],[27.400329998000075,-26.92222000099997],[27.407530002000044,-26.925779989999967],[27.414289998000072,-26.92566001199998],[27.423790002000032,-26.91921999899995],[27.44002,-26.899490000999947],[27.44418999900006,-26.90038],[27.45522,-26.890580000999933],[27.471309999000027,-26.886810001999947],[27.476040001000058,-26.883490000999927],[27.480950003000032,-26.863429998999948],[27.487460003000024,-26.849370000999954],[27.49097000200004,-26.846620001999952],[27.49969000300007,-26.845020009999928],[27.511149999000054,-26.83784000299994],[27.51083999900004,-26.82552000299995],[27.518210004000025,-26.810219996999933],[27.515290003000075,-26.80403000299998],[27.505900002000033,-26.794820001999938],[27.50560000100006,-26.791969995999978],[27.50938999600004,-26.785780001999967],[27.51951000100007,-26.78185999699997],[27.529589997000073,-26.784789995999972],[27.53782,-26.78513999699993],[27.54977000200006,-26.775249998999982],[27.555239999000037,-26.773259997999958],[27.56897999800003,-26.781139998999947],[27.575600003000034,-26.77871999599995],[27.581810002000054,-26.77369],[27.58251000300004,-26.768439995999984],[27.5699,-26.754559997999934],[27.569829997000056,-26.74729999699997],[27.579500003000078,-26.74484999899994],[27.590429997000058,-26.73836000299997],[27.596679997000024,-26.737300001999984],[27.60087999900003,-26.74059],[27.606350003000045,-26.741330002999973],[27.608710001000077,-26.73916000199995],[27.61049,-26.73260000299996],[27.629519996000056,-26.73235],[27.633409998000047,-26.733699995999928],[27.634649998000043,-26.738800002999938],[27.632299998000065,-26.74549000299993],[27.635780002000047,-26.75150999699997],[27.62839,-26.766029998999954],[27.629729998000073,-26.76971999699998],[27.63277000100004,-26.77205],[27.63880000100005,-26.77108999799998],[27.64307999600004,-26.76847999699993],[27.666209996000077,-26.77356],[27.675260002000073,-26.77174],[27.688179998000066,-26.76176000199996],[27.701689999000052,-26.763980000999936],[27.72486999800003,-26.760290003999955],[27.728250004000074,-26.76084999799997],[27.73253999700006,-26.762690001999943],[27.742000001000065,-26.770599997999966],[27.749540008000054,-26.787820000999943],[27.75972000200005,-26.796940002999975],[27.76980999600005,-26.799290009999936],[27.77267,-26.794079998999962],[27.76707000300007,-26.782940001999975],[27.76815,-26.765210002999936],[27.77045000100003,-26.758999995999943],[27.78243999600005,-26.75078999899995],[27.790210001000048,-26.74955999699995],[27.80977999600003,-26.75090000299997],[27.821620003000078,-26.749520003999976],[27.830559997000023,-26.751139998999975],[27.849450002000026,-26.745609997999964],[27.85786000400003,-26.74697999899996],[27.86625999900008,-26.746229997999933],[27.872169996000025,-26.74773999699994],[27.880020003000027,-26.74618999699993],[27.88304000200003,-26.74396],[27.88468000200004,-26.73433000199998],[27.892759999000077,-26.72586000299998],[27.894889999000043,-26.721229998999945],[27.8955,-26.717810000999975],[27.89179999600003,-26.71436999799994],[27.89316999700003,-26.71094999899998],[27.908030002000032,-26.70592000299996],[27.91345,-26.70654000299993],[27.925599990000023,-26.70377],[27.93516,-26.692680009999947],[27.93875,-26.67974000199996],[27.942540004000023,-26.674629988999982],[27.95302,-26.67169999799995],[27.963590003000036,-26.671169996999936],[27.969109999000068,-26.66879000299997],[27.97287,-26.66917999599997],[27.977539997000065,-26.67189000299993],[27.98274000200007,-26.680130003999977],[27.986879999000053,-26.682729997999957],[27.999559998000052,-26.69601999899993],[28.00035998900006,-26.70577999699998],[27.992040003000056,-26.727529997999966],[27.992999998000073,-26.734629995999967],[28.001689997000028,-26.74825999899997],[28.006760002000078,-26.763109997999948],[28.006879996000066,-26.768850001999965],[28.02010000100006,-26.77540000399995],[28.024549998000055,-26.77958999899994],[28.02844,-26.78045000399993],[28.02652000200004,-26.78444000299993],[28.015510006000056,-26.789619995999942],[28.014600002000066,-26.793599997999934],[28.021560002000058,-26.79585],[28.034959998000033,-26.79478999899993],[28.03783,-26.79734000299993],[28.04554999900006,-26.799950002999935],[28.049070003000054,-26.80316999799993],[28.051039999000068,-26.81414000199993],[28.065610009000068,-26.82089999699997],[28.06574000100005,-26.823509997999963],[28.070939999000075,-26.826360010999963],[28.076269996000065,-26.832320006999964],[28.08798000200005,-26.837850000999936],[28.114810006000027,-26.844379997999965],[28.121300003000044,-26.855790001999935],[28.12081000300003,-26.869390002999978],[28.116239996000047,-26.873520000999974],[28.115619996000078,-26.87641999799996],[28.11607000300006,-26.88327000099997],[28.119130003000066,-26.889280011999972],[28.125129999000023,-26.890920003999952],[28.132359998000027,-26.887690002999932],[28.14290999700006,-26.88983000099995],[28.15012,-26.88464000199997],[28.15388000100006,-26.884079998999937],[28.158080003000066,-26.884879997999974],[28.163819998000065,-26.890369998999972],[28.16776999700005,-26.890570002999937],[28.16997,-26.888879995999957],[28.171330002000047,-26.88371000099994],[28.16781999600005,-26.86799],[28.15384,-26.85128999899996],[28.156220002000055,-26.84701000299998],[28.160120002000042,-26.845409995999944],[28.171659999000042,-26.84584999699996],[28.178550003000055,-26.853159996999977],[28.17993000200005,-26.861820000999955],[28.185649993000027,-26.874050008999973],[28.184190001000047,-26.88871000299997],[28.185849997000048,-26.89174],[28.193159997000066,-26.896229996999978],[28.20298,-26.91159999799993],[28.21618999900005,-26.912150002999965],[28.225859998000033,-26.92369],[28.230829996000068,-26.922939998999937],[28.240259998000056,-26.916360002999966],[28.238539996000043,-26.913029995999977],[28.22965000100004,-26.90627],[28.22731,-26.89723000099997],[28.22829999700008,-26.89180999499996],[28.235389997000027,-26.88136000199995],[28.238789999000062,-26.881649996999954],[28.24428,-26.88477999899993],[28.25146,-26.889209998999945],[28.251710003000028,-26.893029997999975],[28.26181000300005,-26.90268999899996],[28.260860007000076,-26.91144000299994],[28.262570002000075,-26.914770001999955],[28.26701,-26.91429999899998],[28.277460002000055,-26.906480002999956],[28.2815,-26.90606999599993],[28.281360002000042,-26.914770001999955],[28.288620003000062,-26.928089995999983],[28.301690003000033,-26.94089999499994],[28.306030004000036,-26.940629995999927],[28.311109999000053,-26.935900001999983],[28.312489998000046,-26.927859997999974],[28.31460000100003,-26.924740001999965],[28.32191000100005,-26.92257000199993],[28.33012999700003,-26.923940001999938],[28.331260001000032,-26.925900000999945],[28.330249999000046,-26.928429998999945],[28.319690002000073,-26.93651999499997],[28.32063,-26.941919995999967],[28.32453,-26.948959996999974],[28.329520003000027,-26.947229997999955],[28.347600003000025,-26.933960000999946],[28.35289,-26.93160000299997],[28.362100001000044,-26.93180999799995],[28.37261,-26.934739995999962],[28.38896999800005,-26.930699996999977],[28.399559990000057,-26.935690000999955],[28.40150999800005,-26.94066999699993],[28.40034999900007,-26.950869995999938],[28.405009998000025,-26.955109998999944],[28.414899997000077,-26.97296],[28.420699997000042,-26.978080003999935],[28.429050002000054,-26.98917000199998],[28.426109997000026,-26.99401000699993],[28.413460001000033,-27.006239998999945],[28.414820003000045,-27.010400000999937],[28.418489996000062,-27.012979997999935],[28.431710002000045,-27.005669997999973],[28.45135,-26.981330000999947],[28.451489999000046,-26.978859989999933],[28.436469998000064,-26.96689],[28.436639945000024,-26.964550007999947],[28.443760002000033,-26.96025999699998],[28.451399999000046,-26.963770001999933],[28.46131000200006,-26.97229],[28.461599997000064,-26.977420001999974],[28.464529996000067,-26.982859988999962],[28.467550003000042,-26.98275999799995],[28.47242000400007,-26.98000000099995],[28.470160012000065,-26.97279999699998],[28.475999998000077,-26.96267000199998],[28.475649997000062,-26.960180002999948],[28.4712,-26.95843],[28.47031000100003,-26.95648],[28.47542999700005,-26.950509996999983],[28.477869996000038,-26.95028999699997],[28.485850002000063,-26.971109997999974],[28.492429999000024,-26.97556000299994],[28.500449999000068,-26.977759996999964],[28.509610002000045,-26.98661],[28.51087999600003,-26.99277],[28.5043,-27.00215000099996],[28.503580025000076,-27.008029980999936],[28.527619998000034,-27.01802],[28.530819997000037,-27.02710000199994],[28.53849000400004,-27.03366000099993],[28.54285999900003,-27.034720001999972],[28.549549999000078,-27.04128000199995],[28.549739997000074,-27.04501],[28.54574999700003,-27.052940000999968],[28.53637000200007,-27.05604000099993],[28.53273100100006,-27.063757995999936],[28.53439,-27.06695999699997],[28.55464,-27.06043000099993],[28.559889996000038,-27.054229998999972],[28.560729997000067,-27.04789999899998],[28.559209962000068,-27.041130013999975],[28.560830003000035,-27.039389997999933],[28.568950001000076,-27.03495],[28.57622999800003,-27.039169997999977],[28.583269999000038,-27.03783999899997],[28.593249997000044,-27.023849996999957],[28.608889936000026,-27.02070000599997],[28.608290002000047,-27.008220009999945],[28.625530002000062,-27.010740003999956],[28.63936000900003,-27.019870002999937],[28.642320002000076,-27.021049996999977],[28.644429998000078,-27.020310002999963],[28.647330002000047,-27.016619997999953],[28.648949997000045,-27.010869986999978],[28.651320002000034,-27.00943],[28.65579000300005,-26.998610001999964],[28.653480004000073,-26.995259997999938],[28.64582000300004,-26.992369998999948],[28.63299999700007,-26.990929995999977],[28.623289998000075,-26.99506999199997],[28.617240002000074,-27.00016999899998],[28.609710002000043,-26.99379],[28.605850003000057,-26.994379996999953],[28.605039997000063,-26.99320999899993],[28.621450002000074,-26.96884],[28.634539991000054,-26.96201],[28.636859996000055,-26.95505000099996],[28.64338000300006,-26.95422],[28.64552000100008,-26.952700001999972],[28.654460003000054,-26.960190001999933],[28.661439999000038,-26.96078999699995],[28.683379998000078,-26.97518],[28.69998000100003,-26.975650001999952],[28.706220002000066,-26.96871],[28.710910003000038,-26.96919],[28.71381,-26.971609994999937],[28.71575000100006,-26.979100002999928],[28.725370001000044,-26.98460000199998],[28.731120003000058,-26.99547999899994],[28.73649000100005,-27.00170000299994],[28.743689997000047,-27.003390002999936],[28.75524,-26.997429998999962],[28.763870002000033,-27.0019],[28.77067999600007,-27.002990001999933],[28.77682,-27.009049996999977],[28.773830004000047,-27.01896],[28.792220004000058,-27.025380000999974],[28.795020002000058,-27.02893],[28.797810002000062,-27.026359998999965],[28.80195999700004,-27.01720000499995],[28.801329999000075,-27.01254999599996],[28.804889996000043,-27.01152999699997],[28.80977000300004,-27.019279996999956],[28.81168000200006,-27.03335999899997],[28.81080999900007,-27.03833999699998],[28.814009998000074,-27.04257],[28.825889997000047,-27.037009996999927],[28.834389998000063,-27.041659996999954],[28.838959997000075,-27.04161999699994],[28.84362000400006,-27.03911999899998],[28.85219999900005,-27.02734999599994],[28.85786999900006,-27.02492001099995],[28.86453999500003,-27.03052],[28.869879999000034,-27.031599997999933],[28.87989,-27.055230001999973],[28.88860000300008,-27.05927000099996],[28.89627000300004,-27.053950009999937],[28.90045,-27.048060001999943],[28.896209997000028,-27.04266999899994],[28.89913999600003,-27.03465999599996],[28.898029997000037,-27.029620002999934],[28.89385999800004,-27.026539997999976],[28.885349998000038,-27.024819996999952],[28.89356000400005,-27.01340000199997],[28.904160002000026,-27.019830000999946],[28.90754,-27.020139994999965],[28.912750003000042,-27.01794999699996],[28.92039,-27.011079997999957],[28.92521000200003,-27.012089998999954],[28.928850001000058,-27.014749991999963],[28.93457,-27.015360000999976],[28.941179999000042,-27.015480003999983],[28.954349997000065,-27.01173999899993],[28.96149000400004,-26.998899995999977],[28.966079999000044,-26.994880002999935],[28.967170002000046,-26.99161],[28.96953,-26.99161],[28.993490003000034,-27.003199996999967],[29.009729999000058,-27.00641000099995],[29.022679998000058,-27.01528],[29.02701999800007,-27.01643],[29.028079999000056,-27.018450001999952],[29.026179998000032,-27.02209],[29.03124000300005,-27.02895999499998],[29.035240001000034,-27.02729],[29.038770003000025,-27.022490000999937],[29.03884,-27.00482],[29.04345999800006,-27.00383999899998],[29.05045,-27.005709998999976],[29.05723,-27.00929999899995],[29.05978000300007,-27.016359996999938],[29.05360999800007,-27.029930001999958],[29.05332000100003,-27.033689995999964],[29.064859999000078,-27.04283000099997],[29.064509998000062,-27.044529998999963],[29.061539998000057,-27.04597999899994],[29.061830001000033,-27.048869998999976],[29.06831,-27.055009995999967],[29.071949999000026,-27.05631],[29.070820002000062,-27.060060001999943],[29.074230002000036,-27.063179998999942],[29.073290003000068,-27.06499999899995],[29.07079999800004,-27.063970000999973],[29.07195999700008,-27.065939997999976],[29.070070001000033,-27.06775999599995],[29.06822999800005,-27.067429998999955],[29.067389998000067,-27.064739997999936],[29.065439998000045,-27.06508],[29.061030001000063,-27.07175000199993],[29.06213000200006,-27.07554],[29.060869999000033,-27.078529996999976],[29.05574999600003,-27.07872999899996],[29.055739997000046,-27.08134],[29.06192,-27.085269995999965],[29.06467,-27.08366999599997],[29.06733,-27.085500000999957],[29.07183000300006,-27.085729998999966],[29.073719999000048,-27.090820006999934],[29.077730002000067,-27.092579995999984],[29.083289999000044,-27.10542999699993],[29.08643,-27.106680000999972],[29.085729999000023,-27.110259996999957],[29.08865,-27.112999996999974],[29.086230003000026,-27.116010003999975],[29.08881000200006,-27.11855000199995],[29.09273999100003,-27.11816],[29.091730002000077,-27.12113999899998],[29.09702999900003,-27.12273],[29.09924,-27.12688000199995],[29.104010001000063,-27.13034000199997],[29.105409998000027,-27.13376],[29.101830003000032,-27.134240001999956],[29.10135000200006,-27.137239991999934],[29.10744999700006,-27.141889996999964],[29.110629999000025,-27.14771000099995],[29.113450001000047,-27.149559996999983],[29.112099998000076,-27.15282999799996],[29.114110002000075,-27.158909995999977],[29.113660003000064,-27.163239997999938],[29.116940003000025,-27.172390002999975],[29.12060999700003,-27.17184999699998],[29.124419997000075,-27.16722999899997],[29.126499997000053,-27.16709999799997],[29.126910003000035,-27.168999998999936],[29.129570003000026,-27.16836000199993],[29.12958000100008,-27.162820001999933],[29.131570002000046,-27.16244],[29.132100002000072,-27.160170000999983],[29.133420004000072,-27.162560001999964],[29.13716000100004,-27.161249990999977],[29.137950002000025,-27.158409997999968],[29.13632,-27.154609997999955],[29.13765999800006,-27.152410001999954],[29.14167000200007,-27.15380999799993],[29.146050004000074,-27.152749995999955],[29.147369997000055,-27.149080002999938],[29.151020002000053,-27.151900006999938],[29.152649996000036,-27.146],[29.15614998800004,-27.144930000999977],[29.15879,-27.14607000199993],[29.15945,-27.143110001999958],[29.170070003000035,-27.141430000999947],[29.178230002000078,-27.14653999799998],[29.17982000300003,-27.144120001999966],[29.18305000400005,-27.14542999899993],[29.190209999000047,-27.14325],[29.189679999000077,-27.14094],[29.192559999000025,-27.140299996999943],[29.192699997000034,-27.13704999899994],[29.195039999000073,-27.140209995999953],[29.19791999100005,-27.14062000299998],[29.20397000300005,-27.144870003999984],[29.20970999900004,-27.142379996999978],[29.215760002000025,-27.147630000999982],[29.22387000200007,-27.14470000299997],[29.22778999800005,-27.147079988999963],[29.227119999000024,-27.14990000699993],[29.229159999000046,-27.15100999899994],[29.226980001000072,-27.155349998999952],[29.228589998000075,-27.156799992999936],[29.228109997000047,-27.161079996999945],[29.230709999000055,-27.160369996999975],[29.22980999400005,-27.16722999899997],[29.235509997000065,-27.17308998799996],[29.236490004000075,-27.177590000999942],[29.234720003000064,-27.183160001999966],[29.24125,-27.18225999799995],[29.243659997000066,-27.18351000399997],[29.243360003000078,-27.18525000099993],[29.240629992000038,-27.18458000299995],[29.239610008000056,-27.18631000199997],[29.241910001000065,-27.188419995999936],[29.24259999700007,-27.18613000199997],[29.24429000300006,-27.18619],[29.246529999000074,-27.188469994999934],[29.245310003000043,-27.190939997999976],[29.246290002000023,-27.191969996999944],[29.254090002000055,-27.189680001999932],[29.25351000300003,-27.193970001999958],[29.256270001000075,-27.194610007999984],[29.25827000700008,-27.184329998999942],[29.26044,-27.181339995999963],[29.26292,-27.18296999599994],[29.26021999900007,-27.18380999799996],[29.263250004000042,-27.18738000099995],[29.265780004000078,-27.18675000199994],[29.26680000300007,-27.184039995999967],[29.268189993000078,-27.18486],[29.265679998000053,-27.191590000999952],[29.270249997000064,-27.18933999799998],[29.269370004000052,-27.19293999599995],[29.270779997000034,-27.195790002999956],[29.26826000400007,-27.19610000299997],[29.268209997000042,-27.19829999799998],[29.271940004000044,-27.19620999899996],[29.272189998000044,-27.191620003999958],[29.274679997000078,-27.192719996999983],[29.27318000400004,-27.195639997999933],[29.27668000400007,-27.19433000199996],[29.281979999000043,-27.19500999899998],[29.280739999000048,-27.198909998999966],[29.281889999000043,-27.19959000399996],[29.284999998000046,-27.194969997999976],[29.28184999800004,-27.19213999699997],[29.28389999600006,-27.19363999899997],[29.28408000400003,-27.19071],[29.286390003000065,-27.19031999799995],[29.28711000100003,-27.191129995999972],[29.2849,-27.192470001999936],[29.28763000300006,-27.19270999799994],[29.28866000100004,-27.19652999599998],[29.291649997000036,-27.199600001999954],[29.295750001000044,-27.201039997999942],[29.29544000100003,-27.203140003999977],[29.297960002000025,-27.204109995999943],[29.297180007000065,-27.205829996999967],[29.29881,-27.209189998999932],[29.30186000200007,-27.20973999599994],[29.30054,-27.211939997999934],[29.304600003000076,-27.21509999699998],[29.308969998000066,-27.21619999799998],[29.311949996000067,-27.21415],[29.31123999600004,-27.21126000099997],[29.31428999800005,-27.209660002999954],[29.31816000300006,-27.210460000999944],[29.32553,-27.20848998899993],[29.329900003000034,-27.203619996999976],[29.33084000200006,-27.20800999599993],[29.33506999000008,-27.207360000999984],[29.334629998000025,-27.20888999699997],[29.33257000100008,-27.20855000199998],[29.33278000400003,-27.210060001999977],[29.33117999600006,-27.210339998999928],[29.331129997000062,-27.213040000999968],[29.33413999800007,-27.214100000999963],[29.33150000300003,-27.218239996999955],[29.332920002000037,-27.219100001999948],[29.332899998000073,-27.217029998999976],[29.33546,-27.21729],[29.335930011000073,-27.214459998999928],[29.33711999600007,-27.218109996999942],[29.335559990000036,-27.22186],[29.337750002000064,-27.22394],[29.336500004000072,-27.224590002999946],[29.335079996000047,-27.22260000199998],[29.33352999600004,-27.22394],[29.33621,-27.226709996999944],[29.33213999900005,-27.230469997999933],[29.336150003000057,-27.231990002999964],[29.338219997000067,-27.235100001999967],[29.334409997000023,-27.23641999599994],[29.335239999000066,-27.239800000999935],[29.332149997000045,-27.244649997999943],[29.32806,-27.246639998999967],[29.32532999700004,-27.25208],[29.33116,-27.26342999899998],[29.338219997000067,-27.264549987999942],[29.33917000200006,-27.26365],[29.34081000200007,-27.26037],[29.33968999600006,-27.252039998999976],[29.342710003000036,-27.248469995999983],[29.35150999800004,-27.24866000199995],[29.35317000200007,-27.249810001999947],[29.36187,-27.247020001999942],[29.36976999700005,-27.251490002999958],[29.372620003000065,-27.25026],[29.375129998000034,-27.250989996999976],[29.380709998000043,-27.24738999799996],[29.38451,-27.248999994999963],[29.38837999800006,-27.245969997999964],[29.389039998000044,-27.24746000099998],[29.38633999800004,-27.248949995999965],[29.387460004000047,-27.24989000399995],[29.39021000300005,-27.24765999699997],[29.38687999600006,-27.24357],[29.39086999600005,-27.24272999899995],[29.400209998000037,-27.24292999599993],[29.401459988000056,-27.24955999799994],[29.40432000800007,-27.25230000099998],[29.410690010000053,-27.252340000999936],[29.415099998000073,-27.25048],[29.419410003000053,-27.255390002999945],[29.42030000300008,-27.25386999699998],[29.421959999000023,-27.25403999799994],[29.421320003000062,-27.256609998999977],[29.423320002000025,-27.257560001999934],[29.42653999600003,-27.256280001999983],[29.424770004000038,-27.254749997999966],[29.42817999600004,-27.25386999699998],[29.432040003000054,-27.262199996999982],[29.43435000200003,-27.261330001999966],[29.43569,-27.262840000999972],[29.436430003000055,-27.261009995999927],[29.43946,-27.267649995999932],[29.44343000300006,-27.266929997999966],[29.448109998000064,-27.27298000299993],[29.448329998000077,-27.275380000999974],[29.450679998000055,-27.274810000999935],[29.450639997000053,-27.27813],[29.451749997000036,-27.27633999699998],[29.453339998000047,-27.276949997999964],[29.45514999900007,-27.279609996999966],[29.45479,-27.282619998999962],[29.45659000300003,-27.281500000999984],[29.456489997000062,-27.284209998999984],[29.460289999000054,-27.28438000099993],[29.45909,-27.286320002999958],[29.461059996000074,-27.286689998999975],[29.46173000300007,-27.285340003999977],[29.463669997000068,-27.287719996999954],[29.466340003000028,-27.299],[29.46866,-27.298749998999938],[29.470009996000044,-27.300259996999955],[29.46874000200006,-27.301489998999955],[29.470939996000027,-27.301509995999936],[29.46975000300006,-27.30357],[29.47223000300005,-27.309509998999943],[29.467620004000025,-27.31561000299996],[29.470220006000034,-27.320369997999933],[29.46937999800008,-27.32480999699993],[29.48074000300005,-27.33281999199994],[29.48262999800005,-27.33223000099997],[29.48332000100004,-27.328079998999954],[29.486370003000047,-27.327369998999927],[29.483729999000047,-27.338780003999943],[29.48652,-27.34069999299993],[29.4878,-27.337550001999944],[29.49010000100003,-27.33686999699995],[29.489870003000078,-27.344669995999936],[29.484849997000026,-27.347029993999968],[29.487130001000025,-27.35063],[29.483010001000025,-27.35692999799994],[29.482769997000048,-27.360039996999944],[29.486550002000058,-27.362790004999965],[29.50294000300005,-27.358179995999933],[29.505219999000076,-27.36504999699997],[29.512440008000056,-27.367850002999944],[29.509479998000074,-27.36921999599997],[29.508729998000035,-27.372740000999954],[29.508840002000056,-27.376379997999948],[29.511919998000053,-27.379569991999972],[29.52002,-27.384369995999975],[29.522170003000042,-27.382780002999937],[29.51834999700003,-27.377870001999952],[29.523919999000043,-27.377179997999974],[29.52715,-27.37828],[29.530439998000077,-27.38276999699997],[29.52981,-27.38640999699993],[29.525709996000046,-27.38626],[29.52714001000004,-27.394109997999976],[29.538069997000036,-27.387029996999956],[29.541569997000067,-27.391480000999934],[29.543490002000055,-27.39900000399996],[29.55019999900003,-27.397829997999963],[29.552029996000044,-27.39875],[29.54891,-27.40473000099996],[29.54914999600004,-27.409179996999967],[29.55204000300006,-27.413569996999968],[29.54736999800008,-27.414099996999937],[29.542550004000077,-27.41996000299997],[29.550010001000032,-27.424099998999964],[29.546309997000037,-27.429220002999955],[29.54646000200006,-27.43111999699994],[29.55405,-27.43195999699998],[29.556149997000034,-27.43096000199995],[29.55994,-27.432179996999935],[29.561289997000074,-27.441330000999983],[29.563300002000062,-27.44267999699997],[29.567529998000055,-27.44128000099994],[29.56906999200004,-27.442099997999946],[29.57909999700007,-27.45445],[29.578680001000066,-27.456509996999955],[29.57673999900004,-27.456949995999935],[29.57811,-27.45958000199994],[29.580019999000058,-27.45839000099994],[29.58103999900004,-27.460719995999966],[29.58458999800007,-27.46186999599996],[29.58356,-27.462309997999967],[29.58449999800007,-27.464360002999967],[29.588960001000032,-27.463250002999928],[29.589660003000063,-27.466339997999967],[29.59441000100003,-27.467420001999983],[29.59792999800004,-27.470099997999966],[29.59932000300006,-27.46890999699997],[29.60071,-27.470059997999954],[29.59982,-27.472809996999956],[29.601590001000034,-27.471779998999978],[29.602950003000046,-27.47413],[29.60095999500004,-27.476839997999946],[29.60390000800004,-27.4802],[29.601829998000028,-27.481650000999934],[29.604880007000077,-27.48541000299997],[29.603980001000025,-27.4942],[29.606839997000066,-27.49659],[29.609319997000057,-27.496440002999975],[29.618910002000064,-27.506020001999957],[29.625529999000037,-27.50572],[29.629659997000033,-27.50231],[29.63678,-27.50471999699994],[29.64941,-27.50422999699998],[29.650529997000035,-27.49974999799997],[29.655059996000034,-27.496239998999954],[29.66685999300006,-27.495899995999935],[29.674130001000037,-27.49800000199997],[29.679480003000037,-27.49681000099997],[29.681030011000075,-27.500130001999935],[29.685810004000075,-27.497759997999935],[29.688319999000043,-27.493499997999947],[29.693549999000027,-27.49225],[29.698879996000073,-27.49468000099995],[29.70143,-27.49394999599997],[29.706510003000062,-27.487900001999947],[29.704870003000053,-27.485829998999975],[29.70630999900004,-27.481729995999956],[29.69922999700003,-27.47776],[29.69773001200008,-27.47541],[29.699290002000055,-27.47469000199993],[29.698360002000072,-27.472560002999955],[29.702390003000062,-27.465849997999953],[29.69935999000006,-27.459090001999982],[29.69913999700003,-27.450770000999967],[29.704390002000025,-27.445390003999933],[29.71056,-27.443949998999983],[29.71721999700003,-27.44032999799998],[29.71703,-27.43841999899996],[29.719670003000033,-27.43826000399997],[29.721419999000034,-27.432770002999973],[29.732499999000026,-27.430929998999943],[29.74463999900007,-27.4326],[29.74659998900006,-27.43517000099996],[29.75867998600006,-27.442570014999944],[29.735180025000034,-27.450749972999972],[29.71692003800007,-27.464900032999935],[29.70837003400004,-27.46176998599998],[29.70316998100003,-27.471999970999946],[29.71432997200003,-27.480400032999967],[29.731929931000025,-27.48792995799994],[29.72504997200008,-27.48936996799995],[29.72161997300003,-27.488349966999976],[29.710519979000026,-27.49866002699997],[29.710879970000065,-27.510109967999938],[29.70924997000003,-27.513579965999952],[29.71236503700004,-27.518439968999928],[29.724559973000055,-27.52425996599993],[29.73599997100007,-27.51956996699994],[29.743419973000073,-27.523099977999948],[29.744849973000044,-27.525470032999976],[29.75835997200005,-27.52711003299993],[29.758509978000063,-27.529489974999933],[29.765519961000052,-27.53665995999995],[29.766009978000056,-27.541279969999948],[29.77112997200004,-27.54645003199994],[29.77211996500006,-27.553430034999963],[29.780420037000056,-27.559529967999936],[29.78378996300006,-27.573540040999944],[29.780759972000055,-27.57910003199993],[29.779559971000026,-27.587300031999973],[29.78512995400007,-27.59674003999993],[29.78077997200006,-27.59935996699994],[29.774009973000034,-27.59505003199996],[29.77073997100007,-27.595570033999934],[29.75894997200004,-27.60153996599996],[29.75694997100004,-27.604009966999968],[29.75220997300005,-27.60508996599998],[29.74890997700004,-27.613690016999954],[29.740169981000065,-27.605589977999955],[29.73480997000007,-27.607099967999943],[29.73149997300004,-27.613030032999973],[29.731230021000044,-27.617669941999964],[29.72809997300004,-27.616719967999984],[29.722869974000048,-27.618830041999956],[29.719639980000068,-27.625709978999964],[29.720629965000057,-27.626839951999955],[29.718279970000026,-27.62949996699996],[29.71477997200003,-27.631860032999953],[29.712079971000037,-27.630590032999976],[29.707219989000066,-27.633550026999956],[29.708429946000024,-27.634430039999984],[29.69785997100007,-27.640839966999977],[29.68436997300006,-27.637669967999955],[29.67799997000003,-27.63887996899996],[29.671169982000038,-27.650540021999973],[29.67426997000007,-27.660049967999953],[29.669809971000063,-27.667189967999946],[29.67011997900005,-27.67012997699993],[29.677899961000037,-27.677089958999943],[29.683769978000043,-27.67961997599997],[29.685409960000072,-27.681379960999948],[29.685359977000076,-27.686239979999982],[29.693869964000044,-27.69525995799995],[29.699659973000053,-27.69797996799997],[29.708990037000035,-27.69849996599993],[29.70863997300006,-27.716510031999974],[29.712319963000027,-27.720869955999945],[29.709969972000067,-27.72224996799997],[29.708599970000023,-27.726180031999945],[29.710339972000043,-27.730199968999955],[29.709099972000047,-27.73894003199996],[29.70469997200007,-27.74685003299993],[29.70834995900003,-27.757150038999953],[29.70303996900003,-27.761449967999965],[29.70349997200003,-27.76671003399997],[29.710819961000027,-27.771649964999938],[29.70779997300008,-27.775239967999937],[29.709009971000057,-27.779910033999954],[29.712689973000067,-27.780499976999977],[29.717479962000027,-27.787549954999974],[29.711520046000032,-27.79265996099997],[29.710849991000032,-27.795619958999964],[29.72399997800005,-27.796779973999946],[29.72830103600006,-27.80103596799995],[29.731259970000053,-27.80807996599998],[29.729259971000033,-27.811979966999957],[29.722929958000066,-27.81280995999998],[29.72170998300004,-27.811759974999973],[29.715989973000035,-27.814669967999976],[29.71339997800004,-27.818130019999955],[29.709499969000035,-27.815739966999956],[29.703839969000057,-27.81893996599996],[29.70225003300004,-27.822159961999944],[29.697029979000035,-27.82448003899998],[29.696329972000058,-27.829149967999967],[29.693829968000045,-27.832309966999958],[29.693149978000065,-27.83931997899998],[29.696899965000057,-27.843749955999954],[29.702799964000064,-27.856559955999955],[29.69896998100006,-27.85977002599998],[29.68709999600003,-27.858520047999946],[29.68960995900005,-27.864389957999947],[29.685030039000026,-27.867530031999934],[29.68724003600005,-27.877990032999946],[29.68584996900006,-27.88311996899995],[29.68298997200003,-27.883579967999935],[29.682719983000027,-27.888009970999974],[29.686919970000076,-27.89067997199993],[29.690349971000046,-27.895729966999966],[29.681979971000032,-27.906809967999948],[29.677989964000062,-27.908770043999937],[29.67170997000005,-27.91698996599996],[29.66406997200005,-27.921269963999976],[29.656719973000065,-27.91893996799996],[29.65379997200006,-27.92328003199998],[29.657774983000024,-27.924469977999934],[29.663219966000042,-27.93000004399994],[29.65764997800005,-27.937400023999942],[29.664630024000076,-27.94182002599996],[29.67323997300008,-27.94316003299997],[29.67974997300007,-27.957429969999964],[29.676849959000037,-27.959510042999966],[29.673729972000046,-27.95761996999994],[29.666779973000075,-27.958379967999974],[29.66355997000005,-27.957309967999947],[29.65083996900006,-27.966709967999975],[29.635879971000065,-27.994529968999927],[29.63938997200006,-28.015569967999966],[29.616861983000035,-28.04683801599998],[29.63181998300007,-28.069019975999936],[29.655479977000027,-28.090020025999934],[29.652589972000044,-28.098809965999976],[29.660619971000074,-28.126059965999957],[29.654130037000073,-28.138329967999937],[29.663289934000034,-28.14202004499998],[29.66284995700005,-28.177250025999967],[29.62633996900007,-28.18573996999993],[29.60955998700007,-28.215029969999932],[29.624419958000033,-28.22494996699993],[29.619765027000028,-28.241219959999967],[29.55867997300004,-28.258340033999957],[29.550589975000037,-28.247199981999984],[29.50992004400007,-28.26543993699994],[29.482929971000033,-28.27219996699995],[29.479259970000044,-28.290729969999973],[29.458749970000042,-28.310429968999983],[29.437579973000027,-28.32112996899997],[29.438059960000032,-28.332140034999952],[29.42770004700003,-28.339309966999963],[29.414309968000055,-28.375910015999978],[29.373410028000023,-28.37189997699994],[29.357450980000067,-28.387969022999982],[29.338759973000037,-28.39878996899995],[29.320109973000058,-28.40678996899993],[29.322629969000047,-28.423959968999952],[29.29009997000003,-28.437890033999963],[29.26853997300003,-28.43184996699995],[29.261509972000056,-28.43370003299998],[29.248749971000052,-28.42489996699993],[29.229011960000037,-28.45628596599994],[29.19149997900007,-28.493779977999964],[29.21624995700006,-28.519049953999968],[29.196409974000062,-28.545040024999935],[29.178709968000078,-28.54270994999996],[29.170979960000068,-28.53003005299996],[29.161519973000054,-28.54211996899994],[29.134999968000045,-28.566299966999964],[29.096319970000025,-28.54509003399994],[28.973990977000028,-28.574560038999948],[28.961279972000057,-28.597169968999935],[28.96595994300003,-28.605310026999973],[28.955939958000044,-28.60752004099993],[28.948570045000054,-28.613289966999957],[28.946639969000046,-28.620839968999974],[28.944300044000045,-28.62259996499995],[28.94089003600004,-28.63138996799995],[28.944649970000057,-28.638710033999928],[28.942769955000074,-28.650900028999956],[28.935700035000025,-28.653830033999952],[28.934640026000068,-28.656949965999956],[28.928369969000073,-28.660070041999973],[28.926040038000053,-28.663809957999945],[28.921999971000048,-28.663689962999968],[28.914809972000057,-28.671759968999936],[28.90888996900003,-28.681419967999943],[28.90340003600005,-28.687150032999966],[28.89906004100004,-28.68734997599995],[28.897199972000067,-28.690870033999943],[28.896229979000054,-28.69473998199993],[28.899989971000025,-28.703230033999944],[28.892110036000076,-28.74489996799997],[28.891339969000057,-28.74648996999997],[28.883009971000035,-28.748659964999945],[28.873626972000068,-28.77071189999998],[28.868620002000057,-28.76059],[28.857600008000077,-28.755960003999974],[28.85236000200007,-28.759560001999944],[28.846629997000036,-28.759939996999947],[28.841529997000066,-28.75856999599995],[28.840369999000075,-28.76028],[28.830439999000077,-28.76329],[28.829029998000067,-28.76582],[28.82433999700004,-28.767109998999956],[28.823139997000055,-28.771970000999943],[28.81794,-28.775689993999947],[28.80845000100004,-28.771530000999974],[28.807540006000067,-28.764290003999974],[28.803909997000062,-28.759240002999945],[28.80424000200003,-28.747359995999943],[28.800939997000057,-28.745370003999938],[28.800399999000035,-28.742619995999974],[28.80332,-28.730040002999942],[28.811709997000037,-28.72069000299996],[28.80695,-28.71755000199994],[28.80619000200005,-28.709880002999967],[28.799199999000052,-28.707329998999967],[28.793529999000043,-28.69899000099997],[28.790590002000044,-28.698680000999957],[28.784660001000077,-28.70116000099995],[28.77783000200003,-28.70081],[28.765820002000055,-28.690070010999932],[28.75347,-28.683769996999956],[28.743379997000034,-28.68772000399997],[28.734519997000064,-28.686429996999948],[28.730039998000052,-28.688960003999966],[28.726139998000065,-28.687709996999956],[28.72648999100005,-28.68434998799995],[28.724210002000063,-28.681629998999938],[28.704720001000055,-28.671430000999976],[28.708109997000065,-28.663760000999957],[28.70471000300006,-28.65631000199994],[28.706379997000056,-28.65230000599996],[28.698100004000025,-28.645100001999936],[28.694750001000045,-28.64436],[28.69688,-28.639700000999937],[28.69605999600003,-28.63820999799998],[28.70092998900003,-28.63658000399994],[28.69812,-28.630979998999976],[28.697689998000044,-28.626199997999947],[28.703619999000068,-28.618099996999945],[28.698150003000023,-28.61240000199996],[28.696920001000024,-28.608249998999952],[28.693940003000023,-28.607470011999965],[28.69205,-28.60397000399996],[28.685880002000033,-28.599100010999962],[28.681750004000037,-28.58960999599998],[28.67400000300006,-28.586120001999973],[28.66417000200005,-28.57716000399995],[28.661219998000036,-28.578060000999983],[28.651909999000054,-28.573299996999936],[28.651370001000032,-28.5708],[28.645009997000045,-28.57306],[28.644739998000034,-28.57527000099998],[28.63949000100007,-28.575419997999973],[28.638820002000045,-28.5778],[28.63664000400007,-28.57558999899993],[28.635090004000062,-28.57880000399996],[28.632580001000065,-28.57891],[28.63243000400007,-28.58259],[28.628689999000073,-28.580829996999967],[28.621999999000025,-28.58064],[28.61929999800003,-28.586949996999977],[28.61716000100006,-28.587890002999984],[28.61675000300005,-28.59091000199993],[28.613510004000034,-28.59385999699998],[28.61278,-28.597479998999972],[28.607419999000058,-28.595430001999944],[28.60622999800006,-28.598069996999982],[28.60399999300006,-28.59827999099997],[28.604009999000027,-28.60064999499997],[28.593930003000025,-28.602390000999947],[28.590700002000062,-28.60841000199997],[28.583729996000045,-28.603810000999943],[28.578349999000068,-28.603779997999936],[28.575670010000067,-28.610229991999972],[28.572490017000064,-28.607340018999935],[28.568090020000056,-28.60842999099998],[28.56697998800007,-28.610409984999933],[28.56681001900006,-28.607689987999947],[28.563719985000034,-28.60501998999996],[28.555740017000062,-28.602380018999952],[28.554000019000057,-28.606599984999946],[28.55183001900008,-28.605599989999973],[28.548510019000048,-28.60960001899997],[28.546430018000024,-28.607139983999957],[28.542890017000047,-28.60676998599996],[28.540289983000037,-28.602519985999947],[28.53604998800006,-28.607899989999964],[28.53180001900006,-28.60721001899998],[28.532489983000062,-28.60956998499995],[28.53028998800005,-28.610319984999933],[28.528539984000076,-28.609820018999983],[28.528359985000066,-28.60590998999993],[28.52410001800007,-28.601159982999945],[28.521199989000024,-28.603549983999983],[28.51808998300004,-28.60266999099997],[28.51760999000004,-28.606959983999957],[28.52092998200004,-28.608239984999955],[28.513820017000057,-28.609550019999972],[28.514179985000055,-28.611179989999982],[28.50890998400007,-28.61226001899996],[28.506020018000072,-28.614999988999955],[28.508169982000027,-28.61744998599994],[28.507099983000046,-28.618139989999975],[28.50145001900006,-28.61311998399998],[28.502560018000054,-28.607830018999948],[28.499449988000038,-28.60927998899996],[28.49626002000008,-28.605849983999974],[28.49474998900007,-28.607919986999946],[28.48962001900003,-28.606149985999934],[28.487909984000055,-28.61133001899998],[28.486129985000048,-28.612480018999975],[28.481659984000032,-28.60745998999994],[28.47837998400007,-28.60927998899996],[28.47632002000006,-28.605790018999983],[28.472420020000072,-28.605329989999973],[28.470019989000036,-28.607299986999976],[28.469929982000053,-28.609539989999973],[28.467370019000043,-28.60979998299996],[28.46649998500004,-28.608129988999963],[28.46409002000007,-28.609629989999974],[28.462799989000075,-28.608919989999947],[28.46101998200004,-28.611889989999952],[28.459249982000074,-28.610759985999948],[28.461210020000067,-28.61348998899996],[28.45647001900005,-28.61175998899995],[28.455940019000025,-28.617189984999982],[28.453629988000046,-28.61928998999997],[28.449319983000066,-28.616499989999966],[28.44655001800004,-28.619459982999956],[28.445130019000032,-28.615379983999958],[28.442639989000043,-28.620129989999953],[28.441250015000037,-28.61812998299996],[28.43758998800007,-28.62179998499994],[28.437089983000078,-28.620410018999962],[28.430099988000052,-28.620129989999953],[28.426109989000054,-28.625499988999934],[28.424570019000043,-28.624329983999928],[28.41948998400005,-28.62770998999997],[28.416969983000058,-28.626219986999956],[28.41324001600003,-28.62741998599995],[28.409449989000052,-28.621989990999964],[28.401869989000033,-28.62429998899995],[28.40093998900005,-28.625079984999957],[28.402949986000067,-28.627609983999946],[28.400949987000047,-28.632130015999962],[28.404429983000057,-28.637509988999966],[28.402779985000052,-28.644349985999952],[28.39899002100003,-28.64376998599994],[28.395990018000077,-28.646459988999936],[28.39401001600004,-28.644229982999946],[28.390749989000028,-28.644019988999958],[28.390230018000068,-28.64806998599994],[28.387269985000046,-28.64899998599998],[28.38887998200005,-28.65366999099996],[28.387139984000044,-28.65286998399995],[28.385229985000024,-28.65659998999996],[28.375719982000078,-28.66056998499994],[28.372020018000057,-28.66592001899994],[28.365889997000068,-28.665430003999973],[28.370269998000026,-28.670410000999937],[28.370629997000037,-28.67368000199997],[28.36871,-28.674960002999967],[28.372929998000075,-28.67927999899996],[28.372039991000065,-28.683719997999958],[28.367180004000033,-28.68378000299998],[28.36723000300003,-28.68641],[28.36365999900005,-28.685709998999982],[28.36428999800006,-28.68778999899996],[28.359499998000047,-28.68852000299995],[28.36091,-28.68995999899994],[28.360299998000073,-28.691779998999948],[28.356749999000044,-28.69225000199998],[28.357270001000074,-28.69568999699993],[28.355410001000052,-28.695059997999977],[28.34959000400005,-28.703439997999965],[28.349409996000077,-28.69905999599996],[28.344119999000043,-28.699359997999977],[28.343989991000058,-28.69497999699996],[28.34213999700006,-28.69381],[28.335640002000048,-28.698500000999957],[28.332779998000035,-28.69611999899996],[28.331340002000047,-28.69939999899998],[28.325760002000038,-28.70028],[28.325419999000076,-28.70162999599995],[28.32997000200004,-28.704109996999932],[28.32885000400006,-28.70580000299998],[28.32028999700003,-28.703659997999978],[28.31704,-28.701049988999955],[28.310520001000043,-28.700549998999975],[28.309379999000043,-28.69939999899998],[28.310369996000077,-28.696129996999957],[28.30493000200005,-28.692380001999936],[28.303499997000074,-28.702069996999967],[28.300089996000054,-28.703419992999955],[28.30175999900007,-28.70622999799997],[28.299250004000044,-28.704850006999948],[28.299019997000073,-28.707159997999952],[28.297130003000063,-28.70771000299993],[28.297790003000046,-28.704279997999947],[28.295930003000024,-28.70341000299993],[28.294350001000055,-28.70511],[28.29494999600007,-28.707739996999976],[28.29187,-28.707840002999944],[28.290249997000046,-28.711430002999975],[28.287110004000056,-28.71025],[28.285880002000056,-28.71325000199994],[28.28119,-28.71493000299995],[28.273210001000052,-28.711160003999964],[28.268290001000025,-28.706080000999975],[28.266120001000047,-28.708330002999958],[28.26049000200004,-28.709210003999942],[28.258159998000053,-28.706200002999935],[28.257560003000037,-28.700270001999968],[28.25301999000004,-28.701600001999964],[28.24951999800004,-28.700760000999935],[28.24777000200004,-28.70303999799995],[28.24331999700007,-28.70258999899994],[28.241380004000064,-28.69673999899993],[28.233519999000066,-28.69509999899998],[28.22957,-28.69828999899994],[28.228829997000048,-28.702329997999982],[28.22066999900005,-28.704329996999945],[28.217940003000024,-28.701960000999975],[28.213830001000076,-28.70240999899994],[28.21032000300005,-28.70729999699995],[28.196439997000027,-28.71123999699995],[28.190539998000077,-28.705590000999962],[28.19022,-28.69682999899993],[28.183099997000056,-28.69386999699998],[28.185240003000047,-28.696860000999948],[28.18149,-28.701380008999934],[28.18400000300005,-28.70879999799996],[28.176070003000063,-28.70842000199997],[28.167,-28.70546000099995],[28.168199999000024,-28.70953000199995],[28.166169998000044,-28.712749996999946],[28.15978,-28.71518000599997],[28.162369996000052,-28.717900002999954],[28.1553,-28.719079997999984],[28.16071,-28.722499996999943],[28.159609998000064,-28.72576],[28.15717999700007,-28.72341],[28.155279996000047,-28.723909997999954],[28.15769000100005,-28.730800001999967],[28.155049998000038,-28.731169998999974],[28.150510001000043,-28.72269000199998],[28.146709999000052,-28.72761000199995],[28.143330001000038,-28.72935999799995],[28.14266000200007,-28.738020001999928],[28.138389997000047,-28.734329996999975],[28.13528999700003,-28.73865000099994],[28.13003000300006,-28.74113000099993],[28.130880001000037,-28.74577000299996],[28.128220001000045,-28.74680000099994],[28.12508,-28.745149994999963],[28.122029999000063,-28.74051000099996],[28.119080004000068,-28.741589997999938],[28.11998999900004,-28.757499997999957],[28.113789999000062,-28.757700000999932],[28.108249999000066,-28.76502],[28.10235,-28.76595999799997],[28.100099998000076,-28.76848999799995],[28.096119997000073,-28.778250002999982],[28.097810004000053,-28.78191999699993],[28.094580003000033,-28.78337999699994],[28.095369996000045,-28.78531000099997],[28.089270001000045,-28.79298999799994],[28.08272,-28.79320999899994],[28.085609998000052,-28.794109995999975],[28.086809998000035,-28.799780003999956],[28.08059999900007,-28.806239997999967],[28.077300002000072,-28.807320002999973],[28.078360003000057,-28.81030999899997],[28.075429996000025,-28.811100000999943],[28.07488999800006,-28.814990001999945],[28.073169996000047,-28.815849998999965],[28.0591,-28.814399996999953],[28.050750004000065,-28.81805000199995],[28.052000002000057,-28.82662999699994],[28.05007999700007,-28.82998],[28.054329997000025,-28.83480000199995],[28.05454,-28.84141999899998],[28.051539997000077,-28.84414000399994],[28.047790002000056,-28.84169999599993],[28.04469000200004,-28.845459996999978],[28.041259997000054,-28.84629],[28.04049999800003,-28.850559996999948],[28.036129995000067,-28.84991999199997],[28.031530002000068,-28.85599],[28.02852000100006,-28.85560999699993],[28.02396,-28.859369997999977],[28.025739999000052,-28.862410000999944],[28.029699996000033,-28.85977999599993],[28.030330002000028,-28.864859998999975],[28.028210001000048,-28.866729996999936],[28.03251000100005,-28.86759000199993],[28.030929998000033,-28.872100003999947],[28.034069999000053,-28.87416],[28.02858999700004,-28.87353000199994],[28.03028000300003,-28.87659999899995],[28.028889998000068,-28.87913999699998],[28.024660002000076,-28.87411999899996],[28.018360003000055,-28.875669998999967],[28.013050002000057,-28.87992],[28.007629997000038,-28.872720003999973],[28.004839996000044,-28.871580001999973],[28.002150002000064,-28.876490002999958],[27.999859999000023,-28.87742000299994],[27.99581000300003,-28.87198000199993],[27.99405,-28.87268000299997],[27.993460003000052,-28.87610000199993],[27.98714,-28.87698000299997],[27.992090002000054,-28.88045],[27.990590001000044,-28.88298],[27.983959998000046,-28.87694000199997],[27.970049997000046,-28.874280001999978],[27.965770002000056,-28.870989995999935],[27.96246,-28.865639993999935],[27.961759998000048,-28.859610002999943],[27.95541999900007,-28.858169998999983],[27.948339997000062,-28.85249],[27.938359999000056,-28.848289998999974],[27.938510003000033,-28.852279997999972],[27.92979000200006,-28.85289998999997],[27.926669997000033,-28.856830000999935],[27.927440010000055,-28.86191000399998],[27.92107999800004,-28.85901999699996],[27.91872,-28.860280001999968],[27.91579000100006,-28.866210002999935],[27.920090009000035,-28.87193000999997],[27.920000001000062,-28.87745999599997],[27.90857999900004,-28.88159000299993],[27.90002,-28.878549998999972],[27.893090003000054,-28.87924000299995],[27.887849998000036,-28.888410002999933],[27.893039997000074,-28.89091],[27.897819998000045,-28.890309995999928],[27.900119998000037,-28.894109997999976],[27.897779997000043,-28.89761000599998],[27.89816999800007,-28.902399997999964],[27.896290002000057,-28.908549998999945],[27.89116,-28.91055999599996],[27.89085,-28.91440999699995],[27.888400002000026,-28.91673000199995],[27.883459998000035,-28.914849997999966],[27.879450002000056,-28.91727999899996],[27.868850004000024,-28.919769997999936],[27.863969997000027,-28.913559998999972],[27.85939999800007,-28.91402000399995],[27.858509999000034,-28.910430003999977],[27.854089997000074,-28.909690000999944],[27.851540001000046,-28.90300999899995],[27.847619997000038,-28.90385],[27.848049999000068,-28.90956000099993],[27.839769998000065,-28.915260003999947],[27.829889998000056,-28.90354],[27.829420002000063,-28.90868],[27.83146000200003,-28.91272999699993],[27.82682999000008,-28.912690003999955],[27.81628999700007,-28.921099996999942],[27.807790003000036,-28.91697999699994],[27.79825999600007,-28.918410002999963],[27.79181999900004,-28.91457],[27.79345,-28.90921999799997],[27.786779997000053,-28.909529997999982],[27.777329999000074,-28.90692000499996],[27.762759997000046,-28.89750000199996],[27.75403000500006,-28.897330000999943],[27.75486999800006,-28.908419998999932],[27.756929994000075,-28.91248000199994],[27.762360005000062,-28.91254999699993],[27.766730008000025,-28.917019997999944],[27.76558,-28.92410999799995],[27.76159,-28.9303],[27.75688000300005,-28.93420999899996],[27.761949999000024,-28.938029988999972],[27.759959999000046,-28.94141000299993],[27.74825000100003,-28.941659997999977],[27.747310002000063,-28.93863000099998],[27.743519999000057,-28.93566999899997],[27.742800001000035,-28.937510002999943],[27.745919997000044,-28.94188999599993],[27.74259999700007,-28.942199995999943],[27.739269998000054,-28.937709998999935],[27.73509000100006,-28.944470001999946],[27.729569997000056,-28.94661999799996],[27.728229999000064,-28.95064],[27.723070003000032,-28.949359998999967],[27.723089999000024,-28.95162999799993],[27.7257,-28.95291999699998],[27.725539997000055,-28.956379995999953],[27.721039993000034,-28.95761999599995],[27.720119999000076,-28.96303000299997],[27.725020003000054,-28.96738000199997],[27.722860001000072,-28.975630000999956],[27.716799999000045,-28.982419998999944],[27.708429998000042,-28.98133000399997],[27.707390002000068,-28.98237],[27.70957,-28.99060000199995],[27.71629000300004,-28.99158000099993],[27.714480002000073,-28.997449996999933],[27.71701999900006,-29.00033999599998],[27.71356,-29.01011],[27.710999998000034,-29.011799998999948],[27.705599997000036,-29.01158999699993],[27.692150001000073,-29.00488],[27.68510000200007,-29.003609996999955],[27.682440002000078,-29.00656000099997],[27.680940001000067,-29.016419996999957],[27.68799,-29.023189997999964],[27.68595,-29.02507000299994],[27.68155000300004,-29.02402],[27.681169999000076,-29.028419997999947],[27.67483999800004,-29.02597999099993],[27.670109996000065,-29.027290009999945],[27.669810002000077,-29.02964000199995],[27.675009999000054,-29.03328000099998],[27.67563,-29.038919997999983],[27.67304000300004,-29.04399001099995],[27.661340003000078,-29.046520009999938],[27.65879,-29.04870000099993],[27.655129997000074,-29.04683000199998],[27.651190004000057,-29.04152000099998],[27.648389997000038,-29.04229999599994],[27.64727,-29.044249995999962],[27.641360003000045,-29.04581000199994],[27.644590003000076,-29.05615999799994],[27.65263,-29.056289997999954],[27.65212001200007,-29.061410001999946],[27.6548,-29.06140000399995],[27.659859999000048,-29.055719996999983],[27.667399997000075,-29.063569995999956],[27.67487999900004,-29.065140000999975],[27.676460002000056,-29.06677000199994],[27.67462999600008,-29.07005000199996],[27.67710999600007,-29.073579996999968],[27.67549000100007,-29.077280000999963],[27.67260000300007,-29.07932999899998],[27.665899996000064,-29.07784000399994],[27.660940004000054,-29.08623999899993],[27.65755,-29.085319996999942],[27.655220004000057,-29.081510004999984],[27.649650002000044,-29.07826999799994],[27.640539999000055,-29.081559995999953],[27.63995999900004,-29.08545999599994],[27.64696,-29.08561999899996],[27.651220006000074,-29.090870002999964],[27.64836000300005,-29.095580000999973],[27.652360001000034,-29.101160001999972],[27.65001999900005,-29.10503999699995],[27.65076999200005,-29.109059998999953],[27.64629,-29.11765000099996],[27.644200002000048,-29.11855999599993],[27.637860002000025,-29.11513999799996],[27.632670003000044,-29.11522999699997],[27.630929998000056,-29.11978999799993],[27.63583999900004,-29.12337999799996],[27.633050007000065,-29.131460002999972],[27.618280001000073,-29.135309995999933],[27.61093,-29.133460001999936],[27.60136,-29.137069998999948],[27.60258000400006,-29.14007000099997],[27.61687999000003,-29.15231999699995],[27.617130001000078,-29.157539998999937],[27.61416999900007,-29.16418],[27.60628,-29.167710002999968],[27.600160001000063,-29.168539996999982],[27.596350001000076,-29.171149997999976],[27.592920004000064,-29.169509997999967],[27.590590001000066,-29.166120001999957],[27.580599996000046,-29.16631999799995],[27.578189999000074,-29.171740002999968],[27.576689998000063,-29.18230000099993],[27.57482,-29.184810003999928],[27.56711,-29.18763000599995],[27.565050003000067,-29.192480002999957],[27.555899999000076,-29.19387],[27.551400004000072,-29.196160001999942],[27.545629990000066,-29.20375],[27.54056999900007,-29.20595000299994],[27.53503999700007,-29.217520001999958],[27.52962,-29.219430000999978],[27.52539000400003,-29.21700999799998],[27.51494000200006,-29.224419995999938],[27.51468999900004,-29.225469998999984],[27.51996,-29.22688999899998],[27.524719997000034,-29.231679997999947],[27.52434000100004,-29.234559997999952],[27.520530001000054,-29.23845999799994],[27.52226999900006,-29.240749991999962],[27.525050001000068,-29.24087000299994],[27.530410001000064,-29.23695999599994],[27.53384999600007,-29.240179998999963],[27.54198000100007,-29.24135000399997],[27.54762998900003,-29.24636000299995],[27.54615,-29.252490000999956],[27.54088999700008,-29.25988000199993],[27.52501,-29.26612000399996],[27.520189998000035,-29.276230002999966],[27.514500002000034,-29.28188999699995],[27.51052,-29.28316999799995],[27.50506000200005,-29.28217000199993],[27.49969000300007,-29.284430001999965],[27.494880008000052,-29.28400999799993],[27.494120001000056,-29.28975000199995],[27.490199997000047,-29.29406999799994],[27.491749997000056,-29.30044],[27.489309998000067,-29.30197000399994],[27.48461999600005,-29.30176000199998],[27.484429999000042,-29.29650999699993],[27.480740001000072,-29.29364000299995],[27.471719997000037,-29.295309997999937],[27.465639999000075,-29.29411999699994],[27.46191999800004,-29.296329997999976],[27.45459000200003,-29.29769],[27.456980002000023,-29.30536],[27.46364999800005,-29.307600002999948],[27.464730003000057,-29.31354999299998],[27.472040003000075,-29.318139995999957],[27.472340005000035,-29.320259997999983],[27.460859998000046,-29.326559995999958],[27.444469997000056,-29.328669998999942],[27.436280003000036,-29.334150001999944],[27.43382999800008,-29.352169996999976],[27.437689997000064,-29.364180003999934],[27.43531000300004,-29.370210003999944],[27.432300002000034,-29.372959994999974],[27.429990003000057,-29.374210000999938],[27.426389997000058,-29.373739997999962],[27.410259997000026,-29.363880001999974],[27.40692,-29.364079997999966],[27.405479996000054,-29.36637000099995],[27.405620003000024,-29.371569989999955],[27.409750001000077,-29.378299998999978],[27.421549999000035,-29.387619996999945],[27.42170000400006,-29.39709999699994],[27.424399996000034,-29.40447999299994],[27.418250003000026,-29.410959998999942],[27.412350004000075,-29.411200002999976],[27.403969997000047,-29.414029995999954],[27.395780003000027,-29.41122],[27.39182999600007,-29.416170001999944],[27.392229988000054,-29.422879998999974],[27.38946,-29.427229996999984],[27.38236000200004,-29.432520001999933],[27.380090004000067,-29.440789996999968],[27.37492000900005,-29.443139996999946],[27.370469997000043,-29.44875],[27.36221,-29.449999997999953],[27.356650004000073,-29.45266999599994],[27.358030003000067,-29.460689996999974],[27.35667,-29.46657999699994],[27.363549998000053,-29.47857],[27.361050001000024,-29.485780002999945],[27.34726000300003,-29.48800000199998],[27.340080003000025,-29.485989996999933],[27.333459998000023,-29.4807],[27.329439996000076,-29.480730001999973],[27.305999996000025,-29.49722000099996],[27.30434,-29.50028999899996],[27.305140007000034,-29.506239996999966],[27.300189997000075,-29.512349997999934],[27.301379998000073,-29.51748],[27.30419000300003,-29.52111],[27.30592000200005,-29.53347999899995],[27.301829997000027,-29.532490001999975],[27.28909999900003,-29.533399997999936],[27.28312998900003,-29.528010002999963],[27.27685000300005,-29.526330001999952],[27.262810002000037,-29.533309997999936],[27.25729999600003,-29.53328000299996],[27.25488000100006,-29.53684999899997],[27.255940010000074,-29.547539996999944],[27.243890001000068,-29.554529998999953],[27.238340003000076,-29.553090002999966],[27.231449999000063,-29.55426999799994],[27.22688,-29.543650002999982],[27.222109997000075,-29.54451],[27.22059999800007,-29.545830000999956],[27.221699999000066,-29.54950999299996],[27.206750003000025,-29.55780999899997],[27.205979998000032,-29.56046],[27.208499999000026,-29.565679993999936],[27.20265999700007,-29.568690001999983],[27.194870003000062,-29.567580002999932],[27.18951001100004,-29.569869996999955],[27.18496999900003,-29.565890003999982],[27.165069999000025,-29.5625],[27.158710004000056,-29.559610001999943],[27.154169999000032,-29.560999998999932],[27.141080002000024,-29.57518999699994],[27.135119991000067,-29.573419995999984],[27.129960002000075,-29.573719997999945],[27.119399989000044,-29.57774],[27.114479997000046,-29.585239997999963],[27.103990003000035,-29.590320000999952],[27.10613999900005,-29.603009997999948],[27.094730002000063,-29.60459999899996],[27.089259998000045,-29.608440001999952],[27.085120001000064,-29.615059998999982],[27.081620001000033,-29.614629995999962],[27.079109999000025,-29.61169999699996],[27.07538,-29.60211000099997],[27.06947000300005,-29.59777],[27.066259998000078,-29.597259995999934],[27.064900004000037,-29.599329998999963],[27.06656,-29.606360000999928],[27.06403000100005,-29.61164],[27.06586999700005,-29.619520001999945],[27.057190004000063,-29.63712],[27.048700001000043,-29.63429999699997],[27.043280003000064,-29.62948000299997],[27.03683,-29.62152999899996],[27.033890002000078,-29.613419998999973],[27.02850999800006,-29.615710000999968],[27.018300001000057,-29.61682000099995],[27.017490011000064,-29.619359997999936],[27.024980003000053,-29.628229988999976],[27.0281,-29.638819996999928],[27.026019999000027,-29.641980002999958],[27.011589997000044,-29.64855],[27.013309998000068,-29.660950001999936],[27.019649997000045,-29.66419000099995],[27.01954999900005,-29.666729997999937],[27.02429999800006,-29.666109997999968],[27.02837999700006,-29.67106999899994],[27.038500002000035,-29.676959998999962],[27.064380002000064,-29.70509999899997],[27.088000002000058,-29.719469996999976],[27.083340003000046,-29.72299000099997],[27.09657999700005,-29.729929995999953],[27.22294,-29.996769996999944],[27.22408000200005,-30.005759997999974],[27.21886999800006,-30.01003000299994],[27.23467000200003,-30.00827000099997],[27.253860001000078,-30.026059996999948],[27.269479997000076,-30.02603000299996],[27.26542000200004,-30.03322000099996],[27.26847000400005,-30.04301000099997],[27.290889996000033,-30.050280000999976],[27.29654,-30.056109995999975],[27.32295,-30.139910002999954],[27.326890001000038,-30.14812000099994],[27.336039997000057,-30.147810000999982],[27.34111000100006,-30.14599999899997],[27.39003000100007,-30.14341000299993],[27.40209999800004,-30.139089998999964],[27.40731000200003,-30.144530000999964],[27.40445999600007,-30.14981],[27.41006999900003,-30.15210000199994],[27.409099999000034,-30.155520000999957],[27.401399997000055,-30.158430002999978],[27.40169,-30.16368],[27.39234,-30.166969997999956],[27.391609996000057,-30.176059995999935],[27.389450002000046,-30.178020002999972],[27.380980003000047,-30.177469997999935],[27.38111000400005,-30.180810002999976],[27.386189999000067,-30.182649998999977],[27.38618,-30.193270000999973],[27.38184,-30.194749997999963],[27.370890001000078,-30.189900001999945],[27.36823000100003,-30.19217],[27.371330001000047,-30.19784999899997],[27.375320001000034,-30.19849000299996],[27.373770001000025,-30.207090001999973],[27.36776999600005,-30.213269998999976],[27.365440001000024,-30.21796],[27.370120004000057,-30.227369996999983],[27.366569997000056,-30.237249996999935],[27.370559997000043,-30.248589997999943],[27.365759999000034,-30.259150002999945],[27.370800001000077,-30.267159996999965],[27.37014,-30.270330000999934],[27.36693000400004,-30.27383999899996],[27.36926999700006,-30.27903000599997],[27.373829998000076,-30.280640003999963],[27.376550003000034,-30.279699996999966],[27.377279999000052,-30.276059998999983],[27.379840001000048,-30.274209988999928],[27.382720001000052,-30.282290001999968],[27.38738999800006,-30.281750002999956],[27.389320002000034,-30.283459998999945],[27.389289991000055,-30.285530000999984],[27.38499999800007,-30.289449996999963],[27.38915,-30.293389997999952],[27.379930001000048,-30.300169997999944],[27.38349999600007,-30.304289997999945],[27.393369998000026,-30.30360000299993],[27.39520000400006,-30.307680001999984],[27.39442000100007,-30.31048],[27.38770999600007,-30.308210001999953],[27.38534,-30.31084999799998],[27.391840003000027,-30.318930002999934],[27.390929999000036,-30.322229998999944],[27.386880002000055,-30.32405999699995],[27.383899988000053,-30.319929997999964],[27.377289997000048,-30.32480999699993],[27.37735000300006,-30.327119995999965]]]}},{"type":"Feature","properties":{"shapeName":"Gauteng","shapeISO":"GT","shapeID":"76434192B69392740373411","shapeGroup":"ZAF","shapeType":"ADM1"},"geometry":{"type":"Polygon","coordinates":[[[28.24428,-26.88477999899993],[28.238789999000062,-26.881649996999954],[28.235389997000027,-26.88136000199995],[28.22829999700008,-26.89180999499996],[28.22731,-26.89723000099997],[28.22965000100004,-26.90627],[28.238539996000043,-26.913029995999977],[28.240259998000056,-26.916360002999966],[28.230829996000068,-26.922939998999937],[28.225859998000033,-26.92369],[28.21618999900005,-26.912150002999965],[28.20298,-26.91159999799993],[28.193159997000066,-26.896229996999978],[28.185849997000048,-26.89174],[28.184190001000047,-26.88871000299997],[28.185649993000027,-26.874050008999973],[28.17993000200005,-26.861820000999955],[28.178550003000055,-26.853159996999977],[28.171659999000042,-26.84584999699996],[28.160120002000042,-26.845409995999944],[28.156220002000055,-26.84701000299998],[28.15384,-26.85128999899996],[28.16781999600005,-26.86799],[28.171330002000047,-26.88371000099994],[28.16997,-26.888879995999957],[28.16776999700005,-26.890570002999937],[28.163819998000065,-26.890369998999972],[28.158080003000066,-26.884879997999974],[28.15388000100006,-26.884079998999937],[28.15012,-26.88464000199997],[28.14290999700006,-26.88983000099995],[28.132359998000027,-26.887690002999932],[28.125129999000023,-26.890920003999952],[28.119130003000066,-26.889280011999972],[28.11607000300006,-26.88327000099997],[28.115619996000078,-26.87641999799996],[28.116239996000047,-26.873520000999974],[28.12081000300003,-26.869390002999978],[28.121300003000044,-26.855790001999935],[28.114810006000027,-26.844379997999965],[28.08798000200005,-26.837850000999936],[28.076269996000065,-26.832320006999964],[28.070939999000075,-26.826360010999963],[28.06574000100005,-26.823509997999963],[28.065610009000068,-26.82089999699997],[28.051039999000068,-26.81414000199993],[28.049070003000054,-26.80316999799993],[28.04554999900006,-26.799950002999935],[28.03783,-26.79734000299993],[28.034959998000033,-26.79478999899993],[28.021560002000058,-26.79585],[28.014600002000066,-26.793599997999934],[28.015510006000056,-26.789619995999942],[28.02652000200004,-26.78444000299993],[28.02844,-26.78045000399993],[28.024549998000055,-26.77958999899994],[28.02010000100006,-26.77540000399995],[28.006879996000066,-26.768850001999965],[28.006760002000078,-26.763109997999948],[28.001689997000028,-26.74825999899997],[27.992999998000073,-26.734629995999967],[27.992040003000056,-26.727529997999966],[28.00035998900006,-26.70577999699998],[27.999559998000052,-26.69601999899993],[27.986879999000053,-26.682729997999957],[27.98274000200007,-26.680130003999977],[27.977539997000065,-26.67189000299993],[27.97287,-26.66917999599997],[27.969109999000068,-26.66879000299997],[27.963590003000036,-26.671169996999936],[27.95302,-26.67169999799995],[27.942540004000023,-26.674629988999982],[27.93875,-26.67974000199996],[27.93516,-26.692680009999947],[27.925599990000023,-26.70377],[27.91345,-26.70654000299993],[27.908030002000032,-26.70592000299996],[27.89316999700003,-26.71094999899998],[27.89179999600003,-26.71436999799994],[27.8955,-26.717810000999975],[27.894889999000043,-26.721229998999945],[27.892759999000077,-26.72586000299998],[27.88468000200004,-26.73433000199998],[27.88304000200003,-26.74396],[27.880020003000027,-26.74618999699993],[27.872169996000025,-26.74773999699994],[27.86625999900008,-26.746229997999933],[27.85786000400003,-26.74697999899996],[27.849450002000026,-26.745609997999964],[27.830559997000023,-26.751139998999975],[27.821620003000078,-26.749520003999976],[27.80977999600003,-26.75090000299997],[27.790210001000048,-26.74955999699995],[27.78243999600005,-26.75078999899995],[27.77045000100003,-26.758999995999943],[27.76815,-26.765210002999936],[27.76707000300007,-26.782940001999975],[27.77267,-26.794079998999962],[27.76980999600005,-26.799290009999936],[27.75972000200005,-26.796940002999975],[27.749540008000054,-26.787820000999943],[27.742000001000065,-26.770599997999966],[27.73253999700006,-26.762690001999943],[27.728250004000074,-26.76084999799997],[27.72486999800003,-26.760290003999955],[27.701689999000052,-26.763980000999936],[27.688179998000066,-26.76176000199996],[27.675260002000073,-26.77174],[27.666209996000077,-26.77356],[27.64307999600004,-26.76847999699993],[27.63880000100005,-26.77108999799998],[27.63277000100004,-26.77205],[27.629729998000073,-26.76971999699998],[27.62839,-26.766029998999954],[27.635780002000047,-26.75150999699997],[27.632299998000065,-26.74549000299993],[27.634649998000043,-26.738800002999938],[27.633409998000047,-26.733699995999928],[27.629519996000056,-26.73235],[27.61049,-26.73260000299996],[27.608710001000077,-26.73916000199995],[27.606350003000045,-26.741330002999973],[27.60087999900003,-26.74059],[27.596679997000024,-26.737300001999984],[27.590429997000058,-26.73836000299997],[27.58881000200006,-26.735700002999977],[27.58141000200004,-26.731000002999963],[27.589120002000072,-26.724090002999958],[27.60224000100004,-26.722850002999962],[27.602839997000046,-26.69243999699995],[27.574159999000074,-26.715839996999932],[27.574230002000036,-26.684080001999973],[27.570240002000048,-26.68365],[27.569090002000053,-26.647160003999943],[27.506530001000044,-26.64623000399996],[27.454829998000037,-26.630330001999937],[27.43466999800006,-26.631809998999984],[27.425759001000074,-26.649468],[27.378349998000033,-26.610679997999966],[27.38538999900004,-26.604270002999954],[27.365830002000052,-26.573830002999955],[27.338639999000065,-26.571729997999967],[27.338850001000026,-26.57811999599994],[27.3315,-26.59032000199994],[27.34422,-26.61313000399997],[27.29911099700007,-26.62211800199998],[27.29688000300007,-26.62028000099997],[27.293300009000063,-26.62229999599998],[27.286189997000065,-26.621409996999944],[27.28417999900006,-26.62219],[27.285490003000064,-26.624960003999945],[27.279659992000063,-26.62581000199998],[27.279340001000037,-26.62445],[27.278909999000064,-26.62647000299995],[27.276839997000025,-26.625919990999932],[27.276879997000037,-26.62900000199994],[27.27306999700005,-26.632179995999934],[27.271760002000065,-26.63039],[27.268260002000034,-26.63287],[27.267140004000055,-26.630560000999935],[27.265690002000042,-26.632489995999947],[27.26444000300006,-26.63167],[27.261679998000034,-26.633539998999936],[27.260489996000047,-26.631490000999975],[27.257379998000033,-26.63082000199995],[27.257530003000056,-26.632010002999948],[27.25369,-26.63247999799995],[27.251250001000074,-26.634700004999956],[27.249380002000066,-26.634060000999966],[27.24885000200004,-26.636050001999934],[27.247430002000044,-26.63437000099998],[27.241869998000027,-26.63646],[27.235020003000045,-26.61861999699994],[27.23321000100003,-26.59546000199998],[27.234519997000064,-26.59492000299997],[27.22835999700004,-26.571050000999946],[27.182637003000025,-26.574619995999967],[27.18256000200006,-26.563129998999955],[27.17455,-26.54921],[27.16710000100005,-26.551429998999936],[27.158760003000054,-26.52541999899995],[27.15634,-26.524309998999968],[27.178570002000072,-26.52098],[27.18824999900005,-26.525819998999964],[27.18283000100007,-26.520329997999966],[27.212470002000032,-26.514799995999965],[27.231421002000047,-26.50548099599996],[27.22378,-26.451769998999964],[27.22484999900007,-26.44397],[27.187952,-26.377862998999944],[27.234810001000028,-26.338269994999962],[27.274810003000027,-26.314250002999984],[27.299299990000065,-26.304479998999966],[27.330071,-26.28181499899995],[27.308389997000063,-26.22518000399998],[27.291409998000063,-26.144620003999933],[27.358259993000047,-26.15461],[27.36172,-26.115669998999977],[27.419440004000023,-26.117499995999935],[27.422359997000058,-26.089169998999978],[27.42522,-26.089389998999934],[27.43134999800003,-26.052259997999954],[27.435209997000072,-26.02695],[27.43399000100004,-26.022510000999944],[27.435689998000043,-26.022569998999927],[27.43885999400004,-26.014260002999947],[27.44981000100006,-26.01625000399997],[27.457009997000057,-25.981849997999973],[27.453566004000038,-25.92016],[27.463339998000038,-25.921470002999968],[27.457039999000074,-25.888290000999973],[27.470000004000042,-25.888100003999966],[27.461947001000055,-25.867606000999956],[27.484360003000063,-25.863520000999983],[27.49754,-25.85958999899998],[27.500190001000078,-25.86131999899993],[27.51327,-25.860330000999966],[27.532289998000067,-25.849960000999943],[27.53357999700006,-25.85214999799996],[27.542479998000033,-25.85258],[27.54739999800006,-25.851399997999977],[27.545979998000064,-25.84616],[27.55984999800006,-25.842839998999978],[27.574569997000026,-25.83599000399994],[27.598290002000056,-25.81957],[27.59929999600007,-25.812709998999935],[27.605550004000065,-25.808229998999934],[27.643549999000072,-25.79591999799993],[27.646600001000024,-25.814139995999938],[27.64176000200007,-25.811450001999958],[27.64110000100004,-25.812799997999946],[27.645480003000046,-25.819830000999957],[27.648850002000074,-25.835020002999954],[27.647139999000046,-25.840570000999946],[27.650450001000024,-25.84273000299993],[27.649669998000036,-25.84354000099995],[27.65463999700006,-25.845329996999965],[27.663920002000054,-25.83996999699997],[27.68493,-25.875400000999946],[27.70456000100006,-25.868300001999955],[27.730300001000046,-25.855209997999964],[27.7358,-25.855310003999932],[27.74270000300004,-25.85023999899994],[27.744549997000036,-25.894620002999943],[27.791029997000066,-25.87467999499995],[27.83147,-25.86017299799994],[27.843960001000028,-25.848900000999947],[27.85180000200006,-25.84641000199997],[27.848239997000064,-25.83929],[27.858739997000043,-25.81881999899997],[27.891680002000044,-25.822909996999954],[27.890080011000066,-25.82985],[27.88526999900006,-25.83537000299998],[27.88438,-25.838750008999966],[27.88349000100004,-25.845700002999934],[27.884739999000033,-25.851749997999946],[27.88260000100007,-25.86187000299998],[27.898200001000077,-25.859740003999946],[27.90054000200007,-25.84083000199996],[27.939530003000073,-25.83677999699995],[27.92582999700005,-25.824109995999947],[27.940129999000078,-25.819669997999938],[27.960169997000037,-25.815989996999974],[27.957199997000032,-25.800529988999983],[27.963650001000076,-25.799119994999955],[27.96224999800006,-25.791860001999964],[27.96319000400007,-25.78708999899993],[27.959580001000063,-25.786050002999957],[27.954570001000036,-25.786940001999938],[27.949330003000057,-25.75974999899995],[27.95268800100007,-25.75957200299996],[27.955800003000036,-25.75659000199994],[27.964570003000063,-25.757650001999934],[27.973149999000043,-25.756810001999952],[27.97947000100004,-25.751450000999967],[27.94819,-25.695210003999932],[27.957490009000026,-25.693689997999968],[27.953819999000075,-25.67294],[27.951860002000046,-25.671300000999963],[27.952290004000076,-25.65350999599997],[27.957249997000076,-25.647659988999976],[27.957080003000044,-25.643659989999946],[27.96516999800008,-25.64541499799998],[27.964859999000055,-25.634839989999932],[27.98056001200007,-25.632800006999958],[27.972160001000077,-25.597910000999946],[27.95763000100004,-25.59261999699993],[27.981460001000073,-25.542750000999945],[28.030650002000073,-25.558359998999947],[28.04951000500006,-25.55955999699995],[28.05240000200007,-25.5358],[28.02442200100006,-25.5307],[27.99243999500004,-25.51803],[28.00751000200006,-25.484089997999945],[28.01192999600005,-25.480459990999975],[28.03595000400003,-25.470589996999934],[27.991657,-25.42451700199996],[27.96972000100004,-25.43911],[27.96041000200006,-25.427310000999967],[27.958169998000074,-25.426349998999967],[27.945639996000068,-25.40670000299997],[27.970759997000073,-25.362949989999947],[28.00040999600003,-25.35942000299997],[28.04473000400003,-25.401739994999957],[28.055529997000065,-25.400050002999933],[28.08338000200007,-25.38485000399993],[28.10802,-25.367006998999955],[28.110729999000057,-25.378899996999962],[28.17666999900007,-25.365869998999983],[28.176750009000045,-25.32859],[28.20147999900007,-25.323710001999927],[28.22833,-25.35419000299993],[28.28264199800003,-25.342643996999982],[28.283400009000047,-25.33808],[28.28950499900003,-25.33829099899998],[28.289626996000038,-25.341151998999976],[28.298060004000035,-25.33933999599998],[28.298160001000042,-25.310370001999956],[28.37916099800003,-25.292055996999977],[28.38260000500003,-25.32115],[28.433700002000023,-25.32243],[28.439289994000035,-25.310179996999977],[28.503590001000077,-25.30883999899993],[28.50116,-25.26545],[28.513280004000023,-25.256149998999945],[28.564340001000062,-25.25215000099996],[28.56372999900003,-25.24935999199994],[28.594810004000067,-25.249429995999947],[28.602920004000055,-25.254209996999975],[28.604689997000037,-25.25353999699996],[28.604400001000045,-25.25208999599994],[28.63131999600006,-25.28024000199997],[28.63263,-25.27997000299996],[28.659309999000072,-25.234780000999933],[28.664340004000053,-25.25179000199995],[28.67122000200004,-25.247729998999944],[28.66913000200003,-25.241380000999982],[28.675539998000033,-25.234960000999934],[28.675629997000044,-25.22702000199996],[28.67994000400006,-25.220250000999954],[28.676810001000035,-25.21705000199995],[28.67863999800005,-25.21077],[28.65532999800007,-25.213529997999956],[28.638110002000076,-25.186579997999957],[28.638110002000076,-25.183889996999937],[28.615870002000065,-25.15162999699993],[28.651569996000035,-25.142899996999972],[28.66830999800004,-25.13852498999995],[28.710110005000047,-25.116060002999973],[28.74458899700005,-25.10961200099996],[28.75915999700004,-25.149719996999977],[28.757419998000046,-25.149859996999965],[28.776500002000034,-25.183720002999962],[28.77541,-25.18377000299995],[28.784560003000024,-25.22865999399994],[28.77909999600007,-25.230819994999933],[28.76384999000004,-25.221090000999936],[28.732429999000033,-25.26917],[28.739590001000067,-25.28853000099997],[28.732940003000067,-25.282699996999952],[28.69563000200003,-25.294460002999983],[28.679210006000062,-25.302999995999983],[28.641260002000024,-25.32763999699995],[28.63317999800006,-25.33148999599996],[28.62257999800005,-25.33364999899993],[28.638939997000023,-25.393980003999957],[28.619789998000044,-25.41138999599997],[28.62526000200006,-25.447629997999968],[28.629470002000062,-25.459369997999943],[28.62084999900003,-25.463219998999932],[28.6154,-25.467860000999963],[28.620989998000027,-25.470659998999963],[28.632059999000035,-25.488410001999966],[28.634,-25.51989],[28.625750002000075,-25.52304999599994],[28.62667000400006,-25.531149997999933],[28.635000004000062,-25.559159997999927],[28.64544999800006,-25.585779998999953],[28.647255004000044,-25.58563000199996],[28.642512003000036,-25.589865002999943],[28.674695001000032,-25.658849990999954],[28.672701937000056,-25.66503180899997],[28.683779997000045,-25.67538],[28.7088,-25.68282],[28.722059998000077,-25.64418000099994],[28.72387,-25.63177000099995],[28.73818,-25.633869997999966],[28.76631000200007,-25.64697999899994],[28.75900000100006,-25.678020002999972],[28.75284988900006,-25.69391058399998],[28.75742999700003,-25.69532999699993],[28.757220003000043,-25.705879996999954],[28.76494000200006,-25.703599992999955],[28.7653,-25.700639998999975],[28.76809,-25.70091999699997],[28.769259997000063,-25.698779998999953],[28.779319997000073,-25.701939995999965],[28.792730001000052,-25.70242999499993],[28.80823999900008,-25.68903],[28.81929999600004,-25.695090000999983],[28.846950004000064,-25.68242000099997],[28.822919997000042,-25.658920002999935],[28.810030004000055,-25.659119997999937],[28.811500004000038,-25.64303],[28.83601000300007,-25.63736999799994],[28.835459997000044,-25.64560999899993],[28.841569998000068,-25.65446000099996],[28.845699996000064,-25.65230999599993],[28.8693,-25.658119994999936],[28.871950002000062,-25.64162999699994],[28.86290000300005,-25.635549998999977],[28.858380004000026,-25.634809995999944],[28.84311,-25.56644000299997],[28.80854000100004,-25.573249996999948],[28.79705400100005,-25.54204499599996],[28.821859998000036,-25.52244000199994],[28.851780003000044,-25.50181],[28.869879999000034,-25.524750001999962],[28.87408000100004,-25.52706],[28.858223998000028,-25.56906499799993],[28.91009000400004,-25.52445999799994],[28.91516000100006,-25.558],[28.94654,-25.599799996999934],[29.007760003000044,-25.57416000099994],[28.986931,-25.540199],[28.98814999900003,-25.539529997999978],[28.99324,-25.542520001999947],[29.00671999900004,-25.537600002999966],[29.010579997000036,-25.53319999699994],[29.019020001000058,-25.527789997999946],[29.01372999700004,-25.513180002999945],[29.035959999000056,-25.521260000999973],[29.04221,-25.52098000199993],[29.04741999400005,-25.516950002999977],[29.048189999000044,-25.520219994999934],[29.05873999800008,-25.527230002999943],[29.07872999700004,-25.499590000999945],[29.07735999700003,-25.49622999899998],[29.080009998000037,-25.494630007999945],[29.091370003000065,-25.530589995999946],[29.098420003000058,-25.537730001999932],[29.086889996000025,-25.548619995999957],[29.06840999700006,-25.55228],[29.034289998000077,-25.56339000899993],[29.04199999700006,-25.57325999699998],[29.045619999000053,-25.58080000299998],[29.03999999800004,-25.61755],[29.06419998900003,-25.62065999799995],[29.06613999900003,-25.630480000999967],[29.05655000300004,-25.632600002999936],[29.064620001000037,-25.64241999899997],[28.96883,-25.67330999799998],[28.950672998000073,-25.72827300299997],[28.981310002000043,-25.74254000199994],[28.95758700500005,-25.774646],[28.938169999000024,-25.823284995999927],[28.943340001000024,-25.824369995999973],[28.950449,-25.83735299799997],[28.93817999600003,-25.888640000999942],[28.8868,-25.87142999599996],[28.88388999800003,-25.87835000299998],[28.888960002000033,-25.88032999799998],[28.879509996000024,-25.925240998999982],[28.88254000200004,-25.969780000999947],[28.883290002000024,-25.971410009999943],[28.885240002000046,-25.97137000099997],[28.885049996000077,-25.974399997999967],[28.86735,-26.00705],[28.864839998000036,-26.001269994999973],[28.832929998000054,-26.00480999699994],[28.793860004000067,-26.00457],[28.773859998000034,-26.01365999799998],[28.762410002000024,-25.98306000399998],[28.757880003000025,-25.983740008999973],[28.757540001000052,-25.99057999799993],[28.710840001000065,-25.990589995999983],[28.65266,-25.974250001999962],[28.632260004000045,-25.970779996999966],[28.590949997000052,-26.00247999299995],[28.586748999000065,-26.016024998999967],[28.578939997000077,-26.059590002999983],[28.538629996000054,-26.04781000199995],[28.53076999800004,-26.061569996999935],[28.515765,-26.05852499899993],[28.50305499700005,-26.063800002999983],[28.515820001000066,-26.08124999599994],[28.501190010000073,-26.089569990999962],[28.505180001000042,-26.099219998999956],[28.496949999000037,-26.10387000099996],[28.49050000400007,-26.126392000999942],[28.52133999600005,-26.14449001099996],[28.52715000300003,-26.178740003999962],[28.534290002000034,-26.172240000999977],[28.53053999900004,-26.225309994999975],[28.58197000200005,-26.23729],[28.622290003000046,-26.24837999799996],[28.62690000200007,-26.292439996999974],[28.672797011000057,-26.311687997999968],[28.672727997000038,-26.320913],[28.710120010000026,-26.34124000099996],[28.73936000300006,-26.32453000199996],[28.753619996000054,-26.320720001999973],[28.7789,-26.316929997999978],[28.805080002000068,-26.30659000199995],[28.817800001000023,-26.34572000099996],[28.838440003000073,-26.340750001999936],[28.85032999300006,-26.36704],[28.861289998000075,-26.398569995999935],[28.832150003000038,-26.40776000099993],[28.805499998000073,-26.422169998999948],[28.799060001000043,-26.421149998999965],[28.79999999900008,-26.424020000999974],[28.789930001000073,-26.426450002999957],[28.783810002000052,-26.438129997999965],[28.786489998000036,-26.449169996999956],[28.780300004000026,-26.450520000999973],[28.76592,-26.47144999799997],[28.763910003000035,-26.518009998999958],[28.68895,-26.513090000999966],[28.66179999800005,-26.505860001999963],[28.65344000300007,-26.508679996999945],[28.650219992000075,-26.50795],[28.649890004000042,-26.511090001999946],[28.641620001000035,-26.507569995999972],[28.631190004000075,-26.524640002999945],[28.638150003000078,-26.547309998999935],[28.584909999000047,-26.53856000199994],[28.586649997000052,-26.52003000299993],[28.58003,-26.51802999599994],[28.57715999800007,-26.526829998999972],[28.56899000100003,-26.525000001999956],[28.573780001000046,-26.51614000199993],[28.543669997000052,-26.507039996999936],[28.54058000200007,-26.50361999699993],[28.541820003000055,-26.500979993999977],[28.53750999700003,-26.50326999699996],[28.533190001000037,-26.500890002999938],[28.527659999000036,-26.502209995999976],[28.524215001000073,-26.528499993999958],[28.52601000100003,-26.562499998999954],[28.528480003000027,-26.564859997999974],[28.532979999000077,-26.57789999499994],[28.527839999000037,-26.59063999899996],[28.505440003000047,-26.58966000099997],[28.50891,-26.593839997999964],[28.50628000300003,-26.596480001999964],[28.50758999800007,-26.60384],[28.498750002000065,-26.60390999499998],[28.49110999800007,-26.610530007999955],[28.487739998000052,-26.60855999699993],[28.486009998000043,-26.60960999799994],[28.483070001000044,-26.61867000199993],[28.48160000300004,-26.617109996999943],[28.479809998000064,-26.617520001999935],[28.490280004000056,-26.63533000299998],[28.44310000100006,-26.639169996999954],[28.44382999800007,-26.65443000299996],[28.422019999000042,-26.654729995999958],[28.41498999600003,-26.656219998999973],[28.40009999700004,-26.655045],[28.38296000300005,-26.71753000299998],[28.393969999000035,-26.71675],[28.406850002000056,-26.761710001999973],[28.34819999900003,-26.77290998899997],[28.34911000200003,-26.777869996999982],[28.342590003000055,-26.77909000099993],[28.34345,-26.78546000299997],[28.339379999000073,-26.78559000299998],[28.319410004000076,-26.79266999699996],[28.32160999900003,-26.81172999699993],[28.31832999900007,-26.8118],[28.31929001000003,-26.81942],[28.322570002000077,-26.82022],[28.325010001000066,-26.84107000299997],[28.30955,-26.87942999699993],[28.283520004000025,-26.877069991999974],[28.284309997000037,-26.86438000299995],[28.263330001000043,-26.86646000299993],[28.261910001000047,-26.87524000299993],[28.243464999000025,-26.873693001999982],[28.248409998000056,-26.884060000999966],[28.24428,-26.88477999899993]]]}},{"type":"Feature","properties":{"shapeName":"KwaZulu-Natal","shapeISO":"KZ","shapeID":"76434192B26311534340602","shapeGroup":"ZAF","shapeType":"ADM1"},"geometry":{"type":"Polygon","coordinates":[[[30.193859794000048,-31.081260201999953],[30.19340997300003,-31.07622996999993],[30.18832996200007,-31.069069964999983],[30.175918973000023,-31.06554597199994],[30.16983997600005,-31.05983996899994],[30.163329971000053,-31.049829969999962],[30.163229973000057,-31.04560996999993],[30.167509971000072,-31.038939968999955],[30.170029962000058,-31.025379958999963],[30.163219969000068,-31.02507997099997],[30.15563997000004,-31.02244996899998],[30.149279972000045,-31.015639970999928],[30.14306997400007,-31.02256996999995],[30.140769961000046,-31.022849962999942],[30.139969973000063,-31.01409997199994],[30.13543997100004,-31.009000035999975],[30.136159974000066,-31.00737003499995],[30.144559970000046,-31.00539996699996],[30.146859970000037,-31.002559968999947],[30.145229973000028,-30.998360034999962],[30.140939974000048,-30.99668003499994],[30.14128997100005,-30.98731996799995],[30.15203997100008,-30.98534996899997],[30.156419971000048,-30.975899969999944],[30.155099982000024,-30.97286997499998],[30.14768997400006,-30.971269965999966],[30.14112998300004,-30.96638997799994],[30.134479974000044,-30.963789968999947],[30.134729976000074,-30.956220024999936],[30.139159969000048,-30.954429967999943],[30.141049972000076,-30.951009968999983],[30.137849973000073,-30.94064996999998],[30.141259973000047,-30.937549969999964],[30.144659971000067,-30.937439971999936],[30.14645997300005,-30.933889971999974],[30.146350037000047,-30.931069969999953],[30.142824974000064,-30.92697997099998],[30.146389964000036,-30.92236996099996],[30.139539975000048,-30.918079967999972],[30.136239963000037,-30.911459960999935],[30.132340037000063,-30.909139968999966],[30.120069983000064,-30.91010997999996],[30.12692997000005,-30.905799971999954],[30.113619972000038,-30.900489969999967],[30.121109973000046,-30.891029969999977],[30.11947997900006,-30.888019979999967],[30.115029968000044,-30.887689957999953],[30.109229972000037,-30.88449997099997],[30.098439970000072,-30.884759969999948],[30.091349970000067,-30.883019970999953],[30.080959972000073,-30.88496996999993],[30.075659983000037,-30.882239977999973],[30.074470038000072,-30.87841997099997],[30.07031997100006,-30.874699969999938],[30.070449972000063,-30.871349969999983],[30.073919971000066,-30.87076996899998],[30.08818998600003,-30.87445996699995],[30.093209966000074,-30.87804996999995],[30.092609973000037,-30.86866996899994],[30.095119974000056,-30.86491996899997],[30.094769969000026,-30.862289974999953],[30.087399969000046,-30.86407996899993],[30.082809973000053,-30.86368996799996],[30.08180997200003,-30.86589996999993],[30.07318997300007,-30.86580996799995],[30.07422997200007,-30.856429970999955],[30.07013003700007,-30.85157997099998],[30.066839969000057,-30.851740034999978],[30.062189970000077,-30.84805997099994],[30.05786997200005,-30.84852496999997],[30.053169970000056,-30.846849969999937],[30.04595997200005,-30.84795996799994],[30.03897997300004,-30.844559969999978],[30.036389971000062,-30.846599970999932],[30.025449975000072,-30.84878004099994],[30.02503997100007,-30.856609971999944],[30.022069972000054,-30.856789971999945],[30.019379971000035,-30.85300996799998],[30.02237003600004,-30.847449969999957],[30.02179996500007,-30.839219970999977],[30.01617997200003,-30.839579968999942],[30.00975997100005,-30.84324996999993],[30.006949973000076,-30.84222996999995],[30.011889970000027,-30.832109970999966],[30.01124003700005,-30.82835997099994],[30.007709971000054,-30.825749964999943],[30.003719971000066,-30.826069966999967],[30.001459973000067,-30.827949970999953],[30.00029997200005,-30.837549971999977],[29.99365002600007,-30.835994977999974],[29.98984997200006,-30.83796997099995],[29.983339971000078,-30.834959968999954],[29.97991004000005,-30.837439969999934],[29.974799962000077,-30.838079955999945],[29.97046998500008,-30.83434997599994],[29.964759970000046,-30.83234996999994],[29.959589983000058,-30.827379979999932],[29.958149969000033,-30.822959969999943],[29.959239972000034,-30.82148996999996],[29.963849972000048,-30.824809969999933],[29.96781997200003,-30.825059969999984],[29.97044997000006,-30.81903003499997],[29.96651997500004,-30.81707998299993],[29.967299970000056,-30.81080996999998],[29.97402997300003,-30.806619970999975],[29.972429987000055,-30.80225998399993],[29.968469981000055,-30.80370997999995],[29.968520021000074,-30.806399985999974],[29.96576998000006,-30.808229981999943],[29.95656998100003,-30.808019981999962],[29.94504002800005,-30.809939975999953],[29.93755998300003,-30.80937997999996],[29.932259971000065,-30.807159970999976],[29.933170036000035,-30.80082003499996],[29.94059997100004,-30.79212997099995],[29.955209972000034,-30.78974997199998],[29.954989969000053,-30.78692996999996],[29.950199972000064,-30.781059969999944],[29.95125997200006,-30.774429968999982],[29.949239981000062,-30.770819979999942],[29.934169970000028,-30.768389971999966],[29.922349963000045,-30.768670047999933],[29.92154994200007,-30.77079994099995],[29.926589942000078,-30.77497994099997],[29.929489942000032,-30.78067994099996],[29.929329942000038,-30.791979940999965],[29.92751994200006,-30.793979940999975],[29.925190067000074,-30.79362994099995],[29.921869942000058,-30.789619940999955],[29.908009942000035,-30.798219940999957],[29.906259942000077,-30.792000065999957],[29.909689942000057,-30.784569940999972],[29.90978994200003,-30.78070006599995],[29.915949942000054,-30.774459940999975],[29.91470994200006,-30.771029940999938],[29.911189942000078,-30.77011994099996],[29.904069942000035,-30.775359940999977],[29.89694006700006,-30.774240065999948],[29.886689942000032,-30.78469006599994],[29.886029979000057,-30.772550028999945],[29.888409973000023,-30.77044996899997],[29.89612495700004,-30.76901004299998],[29.896549969000034,-30.76603003499997],[29.892559965000032,-30.75888997499993],[29.886299973000064,-30.759149968999964],[29.88203997000005,-30.762139970999954],[29.87659997000003,-30.75815997099994],[29.87337996000008,-30.758699960999934],[29.871229972000037,-30.75478997199997],[29.863769971000067,-30.757459968999967],[29.859419970000033,-30.756529969999974],[29.851909970000065,-30.761690037999983],[29.847749973000077,-30.75836997199997],[29.851539973000058,-30.75241996899996],[29.851799968000023,-30.74875997099997],[29.847679980000066,-30.736489977999952],[29.84478997000008,-30.736779971999965],[29.842129972000066,-30.743889971999977],[29.83335997100005,-30.742559969999945],[29.829929969000034,-30.74390996099993],[29.829639971000063,-30.740779971999984],[29.833679973000073,-30.738079970999934],[29.831009969000036,-30.734889971999962],[29.824569978000056,-30.734549981999976],[29.82424003600005,-30.728339968999933],[29.82750997100004,-30.723139971999956],[29.82511996900007,-30.72057996899997],[29.81872997100004,-30.723564971999963],[29.814239973000042,-30.731519971999944],[29.807979975000023,-30.72963996699997],[29.804449972000043,-30.72314997199993],[29.804029971000034,-30.715129968999975],[29.80658997100005,-30.714439969999944],[29.814580027000034,-30.706669980999948],[29.815380037000068,-30.70158996799995],[29.812949985000046,-30.699449975999983],[29.808989965000023,-30.698509970999964],[29.804839972000025,-30.70033997099995],[29.805759971000043,-30.70353996999995],[29.800339971000028,-30.708880034999936],[29.796309979000057,-30.704399981999984],[29.785659982000027,-30.698759975999963],[29.785559962000036,-30.69622997299996],[29.780579971000066,-30.695399969999983],[29.77768997100003,-30.697409970999956],[29.778979966000065,-30.70122996999993],[29.786090048000062,-30.71004996199997],[29.772199971000077,-30.705359967999982],[29.771859970000037,-30.71210997099996],[29.76846997100006,-30.712799968999946],[29.77157997100005,-30.716199968999945],[29.77073997100007,-30.718529967999984],[29.759149973000035,-30.71920997099994],[29.756639981000035,-30.71776997799998],[29.75533996300004,-30.71062995699998],[29.752529971000058,-30.706970034999983],[29.749409971000034,-30.71259996999993],[29.75070997000006,-30.71639996899995],[29.749729973000058,-30.719459970999935],[29.74449997200003,-30.722769967999966],[29.74064997000005,-30.723360034999928],[29.73892997100006,-30.721549970999945],[29.741050028000075,-30.720029977999957],[29.740649977000032,-30.718689979999965],[29.73892997100006,-30.717649969999968],[29.73435997100006,-30.719609970999954],[29.729639984000073,-30.715859974999944],[29.735029970000028,-30.709059968999952],[29.733599973000025,-30.707420034999984],[29.720369970000036,-30.70834997099996],[29.715269971000055,-30.70427003499998],[29.70792995900007,-30.70478996099996],[29.704799971000057,-30.702959969999938],[29.700779961000023,-30.705339961999982],[29.696499973000073,-30.696730034999973],[29.694249979000062,-30.695769982999934],[29.69364996300004,-30.687449958999935],[29.691749972000025,-30.686209969999936],[29.687359968000067,-30.68827996999994],[29.68344998200007,-30.68539997599993],[29.683079973000076,-30.683549967999966],[29.686529972000073,-30.681949970999938],[29.686769962000028,-30.679519966999976],[29.676289965000024,-30.673679956999933],[29.67656997000006,-30.67147997099994],[29.673709969000072,-30.669219969999972],[29.671359970000026,-30.67004996999998],[29.67191997100008,-30.671399968999935],[29.66710497100007,-30.67625997199997],[29.657189970000047,-30.680610042999945],[29.651519979000057,-30.68584002199998],[29.649339964000035,-30.685409960999948],[29.648709970000027,-30.683750034999946],[29.637059969000063,-30.683849970999972],[29.63654003700003,-30.68585996799993],[29.63489003600006,-30.68394996899997],[29.620199971000034,-30.688464970999974],[29.617019971000047,-30.688869969999928],[29.61427997100003,-30.686680034999938],[29.613189972000043,-30.687899968999943],[29.610289971000043,-30.686989970999946],[29.599509973000067,-30.689519969999935],[29.595769973000074,-30.685849968999946],[29.59418997100005,-30.667439971999954],[29.58762997200006,-30.658980035999946],[29.580299968000077,-30.654029971999933],[29.571280006000052,-30.65765993499997],[29.57220004100003,-30.655149972999936],[29.571269960000052,-30.65584996299998],[29.52428997000004,-30.641160035999974],[29.51235997200007,-30.61821998299996],[29.46858997000004,-30.624159970999983],[29.442990036000026,-30.639039969999942],[29.401340040000036,-30.639439970999945],[29.38552997100004,-30.65011997099998],[29.372800038000037,-30.64896003499996],[29.34563997500004,-30.671729967999966],[29.322499979000042,-30.644479977999936],[29.319840036000073,-30.644989968999937],[29.303519970000025,-30.63935003499995],[29.277319960000057,-30.63727996199998],[29.26132997600007,-30.621159976999934],[29.22838997200006,-30.61972997099997],[29.220159972000033,-30.62074995399996],[29.217989971000065,-30.61849996999996],[29.21112997000006,-30.621469969999964],[29.204559971000037,-30.62017996999998],[29.195200036000074,-30.624539966999976],[29.19546997300006,-30.628309970999965],[29.19865997200003,-30.632000034999976],[29.19788003700006,-30.63438003799996],[29.191899969000076,-30.63481996699994],[29.182949972000074,-30.641349969999965],[29.18086997100005,-30.63960997199996],[29.177780037000048,-30.628729970999984],[29.180829969000058,-30.623589968999966],[29.185379970000042,-30.62129996899995],[29.185279971000057,-30.61853997099996],[29.180690038000023,-30.61891997099997],[29.172990037000034,-30.624269967999965],[29.168029973000046,-30.617649969999945],[29.16809998100007,-30.613079979999952],[29.13525000100003,-30.605139977999954],[29.146039939000048,-30.595239968999977],[29.123829958000044,-30.58707996299995],[29.115259999000045,-30.57962002399995],[29.151459973000044,-30.560369968999964],[29.16203997100007,-30.560079969999947],[29.162940036000066,-30.558210035999934],[29.17384003600006,-30.551749969999946],[29.16511997200007,-30.538039966999975],[29.163079972000048,-30.539629968999975],[29.16631995700004,-30.54136996099993],[29.16529997300006,-30.543549969999958],[29.16110996900005,-30.541779970999983],[29.159809970000026,-30.544729966999967],[29.15776997300003,-30.54506996899994],[29.15785996900007,-30.547639957999934],[29.161429971000075,-30.547029967999947],[29.15774997300008,-30.55382996999998],[29.15564997000007,-30.555429970999967],[29.152769955000053,-30.554609957999958],[29.15174997200006,-30.548589968999977],[29.153119970000034,-30.547039962999975],[29.147569972000042,-30.541179970999963],[29.145479972000032,-30.532690034999973],[29.14656995200005,-30.531609961999948],[29.144829972000025,-30.53098996899996],[29.14017001600007,-30.53382989199997],[29.150359971000057,-30.51038996699998],[29.177309972000046,-30.51572996899995],[29.18784997100005,-30.484249966999982],[29.19835997000007,-30.46233996899997],[29.196769982000035,-30.43439003499998],[29.218469973000026,-30.421189969999944],[29.22731995500004,-30.426300003999984],[29.22763003700004,-30.41034003599998],[29.23819996900005,-30.40494003499998],[29.28243995100007,-30.395730026999956],[29.277090061000024,-30.376249987999984],[29.305009976000065,-30.379859949999968],[29.298789959000032,-30.35320995999996],[29.291859980000027,-30.34563997999993],[29.29868996600004,-30.334319968999978],[29.301859965000062,-30.320119956999974],[29.26219997000004,-30.278399969999953],[29.23683997100005,-30.266889968999976],[29.23145997000006,-30.269059967999965],[29.254719970000053,-30.304829968999968],[29.233359970000038,-30.306309960999954],[29.22752997200007,-30.297449977999975],[29.188109973000053,-30.28873996799996],[29.17256998700003,-30.283439964999957],[29.175659962000054,-30.282810017999964],[29.174169953000046,-30.280799981999962],[29.167419968000047,-30.281629970999973],[29.155816036000033,-30.27752696899995],[29.15790997000005,-30.276999967999984],[29.15680997100003,-30.27556997099998],[29.15788997100003,-30.274369969999952],[29.161239970000054,-30.27590003499995],[29.163169973000038,-30.27382003499997],[29.161819971000057,-30.27229996899996],[29.159269961000064,-30.274249961999942],[29.160959972000057,-30.270660034999935],[29.15599997100003,-30.268499969999937],[29.157799972000078,-30.266799969999965],[29.162149973000055,-30.266309967999973],[29.162699971000052,-30.26360996799997],[29.157029971000043,-30.26325996999998],[29.15555997100006,-30.26189997199998],[29.15644997000004,-30.26482002599994],[29.15175996100004,-30.26466996099998],[29.15377997300004,-30.26105997199994],[29.151759971000047,-30.256689970999957],[29.141099972000063,-30.261669968999968],[29.137309971000036,-30.26236996399996],[29.135979965000047,-30.26123003899994],[29.135489966000023,-30.25623003499993],[29.131929971000034,-30.251599968999983],[29.132960037000032,-30.24967996999993],[29.128859973000033,-30.247759970999937],[29.129179961000034,-30.239639959999977],[29.12602004100006,-30.238669967999954],[29.12967997000004,-30.233669970999983],[29.130230037000047,-30.226629969999976],[29.128219970000032,-30.22419997199995],[29.122429972000077,-30.221950036999942],[29.124139967000076,-30.217869968999935],[29.131839972000023,-30.216589969999973],[29.13227997200005,-30.214939968999943],[29.12714003600007,-30.211239967999973],[29.12149996100004,-30.209889961999977],[29.12159997200007,-30.207299966999983],[29.119719971000052,-30.20594003499997],[29.112419974000034,-30.209589967999932],[29.110769970000035,-30.196869969999966],[29.114059972000064,-30.193869966999955],[29.120769971000072,-30.19430997099994],[29.122109970000054,-30.192019966999965],[29.117379973000027,-30.189800034999962],[29.113219960000038,-30.190359962999935],[29.109879970000065,-30.183829971999955],[29.10368997300003,-30.180540035999968],[29.102549972000077,-30.17709997099996],[29.10413997300003,-30.17531996599996],[29.106829984000058,-30.176200020999943],[29.106739971000025,-30.17210997099994],[29.110329971000056,-30.16829996799993],[29.113099970000064,-30.168239968999956],[29.113909970000066,-30.16209996999993],[29.117149969000025,-30.163319970999964],[29.120379971000034,-30.160389970999972],[29.11343996000005,-30.157629963999966],[29.11043997300004,-30.15376996899994],[29.113939973000072,-30.15176996799994],[29.11803997100003,-30.15282997099996],[29.120609970000032,-30.151199969999936],[29.12154997300007,-30.14350003499993],[29.11626003600003,-30.14208997199995],[29.11876997300004,-30.138569967999956],[29.116309969000042,-30.13642996799996],[29.115349971000057,-30.132759969999938],[29.117669971000055,-30.125889968999957],[29.115830036000034,-30.12472996699995],[29.119399970000075,-30.122249970999974],[29.11532997100005,-30.114439971999957],[29.120029970000076,-30.110629968999945],[29.118559970000035,-30.109380038999973],[29.114819973000067,-30.110599968999963],[29.115159970000036,-30.107799970999963],[29.112300040000036,-30.10557996999995],[29.114539970000067,-30.102339970999935],[29.117409964000046,-30.10541995799997],[29.119629970000062,-30.105419968999968],[29.11864997200007,-30.102889968999932],[29.121189964000052,-30.09877995599993],[29.117240037000045,-30.10018996799994],[29.113710036000043,-30.09626997099997],[29.111918986000035,-30.09718697099993],[29.10733996400006,-30.078489957999977],[29.09013003000007,-30.05669998099995],[29.067829965000044,-30.04403995499996],[29.044949978000034,-30.01296998199996],[29.01473997200003,-30.00179996999998],[29.02022994200007,-29.996740064999983],[29.024319942000034,-29.99923993999994],[29.029959942000062,-29.997209939999948],[29.03343994200003,-29.992260064999982],[29.032249942000078,-29.98763993999995],[29.03394994200005,-29.98602993999998],[29.038730067000074,-29.984139939999977],[29.04176994200003,-29.985010064999983],[29.044599942000048,-29.982150064999928],[29.05092994200004,-29.982189939999955],[29.067089942000052,-29.972359939999933],[29.083809942000073,-29.953069939999978],[29.103719942000055,-29.96697993999993],[29.10405994200005,-29.959109939999962],[29.102469942000027,-29.957099939999978],[29.104469942000037,-29.954759939999974],[29.10644994200004,-29.944320064999943],[29.10907994200005,-29.942290064999952],[29.10898994200005,-29.936969939999983],[29.111359942000036,-29.935679939999943],[29.11495994200004,-29.93691993999994],[29.118630067000026,-29.933099939999977],[29.122189942000034,-29.933039939999958],[29.125599942000065,-29.930169939999928],[29.13757994200006,-29.92931006499998],[29.14856994200005,-29.924979939999957],[29.155410067000048,-29.92582993999997],[29.158019942000067,-29.921919939999952],[29.16211994200006,-29.921359939999945],[29.169589942000073,-29.916069939999943],[29.168369942000027,-29.912029939999968],[29.158219942000073,-29.905969939999977],[29.16157994200006,-29.90307006499995],[29.160929942000053,-29.89551993999993],[29.163589942000044,-29.892759939999962],[29.16211994200006,-29.88778006499996],[29.162879942000075,-29.883819939999967],[29.160469942000077,-29.88275993999997],[29.154340067000078,-29.88498006499998],[29.148879942000065,-29.883929939999973],[29.14587994200008,-29.878879939999933],[29.141409942000053,-29.877140064999935],[29.14119994200007,-29.87501006499997],[29.14539994200004,-29.86824993999994],[29.13933994200005,-29.864340064999965],[29.138769942000067,-29.861030064999966],[29.13178994200007,-29.85985993999998],[29.115889942000024,-29.85352993999993],[29.11193994200005,-29.854190064999955],[29.108309942000062,-29.851439939999977],[29.10264006700004,-29.850139939999963],[29.101149942000063,-29.84687993999995],[29.102969942000072,-29.845049939999967],[29.110109942000065,-29.84409993999998],[29.113679942000033,-29.841429939999955],[29.11829994200008,-29.83338006499997],[29.128809942000032,-29.83161993999994],[29.13157994200003,-29.825899939999942],[29.12945006700005,-29.818899939999937],[29.13250994200007,-29.81482993999998],[29.12715994200005,-29.81227993999994],[29.123659942000074,-29.80732993999993],[29.124939942000026,-29.795189939999943],[29.129359942000065,-29.78927993999997],[29.12945006700005,-29.77657006499993],[29.131089942000074,-29.773219939999933],[29.123589942000024,-29.76739993999996],[29.12850994200005,-29.76431993999995],[29.13479994200003,-29.765049939999983],[29.133830067000076,-29.761179939999977],[29.139959942000075,-29.759090064999953],[29.140709942000058,-29.750329939999972],[29.137949942000034,-29.74846993999995],[29.135820067000054,-29.743919939999955],[29.13596994200003,-29.739110064999977],[29.146039942000073,-29.740989939999963],[29.14652994200003,-29.738450064999938],[29.14984994200006,-29.736929939999982],[29.148909942000046,-29.734669939999947],[29.15157994200007,-29.733629939999958],[29.145239942000046,-29.71640993999995],[29.14644994200006,-29.71354006499996],[29.149539942000047,-29.71222993999993],[29.150669942000036,-29.708509939999942],[29.160699942000065,-29.70679006499995],[29.159089942000037,-29.70164993999998],[29.162229942000067,-29.69734993999998],[29.162729942000055,-29.692360064999946],[29.16154994200008,-29.691059939999946],[29.16356006700005,-29.688709939999967],[29.159719942000038,-29.682559939999976],[29.162890067000035,-29.67686993999996],[29.17181994200007,-29.678930064999975],[29.178519942000037,-29.67591993999997],[29.18276994200005,-29.668090064999944],[29.18793994200007,-29.671489939999958],[29.191079942000044,-29.67071993999997],[29.200149942000053,-29.659859939999933],[29.20855994200008,-29.659769939999933],[29.211369942000033,-29.655119939999963],[29.214389942000025,-29.654979939999976],[29.21798994200003,-29.647429939999938],[29.221930067000073,-29.64797993999997],[29.22697994200007,-29.645089939999934],[29.229579942000044,-29.646510064999973],[29.230309942000076,-29.64292993999993],[29.234969942000077,-29.639659939999945],[29.240249942000048,-29.642460064999966],[29.255229942000028,-29.64211006499994],[29.264649942000062,-29.63898993999993],[29.269019942000057,-29.64289993999995],[29.27732994200005,-29.644770064999932],[29.282299942000066,-29.642709939999975],[29.287129942000035,-29.62766006499993],[29.282679942000073,-29.62143993999996],[29.29241006700005,-29.616340064999974],[29.291069942000036,-29.613230064999982],[29.29313994200004,-29.608819939999933],[29.292529942000044,-29.600820064999937],[29.285630067000056,-29.59000993999996],[29.28516994200004,-29.584479939999937],[29.29752994200004,-29.58538993999997],[29.304939942000033,-29.583159939999973],[29.30964994200008,-29.58454993999993],[29.31633994200007,-29.583139939999967],[29.31973994200007,-29.581399939999983],[29.325129942000046,-29.56980006499998],[29.32406994200005,-29.56699993999996],[29.321239942000034,-29.566059939999946],[29.320519942000033,-29.563129939999953],[29.316489942000032,-29.562499939999952],[29.314790067000047,-29.558479939999984],[29.305639942000028,-29.554249939999977],[29.306929942000068,-29.54941993999995],[29.31266994200007,-29.545799939999938],[29.313009942000065,-29.536910064999972],[29.307059942000024,-29.53365993999995],[29.303129942000055,-29.526179939999963],[29.297219942000027,-29.522339939999938],[29.29323994200007,-29.51721993999996],[29.299659942000062,-29.519199939999964],[29.30513006700005,-29.517050064999978],[29.306900067000072,-29.510309939999956],[29.305029942000033,-29.50980993999997],[29.304139942000063,-29.503420064999943],[29.294769942000073,-29.493709939999974],[29.29331994200004,-29.490050064999934],[29.296580067000036,-29.48655006499996],[29.30048994200007,-29.486339939999937],[29.30713994200005,-29.482860064999954],[29.30985994200006,-29.486249939999936],[29.315999942000076,-29.48804993999994],[29.323779942000044,-29.486850064999942],[29.319659942000044,-29.477910064999946],[29.321149942000034,-29.475679939999964],[29.32578994200003,-29.474180064999928],[29.32778006700005,-29.470699939999975],[29.339429942000038,-29.472170064999943],[29.34036999500006,-29.46842989499993],[29.34589992100007,-29.465209949999974],[29.363119942000026,-29.47016006499996],[29.364369942000053,-29.466609939999955],[29.36790994200004,-29.46386006499995],[29.373089942000036,-29.46319993999998],[29.37710994200006,-29.454839939999943],[29.38020994200008,-29.454140064999933],[29.38330994200004,-29.45631006499997],[29.38756991200006,-29.455690064999942],[29.38853994200008,-29.45181993999995],[29.393589942000062,-29.45124993999997],[29.397350067000048,-29.44715006499996],[29.400429942000073,-29.447029939999936],[29.399949942000035,-29.445109939999952],[29.403370067000026,-29.444469939999976],[29.399619942000072,-29.435769939999943],[29.401899942000057,-29.433869939999965],[29.402259942000057,-29.429699939999978],[29.406639942000027,-29.42065993999995],[29.410479942000052,-29.417140064999955],[29.419969942000023,-29.416609939999944],[29.42261994200004,-29.41409993999997],[29.418530067000063,-29.40626993999996],[29.41951994200008,-29.39675993999998],[29.435859942000036,-29.39614006499994],[29.437269942000057,-29.394450064999944],[29.436399942000037,-29.386079939999945],[29.44703006700007,-29.376259939999954],[29.446140067000044,-29.372469939999974],[29.448329942000044,-29.371300064999957],[29.448939942000038,-29.36838993999993],[29.44458994200005,-29.364859939999974],[29.44163994200005,-29.357819939999956],[29.443349942000054,-29.351380064999944],[29.441389942000058,-29.345959939999943],[29.455609942000024,-29.341199939999967],[29.455709942000055,-29.336259939999934],[29.45225994200007,-29.32926993999996],[29.45169994200006,-29.32096993999994],[29.44858994200007,-29.320799939999972],[29.447109942000054,-29.316259939999952],[29.44163994200005,-29.314539939999975],[29.44252994200008,-29.311879939999983],[29.438339942000027,-29.309339939999973],[29.439829942000074,-29.30774993999995],[29.43930994200008,-29.303679939999938],[29.44270994200008,-29.301119939999978],[29.443239942000048,-29.298679939999943],[29.44022994200003,-29.294089939999935],[29.439670067000066,-29.28900993999997],[29.43652994200005,-29.286020064999946],[29.43518994200008,-29.279699939999944],[29.43956994200005,-29.27977993999997],[29.44013994200003,-29.26980006499997],[29.434779942000034,-29.263119939999967],[29.426639942000065,-29.26028993999995],[29.420899942000062,-29.26013993999993],[29.41846994200006,-29.25807993999996],[29.41868994200007,-29.25210993999997],[29.422759942000027,-29.25250993999998],[29.426049942000077,-29.249790064999956],[29.421689942000057,-29.238399939999965],[29.41822994200004,-29.236899939999944],[29.415289942000072,-29.23180993999995],[29.406899942000052,-29.228770064999935],[29.408929942000043,-29.22192006499995],[29.41363994200003,-29.221209939999937],[29.40834994200003,-29.212290064999934],[29.400879942000074,-29.208069939999973],[29.38799994200008,-29.204770064999934],[29.38109994200005,-29.201419939999937],[29.368109942000046,-29.20518993999997],[29.36279006700005,-29.205089939999937],[29.35704994200006,-29.20202993999993],[29.354769942000075,-29.194859939999958],[29.344579942000053,-29.187489939999978],[29.343979942000033,-29.17769006499998],[29.347209942000063,-29.17378993999995],[29.346729942000024,-29.164960064999946],[29.348669942000072,-29.162699939999982],[29.34390006700005,-29.15348993999993],[29.348750067000026,-29.148489939999934],[29.353069942000047,-29.147590064999974],[29.351309942000057,-29.142280064999966],[29.353560067000046,-29.13754993999993],[29.357059942000035,-29.13519006499996],[29.354759942000044,-29.131059939999943],[29.35636994200007,-29.128159939999932],[29.348939942000072,-29.120829939999965],[29.349449942000035,-29.118699939999942],[29.338759942000024,-29.109579939999946],[29.338009942000042,-29.106889939999974],[29.32946006700007,-29.101619939999978],[29.32614006700004,-29.101269939999952],[29.325539942000034,-29.097169939999958],[29.314629942000067,-29.08556006499998],[29.31247994200004,-29.07932993999998],[29.307819942000037,-29.076629939999975],[29.279459942000074,-29.075609939999936],[29.274629942000047,-29.07967993999995],[29.269289942000057,-29.081159939999964],[29.26319994200003,-29.085609939999983],[29.261139942000057,-29.089469939999958],[29.258789942000078,-29.090610064999964],[29.25482994200007,-29.08950006499998],[29.25263994200003,-29.082239939999965],[29.241289942000037,-29.076040064999972],[29.239759942000035,-29.07302006499998],[29.227859942000066,-29.063090064999983],[29.229589942000075,-29.05681006499998],[29.225649942000075,-29.04935993999993],[29.215259942000046,-29.04851993999995],[29.21189994200006,-29.046089939999945],[29.21356994200005,-29.040699939999968],[29.211109942000064,-29.03715993999998],[29.215029942000058,-29.034820064999963],[29.217309942000043,-29.031139939999946],[29.215279942000052,-29.026059939999982],[29.208779942000035,-29.02237993999995],[29.201949942000056,-29.01543006399993],[29.185639942000023,-29.01326993899994],[29.178249942000036,-29.003270063999935],[29.16685994200003,-29.001990063999983],[29.15918994200007,-29.003070063999928],[29.154569942000023,-28.997499938999965],[29.15274994200007,-28.990189938999947],[29.14921994200006,-28.989660063999963],[29.151659942000038,-28.98778993899998],[29.14336994200005,-28.984740063999936],[29.14083994200007,-28.98171993899996],[29.137839942000028,-28.981359938999958],[29.137559942000053,-28.983739938999975],[29.13363994200006,-28.985089938999977],[29.124469942000076,-28.98028993899993],[29.12330994200005,-28.970419938999953],[29.126259942000047,-28.96822006399998],[29.128609942000026,-28.969639938999933],[29.13050006700007,-28.96903993899997],[29.12671994200008,-28.963929938999968],[29.11124994200003,-28.95321993899995],[29.108319942000037,-28.949299938999957],[29.101239942000063,-28.948140063999972],[29.099419942000054,-28.942229938999958],[29.09349994200005,-28.938619938999977],[29.093329942000025,-28.936709938999968],[29.089219942000057,-28.937520063999955],[29.08561006700006,-28.93584993899998],[29.078900067000063,-28.939349938999953],[29.073920067000074,-28.937650063999968],[29.073549942000056,-28.93509993899994],[29.077209942000025,-28.928470063999953],[29.07238994200003,-28.92265993899997],[29.077789942000038,-28.91805993899993],[29.071149942000034,-28.918509938999932],[29.063779942000053,-28.91571006399994],[29.059849942000028,-28.916240063999965],[29.057929942000044,-28.91846006399993],[29.048829942000054,-28.91414993899997],[29.041279942000074,-28.91506006399993],[29.03812994200007,-28.91124006399997],[29.03896994200005,-28.907869938999966],[29.037779942000043,-28.905459938999968],[29.029039942000054,-28.898219938999944],[29.029070067000077,-28.887979938999933],[29.018979942000044,-28.881909938999968],[29.012279942000077,-28.883460063999962],[29.010989942000037,-28.884420063999983],[29.012119942000027,-28.88533006399996],[29.010099942000068,-28.885949938999943],[29.011419942000032,-28.88728006399998],[29.009999942000036,-28.89038006399994],[29.013369942000054,-28.894429938999963],[29.012049942000033,-28.89734993899998],[29.005469942000047,-28.89761993899998],[29.003529942000057,-28.90252006399993],[28.99422994200006,-28.90516993899996],[28.99084994100008,-28.91426006399996],[28.986549941000078,-28.915749938999966],[28.980199941000024,-28.914669938999964],[28.972709941000062,-28.906930063999937],[28.974989941000047,-28.90393006399995],[28.97424994100004,-28.891199938999932],[28.963930066000046,-28.88704006399996],[28.962740066000038,-28.884459938999953],[28.964250066000034,-28.88212993899998],[28.961259941000037,-28.88107993899996],[28.957199941000056,-28.87676006399994],[28.96288994100007,-28.871239938999963],[28.960929941000074,-28.87005993899993],[28.96201994100005,-28.868759938999972],[28.958009941000057,-28.869569938999973],[28.95350994100005,-28.867819938999958],[28.948489941000048,-28.868939938999972],[28.939799941000047,-28.862409938999974],[28.939459941000052,-28.859669938999957],[28.944459941000048,-28.856699938999952],[28.943209941000077,-28.855059938999943],[28.94649994100007,-28.853860063999946],[28.95209994100003,-28.855140063999954],[28.953039941000043,-28.85340993899996],[28.95097994100007,-28.84919993899996],[28.946249941000076,-28.84624993899996],[28.944610066000052,-28.843029938999962],[28.94774994100004,-28.84086006399997],[28.945670066000048,-28.83388993899996],[28.94825994100006,-28.828609938999932],[28.944989941000074,-28.82717993899996],[28.94589994100005,-28.82514993899997],[28.93771994100007,-28.823639938999975],[28.93960994100007,-28.81836993899998],[28.93511994100004,-28.820360063999942],[28.931019941000045,-28.820319938999944],[28.92422994100008,-28.81711993899995],[28.921969941000043,-28.81278993899997],[28.929679941000074,-28.80967006399993],[28.934820066000043,-28.809429938999983],[28.93422994100007,-28.806769938999935],[28.936219941000047,-28.80481993899997],[28.940399941000067,-28.806619938999972],[28.949019941000074,-28.80431993899998],[28.947810066000045,-28.798049938999952],[28.932179941000072,-28.791920063999953],[28.93589006600007,-28.791759938999974],[28.938980066000056,-28.785350063999942],[28.942119941000044,-28.787549938999973],[28.945249941000043,-28.78723993899996],[28.943810066000026,-28.782659938999927],[28.932069941000066,-28.77491993899997],[28.92102994100003,-28.770680063999976],[28.915399941000032,-28.76997993899994],[28.915389941000058,-28.764329938999936],[28.912419941000053,-28.760599938999974],[28.90783006600003,-28.76046993899996],[28.906380066000054,-28.759040063999976],[28.893649941000035,-28.76618006399997],[28.888259941000058,-28.774970063999945],[28.88049994100004,-28.774589938999952],[28.873799941000073,-28.772460063999972],[28.873626972000068,-28.77071189999998],[28.883009971000035,-28.748659964999945],[28.891339969000057,-28.74648996999997],[28.892110036000076,-28.74489996799997],[28.899989971000025,-28.703230033999944],[28.896229979000054,-28.69473998199993],[28.897199972000067,-28.690870033999943],[28.89906004100004,-28.68734997599995],[28.90340003600005,-28.687150032999966],[28.90888996900003,-28.681419967999943],[28.914809972000057,-28.671759968999936],[28.921999971000048,-28.663689962999968],[28.926040038000053,-28.663809957999945],[28.928369969000073,-28.660070041999973],[28.934640026000068,-28.656949965999956],[28.935700035000025,-28.653830033999952],[28.942769955000074,-28.650900028999956],[28.944649970000057,-28.638710033999928],[28.94089003600004,-28.63138996799995],[28.944300044000045,-28.62259996499995],[28.946639969000046,-28.620839968999974],[28.948570045000054,-28.613289966999957],[28.955939958000044,-28.60752004099993],[28.96595994300003,-28.605310026999973],[28.961279972000057,-28.597169968999935],[28.973990977000028,-28.574560038999948],[29.096319970000025,-28.54509003399994],[29.134999968000045,-28.566299966999964],[29.161519973000054,-28.54211996899994],[29.170979960000068,-28.53003005299996],[29.178709968000078,-28.54270994999996],[29.196409974000062,-28.545040024999935],[29.21624995700006,-28.519049953999968],[29.19149997900007,-28.493779977999964],[29.229011960000037,-28.45628596599994],[29.248749971000052,-28.42489996699993],[29.261509972000056,-28.43370003299998],[29.26853997300003,-28.43184996699995],[29.29009997000003,-28.437890033999963],[29.322629969000047,-28.423959968999952],[29.320109973000058,-28.40678996899993],[29.338759973000037,-28.39878996899995],[29.357450980000067,-28.387969022999982],[29.373410028000023,-28.37189997699994],[29.414309968000055,-28.375910015999978],[29.42770004700003,-28.339309966999963],[29.438059960000032,-28.332140034999952],[29.437579973000027,-28.32112996899997],[29.458749970000042,-28.310429968999983],[29.479259970000044,-28.290729969999973],[29.482929971000033,-28.27219996699995],[29.50992004400007,-28.26543993699994],[29.550589975000037,-28.247199981999984],[29.55867997300004,-28.258340033999957],[29.619765027000028,-28.241219959999967],[29.624419958000033,-28.22494996699993],[29.60955998700007,-28.215029969999932],[29.62633996900007,-28.18573996999993],[29.66284995700005,-28.177250025999967],[29.663289934000034,-28.14202004499998],[29.654130037000073,-28.138329967999937],[29.660619971000074,-28.126059965999957],[29.652589972000044,-28.098809965999976],[29.655479977000027,-28.090020025999934],[29.63181998300007,-28.069019975999936],[29.616861983000035,-28.04683801599998],[29.63938997200006,-28.015569967999966],[29.635879971000065,-27.994529968999927],[29.65083996900006,-27.966709967999975],[29.66355997000005,-27.957309967999947],[29.666779973000075,-27.958379967999974],[29.673729972000046,-27.95761996999994],[29.676849959000037,-27.959510042999966],[29.67974997300007,-27.957429969999964],[29.67323997300008,-27.94316003299997],[29.664630024000076,-27.94182002599996],[29.65764997800005,-27.937400023999942],[29.663219966000042,-27.93000004399994],[29.657774983000024,-27.924469977999934],[29.65379997200006,-27.92328003199998],[29.656719973000065,-27.91893996799996],[29.66406997200005,-27.921269963999976],[29.67170997000005,-27.91698996599996],[29.677989964000062,-27.908770043999937],[29.681979971000032,-27.906809967999948],[29.690349971000046,-27.895729966999966],[29.686919970000076,-27.89067997199993],[29.682719983000027,-27.888009970999974],[29.68298997200003,-27.883579967999935],[29.68584996900006,-27.88311996899995],[29.68724003600005,-27.877990032999946],[29.685030039000026,-27.867530031999934],[29.68960995900005,-27.864389957999947],[29.68709999600003,-27.858520047999946],[29.69896998100006,-27.85977002599998],[29.702799964000064,-27.856559955999955],[29.696899965000057,-27.843749955999954],[29.693149978000065,-27.83931997899998],[29.693829968000045,-27.832309966999958],[29.696329972000058,-27.829149967999967],[29.697029979000035,-27.82448003899998],[29.70225003300004,-27.822159961999944],[29.703839969000057,-27.81893996599996],[29.709499969000035,-27.815739966999956],[29.71339997800004,-27.818130019999955],[29.715989973000035,-27.814669967999976],[29.72170998300004,-27.811759974999973],[29.722929958000066,-27.81280995999998],[29.729259971000033,-27.811979966999957],[29.731259970000053,-27.80807996599998],[29.72830103600006,-27.80103596799995],[29.72399997800005,-27.796779973999946],[29.710849991000032,-27.795619958999964],[29.711520046000032,-27.79265996099997],[29.717479962000027,-27.787549954999974],[29.712689973000067,-27.780499976999977],[29.709009971000057,-27.779910033999954],[29.70779997300008,-27.775239967999937],[29.710819961000027,-27.771649964999938],[29.70349997200003,-27.76671003399997],[29.70303996900003,-27.761449967999965],[29.70834995900003,-27.757150038999953],[29.70469997200007,-27.74685003299993],[29.709099972000047,-27.73894003199996],[29.710339972000043,-27.730199968999955],[29.708599970000023,-27.726180031999945],[29.709969972000067,-27.72224996799997],[29.712319963000027,-27.720869955999945],[29.70863997300006,-27.716510031999974],[29.708990037000035,-27.69849996599993],[29.699659973000053,-27.69797996799997],[29.693869964000044,-27.69525995799995],[29.685359977000076,-27.686239979999982],[29.685409960000072,-27.681379960999948],[29.683769978000043,-27.67961997599997],[29.677899961000037,-27.677089958999943],[29.67011997900005,-27.67012997699993],[29.669809971000063,-27.667189967999946],[29.67426997000007,-27.660049967999953],[29.671169982000038,-27.650540021999973],[29.67799997000003,-27.63887996899996],[29.68436997300006,-27.637669967999955],[29.69785997100007,-27.640839966999977],[29.708429946000024,-27.634430039999984],[29.707219989000066,-27.633550026999956],[29.712079971000037,-27.630590032999976],[29.71477997200003,-27.631860032999953],[29.718279970000026,-27.62949996699996],[29.720629965000057,-27.626839951999955],[29.719639980000068,-27.625709978999964],[29.722869974000048,-27.618830041999956],[29.72809997300004,-27.616719967999984],[29.731230021000044,-27.617669941999964],[29.73149997300004,-27.613030032999973],[29.73480997000007,-27.607099967999943],[29.740169981000065,-27.605589977999955],[29.74890997700004,-27.613690016999954],[29.75220997300005,-27.60508996599998],[29.75694997100004,-27.604009966999968],[29.75894997200004,-27.60153996599996],[29.77073997100007,-27.595570033999934],[29.774009973000034,-27.59505003199996],[29.78077997200006,-27.59935996699994],[29.78512995400007,-27.59674003999993],[29.779559971000026,-27.587300031999973],[29.780759972000055,-27.57910003199993],[29.78378996300006,-27.573540040999944],[29.780420037000056,-27.559529967999936],[29.77211996500006,-27.553430034999963],[29.77112997200004,-27.54645003199994],[29.766009978000056,-27.541279969999948],[29.765519961000052,-27.53665995999995],[29.758509978000063,-27.529489974999933],[29.75835997200005,-27.52711003299993],[29.744849973000044,-27.525470032999976],[29.743419973000073,-27.523099977999948],[29.73599997100007,-27.51956996699994],[29.724559973000055,-27.52425996599993],[29.71236503700004,-27.518439968999928],[29.70924997000003,-27.513579965999952],[29.710879970000065,-27.510109967999938],[29.710519979000026,-27.49866002699997],[29.72161997300003,-27.488349966999976],[29.72504997200008,-27.48936996799995],[29.731929931000025,-27.48792995799994],[29.71432997200003,-27.480400032999967],[29.70316998100003,-27.471999970999946],[29.70837003400004,-27.46176998599998],[29.71692003800007,-27.464900032999935],[29.735180025000034,-27.450749972999972],[29.75867998600006,-27.442570014999944],[29.75940998200008,-27.44442001699997],[29.773439986000028,-27.45380998099995],[29.790909990000046,-27.45922001499997],[29.796239988000025,-27.45769998199995],[29.79912998800006,-27.45121998299993],[29.805809991000046,-27.45036001099993],[29.811440032000064,-27.44607002999993],[29.811349992000032,-27.435650015999954],[29.81369998300005,-27.433940020999955],[29.81451998600005,-27.430579980999937],[29.822649988000023,-27.427299981999965],[29.821659985000053,-27.411529980999944],[29.824869989000035,-27.406999981999945],[29.833749987000033,-27.403779979999968],[29.835979989000066,-27.396880016999944],[29.83489998500005,-27.390320016999965],[29.840189999000074,-27.37898998099996],[29.846339986000032,-27.37871998299994],[29.866209988000037,-27.38414998299993],[29.88507998800003,-27.37658001699998],[29.88644998700005,-27.381749986999978],[29.890149991000044,-27.38551997999997],[29.898820026000067,-27.385810014999947],[29.909429980000027,-27.373800020999965],[29.917219986000077,-27.354409982999982],[29.955499987000053,-27.364859982999974],[29.97846998700004,-27.37299001699995],[29.99506998700008,-27.388370014999964],[30.016241986000068,-27.39758901999994],[30.024469985000053,-27.394499981999957],[30.030599989000052,-27.386699981999982],[30.039579984000056,-27.38926001799996],[30.046359989000052,-27.38677001399998],[30.052229987000032,-27.379659981999964],[30.068289979000042,-27.36587001999993],[30.079029983000055,-27.37015998299995],[30.086819985000034,-27.368499981999946],[30.111609989000044,-27.386529982999946],[30.14341502600007,-27.413394024999945],[30.15271997900004,-27.404280021999966],[30.154099986000062,-27.39696997799996],[30.15023998600003,-27.392249985999968],[30.160709988000065,-27.387149981999983],[30.165839990000052,-27.38749998299994],[30.17814998500006,-27.378260017999935],[30.190069980000033,-27.368870019999974],[30.19807998400006,-27.355180022999946],[30.22863998500003,-27.365349986999945],[30.234669988000064,-27.380739967999943],[30.24658998800004,-27.373859983999978],[30.279930016000037,-27.368589975999953],[30.280449985000075,-27.350319982999963],[30.27872998500004,-27.33263001499995],[30.281629988000077,-27.328209982999965],[30.28248998600003,-27.314439981999953],[30.30221998500008,-27.31739498199994],[30.317529984000032,-27.301980020999963],[30.328374980000035,-27.299639980999928],[30.36670999000006,-27.31168998199996],[30.368379985000047,-27.287279980999983],[30.367609988000027,-27.267429979999974],[30.39761998700004,-27.273779978999983],[30.426449989000048,-27.269830018999983],[30.425979979000033,-27.31496001499994],[30.43345998700005,-27.32568001599998],[30.448269998000058,-27.32773993799998],[30.453199985000026,-27.325079982999966],[30.458349988000066,-27.32670001699995],[30.462079988000028,-27.325209980999944],[30.46593998700007,-27.326349983999933],[30.46632998800004,-27.324299983999936],[30.47504998900007,-27.31952998199995],[30.49741998500008,-27.31239998199993],[30.525679985000068,-27.315139976999944],[30.54078998500006,-27.32163001799995],[30.546249984000042,-27.325759983999944],[30.55105998600004,-27.32545001699998],[30.557719985000062,-27.32762001599997],[30.587059985000053,-27.323079981999967],[30.660619991000033,-27.287920009999937],[30.706799990000036,-27.283289986999932],[30.713199985000074,-27.286070021999933],[30.717759986000033,-27.283790016999944],[30.718809987000043,-27.28446998399994],[30.717899990000035,-27.287239987999953],[30.720699985000067,-27.29093002199994],[30.724909985000068,-27.28960001799993],[30.72606998300006,-27.293610015999946],[30.725089985000068,-27.29556998299995],[30.728259983000044,-27.299339977999978],[30.73440998800004,-27.295159982999962],[30.740349988000048,-27.29456001799997],[30.74384998800008,-27.300619982999933],[30.741889984000068,-27.30317998299995],[30.743269988000065,-27.30606998299993],[30.75079998800004,-27.298749982999936],[30.75556997800004,-27.30459997899993],[30.758309987000075,-27.304379982999933],[30.762739985000053,-27.30738998399994],[30.759959984000034,-27.313579983999944],[30.762849983000024,-27.314519983999958],[30.766209985000046,-27.31929998299995],[30.769029982000063,-27.319019974999946],[30.77099998500006,-27.32636998199996],[30.77416998800004,-27.32427998299994],[30.784399989000065,-27.324319982999953],[30.785499989000073,-27.31917001599993],[30.78037998600007,-27.316929982999966],[30.778629988000034,-27.314429982999968],[30.782649986000024,-27.314799979999975],[30.788929992000078,-27.31279998699995],[30.790989982000042,-27.318450020999933],[30.79694998100007,-27.32235997899994],[30.79715002200004,-27.326589981999973],[30.80414998300006,-27.32425998399998],[30.806229984000026,-27.327320016999977],[30.808789983000054,-27.328280018999976],[30.802179986000056,-27.332119981999938],[30.804819988000077,-27.33451998299995],[30.81137998300005,-27.332389976999934],[30.808249986000078,-27.338920015999975],[30.81607998800007,-27.34007001799995],[30.820479988000045,-27.33613001699996],[30.821279985000047,-27.33947997799993],[30.828169986000034,-27.34328997399996],[30.82857998700007,-27.344699981999952],[30.823340022000025,-27.34580998299998],[30.822339985000042,-27.35416001699997],[30.83018998600005,-27.350029982999956],[30.837829990000046,-27.35004001599998],[30.841359985000054,-27.35287002399997],[30.843709985000032,-27.352740015999927],[30.84487998800006,-27.346059983999965],[30.84989998700007,-27.343289979999952],[30.854269988000055,-27.34442998299994],[30.857589982000036,-27.343300015999944],[30.855889985000033,-27.336999979999973],[30.85793998400004,-27.33676001599997],[30.86130998400006,-27.339069983999934],[30.86176998800005,-27.33396001799997],[30.864819990000058,-27.33178001699997],[30.863669988000026,-27.319619983999928],[30.86590998500003,-27.312669980999942],[30.875200025000026,-27.31430998099995],[30.882099982000057,-27.312370018999957],[30.88409998000003,-27.308749983999974],[30.886729987000024,-27.31082001699997],[30.90232998500005,-27.308099983999966],[30.906469988000026,-27.305520016999935],[30.909719988000063,-27.30543998299993],[30.911629988000072,-27.308149982999964],[30.91548998500008,-27.30543998299993],[30.922159988000033,-27.305049981999957],[30.92384998700004,-27.30596001699996],[30.924469987000066,-27.31131001899996],[30.92097998500003,-27.318189983999957],[30.924459988000024,-27.325530019999974],[30.923279986000068,-27.330450017999965],[30.93152998800008,-27.340489980999962],[30.939329986000075,-27.34656998099996],[30.938189984000076,-27.35674998299993],[30.94129999000006,-27.360079982999935],[30.940479985000024,-27.365179981999972],[30.94220998700007,-27.36809998299998],[30.948029989000077,-27.366080013999976],[30.955379984000047,-27.35970998299996],[30.958079989000055,-27.360559988999967],[30.95989998500005,-27.36406998299998],[30.96310998900003,-27.36577998299998],[30.970029985000053,-27.363309982999965],[30.977369989000067,-27.35803998299997],[30.981489990000057,-27.359220015999938],[30.984699988000045,-27.357459981999966],[31.002550025000062,-27.35878998399994],[31.005209988000047,-27.35154001899997],[31.008429982000052,-27.34876001599997],[31.010619989000077,-27.34907998799997],[31.01390999000006,-27.355029987999956],[31.020549988000027,-27.36060998199997],[31.024329985000065,-27.351860018999957],[31.030899987000055,-27.34632001799997],[31.034839988000044,-27.34576001599993],[31.037999987000035,-27.35147001599995],[31.044039987000076,-27.35325998099995],[31.04622999000003,-27.351879983999936],[31.048439982000048,-27.345130016999974],[31.05075998700005,-27.343220017999954],[31.06518998200005,-27.338329982999937],[31.078829986000073,-27.343090015999962],[31.083959981000078,-27.33559002399994],[31.09877998500008,-27.329759982999974],[31.10155998500005,-27.333160017999944],[31.100959988000056,-27.335760020999942],[31.14086502400005,-27.362659979999933],[31.16586999200007,-27.368520012999966],[31.204769990000045,-27.317120011999975],[31.27432998000006,-27.24317002099997],[31.49368994400004,-27.31516006299995],[31.97775994400007,-27.31752006299996],[31.97574994400003,-27.310769937999964],[31.977109944000063,-27.22283706299993],[31.974099944000045,-27.14840993799993],[31.97703994400007,-27.130570062999936],[31.976729944000056,-27.121859937999943],[31.974549944000046,-27.116409937999947],[31.97960994400006,-27.09101993799993],[31.984899944000063,-27.03862993799993],[31.98670994400004,-27.006230062999975],[31.98443994400003,-27.00120993799993],[32.00046994400003,-26.93805993799998],[31.99595994400005,-26.92414993799997],[32.015859944000056,-26.81988006199998],[32.01126994400005,-26.810220061999928],[32.01764994400003,-26.80745006199993],[32.02747994400005,-26.80584006199996],[32.03455994400008,-26.807050061999973],[32.038719944000036,-26.81223006199997],[32.04523994400006,-26.81692006199995],[32.053999944000054,-26.81837006199993],[32.06022994400007,-26.81715993699993],[32.06547994400006,-26.81176993699995],[32.07155994400006,-26.809699936999948],[32.09296994400006,-26.80480006199997],[32.100139944000034,-26.80510006199995],[32.10520994400002,-26.80928993699996],[32.108389944000066,-26.82101993699996],[32.12023994400005,-26.838820061999968],[32.12367994400006,-26.840129936999972],[32.14050994400003,-26.840829936999967],[32.14385994400004,-26.848609936999935],[32.15473994400003,-26.855900061999932],[32.164489944000024,-26.85945006199995],[32.18204994400003,-26.863140061999957],[32.186330069000064,-26.862990061999938],[32.19761994400005,-26.856619936999948],[32.20452006900007,-26.854810061999956],[32.207799944000044,-26.84038006199995],[32.21512994500006,-26.834610061999967],[32.21972994500004,-26.83283006199997],[32.23689994500006,-26.83894993699994],[32.248789945000055,-26.840500061999933],[32.253409945000044,-26.843389936999984],[32.256929945000024,-26.84855006199996],[32.263559945000054,-26.847349936999933],[32.27525994500007,-26.849629936999975],[32.28043994500007,-26.848789936999935],[32.28789994500005,-26.852960061999966],[32.295699945000024,-26.85276006199996],[32.308219945000076,-26.85647006199997],[32.31654994500008,-26.852839936999942],[32.32058994500005,-26.85265993699994],[32.325379945000066,-26.85620993699996],[32.331049945000075,-26.863919936999935],[32.338749945000075,-26.85999006199995],[32.341229945000066,-26.855560061999938],[32.346089945000074,-26.855139936999933],[32.34684994500003,-26.864050061999933],[32.565729945000044,-26.864480061999927],[32.682949945000075,-26.868139936999967],[32.72578994500003,-26.867700061999983],[32.77249994500005,-26.862750061999975],[32.80687994500005,-26.86452993699993],[32.857339945000035,-26.863959936999947],[32.88780994500007,-26.857970061999936],[32.89085394500006,-26.85786193699994],[32.890994945000045,-26.858863936999967],[32.89133394500004,-26.857862936999936],[32.944984945000044,-26.871974937999937],[32.936672945000055,-26.895741062999946],[32.933528945000035,-26.934578062999947],[32.92784094500007,-26.95670506299996],[32.93093494500005,-26.974547937999944],[32.926368945000036,-26.99287993799993],[32.918990945000075,-27.013293937999947],[32.91912894500007,-27.01873793799996],[32.922236945000066,-27.022572062999927],[32.916446945000075,-27.036087062999968],[32.913989945000026,-27.050706937999962],[32.90462494500002,-27.07160806299993],[32.903453945000024,-27.09000406299998],[32.89422994500006,-27.112731937999968],[32.89640394500003,-27.120758062999982],[32.89105594500006,-27.127684062999947],[32.882224945000075,-27.14461306299995],[32.88096594500007,-27.14915493799998],[32.88429294500003,-27.151862937999965],[32.88127494500003,-27.153682937999974],[32.86029394500002,-27.187926937999976],[32.85840994500006,-27.200369062999982],[32.861556945000075,-27.204329937999944],[32.84724394500006,-27.233142937999958],[32.84634394500006,-27.237732062999953],[32.84767894500004,-27.242495937999934],[32.84635094500004,-27.24637593799997],[32.827427070000056,-27.280105937999963],[32.825076945000035,-27.289496937999957],[32.82655694500005,-27.294518937999953],[32.824382945000025,-27.300560062999978],[32.818268070000045,-27.315638062999938],[32.80539694500004,-27.339095937999957],[32.80355494500003,-27.345842062999964],[32.803935945000035,-27.353385937999974],[32.79208394500006,-27.375186937999956],[32.78427494500005,-27.39910693799993],[32.784358945000065,-27.402848937999977],[32.77303294500007,-27.42437593799997],[32.76630794500005,-27.44771193799994],[32.75280794500003,-27.467315937999956],[32.73276894500003,-27.51055693799998],[32.729709945000025,-27.530117062999977],[32.732028945000025,-27.53817893799993],[32.73609494500005,-27.541222062999964],[32.73504994500007,-27.550849937999942],[32.72684494500004,-27.576607062999983],[32.71527894500008,-27.604021062999948],[32.71029694500004,-27.636763937999945],[32.70227794500005,-27.66541306299996],[32.70249894500006,-27.670908062999956],[32.697493945000076,-27.68365706299994],[32.69454594500007,-27.697999937999953],[32.67906194500006,-27.736476937999953],[32.66379594500006,-27.790712062999944],[32.65554394500003,-27.831862937999972],[32.64571394500007,-27.901695062999977],[32.648360945000036,-27.92337393799994],[32.651126945000044,-27.927991937999934],[32.64990194500007,-27.939664937999964],[32.640570945000036,-27.987424938999936],[32.63294194500003,-28.015635938999935],[32.61604694500005,-28.092563938999945],[32.61421994500006,-28.11200693899997],[32.61464694500006,-28.141686938999953],[32.59870194500007,-28.186021938999943],[32.57797194500006,-28.227538938999942],[32.53155894500003,-28.309642938999957],[32.49474694500003,-28.366361938999944],[32.48299794500008,-28.388292063999984],[32.47961394500004,-28.406114938999963],[32.48329094500008,-28.42277293899997],[32.48303594500004,-28.430257938999944],[32.475990945000035,-28.45455593899993],[32.47060794500004,-28.48533593899998],[32.41476794500005,-28.476392938999936],[32.41144994500007,-28.49514993899993],[32.401179945000024,-28.51771006399997],[32.39940994500006,-28.525349938999966],[32.38082994500007,-28.553039938999973],[32.359249945000045,-28.578739938999945],[32.33965994500005,-28.595929938999973],[32.31225994500005,-28.61444993899994],[32.302689945000054,-28.62540993899995],[32.29749994500003,-28.63420006399997],[32.289739945000065,-28.640559938999957],[32.27374994500008,-28.65277993899997],[32.249829945000045,-28.666470063999952],[32.225659945000075,-28.685319938999953],[32.194069944000034,-28.719370063999975],[32.156849944000044,-28.748520063999933],[32.12501994400003,-28.781549938999945],[32.09968994400003,-28.79988006399998],[32.08855994400005,-28.81468006399996],[32.066179944000055,-28.83162993899998],[32.02933994400007,-28.86539993899993],[32.02805994400006,-28.864580063999938],[32.012789944000076,-28.877009938999947],[32.00422994400003,-28.882210063999935],[31.960319944000048,-28.900489938999954],[31.940789944000073,-28.90548993899995],[31.93548994400004,-28.90941006399993],[31.91853994400003,-28.917469938999943],[31.88439994400005,-28.92617006399996],[31.84233994400006,-28.941509938999957],[31.82030994400003,-28.943629938999948],[31.815570069000046,-28.94646006399995],[31.799759944000073,-28.95058993899994],[31.779649944000028,-28.95861006399997],[31.758129944000075,-28.97028993899994],[31.73064994400005,-28.998329938999973],[31.711209944000075,-29.022479939999982],[31.677089944000045,-29.052670064999973],[31.65826994400004,-29.07314006499996],[31.637369944000056,-29.09021006499995],[31.603309944000046,-29.13271006499997],[31.571289944000057,-29.168169939999927],[31.557649944000048,-29.180859939999948],[31.53974994400005,-29.194039939999982],[31.522909944000048,-29.210539939999933],[31.50464994400005,-29.224689939999962],[31.500249944000075,-29.230139939999958],[31.489119944000038,-29.235110064999958],[31.482759944000065,-29.24408993999998],[31.482119944000033,-29.247589939999955],[31.470759944000065,-29.25321993999995],[31.45219994400003,-29.26876993999997],[31.443159944000058,-29.279559939999956],[31.44336994400004,-29.28398993999997],[31.43775994400005,-29.292739939999933],[31.429299944000036,-29.298509939999974],[31.42250994400007,-29.307879939999964],[31.409299944000054,-29.316370064999944],[31.39534994400003,-29.331060064999974],[31.391759944000057,-29.338169939999943],[31.357809944000053,-29.365629939999963],[31.348739944000044,-29.375840064999977],[31.34006994400005,-29.382799939999984],[31.33525994400003,-29.39021993999995],[31.33594994400005,-29.393509939999944],[31.334239944000046,-29.396709939999937],[31.31801994400007,-29.40984006499997],[31.31117994400006,-29.421490064999944],[31.294809944000065,-29.438549939999973],[31.292599944000074,-29.442159939999954],[31.293409944000075,-29.44369006499994],[31.28783994400004,-29.44847993999997],[31.28532994400007,-29.45498993999996],[31.27869994400004,-29.460030064999955],[31.26478994400003,-29.478309939999974],[31.257529944000055,-29.48596993999996],[31.25112994400007,-29.49005993999998],[31.235659944000076,-29.507959939999978],[31.22774994400004,-29.522009939999975],[31.22810994400004,-29.524509939999973],[31.223089944000037,-29.53389993999997],[31.22351994400003,-29.536579939999967],[31.21638994400007,-29.544910064999954],[31.205489944000078,-29.55284993999993],[31.185754944000053,-29.57178493999993],[31.184089819000064,-29.576730064999936],[31.171919944000024,-29.591249939999955],[31.15912994400003,-29.612799939999945],[31.131269943000063,-29.648289939999984],[31.12304994300007,-29.666309939999962],[31.11745994300003,-29.67295993999994],[31.112889943000027,-29.683810064999932],[31.09603994300005,-29.711640064999983],[31.088809943000058,-29.72805993999998],[31.059919943000068,-29.770999939999967],[31.04400994300005,-29.804359939999983],[31.038569943000027,-29.822379939999962],[31.03681994300007,-29.834469939999963],[31.038650068000038,-29.848269939999966],[31.046689943000047,-29.865410064999935],[31.055504943000074,-29.870124939999982],[31.059069943000054,-29.866370064999956],[31.06400994300003,-29.865420064999967],[31.060449943000037,-29.868789939999942],[31.061419943000033,-29.87597993999998],[31.059649943000068,-29.879509939999934],[31.03577994300008,-29.908649939999975],[31.021280068000067,-29.922369939999953],[31.013379943000075,-29.933440064999957],[30.990989943000045,-29.955569939999975],[30.968519943000047,-29.982329939999943],[30.953589943000054,-29.993049939999935],[30.943149943000037,-30.00536993999998],[30.925389943000027,-30.018339939999976],[30.89870994300003,-30.04168993999997],[30.884879943000044,-30.05843993999997],[30.863246943000036,-30.09352994099993],[30.86351994300003,-30.096749940999928],[30.859309943000028,-30.10273994099998],[30.84663994300007,-30.132379940999954],[30.83656994300003,-30.143959940999935],[30.819439943000077,-30.171550065999952],[30.810889943000063,-30.190579940999953],[30.803349943000057,-30.202189940999972],[30.803079943000057,-30.20614994099998],[30.798179943000036,-30.216459940999982],[30.798364943000024,-30.221539940999946],[30.789959943000042,-30.230669940999974],[30.787779943000032,-30.237300065999932],[30.781519943000035,-30.24557994099996],[30.781780068000046,-30.250609940999936],[30.770689943000036,-30.261199940999973],[30.761409943000046,-30.27365006599996],[30.759469943000056,-30.27822006599996],[30.761130068000057,-30.280839940999954],[30.759819943000025,-30.28894994099994],[30.75174994300005,-30.297499940999955],[30.746930943000052,-30.30519606599995],[30.74123006800005,-30.322440065999956],[30.735079943000073,-30.332779940999956],[30.735679943000036,-30.338809940999965],[30.72264994300008,-30.350830065999958],[30.71855994300006,-30.356370065999954],[30.717949943000065,-30.360719940999957],[30.708120068000028,-30.36889994099994],[30.70237994300004,-30.376050065999948],[30.700969943000075,-30.383149940999942],[30.695799943000054,-30.388149940999938],[30.69324994300007,-30.395839940999963],[30.68553006800005,-30.402139940999973],[30.680549943000074,-30.413039940999965],[30.673689943000056,-30.420270065999944],[30.671929943000066,-30.42489994099998],[30.673829943000044,-30.42990006599996],[30.670659943000032,-30.431790065999962],[30.668159943000035,-30.437210065999977],[30.661179943000036,-30.443609940999977],[30.66043994300003,-30.44737994099995],[30.654169943000056,-30.45575994099994],[30.653579943000068,-30.46402994099998],[30.64262994300003,-30.47483994099997],[30.634319943000037,-30.48745006599995],[30.632789943000034,-30.49751994099995],[30.624979943000028,-30.50769994099994],[30.624744943000053,-30.51270994099997],[30.61095994300007,-30.524449940999943],[30.607489943000076,-30.53163994099998],[30.60865006800003,-30.53455994099994],[30.606079943000054,-30.53969994099998],[30.593549943000028,-30.548499940999932],[30.590859943000055,-30.554940065999972],[30.583969943000056,-30.560059940999963],[30.569129943000064,-30.59144994099995],[30.562674943000047,-30.59621994099996],[30.547469943000067,-30.614899940999976],[30.544679943000062,-30.62424994099996],[30.547249943000054,-30.627459940999984],[30.53970006800006,-30.632500065999977],[30.536550068000054,-30.636430065999946],[30.537469943000076,-30.638290065999968],[30.53499994300006,-30.642179940999938],[30.532769943000062,-30.64289006599995],[30.519029943000078,-30.657399940999937],[30.517989943000032,-30.662079940999945],[30.514139943000032,-30.66555006599998],[30.511079943000027,-30.671759940999948],[30.510159943000076,-30.676999940999963],[30.49875994300004,-30.68805994099995],[30.491829943000027,-30.70077994099995],[30.48318994300007,-30.70778994099993],[30.480419943000072,-30.711850065999954],[30.48061994300008,-30.715509940999937],[30.463379943000064,-30.732069940999963],[30.45852994300003,-30.739829940999982],[30.45989994300004,-30.742770065999935],[30.448109943000077,-30.75590994099997],[30.448200068000062,-30.75942994099995],[30.444279943000026,-30.766180065999947],[30.436369943000045,-30.772609940999928],[30.432049943000038,-30.780069940999965],[30.424219943000026,-30.787119940999958],[30.42225994300003,-30.794449940999982],[30.413049943000033,-30.805040065999947],[30.413889943000072,-30.809030065999934],[30.411529943000062,-30.810899940999946],[30.411629943000037,-30.814039940999976],[30.405889943000034,-30.818089940999982],[30.40522994300005,-30.820379940999942],[30.406729943000073,-30.82148994099998],[30.404499943000076,-30.828429940999968],[30.39516994300004,-30.835789940999973],[30.396309943000063,-30.838140065999937],[30.39381994300004,-30.843739940999967],[30.386339943000053,-30.853219940999963],[30.378589943000065,-30.856479940999975],[30.372169943000074,-30.861759940999946],[30.37250994300007,-30.866169940999953],[30.370379943000046,-30.87024994099994],[30.36799994300003,-30.870679940999935],[30.36678994300007,-30.87347994099997],[30.358079943000064,-30.87877006599996],[30.358429943000033,-30.88117994099997],[30.356389943000067,-30.884089940999957],[30.34916994300005,-30.889840065999977],[30.34958994300007,-30.892029940999976],[30.346469943000045,-30.895309940999937],[30.346949943000027,-30.898629940999967],[30.34361994300008,-30.90042994099997],[30.341459943000075,-30.904259940999964],[30.33767994300007,-30.905599940999934],[30.33767994300007,-30.90735994099998],[30.335549943000046,-30.907579940999938],[30.33370994300003,-30.91020994099995],[30.33448006800006,-30.912220065999975],[30.329639943000075,-30.91617994099994],[30.328820068000027,-30.918859940999937],[30.317339943000036,-30.92641994099995],[30.316149943000028,-30.930030065999972],[30.307699943000046,-30.93692994099996],[30.304470068000057,-30.941329940999935],[30.304809943000066,-30.94462994099996],[30.30114994300004,-30.94891994099993],[30.30257994300007,-30.953719940999974],[30.298269943000037,-30.962859940999977],[30.283649943000057,-30.97411994099997],[30.277499943000066,-30.98345994099998],[30.277579943000035,-30.98739994099998],[30.274779943000055,-30.992099940999935],[30.268910068000025,-30.995679940999935],[30.267699943000025,-31.003139940999972],[30.258269943000073,-31.01056994099997],[30.258779943000036,-31.014320065999982],[30.25598994300003,-31.01586994099995],[30.255139943000074,-31.018830065999964],[30.24711994300003,-31.022279940999965],[30.244410068000036,-31.029969940999933],[30.241299943000058,-31.030069940999965],[30.23774994300004,-31.032640065999942],[30.23649994300007,-31.036290065999935],[30.228269943000043,-31.04327994099998],[30.23058994300004,-31.050089940999953],[30.22584994300007,-31.060229940999932],[30.21318994300003,-31.07004994099998],[30.209599943000057,-31.07470994099998],[30.203389943000047,-31.07660994099996],[30.196559943000068,-31.08207994099996],[30.193989943000076,-31.082629940999936],[30.193859794000048,-31.081260201999953]]]}},{"type":"Feature","properties":{"shapeName":"Limpopo","shapeISO":"LI","shapeID":"76434192B37104984973577","shapeGroup":"ZAF","shapeType":"ADM1"},"geometry":{"type":"Polygon","coordinates":[[[28.651569996000035,-25.142899996999972],[28.615870002000065,-25.15162999699993],[28.638110002000076,-25.183889996999937],[28.638110002000076,-25.186579997999957],[28.65532999800007,-25.213529997999956],[28.67863999800005,-25.21077],[28.676810001000035,-25.21705000199995],[28.67994000400006,-25.220250000999954],[28.675629997000044,-25.22702000199996],[28.675539998000033,-25.234960000999934],[28.66913000200003,-25.241380000999982],[28.67122000200004,-25.247729998999944],[28.664340004000053,-25.25179000199995],[28.659309999000072,-25.234780000999933],[28.63263,-25.27997000299996],[28.63131999600006,-25.28024000199997],[28.604400001000045,-25.25208999599994],[28.604689997000037,-25.25353999699996],[28.602920004000055,-25.254209996999975],[28.594810004000067,-25.249429995999947],[28.56372999900003,-25.24935999199994],[28.564340001000062,-25.25215000099996],[28.513280004000023,-25.256149998999945],[28.50116,-25.26545],[28.503590001000077,-25.30883999899993],[28.439289994000035,-25.310179996999977],[28.433700002000023,-25.32243],[28.38260000500003,-25.32115],[28.37916099800003,-25.292055996999977],[28.298160001000042,-25.310370001999956],[28.298229996000032,-25.29322000299993],[28.25984999700006,-25.23867000299998],[28.246270001000028,-25.212855003999948],[28.211189998000066,-25.198069996999948],[28.169489999000064,-25.20943000999995],[28.13571999900006,-25.20563999799998],[28.128970002000074,-25.145689989999937],[28.094349996000062,-25.14847],[28.083850004000055,-25.100369995999984],[28.11794000100008,-25.09805999699995],[28.136569998000027,-25.093269996999936],[28.15393,-25.086780000999966],[28.175069999000073,-25.11360999699997],[28.173820001000024,-25.12001000999993],[28.19827000300006,-25.12759000099993],[28.21499,-25.128149995999934],[28.21711699900004,-25.122887998999943],[28.217079999000077,-25.11297000099995],[28.25975999700006,-25.05045],[28.158719999000027,-25.02058999899998],[28.125170998000044,-25.004781002999948],[28.12001000400005,-24.979469990999974],[28.08007999700004,-24.979490002999967],[28.037849997000023,-24.98383000399997],[28.036980002000064,-24.985349992999943],[28.01777999600006,-24.974050000999966],[27.99760999800003,-24.973499996999976],[27.983559998000032,-24.957849997999972],[27.975179999000034,-24.96571000299997],[27.95495000300008,-24.97016999799996],[27.946469998000055,-25.00122],[27.912889997000036,-24.99108999699996],[27.88665999600005,-24.988290005999943],[27.83307200200005,-24.97352099799997],[27.821660003000034,-24.974580001999982],[27.78890999600003,-24.966520000999935],[27.759140003000027,-24.968910000999983],[27.73885000200005,-24.98314],[27.687299997000025,-24.99435],[27.68466999900005,-24.985839992999956],[27.62859999400007,-24.973709998999936],[27.597490003000075,-24.98487],[27.594040002000042,-25.029440000999955],[27.567829998000036,-25.05943000299993],[27.559800007000035,-25.077309998999965],[27.565420001000064,-25.079720003999967],[27.565320003000068,-25.082730003999927],[27.54359999600007,-25.09587999799993],[27.542770002000054,-25.097980002999975],[27.532260003000033,-25.094390002999944],[27.53392,-25.08324999799993],[27.52118000400003,-25.07969000099996],[27.521240001000024,-25.075989996999965],[27.49802999900004,-25.07319999699996],[27.486900001000038,-25.07841999799996],[27.48175000200007,-25.06707],[27.43133000100005,-25.082049998999935],[27.4246,-25.068910002999928],[27.382509999000035,-25.08000999899997],[27.33695,-25.08781999699994],[27.3136,-25.042089996999948],[27.271940001000075,-25.036719998999956],[27.223550999000054,-25.06740499899996],[27.23167999800006,-25.036109996999983],[27.203468,-25.033182997999972],[27.20911,-24.995640006999963],[27.22609200200003,-24.963937001999966],[27.183419999000023,-24.948520001999952],[27.154049997000072,-24.97896000299994],[27.143852999000046,-24.946151003999944],[27.101150003000043,-24.90004000299996],[27.041219999000077,-24.88697000299993],[27.02632999900004,-24.71863000199994],[26.975909998000077,-24.720670001999963],[26.980720002000055,-24.77576999799993],[26.94265000300004,-24.77626999599994],[26.943320002000064,-24.78137000299995],[26.77954000300008,-24.837690002999977],[26.751259996000044,-24.88295999899998],[26.705090004000056,-24.856970002999958],[26.69930000100004,-24.867290003999983],[26.660390002000042,-24.839560001999928],[26.62201000300007,-24.809860003999972],[26.60098,-24.815779990999943],[26.566450002000067,-24.819899998999972],[26.528579999000044,-24.813839996999945],[26.458280002000038,-24.809470001999955],[26.461330004000047,-24.80008000199996],[26.461600003000058,-24.795290001999945],[26.45949,-24.790489996999952],[26.453959998000073,-24.788780001999953],[26.44832000100007,-24.79208999599996],[26.44464000100004,-24.79078999899997],[26.43538999900005,-24.782880002999946],[26.42600999600006,-24.77120999799996],[26.429650003000063,-24.765420002999974],[26.42687999900005,-24.75791999699993],[26.42816,-24.753829998999947],[26.418199998000034,-24.72901],[26.42262,-24.720599998999944],[26.419719996000026,-24.715999996999983],[26.42722000200007,-24.696690002999958],[26.426160001000028,-24.694530000999976],[26.421309997000037,-24.691640002999975],[26.422809998000048,-24.68168000099996],[26.42179999700005,-24.670770002999973],[26.42695000300006,-24.665230002999976],[26.42755999700006,-24.658179995999944],[26.408300002000033,-24.65032999699997],[26.40878000300006,-24.646129995999956],[26.42138,-24.633960000999934],[26.42218999800008,-24.625059991999933],[26.4263,-24.61778000199996],[26.428240002000052,-24.619539995999958],[26.433129999000073,-24.618519995999975],[26.439409993000027,-24.615179990999934],[26.441509998000072,-24.611949997999943],[26.447430001000043,-24.613059997999983],[26.451839997000036,-24.610560000999953],[26.461600003000058,-24.59625000099993],[26.471059999000033,-24.58897000299993],[26.482049999000026,-24.56691000199993],[26.480639998000072,-24.562060004999978],[26.48122000500007,-24.557049997999968],[26.48766000200004,-24.551140000999965],[26.489719998000055,-24.53857998899997],[26.492710002000024,-24.536050004999936],[26.49246,-24.53439999899996],[26.496549997000045,-24.53002999599994],[26.500219999000024,-24.52278999899994],[26.501059999000063,-24.51379],[26.50283999800007,-24.5106],[26.501130002000025,-24.50998],[26.501509998000074,-24.50843],[26.50287,-24.506380001999958],[26.505979999000033,-24.50690001199996],[26.506479996000053,-24.504880000999947],[26.51022000100005,-24.50275000099998],[26.51098,-24.49948],[26.509550002000026,-24.49457999599997],[26.511679994000076,-24.495239996999942],[26.510300003000054,-24.488040000999945],[26.51566000300005,-24.48472],[26.519350001000078,-24.484239998999954],[26.52657000100004,-24.478460001999963],[26.529220003000034,-24.47899000299998],[26.52999,-24.477639998999962],[26.528210001000048,-24.477610003999928],[26.52822,-24.476309998999966],[26.533070004000024,-24.47661],[26.53631000300004,-24.475140001999932],[26.536019999000075,-24.47272999699993],[26.53863,-24.469650000999934],[26.538050001000045,-24.46624000099996],[26.540670008000063,-24.463400000999968],[26.54673000200006,-24.465409998999974],[26.550190001000033,-24.461040002999937],[26.550909999000055,-24.454389995999975],[26.55264999700006,-24.45183000199995],[26.559649997000065,-24.45361000099996],[26.562370002000023,-24.44781],[26.565960002000054,-24.444549996999967],[26.566000003000056,-24.43921999899993],[26.568210004000036,-24.438050001999954],[26.567739993000032,-24.436370000999943],[26.565589997000075,-24.43607999799997],[26.571259997000027,-24.433589998999935],[26.574629997000045,-24.434630010999967],[26.576160001000062,-24.433220001999928],[26.573720001000027,-24.43293999699995],[26.57520998800004,-24.43097],[26.578890004000073,-24.428549996999948],[26.58135999800004,-24.42900000399993],[26.584059998000043,-24.426419989999943],[26.581780002000073,-24.42626000299998],[26.581550003000075,-24.42290000099996],[26.58529,-24.422320001999935],[26.586149997000064,-24.420749996999973],[26.58817,-24.412710000999937],[26.58980000200006,-24.41227],[26.58746,-24.410729997999965],[26.59024001000006,-24.40921999899996],[26.59459000100003,-24.410159996999937],[26.59595000400003,-24.40855],[26.59744999700007,-24.41019],[26.600080010000056,-24.409030000999962],[26.603079996000076,-24.41032],[26.608550001000026,-24.40708000099994],[26.61307000100004,-24.40664000099997],[26.61391000100008,-24.40246000299993],[26.617090003000044,-24.398409990999937],[26.619050001000062,-24.39945000299997],[26.62564001100003,-24.39371999699995],[26.63269000300005,-24.395590003999928],[26.634619990000033,-24.391970000999947],[26.636049996000054,-24.392000003999954],[26.63537999700003,-24.38993000199997],[26.637279998000054,-24.390169997999976],[26.63555999700003,-24.387540000999934],[26.64440999900006,-24.384509995999963],[26.644099999000048,-24.38303999699997],[26.64657999900004,-24.38175999699996],[26.65511000300006,-24.385919997999963],[26.658700003000035,-24.385050002999947],[26.65760000100005,-24.38161],[26.663729999000054,-24.38116999899995],[26.662860004000038,-24.37951000299995],[26.665689997000072,-24.37867000199998],[26.666059994000022,-24.377579998999977],[26.664680003000058,-24.377489998999977],[26.66705999800007,-24.374399996999955],[26.66523,-24.37372999799993],[26.66696999800007,-24.371900000999972],[26.668900001000054,-24.37269000999993],[26.670079996000027,-24.367479998999954],[26.668140003000076,-24.366859998999928],[26.665719999000032,-24.361990005999928],[26.664139989000034,-24.36202999099993],[26.66722999900003,-24.360529996999958],[26.667669999000054,-24.357649996999953],[26.666549994000036,-24.35727000199995],[26.6682,-24.35639999899996],[26.667759999000054,-24.355119997999964],[26.670220003000054,-24.355940001999954],[26.66860999800008,-24.35365],[26.671009996000066,-24.35462999899994],[26.67238999500006,-24.351219997999976],[26.673950002000026,-24.351780000999952],[26.674220001000037,-24.35015999799998],[26.675699998000027,-24.351190003999932],[26.674819997000043,-24.348739997999928],[26.67656000200003,-24.348540001999936],[26.677569996000045,-24.346330000999956],[26.676629998000067,-24.345030003999966],[26.67546999900003,-24.34614000299996],[26.67567000300005,-24.344049996999956],[26.68414000200005,-24.341990000999942],[26.685209993000058,-24.338120002999972],[26.689039997000066,-24.33673999599995],[26.690449999000066,-24.338130000999968],[26.693660003000048,-24.33774],[26.697010006000028,-24.339209998999934],[26.69688999600004,-24.33569000199998],[26.702639998000052,-24.334689998999977],[26.700519989000043,-24.332990000999928],[26.702469997000037,-24.33224999899994],[26.700840003000053,-24.330579996999973],[26.702109998000026,-24.325529995999943],[26.70519000200005,-24.324769996999976],[26.70399000200007,-24.32182000199998],[26.70644,-24.320239998999966],[26.70901,-24.321610007999936],[26.707620003000045,-24.320170003999976],[26.70958999900006,-24.320010000999957],[26.70990999000003,-24.31820999799993],[26.71158,-24.319240003999937],[26.711299995000047,-24.320930002999944],[26.715629997000065,-24.320599997999977],[26.7165,-24.318879996999954],[26.72009,-24.319769987999962],[26.720049999000025,-24.316720002999944],[26.72283999900003,-24.316540002999943],[26.726410010000052,-24.313639998999975],[26.727870003000078,-24.31501999799997],[26.727679997000052,-24.312770003999958],[26.729610001000026,-24.312529998999935],[26.728559998000037,-24.31154000199996],[26.73103,-24.31111],[26.728990001000057,-24.30893999899996],[26.73107999900003,-24.30850999699993],[26.733360004000076,-24.30414000199994],[26.739170003000027,-24.30433],[26.741220001000045,-24.306689997999968],[26.74196000300003,-24.30437],[26.747089997000046,-24.306519995999963],[26.746149999000068,-24.311450001999958],[26.751940001000037,-24.313180001999967],[26.754969998000036,-24.31256000199994],[26.75449999500006,-24.311159998999983],[26.762480002000075,-24.310430001999976],[26.76354000300006,-24.305749998999943],[26.76528999900006,-24.304440003999957],[26.766790008000044,-24.305809996999983],[26.773300001000052,-24.305120000999977],[26.776499999000066,-24.30215999899997],[26.775680003000048,-24.300730001999966],[26.780730004000077,-24.300320003999957],[26.78156999600003,-24.298960000999955],[26.78389000100003,-24.305430000999934],[26.785830003000058,-24.306570002999933],[26.789719997000077,-24.301279997999927],[26.79785000100003,-24.30092999799996],[26.797490002000075,-24.29856000099994],[26.800770002000036,-24.29984000199994],[26.802959998000063,-24.296390000999963],[26.801910004000035,-24.29436999799998],[26.803300001000025,-24.291879998999946],[26.80135000100006,-24.28806999899996],[26.804570004000027,-24.288779990999956],[26.80535999700004,-24.28772999699993],[26.80835999900006,-24.289449997999952],[26.807739999000034,-24.287560002999953],[26.809879997000053,-24.28825000699993],[26.810780002000058,-24.285520003999977],[26.815589998000064,-24.28663000299997],[26.81443,-24.285210003999964],[26.81939999800005,-24.28195],[26.818750004000037,-24.27925],[26.822350002000064,-24.27827999899995],[26.82329,-24.279680001999964],[26.825029998000048,-24.27302000399993],[26.82626,-24.272010002999934],[26.82688,-24.273239996999962],[26.82903000400006,-24.272990001999972],[26.827700004000064,-24.271530000999974],[26.828550002000043,-24.27074999799993],[26.832760002000043,-24.274169996999944],[26.83397,-24.27012999799996],[26.835640002000048,-24.273419995999973],[26.83845999700003,-24.272569989999965],[26.838870003000068,-24.270940011999983],[26.840790001000073,-24.274739997999973],[26.842730002000053,-24.27436000199998],[26.84567,-24.269249996999974],[26.847300001000065,-24.26963],[26.849529999000026,-24.266269998999974],[26.85141000300007,-24.267469997999967],[26.849959993000027,-24.26501000199994],[26.85169999900006,-24.26431999899995],[26.851280003000056,-24.263010003999966],[26.853739999000027,-24.26216000499994],[26.85404999900004,-24.263670003999948],[26.855739997000057,-24.263489996999965],[26.85613999700007,-24.260379997999962],[26.85481999600006,-24.259679996999978],[26.857450001000075,-24.25488998999998],[26.85908000200004,-24.25536999899998],[26.859520003000057,-24.253119996999942],[26.865889997000068,-24.251039996999964],[26.864369999000075,-24.249550001999978],[26.86636,-24.24805],[26.8653,-24.245690001999947],[26.86910000100005,-24.24412999599997],[26.86681999700005,-24.24268000199993],[26.865979997000068,-24.23919],[26.86260999700005,-24.237990000999957],[26.86254000200006,-24.23621000199995],[26.864599998000074,-24.235110000999953],[26.863939997000045,-24.230599998999935],[26.861820004000037,-24.231529998999974],[26.860460001000035,-24.22989999699996],[26.859319999000036,-24.22314000199998],[26.86255999800005,-24.21969],[26.86215,-24.216299996999965],[26.871000002000073,-24.21520000299995],[26.873000001000037,-24.206880000999945],[26.879400006000026,-24.200980001999937],[26.87857000400004,-24.196230003999972],[26.880899999000064,-24.196470000999966],[26.880120004000048,-24.192949987999953],[26.883270003000064,-24.18965],[26.881200001000025,-24.18765000099995],[26.87983,-24.19142],[26.875549997000064,-24.189529997999955],[26.87181,-24.191209997999977],[26.868660001000023,-24.190369997999937],[26.867540003000045,-24.182110000999955],[26.86448000400003,-24.179130002999955],[26.865470001000062,-24.172000001999947],[26.871450001000028,-24.171390000999963],[26.875870003000045,-24.16909],[26.878689998000027,-24.165609995999944],[26.879129999000043,-24.16010999699995],[26.87445000400004,-24.14698999799998],[26.86645999800004,-24.14365000099997],[26.86171,-24.138500001999944],[26.867560007000066,-24.12389],[26.864169996000044,-24.11244000299996],[26.8602,-24.106560000999934],[26.86320000300003,-24.09972000399995],[26.881699999000034,-24.09411999899993],[26.884820003000073,-24.08946999799997],[26.888929997000048,-24.07416000199993],[26.889160012000048,-24.054840001999935],[26.894220002000054,-24.044640003999973],[26.903830003000053,-24.032659998999975],[26.9093,-24.028359998999974],[26.912449999000046,-24.012040000999946],[26.91006999700005,-24.004050003999964],[26.910589999000024,-23.99946000099993],[26.912809998000057,-23.99621000299993],[26.91107,-23.988879990999976],[26.914629999000056,-23.971419998999977],[26.921420002000048,-23.963679997999975],[26.92679000100003,-23.96132999799994],[26.932190002000027,-23.95537],[26.931729999000027,-23.93681999499995],[26.927789999000026,-23.92239000099994],[26.94247000200005,-23.90339999899993],[26.94125,-23.89404],[26.94342,-23.89004000099993],[26.94279000100005,-23.886680000999945],[26.948550001000058,-23.88035999899995],[26.952660002000073,-23.87841999799997],[26.95521999500005,-23.873989997999956],[26.95390000200007,-23.86715],[26.95103000100005,-23.86271],[26.947390002000077,-23.859820000999946],[26.943190001000062,-23.859489998999948],[26.93703000100004,-23.85637000099996],[26.933880001000034,-23.85676000099994],[26.9323,-23.851119998999934],[26.93979999900006,-23.843899997999983],[26.950900001000036,-23.841470001999937],[26.9588,-23.830379998999945],[26.954480002000025,-23.826150000999974],[26.94877000100007,-23.823459998999965],[26.949059999000042,-23.81388999899997],[26.953399999000055,-23.805479997999953],[26.95187000100003,-23.793999998999936],[26.957519999000056,-23.784029998999983],[26.963989999000034,-23.77715],[26.963790001000064,-23.771420000999967],[26.965470002000075,-23.768869998999946],[26.96282000100007,-23.763549998999963],[26.9654,-23.754540000999953],[26.961440001000028,-23.746910001999936],[26.964550001000077,-23.73997],[26.964619998000046,-23.73615000099994],[26.966649999000026,-23.733649998999965],[26.966559999000026,-23.729850001999978],[26.970480001000055,-23.72796],[26.96833,-23.723399995999955],[26.97006999900003,-23.716269998999962],[26.974330002000045,-23.71338],[26.973519999000075,-23.707109997999964],[26.97107,-23.702759998999966],[26.9794,-23.69660999799993],[27.00214999700006,-23.688520000999972],[27.002510004000044,-23.686419995999927],[26.997839999000064,-23.67718999899995],[26.999319996000054,-23.671869998999966],[27.00177000900004,-23.670210002999966],[27.002690003000055,-23.665179998999974],[27.00089,-23.657850001999975],[26.99712000100004,-23.655889995999928],[26.99569000300005,-23.65241999899996],[26.999659998000027,-23.65244000299998],[27.002849998000045,-23.64426],[27.008129997000026,-23.642740001999982],[27.010339998000063,-23.637960000999954],[27.019440003000057,-23.64384000399997],[27.025719998000056,-23.644470001999935],[27.026019999000027,-23.65099000099997],[27.021109998000043,-23.654710000999955],[27.026410001000045,-23.65947999599996],[27.03098,-23.659840002999942],[27.032939998000074,-23.65689999799997],[27.03655000200007,-23.656509995999954],[27.035029997000038,-23.66766999799995],[27.03111,-23.67566999299993],[27.03796000400007,-23.682660002999967],[27.045580004000044,-23.68268],[27.058819998000047,-23.67621],[27.06440999600005,-23.670939998999927],[27.070670002000043,-23.67062999899997],[27.07365,-23.66371],[27.077760002000048,-23.66079999799996],[27.07753000400004,-23.657630001999962],[27.074589999000068,-23.654779996999935],[27.07764,-23.653889996999965],[27.081310001000077,-23.65515000199997],[27.078849997000077,-23.648100002999968],[27.081149998000058,-23.643310002999954],[27.075240001000054,-23.635790000999975],[27.074250004000078,-23.632110000999944],[27.069880001000058,-23.630150002999983],[27.068770001000075,-23.625579995999942],[27.064939997000067,-23.627259996999953],[27.063040004000072,-23.625609990999976],[27.059389999000075,-23.612579998999934],[27.072599998000044,-23.60942000199998],[27.070959998000035,-23.61191999899995],[27.07356999900003,-23.614529998999956],[27.079980001000024,-23.613530003999983],[27.085049998000045,-23.60901000399997],[27.079660003000072,-23.607229996999934],[27.079510006000078,-23.60013999699993],[27.08163,-23.598899996999933],[27.09406000300004,-23.600629996999942],[27.09971999000004,-23.602940003999947],[27.09970000100003,-23.598979998999937],[27.105500002000042,-23.59745000299995],[27.108610001000045,-23.590349996999976],[27.10653,-23.58328999899993],[27.108340001000045,-23.57907999899993],[27.108020003000036,-23.56737000199996],[27.110129998000048,-23.570439998999973],[27.113300002000074,-23.57053999699997],[27.117049997000038,-23.56650999699997],[27.11722999600005,-23.562209996999968],[27.124460003000024,-23.56865000199997],[27.131189996000046,-23.569410000999937],[27.129939998000054,-23.57407],[27.13808,-23.574119998999947],[27.140780001000053,-23.57283999799995],[27.145759998000074,-23.57477000199998],[27.15079999200003,-23.572079998999982],[27.150780003000023,-23.567630002999977],[27.15266999800008,-23.567360002999976],[27.154780001000063,-23.56916999699996],[27.149959999000032,-23.559369997999966],[27.148369998000078,-23.551309996999976],[27.140039998000077,-23.553320001999964],[27.13462000100003,-23.54363],[27.134809999000026,-23.533560001999945],[27.139530002000072,-23.528810002999933],[27.13759999900003,-23.52690000399997],[27.13329999900003,-23.52856],[27.135180004000063,-23.52361999599998],[27.138979998000025,-23.522880001999965],[27.143669999000053,-23.52479000099993],[27.147870001000058,-23.52374999699998],[27.15435999700003,-23.53036000299994],[27.154799990000072,-23.53463999099995],[27.156389998000066,-23.535359996999944],[27.158969997000042,-23.533200002999934],[27.159920001000046,-23.53704999599995],[27.16468999600005,-23.53635000199995],[27.16740000300007,-23.528600000999973],[27.166139998000062,-23.52466],[27.17215999900003,-23.521879997999974],[27.188190001000066,-23.532969995999963],[27.191810004000047,-23.534029996999948],[27.19370999700004,-23.53149999799996],[27.196960002000026,-23.53472],[27.201000001000068,-23.53433999699996],[27.201870004000057,-23.528659997999966],[27.204829997000047,-23.526770002999967],[27.21042000400007,-23.527369998999973],[27.210870003000025,-23.52603000099998],[27.209050003000073,-23.52138999899995],[27.2026,-23.519039998999972],[27.199649996000062,-23.51552000199996],[27.194000008000046,-23.514640000999975],[27.192409999000063,-23.49807999899997],[27.20725,-23.49214],[27.209339999000065,-23.489950002999933],[27.226120001000027,-23.48508000199996],[27.22688,-23.486129996999978],[27.223839997000027,-23.494679996999935],[27.226529999000036,-23.497230000999934],[27.23331999800007,-23.495909998999934],[27.23548,-23.49440999799998],[27.23640000200004,-23.484940002999963],[27.239119999000025,-23.482889997999962],[27.242809996000062,-23.48301],[27.24661999600005,-23.478579991999936],[27.255180003000078,-23.47723000299993],[27.25861,-23.472280000999945],[27.260349998000038,-23.47219999899994],[27.263640004000024,-23.478109996999933],[27.267230004000055,-23.477950000999954],[27.284319998000058,-23.47061999699997],[27.287630001000025,-23.462310000999935],[27.294869997000035,-23.460119995999946],[27.30252,-23.462960003999967],[27.30572999700007,-23.458029997999972],[27.305430003000026,-23.453159996999943],[27.308419999000023,-23.45088999899997],[27.31101999400005,-23.452349998999978],[27.313169998000035,-23.450470002999964],[27.31040000200005,-23.447089996999978],[27.31688999800008,-23.44610999799994],[27.31299999600003,-23.440689991999932],[27.315580002000047,-23.43515],[27.311780001000045,-23.43356999799994],[27.312729997000076,-23.43094],[27.316359998000053,-23.428980001999946],[27.320110001000046,-23.420740001999945],[27.32498000100003,-23.41706000199997],[27.325179997000077,-23.406579997999927],[27.329810001000055,-23.403079997999953],[27.336999999000057,-23.400390003999973],[27.34881000300004,-23.397520001999965],[27.35296999600007,-23.397859996999955],[27.35663999800005,-23.399979989999963],[27.356970002000025,-23.402400000999933],[27.355510002000074,-23.403709996999964],[27.356390003000058,-23.410579995999967],[27.35246,-23.41365000199994],[27.350529997000024,-23.420210001999976],[27.348020002000055,-23.422399997999946],[27.349539999000058,-23.425989989999948],[27.358059997000055,-23.42784],[27.37426,-23.42709],[27.375720001000047,-23.42283999899996],[27.380839997000066,-23.420340001999932],[27.372840001000043,-23.410020000999964],[27.372970001000056,-23.407750002999933],[27.376730003000034,-23.40387],[27.37723999800005,-23.398999998999955],[27.38765999700007,-23.38996999699998],[27.40838,-23.38908999599994],[27.41054000300005,-23.39123000199993],[27.41023000200005,-23.399589995999975],[27.401219997000055,-23.41303000199997],[27.405209997000043,-23.41995000099996],[27.40998,-23.424290000999974],[27.421840002000067,-23.426529996999932],[27.42832000100003,-23.424699998999927],[27.43059999700006,-23.41636000099993],[27.433289999000067,-23.41290000099997],[27.43497,-23.397910003999982],[27.44140999700005,-23.392210000999967],[27.44197999800008,-23.384669993999978],[27.44835,-23.38654],[27.455329996000046,-23.38575999699998],[27.458400002000076,-23.38384999799996],[27.467289997000023,-23.386429995999947],[27.471070002000033,-23.384519996999927],[27.47397999700007,-23.38658000099997],[27.480569999000068,-23.386090001999946],[27.482789999000033,-23.38464999799993],[27.49322000400008,-23.387049995999973],[27.49408,-23.38428],[27.49557000300007,-23.384079996999958],[27.504440002000024,-23.38805],[27.513830003000066,-23.385550002999935],[27.51859999000004,-23.385449996999967],[27.523029998000027,-23.387259997999934],[27.528649999000038,-23.385269997999956],[27.528609998000036,-23.38281000199993],[27.532339997000065,-23.37784000299996],[27.536629998000024,-23.375749995999968],[27.538529999000048,-23.365830002999928],[27.541649996000046,-23.365040001999944],[27.547960009000064,-23.358229998999946],[27.55390999900004,-23.35712],[27.55749,-23.350529997999956],[27.562800002000074,-23.34955999699997],[27.567060001000073,-23.34112],[27.57074,-23.325989995999976],[27.560180003000028,-23.31488000199994],[27.56383999800005,-23.30576],[27.568290003000072,-23.302960001999963],[27.568650002000027,-23.298880001999976],[27.57309,-23.29420999799993],[27.572569998000063,-23.290420001999962],[27.57631000300006,-23.280940000999976],[27.57305999700003,-23.27222],[27.57402999800007,-23.269330000999958],[27.572940003000042,-23.265309998999953],[27.57613000300006,-23.26081000399995],[27.58079000200007,-23.258160001999954],[27.59153999700004,-23.25684],[27.601210003000062,-23.24717000199996],[27.601160004000064,-23.243999997999936],[27.596120002000077,-23.23292999699993],[27.59786,-23.21971],[27.602479998000035,-23.21621],[27.60478999700007,-23.215890000999934],[27.613090002000035,-23.219690002999982],[27.621280004000027,-23.218140002999974],[27.62439000200004,-23.220590000999948],[27.629519996000056,-23.221160001999976],[27.631779996000034,-23.22361],[27.639010003000067,-23.226080001999946],[27.640790001000028,-23.224769997999942],[27.649499997000078,-23.225699997999982],[27.652360001000034,-23.22188000799997],[27.65866999700006,-23.222170003999963],[27.660380001000078,-23.220659995999938],[27.660230004000027,-23.217570001999945],[27.6669,-23.211119998999948],[27.667720004000046,-23.205210000999955],[27.672009997000032,-23.20047999899998],[27.689300003000028,-23.196229998999968],[27.69982999800004,-23.200020001999974],[27.70372,-23.20374000299995],[27.71125999900005,-23.220050001999937],[27.71175999700006,-23.226040000999944],[27.71399000200006,-23.228610000999936],[27.71990999700006,-23.230470000999958],[27.72409000300007,-23.229050000999962],[27.725980005000054,-23.23286000199994],[27.735340003000033,-23.23323999699994],[27.741619998000033,-23.230410003999964],[27.752100002000077,-23.219260000999952],[27.75076000400003,-23.205730003999975],[27.754069990000062,-23.203780003999952],[27.7561,-23.19888999099993],[27.7596,-23.19592999699995],[27.759619996000026,-23.19055999799997],[27.768400003000067,-23.184629996999945],[27.769629997000038,-23.180459997999947],[27.780879998000046,-23.176940000999934],[27.785139997000044,-23.17078000099997],[27.78557999700007,-23.164710000999946],[27.783340002000045,-23.15767],[27.77112999800005,-23.145979998999962],[27.765299995000078,-23.142420001999938],[27.766439997000077,-23.13417000299995],[27.774539998000023,-23.130860000999974],[27.778470001000073,-23.131799998999952],[27.780820001000052,-23.135439989999952],[27.77975000200007,-23.140709997999977],[27.781880001000047,-23.143090000999962],[27.787600001000044,-23.14100000199994],[27.791090002000033,-23.141400001999955],[27.793809999000075,-23.137479996999957],[27.80697999800003,-23.13563000299996],[27.80977999600003,-23.134270000999948],[27.81211999800007,-23.130450002999964],[27.81843000300006,-23.12810000299993],[27.819469999000034,-23.124809996999943],[27.81893,-23.11961],[27.813269998000067,-23.115109995999944],[27.812050002000035,-23.110189995999974],[27.81406,-23.10647000399996],[27.819620004000058,-23.10459999799997],[27.82264000200007,-23.108089998999958],[27.828450002000068,-23.107029998999963],[27.832700002000024,-23.108889998999928],[27.84792999700005,-23.10476000099993],[27.85395999600007,-23.09975000099996],[27.881789996000066,-23.09017000299997],[27.89492000100006,-23.082780000999946],[27.899679998000067,-23.07811000399994],[27.910189996000042,-23.07515000199993],[27.915870003000066,-23.069880001999934],[27.920090009000035,-23.06830999699997],[27.927570003000028,-23.057420002999947],[27.93597999600007,-23.05168],[27.94349,-23.036219998999968],[27.94309000100003,-23.02819],[27.937270003000037,-23.01339],[27.93791,-23.004889998999943],[27.941360001000078,-23.000530001999948],[27.942640002000076,-22.994760003999943],[27.94047000200004,-22.98015000199996],[27.935290001000055,-22.965570001999936],[27.93543,-22.962590003999935],[27.939819999000065,-22.956310001999952],[27.942420002000063,-22.955799997999975],[27.945650010000065,-22.96013999799993],[27.94835000300003,-22.96111999699997],[27.959700002000034,-22.960629997999945],[27.966160004000074,-22.954570003999947],[27.97879000300003,-22.94861999799997],[27.99357999700004,-22.93738000299993],[28.013779998000075,-22.930989996999983],[28.024409991000027,-22.92001000299996],[28.03711001000005,-22.91279000299994],[28.043580002000056,-22.903679998999962],[28.045570003000023,-22.89899999599993],[28.045450001000063,-22.893089998999983],[28.04998999700007,-22.889080002999947],[28.051319997000064,-22.88462999899997],[28.05002999800007,-22.879700000999946],[28.044470002000025,-22.871890002999976],[28.047409999000024,-22.860609990999933],[28.039209999000036,-22.84248999899995],[28.04142,-22.833080000999928],[28.04682000100007,-22.82959],[28.05622,-22.827810000999932],[28.064249999000026,-22.82888],[28.067979997000066,-22.82777],[28.073689998000077,-22.82223999799993],[28.082620002000056,-22.81716000399996],[28.09481000100004,-22.813689997999973],[28.11009000200005,-22.800479998999947],[28.121440001000053,-22.78452],[28.14095,-22.77708],[28.15096,-22.76963],[28.15637,-22.760850000999937],[28.16236999800003,-22.755859998999938],[28.164229998000053,-22.748040000999936],[28.163609998000027,-22.739729998999962],[28.158210002000033,-22.72427999799993],[28.15916,-22.719540001999974],[28.163959999000042,-22.71161000099994],[28.178330002000052,-22.695519997999952],[28.18260999900008,-22.68857000099996],[28.19793,-22.677729995999982],[28.209670001000063,-22.66446000199994],[28.21921999800003,-22.664619998999967],[28.226100001000077,-22.66045],[28.236600002000046,-22.65704999899998],[28.24659999900007,-22.65631000099995],[28.257070002000034,-22.64387],[28.26196,-22.642519997999955],[28.267229997000072,-22.638829998999938],[28.271030002000032,-22.632509997999932],[28.273899999000037,-22.62128999899994],[28.27843000200005,-22.614930000999948],[28.29116,-22.61229999799997],[28.29881000200004,-22.60869],[28.30566999900003,-22.609189998999966],[28.31124999900004,-22.606349998999974],[28.329999998000062,-22.593659996999975],[28.33605,-22.58667],[28.34141,-22.57484999899998],[28.34786000200006,-22.57178],[28.366520003000062,-22.57298],[28.383339998000054,-22.56925999899994],[28.392810001000043,-22.57045],[28.406130004000033,-22.56961999799995],[28.423139997000078,-22.573100001999933],[28.442849999000032,-22.569009995999977],[28.449960003000058,-22.56942000199996],[28.457779999000024,-22.572639996999953],[28.479130001000044,-22.570909996999944],[28.496630001000028,-22.57850000299993],[28.508950001000073,-22.58910999899996],[28.52349,-22.587370001999943],[28.53284,-22.581610001999934],[28.541870002000053,-22.57864000199993],[28.56111,-22.56218000499996],[28.564089998000043,-22.561000001999957],[28.575469999000063,-22.559800002999964],[28.617439998000066,-22.562479998999947],[28.641260002000024,-22.558030002999942],[28.65803999600007,-22.54834],[28.66418,-22.539060002999975],[28.669750002000058,-22.53468000199996],[28.67814,-22.531930002999957],[28.687790001000053,-22.533520003999968],[28.70047999800005,-22.52635000199996],[28.701149997000073,-22.52059000199995],[28.707699999000056,-22.516030000999933],[28.72226000200004,-22.511950001999935],[28.737460002000034,-22.504500002999976],[28.760240001000057,-22.503119995999953],[28.769050003000075,-22.500399998999967],[28.776180003000036,-22.500669997999978],[28.790089996000063,-22.496400000999927],[28.83105000100005,-22.488250000999983],[28.833170003000077,-22.484859996999944],[28.833710001000043,-22.47982000299993],[28.82893,-22.47069000299996],[28.82973,-22.464620002999936],[28.832479999000043,-22.46179000199993],[28.856080002000056,-22.451190002999965],[28.868869997000047,-22.447740001999932],[28.88087999700008,-22.44784],[28.886700002000055,-22.45054000099998],[28.8993,-22.453010002999974],[28.91182000300006,-22.46141999699995],[28.917360003000056,-22.461139998999954],[28.92327896200004,-22.457035037999958],[28.934119941000063,-22.441660057999968],[28.944339941000067,-22.432010057999946],[28.94448994100003,-22.426240057999962],[28.951179941000078,-22.415530057999945],[28.952439941000023,-22.404080057999977],[28.96765994100008,-22.384150057999932],[28.97144994100006,-22.37698005799996],[28.97183994100004,-22.36801005799998],[28.96903994200005,-22.357420057999946],[28.963530066000033,-22.347180057999935],[28.96413994100004,-22.337600057999964],[28.962730066000063,-22.32879005799998],[28.966359941000064,-22.30816005799994],[28.968689941000036,-22.30504005699993],[28.97610994100006,-22.30049005799998],[28.977899941000032,-22.29634005799994],[28.97764994100004,-22.29129005799996],[28.982140066000056,-22.285190056999966],[28.996479943000054,-22.28046005799996],[29.002769942000043,-22.274720057999957],[29.004859942000053,-22.262560057999963],[29.013669942000035,-22.25691005699997],[29.01278994200004,-22.237950057999967],[29.01502994200007,-22.229880057999935],[29.019799942000077,-22.226150057999973],[29.026839942000038,-22.229030057999978],[29.02886994200003,-22.228440056999943],[29.030809942000076,-22.220830057999933],[29.03693994200006,-22.21631005699993],[29.045429943000045,-22.216930057999946],[29.04902994200006,-22.219200057999956],[29.071489942000028,-22.21822005699994],[29.08131994200005,-22.22112005799994],[29.08638994200004,-22.220560056999943],[29.108019942000055,-22.21243005799994],[29.121809942000027,-22.214480057999936],[29.133269942000027,-22.213580056999945],[29.143299942000056,-22.216430057999958],[29.151079942000024,-22.21566005799997],[29.155469942000025,-22.21429005799996],[29.166159942000036,-22.20736005799995],[29.174469943000076,-22.200630056999955],[29.180539942000053,-22.192810056999974],[29.18729994200004,-22.189440057999946],[29.19076994200003,-22.185800057999927],[29.197949943000026,-22.18339005699994],[29.21147994200004,-22.181980057999965],[29.218239942000025,-22.178170057999978],[29.226959942000065,-22.17883005799996],[29.23828994200005,-22.18182005799997],[29.257729942000026,-22.193390057999977],[29.265979942000058,-22.189400057999933],[29.271159943000043,-22.193170057999964],[29.277159942000026,-22.192630057999963],[29.28421994200005,-22.18611005799994],[29.291009942000073,-22.188060057999962],[29.299399943000026,-22.185960057999978],[29.309159942000065,-22.188310057999956],[29.320619942000064,-22.187000057999967],[29.32411994200004,-22.189120057999958],[29.327509942000063,-22.200250057999938],[29.331989942000064,-22.20417005799993],[29.33516994200005,-22.20473005799994],[29.340189942000052,-22.20214005799994],[29.34659994200007,-22.192760057999976],[29.349749943000063,-22.19337005799997],[29.35280994200008,-22.19802005799994],[29.362879942000063,-22.199550057999943],[29.385569942000075,-22.192120057999944],[29.39916994300006,-22.184210056999973],[29.405829942000025,-22.18331005799996],[29.40963994300006,-22.17820005799996],[29.416849942000056,-22.175050057999954],[29.464119942000025,-22.166120057999933],[29.477829942000028,-22.16632005799994],[29.49905994200003,-22.17202005699994],[29.51081994200007,-22.17686005799993],[29.527959942000052,-22.178000057999952],[29.531639942000027,-22.175410057999954],[29.53478994200003,-22.17032005799996],[29.534179943000026,-22.15835005699995],[29.535489942000027,-22.15516005799998],[29.539249943000073,-22.15266005799998],[29.562540067000043,-22.149820057999932],[29.57483994300003,-22.142310057999964],[29.580220068000074,-22.140900057999943],[29.588309942000024,-22.143390057999966],[29.60188994300006,-22.15441005699995],[29.610239942000078,-22.155690057999948],[29.61653994200003,-22.152090056999953],[29.62211006800004,-22.14147005799998],[29.628199942000037,-22.135620057999972],[29.640729942000064,-22.13227005799996],[29.653049942000052,-22.125470056999973],[29.656709942000077,-22.12511005799996],[29.66280994300007,-22.127590057999953],[29.672639943000036,-22.138810056999944],[29.692179943000042,-22.136410056999978],[29.700229942000078,-22.137110057999962],[29.71655994200006,-22.143430056999932],[29.731919942000047,-22.14134005799997],[29.765989942000033,-22.14047005799995],[29.773589942000058,-22.141420057999937],[29.798029942000028,-22.157540057999938],[29.80522994300003,-22.165500057999964],[29.831069943000045,-22.174960057999954],[29.859929942000065,-22.175200056999927],[29.877679943000032,-22.191040057999942],[29.88452994200003,-22.19456005799998],[29.890339942000026,-22.195170056999928],[29.91599994300003,-22.189599932999954],[29.925719942000057,-22.18993005799996],[29.960549942000057,-22.212960057999965],[29.969889942000066,-22.22417005799997],[29.981889942000066,-22.223530057999938],[29.999799943000028,-22.228800057999933],[30.011249942000063,-22.227440057999956],[30.01759994200006,-22.228940057999978],[30.019849942000064,-22.23344005799993],[30.019639942000026,-22.244630057999927],[30.021869942000023,-22.249760057999936],[30.025629942000023,-22.253630057999942],[30.031479942000033,-22.255989932999967],[30.050459942000032,-22.25494005799993],[30.058059942000057,-22.257130057999973],[30.075759944000026,-22.274330057999975],[30.10128994400003,-22.28669005699993],[30.121569944000044,-22.308670056999972],[30.126169943000036,-22.311050057999978],[30.133009943000047,-22.311030056999982],[30.150229943000056,-22.30192005699996],[30.157349943000042,-22.299820057999966],[30.193219944000077,-22.296060057999966],[30.22172994400006,-22.294920056999956],[30.231139943000073,-22.29586005799996],[30.23631994300007,-22.299790057999928],[30.240589944000078,-22.30840005799996],[30.249779943000078,-22.31337005699993],[30.257619943000066,-22.320710057999975],[30.266249943000048,-22.337370057999976],[30.273699943000054,-22.346880057999954],[30.28287994300007,-22.354010056999982],[30.290239944000064,-22.356250057999944],[30.301959944000032,-22.354410057999928],[30.316349943000034,-22.347690056999966],[30.33609994300008,-22.350620057999947],[30.36107994300005,-22.34818005699998],[30.38224994400008,-22.350880057999973],[30.39916994300006,-22.344670056999973],[30.440689943000052,-22.335560056999952],[30.45220994300007,-22.331480057999954],[30.475739944000054,-22.319120057999953],[30.489389944000038,-22.316350057999955],[30.505849944000033,-22.322600057999978],[30.51738994300007,-22.323030057999972],[30.552809944000046,-22.331640057999948],[30.557659943000033,-22.329800057999933],[30.56254994300008,-22.324200057999974],[30.56705994300006,-22.32162005799995],[30.580929944000047,-22.31890993299993],[30.594749943000068,-22.319730057999948],[30.607199944000058,-22.323030057999972],[30.623099943000057,-22.33541005799998],[30.63167994300005,-22.336290057999975],[30.639060001000075,-22.33227999899998],[30.652599998000028,-22.316080002999968],[30.66326,-22.310959998999977],[30.66943999700004,-22.310619997999936],[30.708629897000037,-22.317110010999954],[30.731850001000055,-22.30937999799994],[30.749750001000052,-22.30795],[30.760279996000065,-22.304239997999957],[30.774399999000025,-22.30435000199998],[30.79593,-22.30095999799994],[30.835360003000062,-22.29195999899997],[30.869840001000057,-22.298649998999963],[30.88234999900004,-22.304750000999945],[30.885480001000076,-22.304340002999936],[30.90015,-22.29635999599998],[30.908049998000024,-22.297329996999963],[30.91717999900004,-22.30068999899993],[30.930069999000068,-22.30125],[30.933810003000076,-22.302970001999938],[30.941090001000077,-22.31199999699993],[30.946310003000065,-22.315099996999948],[30.968679997000038,-22.314919996999947],[30.97322,-22.32375000299993],[30.98089,-22.327610009999944],[30.990079997000066,-22.326600000999974],[30.992930002000037,-22.324099995999973],[30.99534994000004,-22.317520069999944],[30.99967999900008,-22.31641998999993],[31.02199000400003,-22.324460002999956],[31.050090002000047,-22.337119989999962],[31.064819999000065,-22.340720002999944],[31.08843999900006,-22.34903999599993],[31.09759000300005,-22.34772000399994],[31.14103,-22.33187000099997],[31.156530002000068,-22.328580002999956],[31.16296999900004,-22.328540001999954],[31.17409,-22.331470000999957],[31.18741001400008,-22.338930011999935],[31.200930002000064,-22.36085000099996],[31.21309999700003,-22.368690000999948],[31.220869995000044,-22.36981],[31.24945000200006,-22.36286999699996],[31.26313000400006,-22.36485999699994],[31.268500003000042,-22.36755],[31.273680004000028,-22.37476000199996],[31.27831999800003,-22.390389995999953],[31.28709,-22.404360001999976],[31.30937,-22.422010006999983],[31.30741000200004,-22.42345000399996],[31.475255564000065,-22.92559381199993],[31.545789997000043,-23.137190001999954],[31.563599990000057,-23.19822999799993],[31.555860003000078,-23.26905000399995],[31.550730001000034,-23.41028000199998],[31.56102,-23.481959996999933],[31.665840004000074,-23.59144],[31.69054999900004,-23.629440002999957],[31.697390004000056,-23.721889992999934],[31.76918000300003,-23.8878],[31.880720001000043,-23.95505000199995],[31.880919997000035,-23.967919998999946],[31.883834663000073,-23.984594453999932],[31.85268,-23.98684999699998],[31.824970003000033,-23.986160001999963],[31.82160999300004,-23.990850002999935],[31.822119997000073,-23.996509996999976],[31.820360003000076,-23.998380002999966],[31.812539999000023,-23.999310003999938],[31.804699998000046,-23.997179995999943],[31.80120999600007,-23.99409000199995],[31.79461000400005,-23.99193],[31.782690005000063,-23.982080001999975],[31.77640000300005,-23.981240001999936],[31.769969996000043,-23.983190001999958],[31.751770002000058,-23.997649998999975],[31.746559999000056,-24.003480002999936],[31.734909998000035,-24.01134],[31.73357,-24.01836000399993],[31.737270004000038,-24.03206000299997],[31.737640001000045,-24.03904999699995],[31.73581000300004,-24.04608],[31.718699996000055,-24.056840000999955],[31.70191000400007,-24.05991999699995],[31.68372,-24.059530003999953],[31.679980003000026,-24.05665000299996],[31.67432000100007,-24.042970000999958],[31.668759997000052,-24.02095000099996],[31.665980002000026,-24.0167],[31.6593,-24.014089998999964],[31.63258,-24.017890000999955],[31.620889999000042,-24.02325000199994],[31.609570003000044,-24.036289998999962],[31.608300001000032,-24.047589998999968],[31.598140002000036,-24.05631999899998],[31.594699999000056,-24.05636999799998],[31.586869997000065,-24.052779989999976],[31.58028000400003,-24.04710999799994],[31.573720003000062,-24.037279996999928],[31.56824,-24.033069996999927],[31.561119999000027,-24.03362999199993],[31.548650001000055,-24.037200002999953],[31.544570002000057,-24.042449990999955],[31.54255999700007,-24.053990003999957],[31.53791999400005,-24.055860001999974],[31.52908999600004,-24.05667],[31.520940005000057,-24.05430000399997],[31.50993,-24.043180002999975],[31.505469997000034,-24.04076],[31.481969999000057,-24.031620001999954],[31.462529997000047,-24.02964],[31.447620001000075,-24.01992000299998],[31.44093999900008,-24.020980002999977],[31.44056000300003,-24.038299995999978],[31.43119999700008,-24.052350003999948],[31.428049998000063,-24.0545],[31.419970001000024,-24.056419996999978],[31.399019999000075,-24.06755000399994],[31.395579996000038,-24.06758999599998],[31.392599998000037,-24.065830001999927],[31.38643999800007,-24.05219999899998],[31.383519997000064,-24.051290002999963],[31.37911000200006,-24.05225000599995],[31.365119999000058,-24.068460006999942],[31.360010002000024,-24.07124000099998],[31.349460004000036,-24.07274000299998],[31.320620009000038,-24.082599998999967],[31.313230007000072,-24.08135],[31.30156000200003,-24.07382999799995],[31.296390001000077,-24.073230001999946],[31.29345000400008,-24.074390000999983],[31.27507999900007,-24.09381999699997],[31.26410999600006,-24.09983],[31.257249994000063,-24.101050003999944],[31.252280003000067,-24.09773000299998],[31.24524000300005,-24.07142000099998],[31.23470000100008,-24.057569996999973],[31.22002000300006,-24.045569995999983],[31.206030001000045,-24.04103],[31.193390004000037,-24.03104000299993],[31.175659996000036,-24.036379998999962],[31.171309998000027,-24.044179998999937],[31.16984999700003,-24.058629997999958],[31.162629997000067,-24.060049997999954],[31.14708000400003,-24.069680002999974],[31.13377999800008,-24.07369999699995],[31.129339999000024,-24.072920001999933],[31.120549995000033,-24.068199997999955],[31.101550001000078,-24.070639997999933],[31.094249999000056,-24.075519996999958],[31.07213999800007,-24.083330002999958],[31.0669,-24.089630000999932],[31.063430002000075,-24.091459998999937],[31.085990002000074,-24.094519998999942],[31.120569998000065,-24.09026],[31.115100002000077,-24.119209988999955],[31.096149999000033,-24.11736000299993],[31.10726999900004,-24.145730000999947],[31.04993999800007,-24.187319996999975],[31.054369999000073,-24.23192999899993],[31.06043,-24.271800000999974],[31.05602000500005,-24.32188999699997],[31.10221000100006,-24.323730000999944],[31.152520007000078,-24.318669994999937],[31.200059999000075,-24.304949991999933],[31.242029998000078,-24.365430000999936],[31.159969998000065,-24.37557000199996],[31.15995,-24.437409997999964],[31.20324000100004,-24.426459990999945],[31.25366000200006,-24.499120000999937],[31.226180011000054,-24.556010001999937],[31.053739999000072,-24.570280000999958],[30.95931999900006,-24.582070000999977],[30.954330011000025,-24.52128],[30.90893,-24.52576999699994],[30.871709999000075,-24.538500002999967],[30.799280004000025,-24.49889000199994],[30.758979999000076,-24.460219998999946],[30.73017999900003,-24.4985],[30.732309998000062,-24.548089001999983],[30.730319997000038,-24.608729995999965],[30.701549999000065,-24.586410000999933],[30.679240003000075,-24.623670001999983],[30.70966099700007,-24.667364],[30.720100002000038,-24.70523800899997],[30.685530004000043,-24.73239999599997],[30.67856999600008,-24.735809996999933],[30.636610004000033,-24.73407999699998],[30.63371999700007,-24.758499995999955],[30.664220003000025,-24.77461],[30.656200003000038,-24.81169000099993],[30.634880004000024,-24.852770000999953],[30.61866000400005,-24.84424000499996],[30.608365003000074,-24.87241299899995],[30.579969997000035,-24.887370001999955],[30.581169997000075,-24.916909996999948],[30.562880003000032,-24.89646000099998],[30.496309997000026,-24.914720000999978],[30.49421999900005,-24.953270000999964],[30.45153999200005,-24.912000003999935],[30.43798,-24.86434],[30.42507000300003,-24.85486],[30.38973999700005,-24.849440001999938],[30.390820002000055,-24.852129996999963],[30.38971000300006,-24.860319997999966],[30.39163,-24.8623],[30.395989997000072,-24.860980006999966],[30.39862000200003,-24.868270002999964],[30.396459992000075,-24.871229995999954],[30.354170003000036,-24.849279998999975],[30.352880004000042,-24.883449997999946],[30.31089999900007,-24.872920002999933],[30.30855999700003,-24.87536000299997],[30.310029996000026,-24.880630002999965],[30.312380004000033,-24.88247999699996],[30.311739999000054,-24.88375999799996],[30.308850001000053,-24.88273],[30.308029997000062,-24.885049996999953],[30.30625999700004,-24.88426000399994],[30.306789997000067,-24.881470002999947],[30.29729,-24.867740001999948],[30.19197998900006,-24.85547000899993],[30.178470004000076,-24.922060002999956],[30.171729997000057,-24.969800000999953],[30.17206999900003,-24.989169998999955],[30.179460001000052,-24.989640002999977],[30.1792,-24.999110004999977],[30.19715999700003,-25.030879996999943],[30.19865999900003,-25.03636],[30.159340001000032,-25.02803],[30.148509997000076,-25.032350003999966],[30.148580008000067,-25.089949996999962],[30.14442999700003,-25.09121000099998],[30.144389997000076,-25.12378999899994],[30.12115,-25.12086],[30.090849999000056,-25.125500002999956],[30.090239997000026,-25.108109997999975],[30.02987,-25.064130001999956],[30.029839997000067,-25.08457],[29.978949982000074,-25.09211998199993],[30.005409971000063,-25.14438003099997],[30.009839971000076,-25.231280030999983],[30.012900037000065,-25.230960031999928],[30.000669971000036,-25.27948003199998],[30.006209971000033,-25.340340029999936],[29.937569971000073,-25.331020029999934],[29.88791996200007,-25.338579954999943],[29.88779997200004,-25.364339963999953],[29.840299972000025,-25.38632003099997],[29.837259970000048,-25.381779965999954],[29.837249971000062,-25.37681996599997],[29.832659973000034,-25.36997003099998],[29.831999973000052,-25.365479965999953],[29.827279971000053,-25.36498996599994],[29.82583997300003,-25.362109965999935],[29.82293997100004,-25.362310030999936],[29.820289970000033,-25.358869966999976],[29.820069970000077,-25.360720028999935],[29.817079972000045,-25.362019965999934],[29.793189968000036,-25.362059965999947],[29.77023997200007,-25.401530028999957],[29.72764997200005,-25.38416002899993],[29.67385997200006,-25.37216002899993],[29.612789973000076,-25.40061002999994],[29.586999973000047,-25.395160028999953],[29.522629961000064,-25.40504003999996],[29.51882997900003,-25.42279002199996],[29.45295997200003,-25.406520031999946],[29.398949972000025,-25.414830028999972],[29.349959970000043,-25.404640033999954],[29.342129973000056,-25.37307003199993],[29.321439973000054,-25.37987002999995],[29.264433960000076,-25.37546304199998],[29.25309997000005,-25.38354002999995],[29.24303997000004,-25.40358996599997],[29.237539970000057,-25.402330029999973],[29.207338979000042,-25.41457202099997],[29.195699971000067,-25.370280030999936],[29.13126997100005,-25.390240029999973],[29.14201997300006,-25.385830031999944],[29.16411997000006,-25.354480029999934],[29.174629973000037,-25.318469965999952],[29.166959960000042,-25.30336004199995],[29.11836997200004,-25.31323996599997],[29.095889973000055,-25.321180031999972],[29.090169969000044,-25.289399965999962],[29.08439997000005,-25.292880029999935],[29.082729973000028,-25.28708996599994],[29.07606997000005,-25.284609965999948],[29.072749970000075,-25.286869965999983],[29.056479970000055,-25.27933003299995],[29.050289973000076,-25.280190035999965],[29.038444972000036,-25.276459965999948],[29.034859979000032,-25.264560020999966],[29.041359971000077,-25.261029966999956],[29.031839971000068,-25.25088996599993],[29.044899972000053,-25.20220003199995],[29.042509981000023,-25.140500019999934],[29.089839961000052,-25.14845004199998],[29.086869971000056,-25.13654003099998],[29.12842997200005,-25.113039965999974],[29.105759970000065,-25.100430030999973],[29.101609973000052,-25.10272003199998],[29.09789997200005,-25.100250030999973],[29.094249973000046,-25.103210031999936],[29.09124997200007,-25.10020003099993],[29.088289967000037,-25.103620030999934],[29.08494998200007,-25.097710022999934],[29.090299970000046,-25.09179003099996],[29.085679971000047,-25.088780029999953],[29.070663960000047,-25.06546604199997],[29.018809971000053,-25.054899965999937],[28.976359970000033,-25.070830030999957],[28.97542997000005,-25.068700030999935],[28.971709970000063,-25.070179966999945],[28.94620003500006,-25.017030030999933],[28.934919971000056,-25.000010034999946],[28.91029997000004,-25.007089965999967],[28.905260035000026,-24.99595002999996],[28.909369966000042,-24.995490030999974],[28.891619982000066,-24.95548002199996],[28.941759970000078,-24.93364003099998],[28.93697996900005,-24.922849965999944],[28.924069974000076,-24.901529977999928],[28.84639,-24.933259996999936],[28.837390001000074,-24.91601],[28.759379997000053,-24.91135000099996],[28.713779997000074,-24.95362000199998],[28.658850002000065,-24.97216999699998],[28.63379999700004,-24.984389997999983],[28.605720002000055,-25.003439998999966],[28.634289996000064,-25.058240001999934],[28.60949000100004,-25.059899997999935],[28.606899997000028,-25.07039],[28.473739998000042,-25.08931999899994],[28.495239996000066,-25.131779996999967],[28.446600009000065,-25.135870001999933],[28.44297000100005,-25.128989988999933],[28.400520001000075,-25.147769997999944],[28.379259999000055,-25.155299998999965],[28.391910003000078,-25.16415000099994],[28.411020001000054,-25.20483],[28.38687999900003,-25.213389998999958],[28.461599997000064,-25.20147999699998],[28.497650001000068,-25.18183000099998],[28.532059997000033,-25.16978999899993],[28.536609999000063,-25.15241999899996],[28.596110001000056,-25.142579998999963],[28.59672000300003,-25.13846999699996],[28.636059997000075,-25.128099996999936],[28.63496000300006,-25.118330000999947],[28.648909997000032,-25.112920001999953],[28.651569996000035,-25.142899996999972]]]}},{"type":"Feature","properties":{"shapeName":"Mpumalanga","shapeISO":"MP","shapeID":"76434192B92524600968894","shapeGroup":"ZAF","shapeType":"ADM1"},"geometry":{"type":"Polygon","coordinates":[[[29.75867998600006,-27.442570014999944],[29.74659998900006,-27.43517000099996],[29.74463999900007,-27.4326],[29.732499999000026,-27.430929998999943],[29.721419999000034,-27.432770002999973],[29.719670003000033,-27.43826000399997],[29.71703,-27.43841999899996],[29.71721999700003,-27.44032999799998],[29.71056,-27.443949998999983],[29.704390002000025,-27.445390003999933],[29.69913999700003,-27.450770000999967],[29.69935999000006,-27.459090001999982],[29.702390003000062,-27.465849997999953],[29.698360002000072,-27.472560002999955],[29.699290002000055,-27.47469000199993],[29.69773001200008,-27.47541],[29.69922999700003,-27.47776],[29.70630999900004,-27.481729995999956],[29.704870003000053,-27.485829998999975],[29.706510003000062,-27.487900001999947],[29.70143,-27.49394999599997],[29.698879996000073,-27.49468000099995],[29.693549999000027,-27.49225],[29.688319999000043,-27.493499997999947],[29.685810004000075,-27.497759997999935],[29.681030011000075,-27.500130001999935],[29.679480003000037,-27.49681000099997],[29.674130001000037,-27.49800000199997],[29.66685999300006,-27.495899995999935],[29.655059996000034,-27.496239998999954],[29.650529997000035,-27.49974999799997],[29.64941,-27.50422999699998],[29.63678,-27.50471999699994],[29.629659997000033,-27.50231],[29.625529999000037,-27.50572],[29.618910002000064,-27.506020001999957],[29.609319997000057,-27.496440002999975],[29.606839997000066,-27.49659],[29.603980001000025,-27.4942],[29.604880007000077,-27.48541000299997],[29.601829998000028,-27.481650000999934],[29.60390000800004,-27.4802],[29.60095999500004,-27.476839997999946],[29.602950003000046,-27.47413],[29.601590001000034,-27.471779998999978],[29.59982,-27.472809996999956],[29.60071,-27.470059997999954],[29.59932000300006,-27.46890999699997],[29.59792999800004,-27.470099997999966],[29.59441000100003,-27.467420001999983],[29.589660003000063,-27.466339997999967],[29.588960001000032,-27.463250002999928],[29.58449999800007,-27.464360002999967],[29.58356,-27.462309997999967],[29.58458999800007,-27.46186999599996],[29.58103999900004,-27.460719995999966],[29.580019999000058,-27.45839000099994],[29.57811,-27.45958000199994],[29.57673999900004,-27.456949995999935],[29.578680001000066,-27.456509996999955],[29.57909999700007,-27.45445],[29.56906999200004,-27.442099997999946],[29.567529998000055,-27.44128000099994],[29.563300002000062,-27.44267999699997],[29.561289997000074,-27.441330000999983],[29.55994,-27.432179996999935],[29.556149997000034,-27.43096000199995],[29.55405,-27.43195999699998],[29.54646000200006,-27.43111999699994],[29.546309997000037,-27.429220002999955],[29.550010001000032,-27.424099998999964],[29.542550004000077,-27.41996000299997],[29.54736999800008,-27.414099996999937],[29.55204000300006,-27.413569996999968],[29.54914999600004,-27.409179996999967],[29.54891,-27.40473000099996],[29.552029996000044,-27.39875],[29.55019999900003,-27.397829997999963],[29.543490002000055,-27.39900000399996],[29.541569997000067,-27.391480000999934],[29.538069997000036,-27.387029996999956],[29.52714001000004,-27.394109997999976],[29.525709996000046,-27.38626],[29.52981,-27.38640999699993],[29.530439998000077,-27.38276999699997],[29.52715,-27.37828],[29.523919999000043,-27.377179997999974],[29.51834999700003,-27.377870001999952],[29.522170003000042,-27.382780002999937],[29.52002,-27.384369995999975],[29.511919998000053,-27.379569991999972],[29.508840002000056,-27.376379997999948],[29.508729998000035,-27.372740000999954],[29.509479998000074,-27.36921999599997],[29.512440008000056,-27.367850002999944],[29.505219999000076,-27.36504999699997],[29.50294000300005,-27.358179995999933],[29.486550002000058,-27.362790004999965],[29.482769997000048,-27.360039996999944],[29.483010001000025,-27.35692999799994],[29.487130001000025,-27.35063],[29.484849997000026,-27.347029993999968],[29.489870003000078,-27.344669995999936],[29.49010000100003,-27.33686999699995],[29.4878,-27.337550001999944],[29.48652,-27.34069999299993],[29.483729999000047,-27.338780003999943],[29.486370003000047,-27.327369998999927],[29.48332000100004,-27.328079998999954],[29.48262999800005,-27.33223000099997],[29.48074000300005,-27.33281999199994],[29.46937999800008,-27.32480999699993],[29.470220006000034,-27.320369997999933],[29.467620004000025,-27.31561000299996],[29.47223000300005,-27.309509998999943],[29.46975000300006,-27.30357],[29.470939996000027,-27.301509995999936],[29.46874000200006,-27.301489998999955],[29.470009996000044,-27.300259996999955],[29.46866,-27.298749998999938],[29.466340003000028,-27.299],[29.463669997000068,-27.287719996999954],[29.46173000300007,-27.285340003999977],[29.461059996000074,-27.286689998999975],[29.45909,-27.286320002999958],[29.460289999000054,-27.28438000099993],[29.456489997000062,-27.284209998999984],[29.45659000300003,-27.281500000999984],[29.45479,-27.282619998999962],[29.45514999900007,-27.279609996999966],[29.453339998000047,-27.276949997999964],[29.451749997000036,-27.27633999699998],[29.450639997000053,-27.27813],[29.450679998000055,-27.274810000999935],[29.448329998000077,-27.275380000999974],[29.448109998000064,-27.27298000299993],[29.44343000300006,-27.266929997999966],[29.43946,-27.267649995999932],[29.436430003000055,-27.261009995999927],[29.43569,-27.262840000999972],[29.43435000200003,-27.261330001999966],[29.432040003000054,-27.262199996999982],[29.42817999600004,-27.25386999699998],[29.424770004000038,-27.254749997999966],[29.42653999600003,-27.256280001999983],[29.423320002000025,-27.257560001999934],[29.421320003000062,-27.256609998999977],[29.421959999000023,-27.25403999799994],[29.42030000300008,-27.25386999699998],[29.419410003000053,-27.255390002999945],[29.415099998000073,-27.25048],[29.410690010000053,-27.252340000999936],[29.40432000800007,-27.25230000099998],[29.401459988000056,-27.24955999799994],[29.400209998000037,-27.24292999599993],[29.39086999600005,-27.24272999899995],[29.38687999600006,-27.24357],[29.39021000300005,-27.24765999699997],[29.387460004000047,-27.24989000399995],[29.38633999800004,-27.248949995999965],[29.389039998000044,-27.24746000099998],[29.38837999800006,-27.245969997999964],[29.38451,-27.248999994999963],[29.380709998000043,-27.24738999799996],[29.375129998000034,-27.250989996999976],[29.372620003000065,-27.25026],[29.36976999700005,-27.251490002999958],[29.36187,-27.247020001999942],[29.35317000200007,-27.249810001999947],[29.35150999800004,-27.24866000199995],[29.342710003000036,-27.248469995999983],[29.33968999600006,-27.252039998999976],[29.34081000200007,-27.26037],[29.33917000200006,-27.26365],[29.338219997000067,-27.264549987999942],[29.33116,-27.26342999899998],[29.32532999700004,-27.25208],[29.32806,-27.246639998999967],[29.332149997000045,-27.244649997999943],[29.335239999000066,-27.239800000999935],[29.334409997000023,-27.23641999599994],[29.338219997000067,-27.235100001999967],[29.336150003000057,-27.231990002999964],[29.33213999900005,-27.230469997999933],[29.33621,-27.226709996999944],[29.33352999600004,-27.22394],[29.335079996000047,-27.22260000199998],[29.336500004000072,-27.224590002999946],[29.337750002000064,-27.22394],[29.335559990000036,-27.22186],[29.33711999600007,-27.218109996999942],[29.335930011000073,-27.214459998999928],[29.33546,-27.21729],[29.332899998000073,-27.217029998999976],[29.332920002000037,-27.219100001999948],[29.33150000300003,-27.218239996999955],[29.33413999800007,-27.214100000999963],[29.331129997000062,-27.213040000999968],[29.33117999600006,-27.210339998999928],[29.33278000400003,-27.210060001999977],[29.33257000100008,-27.20855000199998],[29.334629998000025,-27.20888999699997],[29.33506999000008,-27.207360000999984],[29.33084000200006,-27.20800999599993],[29.329900003000034,-27.203619996999976],[29.32553,-27.20848998899993],[29.31816000300006,-27.210460000999944],[29.31428999800005,-27.209660002999954],[29.31123999600004,-27.21126000099997],[29.311949996000067,-27.21415],[29.308969998000066,-27.21619999799998],[29.304600003000076,-27.21509999699998],[29.30054,-27.211939997999934],[29.30186000200007,-27.20973999599994],[29.29881,-27.209189998999932],[29.297180007000065,-27.205829996999967],[29.297960002000025,-27.204109995999943],[29.29544000100003,-27.203140003999977],[29.295750001000044,-27.201039997999942],[29.291649997000036,-27.199600001999954],[29.28866000100004,-27.19652999599998],[29.28763000300006,-27.19270999799994],[29.2849,-27.192470001999936],[29.28711000100003,-27.191129995999972],[29.286390003000065,-27.19031999799995],[29.28408000400003,-27.19071],[29.28389999600006,-27.19363999899997],[29.28184999800004,-27.19213999699997],[29.284999998000046,-27.194969997999976],[29.281889999000043,-27.19959000399996],[29.280739999000048,-27.198909998999966],[29.281979999000043,-27.19500999899998],[29.27668000400007,-27.19433000199996],[29.27318000400004,-27.195639997999933],[29.274679997000078,-27.192719996999983],[29.272189998000044,-27.191620003999958],[29.271940004000044,-27.19620999899996],[29.268209997000042,-27.19829999799998],[29.26826000400007,-27.19610000299997],[29.270779997000034,-27.195790002999956],[29.269370004000052,-27.19293999599995],[29.270249997000064,-27.18933999799998],[29.265679998000053,-27.191590000999952],[29.268189993000078,-27.18486],[29.26680000300007,-27.184039995999967],[29.265780004000078,-27.18675000199994],[29.263250004000042,-27.18738000099995],[29.26021999900007,-27.18380999799996],[29.26292,-27.18296999599994],[29.26044,-27.181339995999963],[29.25827000700008,-27.184329998999942],[29.256270001000075,-27.194610007999984],[29.25351000300003,-27.193970001999958],[29.254090002000055,-27.189680001999932],[29.246290002000023,-27.191969996999944],[29.245310003000043,-27.190939997999976],[29.246529999000074,-27.188469994999934],[29.24429000300006,-27.18619],[29.24259999700007,-27.18613000199997],[29.241910001000065,-27.188419995999936],[29.239610008000056,-27.18631000199997],[29.240629992000038,-27.18458000299995],[29.243360003000078,-27.18525000099993],[29.243659997000066,-27.18351000399997],[29.24125,-27.18225999799995],[29.234720003000064,-27.183160001999966],[29.236490004000075,-27.177590000999942],[29.235509997000065,-27.17308998799996],[29.22980999400005,-27.16722999899997],[29.230709999000055,-27.160369996999975],[29.228109997000047,-27.161079996999945],[29.228589998000075,-27.156799992999936],[29.226980001000072,-27.155349998999952],[29.229159999000046,-27.15100999899994],[29.227119999000024,-27.14990000699993],[29.22778999800005,-27.147079988999963],[29.22387000200007,-27.14470000299997],[29.215760002000025,-27.147630000999982],[29.20970999900004,-27.142379996999978],[29.20397000300005,-27.144870003999984],[29.19791999100005,-27.14062000299998],[29.195039999000073,-27.140209995999953],[29.192699997000034,-27.13704999899994],[29.192559999000025,-27.140299996999943],[29.189679999000077,-27.14094],[29.190209999000047,-27.14325],[29.18305000400005,-27.14542999899993],[29.17982000300003,-27.144120001999966],[29.178230002000078,-27.14653999799998],[29.170070003000035,-27.141430000999947],[29.15945,-27.143110001999958],[29.15879,-27.14607000199993],[29.15614998800004,-27.144930000999977],[29.152649996000036,-27.146],[29.151020002000053,-27.151900006999938],[29.147369997000055,-27.149080002999938],[29.146050004000074,-27.152749995999955],[29.14167000200007,-27.15380999799993],[29.13765999800006,-27.152410001999954],[29.13632,-27.154609997999955],[29.137950002000025,-27.158409997999968],[29.13716000100004,-27.161249990999977],[29.133420004000072,-27.162560001999964],[29.132100002000072,-27.160170000999983],[29.131570002000046,-27.16244],[29.12958000100008,-27.162820001999933],[29.129570003000026,-27.16836000199993],[29.126910003000035,-27.168999998999936],[29.126499997000053,-27.16709999799997],[29.124419997000075,-27.16722999899997],[29.12060999700003,-27.17184999699998],[29.116940003000025,-27.172390002999975],[29.113660003000064,-27.163239997999938],[29.114110002000075,-27.158909995999977],[29.112099998000076,-27.15282999799996],[29.113450001000047,-27.149559996999983],[29.110629999000025,-27.14771000099995],[29.10744999700006,-27.141889996999964],[29.10135000200006,-27.137239991999934],[29.101830003000032,-27.134240001999956],[29.105409998000027,-27.13376],[29.104010001000063,-27.13034000199997],[29.09924,-27.12688000199995],[29.09702999900003,-27.12273],[29.091730002000077,-27.12113999899998],[29.09273999100003,-27.11816],[29.08881000200006,-27.11855000199995],[29.086230003000026,-27.116010003999975],[29.08865,-27.112999996999974],[29.085729999000023,-27.110259996999957],[29.08643,-27.106680000999972],[29.083289999000044,-27.10542999699993],[29.077730002000067,-27.092579995999984],[29.073719999000048,-27.090820006999934],[29.07183000300006,-27.085729998999966],[29.06733,-27.085500000999957],[29.06467,-27.08366999599997],[29.06192,-27.085269995999965],[29.055739997000046,-27.08134],[29.05574999600003,-27.07872999899996],[29.060869999000033,-27.078529996999976],[29.06213000200006,-27.07554],[29.061030001000063,-27.07175000199993],[29.065439998000045,-27.06508],[29.067389998000067,-27.064739997999936],[29.06822999800005,-27.067429998999955],[29.070070001000033,-27.06775999599995],[29.07195999700008,-27.065939997999976],[29.07079999800004,-27.063970000999973],[29.073290003000068,-27.06499999899995],[29.074230002000036,-27.063179998999942],[29.070820002000062,-27.060060001999943],[29.071949999000026,-27.05631],[29.06831,-27.055009995999967],[29.061830001000033,-27.048869998999976],[29.061539998000057,-27.04597999899994],[29.064509998000062,-27.044529998999963],[29.064859999000078,-27.04283000099997],[29.05332000100003,-27.033689995999964],[29.05360999800007,-27.029930001999958],[29.05978000300007,-27.016359996999938],[29.05723,-27.00929999899995],[29.05045,-27.005709998999976],[29.04345999800006,-27.00383999899998],[29.03884,-27.00482],[29.038770003000025,-27.022490000999937],[29.035240001000034,-27.02729],[29.03124000300005,-27.02895999499998],[29.026179998000032,-27.02209],[29.028079999000056,-27.018450001999952],[29.02701999800007,-27.01643],[29.022679998000058,-27.01528],[29.009729999000058,-27.00641000099995],[28.993490003000034,-27.003199996999967],[28.96953,-26.99161],[28.967170002000046,-26.99161],[28.966079999000044,-26.994880002999935],[28.96149000400004,-26.998899995999977],[28.954349997000065,-27.01173999899993],[28.941179999000042,-27.015480003999983],[28.93457,-27.015360000999976],[28.928850001000058,-27.014749991999963],[28.92521000200003,-27.012089998999954],[28.92039,-27.011079997999957],[28.912750003000042,-27.01794999699996],[28.90754,-27.020139994999965],[28.904160002000026,-27.019830000999946],[28.89356000400005,-27.01340000199997],[28.885349998000038,-27.024819996999952],[28.89385999800004,-27.026539997999976],[28.898029997000037,-27.029620002999934],[28.89913999600003,-27.03465999599996],[28.896209997000028,-27.04266999899994],[28.90045,-27.048060001999943],[28.89627000300004,-27.053950009999937],[28.88860000300008,-27.05927000099996],[28.87989,-27.055230001999973],[28.869879999000034,-27.031599997999933],[28.86453999500003,-27.03052],[28.85786999900006,-27.02492001099995],[28.85219999900005,-27.02734999599994],[28.84362000400006,-27.03911999899998],[28.838959997000075,-27.04161999699994],[28.834389998000063,-27.041659996999954],[28.825889997000047,-27.037009996999927],[28.814009998000074,-27.04257],[28.81080999900007,-27.03833999699998],[28.81168000200006,-27.03335999899997],[28.80977000300004,-27.019279996999956],[28.804889996000043,-27.01152999699997],[28.801329999000075,-27.01254999599996],[28.80195999700004,-27.01720000499995],[28.797810002000062,-27.026359998999965],[28.795020002000058,-27.02893],[28.792220004000058,-27.025380000999974],[28.773830004000047,-27.01896],[28.77682,-27.009049996999977],[28.77067999600007,-27.002990001999933],[28.763870002000033,-27.0019],[28.75524,-26.997429998999962],[28.743689997000047,-27.003390002999936],[28.73649000100005,-27.00170000299994],[28.731120003000058,-26.99547999899994],[28.725370001000044,-26.98460000199998],[28.71575000100006,-26.979100002999928],[28.71381,-26.971609994999937],[28.710910003000038,-26.96919],[28.706220002000066,-26.96871],[28.69998000100003,-26.975650001999952],[28.683379998000078,-26.97518],[28.661439999000038,-26.96078999699995],[28.654460003000054,-26.960190001999933],[28.64552000100008,-26.952700001999972],[28.64338000300006,-26.95422],[28.636859996000055,-26.95505000099996],[28.634539991000054,-26.96201],[28.621450002000074,-26.96884],[28.605039997000063,-26.99320999899993],[28.605850003000057,-26.994379996999953],[28.609710002000043,-26.99379],[28.617240002000074,-27.00016999899998],[28.623289998000075,-26.99506999199997],[28.63299999700007,-26.990929995999977],[28.64582000300004,-26.992369998999948],[28.653480004000073,-26.995259997999938],[28.65579000300005,-26.998610001999964],[28.651320002000034,-27.00943],[28.648949997000045,-27.010869986999978],[28.647330002000047,-27.016619997999953],[28.644429998000078,-27.020310002999963],[28.642320002000076,-27.021049996999977],[28.63936000900003,-27.019870002999937],[28.625530002000062,-27.010740003999956],[28.608290002000047,-27.008220009999945],[28.608889936000026,-27.02070000599997],[28.593249997000044,-27.023849996999957],[28.583269999000038,-27.03783999899997],[28.57622999800003,-27.039169997999977],[28.568950001000076,-27.03495],[28.560830003000035,-27.039389997999933],[28.559209962000068,-27.041130013999975],[28.560729997000067,-27.04789999899998],[28.559889996000038,-27.054229998999972],[28.55464,-27.06043000099993],[28.53439,-27.06695999699997],[28.53273100100006,-27.063757995999936],[28.53637000200007,-27.05604000099993],[28.54574999700003,-27.052940000999968],[28.549739997000074,-27.04501],[28.549549999000078,-27.04128000199995],[28.54285999900003,-27.034720001999972],[28.53849000400004,-27.03366000099993],[28.530819997000037,-27.02710000199994],[28.527619998000034,-27.01802],[28.503580025000076,-27.008029980999936],[28.5043,-27.00215000099996],[28.51087999600003,-26.99277],[28.509610002000045,-26.98661],[28.500449999000068,-26.977759996999964],[28.492429999000024,-26.97556000299994],[28.485850002000063,-26.971109997999974],[28.477869996000038,-26.95028999699997],[28.47542999700005,-26.950509996999983],[28.47031000100003,-26.95648],[28.4712,-26.95843],[28.475649997000062,-26.960180002999948],[28.475999998000077,-26.96267000199998],[28.470160012000065,-26.97279999699998],[28.47242000400007,-26.98000000099995],[28.467550003000042,-26.98275999799995],[28.464529996000067,-26.982859988999962],[28.461599997000064,-26.977420001999974],[28.46131000200006,-26.97229],[28.451399999000046,-26.963770001999933],[28.443760002000033,-26.96025999699998],[28.436639945000024,-26.964550007999947],[28.436469998000064,-26.96689],[28.451489999000046,-26.978859989999933],[28.45135,-26.981330000999947],[28.431710002000045,-27.005669997999973],[28.418489996000062,-27.012979997999935],[28.414820003000045,-27.010400000999937],[28.413460001000033,-27.006239998999945],[28.426109997000026,-26.99401000699993],[28.429050002000054,-26.98917000199998],[28.420699997000042,-26.978080003999935],[28.414899997000077,-26.97296],[28.405009998000025,-26.955109998999944],[28.40034999900007,-26.950869995999938],[28.40150999800005,-26.94066999699993],[28.399559990000057,-26.935690000999955],[28.38896999800005,-26.930699996999977],[28.37261,-26.934739995999962],[28.362100001000044,-26.93180999799995],[28.35289,-26.93160000299997],[28.347600003000025,-26.933960000999946],[28.329520003000027,-26.947229997999955],[28.32453,-26.948959996999974],[28.32063,-26.941919995999967],[28.319690002000073,-26.93651999499997],[28.330249999000046,-26.928429998999945],[28.331260001000032,-26.925900000999945],[28.33012999700003,-26.923940001999938],[28.32191000100005,-26.92257000199993],[28.31460000100003,-26.924740001999965],[28.312489998000046,-26.927859997999974],[28.311109999000053,-26.935900001999983],[28.306030004000036,-26.940629995999927],[28.301690003000033,-26.94089999499994],[28.288620003000062,-26.928089995999983],[28.281360002000042,-26.914770001999955],[28.2815,-26.90606999599993],[28.277460002000055,-26.906480002999956],[28.26701,-26.91429999899998],[28.262570002000075,-26.914770001999955],[28.260860007000076,-26.91144000299994],[28.26181000300005,-26.90268999899996],[28.251710003000028,-26.893029997999975],[28.25146,-26.889209998999945],[28.24428,-26.88477999899993],[28.248409998000056,-26.884060000999966],[28.243464999000025,-26.873693001999982],[28.261910001000047,-26.87524000299993],[28.263330001000043,-26.86646000299993],[28.284309997000037,-26.86438000299995],[28.283520004000025,-26.877069991999974],[28.30955,-26.87942999699993],[28.325010001000066,-26.84107000299997],[28.322570002000077,-26.82022],[28.31929001000003,-26.81942],[28.31832999900007,-26.8118],[28.32160999900003,-26.81172999699993],[28.319410004000076,-26.79266999699996],[28.339379999000073,-26.78559000299998],[28.34345,-26.78546000299997],[28.342590003000055,-26.77909000099993],[28.34911000200003,-26.777869996999982],[28.34819999900003,-26.77290998899997],[28.406850002000056,-26.761710001999973],[28.393969999000035,-26.71675],[28.38296000300005,-26.71753000299998],[28.40009999700004,-26.655045],[28.41498999600003,-26.656219998999973],[28.422019999000042,-26.654729995999958],[28.44382999800007,-26.65443000299996],[28.44310000100006,-26.639169996999954],[28.490280004000056,-26.63533000299998],[28.479809998000064,-26.617520001999935],[28.48160000300004,-26.617109996999943],[28.483070001000044,-26.61867000199993],[28.486009998000043,-26.60960999799994],[28.487739998000052,-26.60855999699993],[28.49110999800007,-26.610530007999955],[28.498750002000065,-26.60390999499998],[28.50758999800007,-26.60384],[28.50628000300003,-26.596480001999964],[28.50891,-26.593839997999964],[28.505440003000047,-26.58966000099997],[28.527839999000037,-26.59063999899996],[28.532979999000077,-26.57789999499994],[28.528480003000027,-26.564859997999974],[28.52601000100003,-26.562499998999954],[28.524215001000073,-26.528499993999958],[28.527659999000036,-26.502209995999976],[28.533190001000037,-26.500890002999938],[28.53750999700003,-26.50326999699996],[28.541820003000055,-26.500979993999977],[28.54058000200007,-26.50361999699993],[28.543669997000052,-26.507039996999936],[28.573780001000046,-26.51614000199993],[28.56899000100003,-26.525000001999956],[28.57715999800007,-26.526829998999972],[28.58003,-26.51802999599994],[28.586649997000052,-26.52003000299993],[28.584909999000047,-26.53856000199994],[28.638150003000078,-26.547309998999935],[28.631190004000075,-26.524640002999945],[28.641620001000035,-26.507569995999972],[28.649890004000042,-26.511090001999946],[28.650219992000075,-26.50795],[28.65344000300007,-26.508679996999945],[28.66179999800005,-26.505860001999963],[28.68895,-26.513090000999966],[28.763910003000035,-26.518009998999958],[28.76592,-26.47144999799997],[28.780300004000026,-26.450520000999973],[28.786489998000036,-26.449169996999956],[28.783810002000052,-26.438129997999965],[28.789930001000073,-26.426450002999957],[28.79999999900008,-26.424020000999974],[28.799060001000043,-26.421149998999965],[28.805499998000073,-26.422169998999948],[28.832150003000038,-26.40776000099993],[28.861289998000075,-26.398569995999935],[28.85032999300006,-26.36704],[28.838440003000073,-26.340750001999936],[28.817800001000023,-26.34572000099996],[28.805080002000068,-26.30659000199995],[28.7789,-26.316929997999978],[28.753619996000054,-26.320720001999973],[28.73936000300006,-26.32453000199996],[28.710120010000026,-26.34124000099996],[28.672727997000038,-26.320913],[28.672797011000057,-26.311687997999968],[28.62690000200007,-26.292439996999974],[28.622290003000046,-26.24837999799996],[28.58197000200005,-26.23729],[28.53053999900004,-26.225309994999975],[28.534290002000034,-26.172240000999977],[28.52715000300003,-26.178740003999962],[28.52133999600005,-26.14449001099996],[28.49050000400007,-26.126392000999942],[28.496949999000037,-26.10387000099996],[28.505180001000042,-26.099219998999956],[28.501190010000073,-26.089569990999962],[28.515820001000066,-26.08124999599994],[28.50305499700005,-26.063800002999983],[28.515765,-26.05852499899993],[28.53076999800004,-26.061569996999935],[28.538629996000054,-26.04781000199995],[28.578939997000077,-26.059590002999983],[28.586748999000065,-26.016024998999967],[28.590949997000052,-26.00247999299995],[28.632260004000045,-25.970779996999966],[28.65266,-25.974250001999962],[28.710840001000065,-25.990589995999983],[28.757540001000052,-25.99057999799993],[28.757880003000025,-25.983740008999973],[28.762410002000024,-25.98306000399998],[28.773859998000034,-26.01365999799998],[28.793860004000067,-26.00457],[28.832929998000054,-26.00480999699994],[28.864839998000036,-26.001269994999973],[28.86735,-26.00705],[28.885049996000077,-25.974399997999967],[28.885240002000046,-25.97137000099997],[28.883290002000024,-25.971410009999943],[28.88254000200004,-25.969780000999947],[28.879509996000024,-25.925240998999982],[28.888960002000033,-25.88032999799998],[28.88388999800003,-25.87835000299998],[28.8868,-25.87142999599996],[28.93817999600003,-25.888640000999942],[28.950449,-25.83735299799997],[28.943340001000024,-25.824369995999973],[28.938169999000024,-25.823284995999927],[28.95758700500005,-25.774646],[28.981310002000043,-25.74254000199994],[28.950672998000073,-25.72827300299997],[28.96883,-25.67330999799998],[29.064620001000037,-25.64241999899997],[29.05655000300004,-25.632600002999936],[29.06613999900003,-25.630480000999967],[29.06419998900003,-25.62065999799995],[29.03999999800004,-25.61755],[29.045619999000053,-25.58080000299998],[29.04199999700006,-25.57325999699998],[29.034289998000077,-25.56339000899993],[29.06840999700006,-25.55228],[29.086889996000025,-25.548619995999957],[29.098420003000058,-25.537730001999932],[29.091370003000065,-25.530589995999946],[29.080009998000037,-25.494630007999945],[29.07735999700003,-25.49622999899998],[29.07872999700004,-25.499590000999945],[29.05873999800008,-25.527230002999943],[29.048189999000044,-25.520219994999934],[29.04741999400005,-25.516950002999977],[29.04221,-25.52098000199993],[29.035959999000056,-25.521260000999973],[29.01372999700004,-25.513180002999945],[29.019020001000058,-25.527789997999946],[29.010579997000036,-25.53319999699994],[29.00671999900004,-25.537600002999966],[28.99324,-25.542520001999947],[28.98814999900003,-25.539529997999978],[28.986931,-25.540199],[29.007760003000044,-25.57416000099994],[28.94654,-25.599799996999934],[28.91516000100006,-25.558],[28.91009000400004,-25.52445999799994],[28.858223998000028,-25.56906499799993],[28.87408000100004,-25.52706],[28.869879999000034,-25.524750001999962],[28.851780003000044,-25.50181],[28.821859998000036,-25.52244000199994],[28.79705400100005,-25.54204499599996],[28.80854000100004,-25.573249996999948],[28.84311,-25.56644000299997],[28.858380004000026,-25.634809995999944],[28.86290000300005,-25.635549998999977],[28.871950002000062,-25.64162999699994],[28.8693,-25.658119994999936],[28.845699996000064,-25.65230999599993],[28.841569998000068,-25.65446000099996],[28.835459997000044,-25.64560999899993],[28.83601000300007,-25.63736999799994],[28.811500004000038,-25.64303],[28.810030004000055,-25.659119997999937],[28.822919997000042,-25.658920002999935],[28.846950004000064,-25.68242000099997],[28.81929999600004,-25.695090000999983],[28.80823999900008,-25.68903],[28.792730001000052,-25.70242999499993],[28.779319997000073,-25.701939995999965],[28.769259997000063,-25.698779998999953],[28.76809,-25.70091999699997],[28.7653,-25.700639998999975],[28.76494000200006,-25.703599992999955],[28.757220003000043,-25.705879996999954],[28.75742999700003,-25.69532999699993],[28.75284988900006,-25.69391058399998],[28.75900000100006,-25.678020002999972],[28.76631000200007,-25.64697999899994],[28.73818,-25.633869997999966],[28.72387,-25.63177000099995],[28.722059998000077,-25.64418000099994],[28.7088,-25.68282],[28.683779997000045,-25.67538],[28.672701937000056,-25.66503180899997],[28.674695001000032,-25.658849990999954],[28.642512003000036,-25.589865002999943],[28.647255004000044,-25.58563000199996],[28.64544999800006,-25.585779998999953],[28.635000004000062,-25.559159997999927],[28.62667000400006,-25.531149997999933],[28.625750002000075,-25.52304999599994],[28.634,-25.51989],[28.632059999000035,-25.488410001999966],[28.620989998000027,-25.470659998999963],[28.6154,-25.467860000999963],[28.62084999900003,-25.463219998999932],[28.629470002000062,-25.459369997999943],[28.62526000200006,-25.447629997999968],[28.619789998000044,-25.41138999599997],[28.638939997000023,-25.393980003999957],[28.62257999800005,-25.33364999899993],[28.63317999800006,-25.33148999599996],[28.641260002000024,-25.32763999699995],[28.679210006000062,-25.302999995999983],[28.69563000200003,-25.294460002999983],[28.732940003000067,-25.282699996999952],[28.739590001000067,-25.28853000099997],[28.732429999000033,-25.26917],[28.76384999000004,-25.221090000999936],[28.77909999600007,-25.230819994999933],[28.784560003000024,-25.22865999399994],[28.77541,-25.18377000299995],[28.776500002000034,-25.183720002999962],[28.757419998000046,-25.149859996999965],[28.75915999700004,-25.149719996999977],[28.74458899700005,-25.10961200099996],[28.710110005000047,-25.116060002999973],[28.66830999800004,-25.13852498999995],[28.651569996000035,-25.142899996999972],[28.648909997000032,-25.112920001999953],[28.63496000300006,-25.118330000999947],[28.636059997000075,-25.128099996999936],[28.59672000300003,-25.13846999699996],[28.596110001000056,-25.142579998999963],[28.536609999000063,-25.15241999899996],[28.532059997000033,-25.16978999899993],[28.497650001000068,-25.18183000099998],[28.461599997000064,-25.20147999699998],[28.38687999900003,-25.213389998999958],[28.411020001000054,-25.20483],[28.391910003000078,-25.16415000099994],[28.379259999000055,-25.155299998999965],[28.400520001000075,-25.147769997999944],[28.44297000100005,-25.128989988999933],[28.446600009000065,-25.135870001999933],[28.495239996000066,-25.131779996999967],[28.473739998000042,-25.08931999899994],[28.606899997000028,-25.07039],[28.60949000100004,-25.059899997999935],[28.634289996000064,-25.058240001999934],[28.605720002000055,-25.003439998999966],[28.63379999700004,-24.984389997999983],[28.658850002000065,-24.97216999699998],[28.713779997000074,-24.95362000199998],[28.759379997000053,-24.91135000099996],[28.837390001000074,-24.91601],[28.84639,-24.933259996999936],[28.924069974000076,-24.901529977999928],[28.93697996900005,-24.922849965999944],[28.941759970000078,-24.93364003099998],[28.891619982000066,-24.95548002199996],[28.909369966000042,-24.995490030999974],[28.905260035000026,-24.99595002999996],[28.91029997000004,-25.007089965999967],[28.934919971000056,-25.000010034999946],[28.94620003500006,-25.017030030999933],[28.971709970000063,-25.070179966999945],[28.97542997000005,-25.068700030999935],[28.976359970000033,-25.070830030999957],[29.018809971000053,-25.054899965999937],[29.070663960000047,-25.06546604199997],[29.085679971000047,-25.088780029999953],[29.090299970000046,-25.09179003099996],[29.08494998200007,-25.097710022999934],[29.088289967000037,-25.103620030999934],[29.09124997200007,-25.10020003099993],[29.094249973000046,-25.103210031999936],[29.09789997200005,-25.100250030999973],[29.101609973000052,-25.10272003199998],[29.105759970000065,-25.100430030999973],[29.12842997200005,-25.113039965999974],[29.086869971000056,-25.13654003099998],[29.089839961000052,-25.14845004199998],[29.042509981000023,-25.140500019999934],[29.044899972000053,-25.20220003199995],[29.031839971000068,-25.25088996599993],[29.041359971000077,-25.261029966999956],[29.034859979000032,-25.264560020999966],[29.038444972000036,-25.276459965999948],[29.050289973000076,-25.280190035999965],[29.056479970000055,-25.27933003299995],[29.072749970000075,-25.286869965999983],[29.07606997000005,-25.284609965999948],[29.082729973000028,-25.28708996599994],[29.08439997000005,-25.292880029999935],[29.090169969000044,-25.289399965999962],[29.095889973000055,-25.321180031999972],[29.11836997200004,-25.31323996599997],[29.166959960000042,-25.30336004199995],[29.174629973000037,-25.318469965999952],[29.16411997000006,-25.354480029999934],[29.14201997300006,-25.385830031999944],[29.13126997100005,-25.390240029999973],[29.195699971000067,-25.370280030999936],[29.207338979000042,-25.41457202099997],[29.237539970000057,-25.402330029999973],[29.24303997000004,-25.40358996599997],[29.25309997000005,-25.38354002999995],[29.264433960000076,-25.37546304199998],[29.321439973000054,-25.37987002999995],[29.342129973000056,-25.37307003199993],[29.349959970000043,-25.404640033999954],[29.398949972000025,-25.414830028999972],[29.45295997200003,-25.406520031999946],[29.51882997900003,-25.42279002199996],[29.522629961000064,-25.40504003999996],[29.586999973000047,-25.395160028999953],[29.612789973000076,-25.40061002999994],[29.67385997200006,-25.37216002899993],[29.72764997200005,-25.38416002899993],[29.77023997200007,-25.401530028999957],[29.793189968000036,-25.362059965999947],[29.817079972000045,-25.362019965999934],[29.820069970000077,-25.360720028999935],[29.820289970000033,-25.358869966999976],[29.82293997100004,-25.362310030999936],[29.82583997300003,-25.362109965999935],[29.827279971000053,-25.36498996599994],[29.831999973000052,-25.365479965999953],[29.832659973000034,-25.36997003099998],[29.837249971000062,-25.37681996599997],[29.837259970000048,-25.381779965999954],[29.840299972000025,-25.38632003099997],[29.88779997200004,-25.364339963999953],[29.88791996200007,-25.338579954999943],[29.937569971000073,-25.331020029999934],[30.006209971000033,-25.340340029999936],[30.000669971000036,-25.27948003199998],[30.012900037000065,-25.230960031999928],[30.009839971000076,-25.231280030999983],[30.005409971000063,-25.14438003099997],[29.978949982000074,-25.09211998199993],[30.029839997000067,-25.08457],[30.02987,-25.064130001999956],[30.090239997000026,-25.108109997999975],[30.090849999000056,-25.125500002999956],[30.12115,-25.12086],[30.144389997000076,-25.12378999899994],[30.14442999700003,-25.09121000099998],[30.148580008000067,-25.089949996999962],[30.148509997000076,-25.032350003999966],[30.159340001000032,-25.02803],[30.19865999900003,-25.03636],[30.19715999700003,-25.030879996999943],[30.1792,-24.999110004999977],[30.179460001000052,-24.989640002999977],[30.17206999900003,-24.989169998999955],[30.171729997000057,-24.969800000999953],[30.178470004000076,-24.922060002999956],[30.19197998900006,-24.85547000899993],[30.29729,-24.867740001999948],[30.306789997000067,-24.881470002999947],[30.30625999700004,-24.88426000399994],[30.308029997000062,-24.885049996999953],[30.308850001000053,-24.88273],[30.311739999000054,-24.88375999799996],[30.312380004000033,-24.88247999699996],[30.310029996000026,-24.880630002999965],[30.30855999700003,-24.87536000299997],[30.31089999900007,-24.872920002999933],[30.352880004000042,-24.883449997999946],[30.354170003000036,-24.849279998999975],[30.396459992000075,-24.871229995999954],[30.39862000200003,-24.868270002999964],[30.395989997000072,-24.860980006999966],[30.39163,-24.8623],[30.38971000300006,-24.860319997999966],[30.390820002000055,-24.852129996999963],[30.38973999700005,-24.849440001999938],[30.42507000300003,-24.85486],[30.43798,-24.86434],[30.45153999200005,-24.912000003999935],[30.49421999900005,-24.953270000999964],[30.496309997000026,-24.914720000999978],[30.562880003000032,-24.89646000099998],[30.581169997000075,-24.916909996999948],[30.579969997000035,-24.887370001999955],[30.608365003000074,-24.87241299899995],[30.61866000400005,-24.84424000499996],[30.634880004000024,-24.852770000999953],[30.656200003000038,-24.81169000099993],[30.664220003000025,-24.77461],[30.63371999700007,-24.758499995999955],[30.636610004000033,-24.73407999699998],[30.67856999600008,-24.735809996999933],[30.685530004000043,-24.73239999599997],[30.720100002000038,-24.70523800899997],[30.70966099700007,-24.667364],[30.679240003000075,-24.623670001999983],[30.701549999000065,-24.586410000999933],[30.730319997000038,-24.608729995999965],[30.732309998000062,-24.548089001999983],[30.73017999900003,-24.4985],[30.758979999000076,-24.460219998999946],[30.799280004000025,-24.49889000199994],[30.871709999000075,-24.538500002999967],[30.90893,-24.52576999699994],[30.954330011000025,-24.52128],[30.95931999900006,-24.582070000999977],[31.053739999000072,-24.570280000999958],[31.226180011000054,-24.556010001999937],[31.25366000200006,-24.499120000999937],[31.20324000100004,-24.426459990999945],[31.15995,-24.437409997999964],[31.159969998000065,-24.37557000199996],[31.242029998000078,-24.365430000999936],[31.200059999000075,-24.304949991999933],[31.152520007000078,-24.318669994999937],[31.10221000100006,-24.323730000999944],[31.05602000500005,-24.32188999699997],[31.06043,-24.271800000999974],[31.054369999000073,-24.23192999899993],[31.04993999800007,-24.187319996999975],[31.10726999900004,-24.145730000999947],[31.096149999000033,-24.11736000299993],[31.115100002000077,-24.119209988999955],[31.120569998000065,-24.09026],[31.085990002000074,-24.094519998999942],[31.063430002000075,-24.091459998999937],[31.0669,-24.089630000999932],[31.07213999800007,-24.083330002999958],[31.094249999000056,-24.075519996999958],[31.101550001000078,-24.070639997999933],[31.120549995000033,-24.068199997999955],[31.129339999000024,-24.072920001999933],[31.13377999800008,-24.07369999699995],[31.14708000400003,-24.069680002999974],[31.162629997000067,-24.060049997999954],[31.16984999700003,-24.058629997999958],[31.171309998000027,-24.044179998999937],[31.175659996000036,-24.036379998999962],[31.193390004000037,-24.03104000299993],[31.206030001000045,-24.04103],[31.22002000300006,-24.045569995999983],[31.23470000100008,-24.057569996999973],[31.24524000300005,-24.07142000099998],[31.252280003000067,-24.09773000299998],[31.257249994000063,-24.101050003999944],[31.26410999600006,-24.09983],[31.27507999900007,-24.09381999699997],[31.29345000400008,-24.074390000999983],[31.296390001000077,-24.073230001999946],[31.30156000200003,-24.07382999799995],[31.313230007000072,-24.08135],[31.320620009000038,-24.082599998999967],[31.349460004000036,-24.07274000299998],[31.360010002000024,-24.07124000099998],[31.365119999000058,-24.068460006999942],[31.37911000200006,-24.05225000599995],[31.383519997000064,-24.051290002999963],[31.38643999800007,-24.05219999899998],[31.392599998000037,-24.065830001999927],[31.395579996000038,-24.06758999599998],[31.399019999000075,-24.06755000399994],[31.419970001000024,-24.056419996999978],[31.428049998000063,-24.0545],[31.43119999700008,-24.052350003999948],[31.44056000300003,-24.038299995999978],[31.44093999900008,-24.020980002999977],[31.447620001000075,-24.01992000299998],[31.462529997000047,-24.02964],[31.481969999000057,-24.031620001999954],[31.505469997000034,-24.04076],[31.50993,-24.043180002999975],[31.520940005000057,-24.05430000399997],[31.52908999600004,-24.05667],[31.53791999400005,-24.055860001999974],[31.54255999700007,-24.053990003999957],[31.544570002000057,-24.042449990999955],[31.548650001000055,-24.037200002999953],[31.561119999000027,-24.03362999199993],[31.56824,-24.033069996999927],[31.573720003000062,-24.037279996999928],[31.58028000400003,-24.04710999799994],[31.586869997000065,-24.052779989999976],[31.594699999000056,-24.05636999799998],[31.598140002000036,-24.05631999899998],[31.608300001000032,-24.047589998999968],[31.609570003000044,-24.036289998999962],[31.620889999000042,-24.02325000199994],[31.63258,-24.017890000999955],[31.6593,-24.014089998999964],[31.665980002000026,-24.0167],[31.668759997000052,-24.02095000099996],[31.67432000100007,-24.042970000999958],[31.679980003000026,-24.05665000299996],[31.68372,-24.059530003999953],[31.70191000400007,-24.05991999699995],[31.718699996000055,-24.056840000999955],[31.73581000300004,-24.04608],[31.737640001000045,-24.03904999699995],[31.737270004000038,-24.03206000299997],[31.73357,-24.01836000399993],[31.734909998000035,-24.01134],[31.746559999000056,-24.003480002999936],[31.751770002000058,-23.997649998999975],[31.769969996000043,-23.983190001999958],[31.77640000300005,-23.981240001999936],[31.782690005000063,-23.982080001999975],[31.79461000400005,-23.99193],[31.80120999600007,-23.99409000199995],[31.804699998000046,-23.997179995999943],[31.812539999000023,-23.999310003999938],[31.820360003000076,-23.998380002999966],[31.822119997000073,-23.996509996999976],[31.82160999300004,-23.990850002999935],[31.824970003000033,-23.986160001999963],[31.85268,-23.98684999699998],[31.883834663000073,-23.984594453999932],[31.908010003000072,-24.182429998999964],[31.981279999000037,-24.297339997999927],[31.987129998000057,-24.3022],[32.01309999800003,-24.45459],[32.00891000200005,-24.57515000199993],[31.998270003000073,-24.68974000199995],[32.01548,-24.92512000299996],[32.03017000400007,-25.06569000099995],[32.03359000200004,-25.132519998999953],[32.031979997000064,-25.183095],[32.02882,-25.24143000099997],[32.01527999600006,-25.38249999599998],[32.01349999800004,-25.388109998999937],[31.99052000200004,-25.428969998999946],[31.989479998000036,-25.43774999699997],[31.979620002000047,-25.457059998999966],[31.97740000300007,-25.47469],[31.97737999900005,-25.50979999799995],[31.981329998000035,-25.52382000199998],[31.99576,-25.52627],[32.00564999900007,-25.625989996999976],[32.006099,-25.645194],[31.99594,-25.676690002999976],[31.97856000200005,-25.693670001999976],[31.93054999700007,-25.84076999699994],[31.97369000100008,-25.95320000299995],[31.867860003000033,-25.999600001999966],[31.416299999000046,-25.71876],[31.315939998000033,-25.74304000099994],[31.263569997000047,-25.80963000299994],[31.12657000300004,-25.92114999699993],[31.11275000200004,-25.98256999599994],[31.089610004000065,-26.026190000999975],[31.071039996000025,-26.067310000999953],[30.96143799600003,-26.261732],[30.891860001000055,-26.32082000099996],[30.85755799900005,-26.38379200299994],[30.831010003000074,-26.41117000099996],[30.80506,-26.46667099499996],[30.79181,-26.569109998999977],[30.790799998000068,-26.71228999699997],[30.802650003000053,-26.82402000199994],[30.81255,-26.84349999699998],[30.81321999900007,-26.844480003999934],[30.82531,-26.840150001999973],[30.83610000400006,-26.826900001999945],[30.84401,-26.825080001999936],[30.848049999000068,-26.81897000899994],[30.85318,-26.81765998999998],[30.861720003000073,-26.81867],[30.872029997000027,-26.809279998999955],[30.88728499900003,-26.803584998999952],[30.888790003000054,-26.802019997999935],[30.887709998000048,-26.799189996999928],[30.889550002000078,-26.79474],[30.889370003000067,-26.788960010999972],[30.89191,-26.785060003999945],[30.892970001000037,-26.805310003999978],[30.90224999700007,-26.851800001999948],[30.906949997000027,-26.854939995999928],[30.90742,-26.859929998999974],[30.925209996000035,-26.871819995999942],[30.93719999900003,-26.883130001999973],[30.94074,-26.883899998999937],[30.943009999000026,-26.888209996999933],[30.953660004000028,-26.893240008999953],[30.96334999800007,-26.90216999699993],[30.973559995000073,-26.908210001999976],[30.976819999000043,-26.92160999899994],[30.976519997000025,-26.953429997999933],[30.97371,-26.964509997999983],[30.958326003000025,-26.99212899799994],[30.984759997000026,-27.03698000199995],[31.02175999700006,-27.06778000199995],[31.06132999700003,-27.096290005999947],[31.150550002000045,-27.202080002999935],[31.27432998000006,-27.24317002099997],[31.204769990000045,-27.317120011999975],[31.16586999200007,-27.368520012999966],[31.14086502400005,-27.362659979999933],[31.100959988000056,-27.335760020999942],[31.10155998500005,-27.333160017999944],[31.09877998500008,-27.329759982999974],[31.083959981000078,-27.33559002399994],[31.078829986000073,-27.343090015999962],[31.06518998200005,-27.338329982999937],[31.05075998700005,-27.343220017999954],[31.048439982000048,-27.345130016999974],[31.04622999000003,-27.351879983999936],[31.044039987000076,-27.35325998099995],[31.037999987000035,-27.35147001599995],[31.034839988000044,-27.34576001599993],[31.030899987000055,-27.34632001799997],[31.024329985000065,-27.351860018999957],[31.020549988000027,-27.36060998199997],[31.01390999000006,-27.355029987999956],[31.010619989000077,-27.34907998799997],[31.008429982000052,-27.34876001599997],[31.005209988000047,-27.35154001899997],[31.002550025000062,-27.35878998399994],[30.984699988000045,-27.357459981999966],[30.981489990000057,-27.359220015999938],[30.977369989000067,-27.35803998299997],[30.970029985000053,-27.363309982999965],[30.96310998900003,-27.36577998299998],[30.95989998500005,-27.36406998299998],[30.958079989000055,-27.360559988999967],[30.955379984000047,-27.35970998299996],[30.948029989000077,-27.366080013999976],[30.94220998700007,-27.36809998299998],[30.940479985000024,-27.365179981999972],[30.94129999000006,-27.360079982999935],[30.938189984000076,-27.35674998299993],[30.939329986000075,-27.34656998099996],[30.93152998800008,-27.340489980999962],[30.923279986000068,-27.330450017999965],[30.924459988000024,-27.325530019999974],[30.92097998500003,-27.318189983999957],[30.924469987000066,-27.31131001899996],[30.92384998700004,-27.30596001699996],[30.922159988000033,-27.305049981999957],[30.91548998500008,-27.30543998299993],[30.911629988000072,-27.308149982999964],[30.909719988000063,-27.30543998299993],[30.906469988000026,-27.305520016999935],[30.90232998500005,-27.308099983999966],[30.886729987000024,-27.31082001699997],[30.88409998000003,-27.308749983999974],[30.882099982000057,-27.312370018999957],[30.875200025000026,-27.31430998099995],[30.86590998500003,-27.312669980999942],[30.863669988000026,-27.319619983999928],[30.864819990000058,-27.33178001699997],[30.86176998800005,-27.33396001799997],[30.86130998400006,-27.339069983999934],[30.85793998400004,-27.33676001599997],[30.855889985000033,-27.336999979999973],[30.857589982000036,-27.343300015999944],[30.854269988000055,-27.34442998299994],[30.84989998700007,-27.343289979999952],[30.84487998800006,-27.346059983999965],[30.843709985000032,-27.352740015999927],[30.841359985000054,-27.35287002399997],[30.837829990000046,-27.35004001599998],[30.83018998600005,-27.350029982999956],[30.822339985000042,-27.35416001699997],[30.823340022000025,-27.34580998299998],[30.82857998700007,-27.344699981999952],[30.828169986000034,-27.34328997399996],[30.821279985000047,-27.33947997799993],[30.820479988000045,-27.33613001699996],[30.81607998800007,-27.34007001799995],[30.808249986000078,-27.338920015999975],[30.81137998300005,-27.332389976999934],[30.804819988000077,-27.33451998299995],[30.802179986000056,-27.332119981999938],[30.808789983000054,-27.328280018999976],[30.806229984000026,-27.327320016999977],[30.80414998300006,-27.32425998399998],[30.79715002200004,-27.326589981999973],[30.79694998100007,-27.32235997899994],[30.790989982000042,-27.318450020999933],[30.788929992000078,-27.31279998699995],[30.782649986000024,-27.314799979999975],[30.778629988000034,-27.314429982999968],[30.78037998600007,-27.316929982999966],[30.785499989000073,-27.31917001599993],[30.784399989000065,-27.324319982999953],[30.77416998800004,-27.32427998299994],[30.77099998500006,-27.32636998199996],[30.769029982000063,-27.319019974999946],[30.766209985000046,-27.31929998299995],[30.762849983000024,-27.314519983999958],[30.759959984000034,-27.313579983999944],[30.762739985000053,-27.30738998399994],[30.758309987000075,-27.304379982999933],[30.75556997800004,-27.30459997899993],[30.75079998800004,-27.298749982999936],[30.743269988000065,-27.30606998299993],[30.741889984000068,-27.30317998299995],[30.74384998800008,-27.300619982999933],[30.740349988000048,-27.29456001799997],[30.73440998800004,-27.295159982999962],[30.728259983000044,-27.299339977999978],[30.725089985000068,-27.29556998299995],[30.72606998300006,-27.293610015999946],[30.724909985000068,-27.28960001799993],[30.720699985000067,-27.29093002199994],[30.717899990000035,-27.287239987999953],[30.718809987000043,-27.28446998399994],[30.717759986000033,-27.283790016999944],[30.713199985000074,-27.286070021999933],[30.706799990000036,-27.283289986999932],[30.660619991000033,-27.287920009999937],[30.587059985000053,-27.323079981999967],[30.557719985000062,-27.32762001599997],[30.55105998600004,-27.32545001699998],[30.546249984000042,-27.325759983999944],[30.54078998500006,-27.32163001799995],[30.525679985000068,-27.315139976999944],[30.49741998500008,-27.31239998199993],[30.47504998900007,-27.31952998199995],[30.46632998800004,-27.324299983999936],[30.46593998700007,-27.326349983999933],[30.462079988000028,-27.325209980999944],[30.458349988000066,-27.32670001699995],[30.453199985000026,-27.325079982999966],[30.448269998000058,-27.32773993799998],[30.43345998700005,-27.32568001599998],[30.425979979000033,-27.31496001499994],[30.426449989000048,-27.269830018999983],[30.39761998700004,-27.273779978999983],[30.367609988000027,-27.267429979999974],[30.368379985000047,-27.287279980999983],[30.36670999000006,-27.31168998199996],[30.328374980000035,-27.299639980999928],[30.317529984000032,-27.301980020999963],[30.30221998500008,-27.31739498199994],[30.28248998600003,-27.314439981999953],[30.281629988000077,-27.328209982999965],[30.27872998500004,-27.33263001499995],[30.280449985000075,-27.350319982999963],[30.279930016000037,-27.368589975999953],[30.24658998800004,-27.373859983999978],[30.234669988000064,-27.380739967999943],[30.22863998500003,-27.365349986999945],[30.19807998400006,-27.355180022999946],[30.190069980000033,-27.368870019999974],[30.17814998500006,-27.378260017999935],[30.165839990000052,-27.38749998299994],[30.160709988000065,-27.387149981999983],[30.15023998600003,-27.392249985999968],[30.154099986000062,-27.39696997799996],[30.15271997900004,-27.404280021999966],[30.14341502600007,-27.413394024999945],[30.111609989000044,-27.386529982999946],[30.086819985000034,-27.368499981999946],[30.079029983000055,-27.37015998299995],[30.068289979000042,-27.36587001999993],[30.052229987000032,-27.379659981999964],[30.046359989000052,-27.38677001399998],[30.039579984000056,-27.38926001799996],[30.030599989000052,-27.386699981999982],[30.024469985000053,-27.394499981999957],[30.016241986000068,-27.39758901999994],[29.99506998700008,-27.388370014999964],[29.97846998700004,-27.37299001699995],[29.955499987000053,-27.364859982999974],[29.917219986000077,-27.354409982999982],[29.909429980000027,-27.373800020999965],[29.898820026000067,-27.385810014999947],[29.890149991000044,-27.38551997999997],[29.88644998700005,-27.381749986999978],[29.88507998800003,-27.37658001699998],[29.866209988000037,-27.38414998299993],[29.846339986000032,-27.37871998299994],[29.840189999000074,-27.37898998099996],[29.83489998500005,-27.390320016999965],[29.835979989000066,-27.396880016999944],[29.833749987000033,-27.403779979999968],[29.824869989000035,-27.406999981999945],[29.821659985000053,-27.411529980999944],[29.822649988000023,-27.427299981999965],[29.81451998600005,-27.430579980999937],[29.81369998300005,-27.433940020999955],[29.811349992000032,-27.435650015999954],[29.811440032000064,-27.44607002999993],[29.805809991000046,-27.45036001099993],[29.79912998800006,-27.45121998299993],[29.796239988000025,-27.45769998199995],[29.790909990000046,-27.45922001499997],[29.773439986000028,-27.45380998099995],[29.75940998200008,-27.44442001699997],[29.75867998600006,-27.442570014999944]]]}},{"type":"Feature","properties":{"shapeName":"North West","shapeISO":"NW","shapeID":"76434192B85643022077130","shapeGroup":"ZAF","shapeType":"ADM1"},"geometry":{"type":"Polygon","coordinates":[[[27.590429997000058,-26.73836000299997],[27.579500003000078,-26.74484999899994],[27.569829997000056,-26.74729999699997],[27.5699,-26.754559997999934],[27.58251000300004,-26.768439995999984],[27.581810002000054,-26.77369],[27.575600003000034,-26.77871999599995],[27.56897999800003,-26.781139998999947],[27.555239999000037,-26.773259997999958],[27.54977000200006,-26.775249998999982],[27.53782,-26.78513999699993],[27.529589997000073,-26.784789995999972],[27.51951000100007,-26.78185999699997],[27.50938999600004,-26.785780001999967],[27.50560000100006,-26.791969995999978],[27.505900002000033,-26.794820001999938],[27.515290003000075,-26.80403000299998],[27.518210004000025,-26.810219996999933],[27.51083999900004,-26.82552000299995],[27.511149999000054,-26.83784000299994],[27.49969000300007,-26.845020009999928],[27.49097000200004,-26.846620001999952],[27.487460003000024,-26.849370000999954],[27.480950003000032,-26.863429998999948],[27.476040001000058,-26.883490000999927],[27.471309999000027,-26.886810001999947],[27.45522,-26.890580000999933],[27.44418999900006,-26.90038],[27.44002,-26.899490000999947],[27.423790002000032,-26.91921999899995],[27.414289998000072,-26.92566001199998],[27.407530002000044,-26.925779989999967],[27.400329998000075,-26.92222000099997],[27.398310002000073,-26.91601000199995],[27.39126000300007,-26.91376],[27.388970001000075,-26.903910002999964],[27.38420999600004,-26.90037000199993],[27.380760011000064,-26.90085000299996],[27.376569999000026,-26.904869996999935],[27.370890001000078,-26.904249996999965],[27.367799999000056,-26.89560999699995],[27.36836000200003,-26.89174],[27.365139999000064,-26.890980000999946],[27.360830001000068,-26.884259997999948],[27.355320004000077,-26.882420009999976],[27.34075000200005,-26.871989996999957],[27.339510002000054,-26.868489996999983],[27.340220002000024,-26.860909997999954],[27.33279999800004,-26.854209998999977],[27.315360002000034,-26.852650000999972],[27.30589,-26.853369998999938],[27.30053,-26.856079997999927],[27.300989997000045,-26.8605],[27.29964,-26.86289999099995],[27.292429998000046,-26.86892],[27.289819997000052,-26.87936000299993],[27.28210998900005,-26.883599996999976],[27.278180003000045,-26.888079996999977],[27.270390001000067,-26.891510000999972],[27.262100002000068,-26.90822],[27.25497000100006,-26.912590002999934],[27.24689000400008,-26.914430006999964],[27.241569996000067,-26.918710002999944],[27.23438999600006,-26.92739000299997],[27.229469997000024,-26.938970008999945],[27.21752000200007,-26.946060000999978],[27.211090003000038,-26.96237999799996],[27.21212999900007,-26.97624],[27.207860002000075,-26.979929997999932],[27.20330000100006,-26.980490000999964],[27.190050002000078,-26.977489998999943],[27.174010001000056,-26.968470002999936],[27.175179998000033,-26.96361],[27.181519998000056,-26.95770999399997],[27.183209996000073,-26.95028999699997],[27.18177,-26.94067999599997],[27.182870002000072,-26.93042],[27.181300005000026,-26.92741],[27.17641,-26.924880000999963],[27.17012,-26.92302],[27.164700002000075,-26.92412000199994],[27.16179999800005,-26.92586],[27.15368999800006,-26.937039996999943],[27.14347000300006,-26.94190999799997],[27.125949998000067,-26.933620006999945],[27.117039999000042,-26.927310001999956],[27.113019996000048,-26.92631999699995],[27.10598000300007,-26.927159996999933],[27.094889998000042,-26.931],[27.086779998000054,-26.93853],[27.073420002000034,-26.934779996999964],[27.064579998000056,-26.937299997999958],[27.05056999900006,-26.936740002999954],[27.039989997000077,-26.93822],[27.02819,-26.93592],[27.013929998000037,-26.932050001999983],[27.00519,-26.925360001999934],[26.992900003000045,-26.92085999799997],[26.98680999800007,-26.91633],[26.974820003000048,-26.912110001999963],[26.95609999900006,-26.900249998999982],[26.947220010000024,-26.89200999899998],[26.95130000100005,-26.87829000399995],[26.950770001000024,-26.87454000899993],[26.94039000300006,-26.871470002999956],[26.927209998000023,-26.887070002999963],[26.920159999000077,-26.90600000099994],[26.924559997000074,-26.930339998999955],[26.92334999900004,-26.94342000499995],[26.924999997000043,-26.957329997999977],[26.923150003000046,-26.96905000199996],[26.92005000300003,-26.973480001999974],[26.916929998000057,-26.972479998999972],[26.909049997000068,-26.96132999599996],[26.909690001000058,-26.95249],[26.907610001000023,-26.944519998999965],[26.89613999200003,-26.935060002999933],[26.88292000200005,-26.93586000199997],[26.880400001000055,-26.934850000999973],[26.87481000300005,-26.93006000099996],[26.87425999800007,-26.92377000099998],[26.86822999900005,-26.91965000099998],[26.863489998000034,-26.918890001999955],[26.85803,-26.92203000199993],[26.848500001000048,-26.940179997999962],[26.842399998000076,-26.94207999899993],[26.83058000400007,-26.949339992999967],[26.81825999600005,-26.953169996999975],[26.811419999000066,-26.95129000099996],[26.809400004000054,-26.94721999899997],[26.81172999900008,-26.934159996999938],[26.809760003000065,-26.931749998999976],[26.80502000200005,-26.931979998999964],[26.789619999000024,-26.94287],[26.78016000300005,-26.945960002999982],[26.766690002000075,-26.94806],[26.761510002000023,-26.95249],[26.75515999600003,-26.961910001999968],[26.749590002000048,-26.96508999599996],[26.741080002000047,-26.964920003999964],[26.71548,-26.97391999399997],[26.710990002000074,-26.97796999899998],[26.70635,-26.987999996999974],[26.70059999800003,-27.008599996999976],[26.69655999200006,-27.01394000199997],[26.688719991000028,-27.017999995999958],[26.684169997000026,-27.01757000999993],[26.67892,-27.014619998999933],[26.676520002000075,-27.010189998999977],[26.676350008000043,-27.000780001999942],[26.672809999000037,-26.9964],[26.66874999600003,-26.994620001999976],[26.65889000100003,-26.993770002999952],[26.646009998000068,-27.00034999899998],[26.63607999900006,-27.00341999699998],[26.619289998000056,-27.003390001999946],[26.613540004000072,-27.02712999599993],[26.592619997000043,-27.037849996999967],[26.581820003000075,-27.05312],[26.58148,-27.05977],[26.583569999000076,-27.063440000999947],[26.58967000100006,-27.06668],[26.59194,-27.07],[26.593750009000075,-27.079279996999958],[26.588110003000054,-27.095349990999978],[26.58689000700008,-27.103440003999935],[26.583550002000038,-27.108020000999943],[26.568419998000024,-27.102549995999937],[26.54903000300004,-27.09864999599995],[26.53854,-27.09031999599995],[26.528650002000063,-27.09100000199993],[26.52414999800004,-27.095859995999945],[26.5221,-27.103689998999982],[26.514169992000063,-27.118849997999973],[26.50697000400004,-27.12721999799993],[26.49841000500004,-27.13289999699998],[26.487400001000026,-27.13004000099994],[26.483580003000043,-27.131029998999963],[26.478069998000024,-27.13727999799994],[26.47627999300005,-27.148489996999956],[26.47309000100006,-27.15415],[26.459210003000067,-27.157990002999952],[26.44074000100005,-27.14999999799994],[26.42895000200008,-27.150240001999975],[26.42546,-27.153589997999973],[26.420109998000044,-27.168400003999977],[26.420149998000056,-27.17254],[26.42426,-27.17753000299996],[26.427249997000047,-27.18524000399998],[26.432850002000066,-27.19012000999993],[26.437699998000028,-27.20995998899997],[26.44366000200006,-27.217370002999928],[26.454690003000053,-27.22279],[26.46388999800007,-27.229759997999963],[26.47680000300005,-27.244649997999943],[26.48885000300004,-27.25057000099997],[26.49458000100003,-27.259099996999964],[26.497209998000073,-27.26777999799998],[26.496210003000044,-27.273779994999984],[26.48887,-27.283260002999953],[26.48847,-27.286150000999953],[26.48829,-27.296300000999963],[26.493920008000032,-27.308319998999934],[26.49339,-27.319110002999935],[26.48491000300004,-27.323950000999957],[26.48080999900003,-27.323179995999965],[26.47912,-27.318930002999934],[26.484870002000036,-27.313530001999936],[26.484830001000034,-27.309069998999973],[26.48142000100006,-27.306679998999982],[26.475499998000032,-27.30831000099994],[26.473790010000073,-27.31229000199994],[26.45823000300004,-27.326229996999928],[26.45554000100003,-27.33738999899998],[26.44721000900006,-27.344010010999966],[26.44641000100006,-27.34969000199993],[26.462010001000067,-27.365709997999943],[26.47631999400005,-27.371850000999927],[26.48473000300004,-27.379910001999974],[26.499509999000054,-27.379709997999953],[26.51284,-27.384790000999942],[26.514240003000054,-27.387440002999938],[26.51112999700007,-27.3953],[26.508090002000074,-27.398099997999964],[26.505200004000073,-27.398319997999977],[26.497580003000053,-27.395659998999975],[26.468260001000033,-27.39122],[26.458940003000066,-27.38658999599994],[26.45190000200006,-27.38575000399993],[26.44522,-27.38812],[26.434970003000046,-27.398780002999956],[26.423090004000073,-27.40686999899998],[26.416490003000035,-27.40274],[26.394300001000033,-27.39397],[26.38800000300006,-27.38953000099997],[26.380219999000076,-27.388410002999933],[26.37242,-27.383760002999963],[26.36869000100006,-27.38453999799998],[26.36156,-27.389260001999958],[26.34568000300004,-27.385350003999974],[26.339570002000073,-27.389400000999956],[26.33537,-27.398440000999983],[26.32723999600006,-27.4058],[26.327870002000054,-27.419949996999947],[26.326609998000038,-27.429199998999934],[26.324110001000065,-27.432929997999963],[26.32114000200005,-27.43340000099994],[26.316809999000043,-27.431450000999973],[26.313619999000025,-27.422440003999952],[26.309949998000036,-27.41831999599998],[26.29558,-27.415789995999944],[26.291040004000024,-27.416680003999943],[26.28623,-27.422190000999933],[26.276080001000025,-27.42113],[26.269529999000042,-27.416809995999984],[26.26464000200008,-27.416439990999947],[26.260160003000067,-27.41992000299996],[26.25291999800004,-27.429509998999947],[26.245010002000072,-27.42986],[26.242270001000065,-27.431429996999952],[26.239700001000074,-27.4354],[26.233919996000054,-27.454220001999943],[26.21988000300007,-27.47439000099996],[26.22078,-27.483330002999935],[26.23119999900007,-27.495390000999976],[26.22898,-27.51215],[26.22215999900004,-27.514520003999962],[26.20181000100007,-27.516750000999934],[26.186049999000033,-27.531540002999975],[26.170109996000065,-27.53611000199993],[26.168019998000034,-27.538050003999956],[26.163099998000064,-27.551689996999983],[26.153569998000023,-27.563959997999973],[26.14509000100003,-27.56261000199993],[26.14027,-27.55761],[26.134010002000025,-27.558469996999975],[26.123790007000025,-27.566870000999984],[26.12209000200005,-27.57244000299994],[26.124499999000022,-27.580569998999977],[26.11767999800003,-27.58981001099994],[26.113270002000036,-27.593339997999976],[26.10614999200004,-27.595549998999957],[26.088209998000025,-27.59387999599994],[26.084250001000044,-27.59545000099996],[26.07491999800004,-27.62047000399997],[26.08581,-27.642839996999953],[26.08619000300007,-27.648000000999957],[26.07991000100003,-27.653379989999962],[26.063690001000055,-27.66020999699998],[26.05469000200003,-27.669180001999962],[26.06782,-27.680780010999968],[26.092829996000034,-27.68237000399995],[26.094790002000025,-27.684600001999968],[26.094840001000023,-27.69006],[26.09223999900007,-27.696600002999958],[26.065919999000073,-27.718709995999973],[26.047690002000024,-27.72546000099993],[26.03545000400004,-27.736580000999936],[26.026190003000067,-27.73469999699995],[26.020390003000045,-27.7279],[26.012689993000038,-27.722260002999974],[26.002699996000047,-27.706580000999963],[26.00300999600006,-27.702299997999944],[26.01070999800004,-27.68976999599994],[26.007649999000023,-27.67734],[26.00861000100008,-27.66326999699993],[26.00529000100005,-27.652989996999963],[26.002289998000037,-27.648889992999955],[25.993069999000056,-27.641740003999928],[25.98188000300007,-27.638529998999957],[25.980049998000027,-27.63377000199995],[25.98188000300007,-27.627199996999934],[25.96808999700005,-27.62497999699997],[25.947319995000043,-27.6329],[25.940270003000023,-27.614900000999967],[25.931990002000077,-27.606419995999943],[25.924309997000023,-27.603460002999952],[25.915680003000034,-27.60573999899998],[25.909650003000024,-27.610380000999953],[25.90059999700003,-27.60913000299996],[25.89574000300007,-27.60998000899997],[25.89509,-27.614680000999954],[25.898329999000055,-27.62253],[25.891310003000058,-27.626060001999974],[25.872430003000034,-27.627970001999984],[25.85807000400007,-27.623779997999975],[25.85260999700006,-27.62098],[25.84478000300004,-27.60764998999997],[25.84364000100004,-27.60095999799995],[25.846719997000037,-27.59495000299995],[25.845180003000053,-27.590069995999954],[25.83499000200004,-27.578529998999954],[25.83275999700004,-27.567040001999942],[25.827370002000066,-27.56673000199993],[25.814740002000065,-27.57281],[25.804789999000036,-27.58309],[25.79858,-27.584400003999974],[25.788150003000055,-27.583040000999972],[25.781389999000055,-27.584060000999955],[25.763960002000033,-27.596020001999932],[25.74948,-27.59979999899997],[25.73748998900004,-27.608849997999982],[25.734739998000066,-27.60981],[25.727940001000036,-27.609039994999932],[25.70990000200004,-27.624550002999968],[25.685210004000055,-27.62616],[25.67885,-27.62963999599998],[25.675539997000044,-27.634909996999966],[25.678379997000036,-27.64078000099994],[25.67956,-27.648929993999957],[25.67671000200005,-27.659200002999967],[25.678469996000047,-27.676980000999947],[25.671750002000067,-27.68855999899995],[25.664750001000073,-27.693850003999955],[25.65758999800005,-27.6948],[25.64146999600007,-27.686360003999937],[25.633039998000072,-27.676090001999967],[25.63233999700003,-27.66981999799998],[25.63077,-27.66799999899996],[25.627539999000078,-27.66715999799993],[25.618459999000038,-27.669289997999954],[25.610410004000073,-27.66004000399994],[25.60343,-27.65978000299998],[25.596609999000066,-27.65506999699994],[25.590740003000064,-27.655170002999967],[25.584710004000044,-27.658659996999972],[25.572390004000056,-27.67752],[25.55583000200005,-27.686659997999982],[25.53736999800003,-27.69117999799994],[25.513190004000023,-27.694759998999928],[25.494839997000042,-27.693879997999943],[25.487940002000073,-27.69195000299993],[25.480860001000053,-27.692530001999955],[25.474740002000033,-27.698849996999968],[25.47331000400004,-27.706750002999968],[25.46925999900003,-27.710589997999932],[25.465279998000028,-27.709630002999972],[25.458009998000023,-27.710870002999968],[25.44044000200006,-27.71687],[25.424029997000048,-27.715580000999978],[25.412539999000046,-27.722189998999966],[25.394509998000046,-27.728680003999955],[25.37959000400008,-27.74242000299995],[25.364029997000046,-27.750540000999933],[25.34855999800004,-27.771980001999964],[25.344799997000052,-27.784889998999972],[25.340420004000066,-27.792959998999947],[25.337420001000055,-27.793459995999967],[25.333030002000044,-27.790500002999977],[25.315059998000038,-27.79570999799995],[25.301499998000054,-27.79317999899996],[25.275070002000064,-27.79632],[25.26948000300007,-27.801249997999946],[25.260589992000064,-27.822029997999948],[25.25363999900003,-27.826159996999934],[25.244109999000045,-27.82916999699995],[25.23839,-27.83438999899994],[25.238219999000023,-27.83748000099996],[25.242240001000027,-27.843670002999943],[25.257750001000034,-27.85506000299995],[25.25749999800007,-27.860179998999968],[25.254129998000053,-27.865080001999956],[25.24972000200006,-27.868649997999967],[25.228209998000068,-27.878489996999974],[25.20666,-27.88401],[25.19771,-27.888549996999927],[25.19304000300008,-27.893270000999962],[25.185110003000034,-27.90888999699996],[25.17214000100006,-27.91853],[25.165679999000076,-27.92137],[25.16062,-27.92705999599997],[25.150619998000025,-27.92859999799998],[25.13873999900005,-27.923570001999963],[25.133530003000033,-27.925269998999966],[25.130939999000077,-27.92906000299996],[25.13284,-27.94333000299997],[25.13096000300004,-27.95057],[25.117339998000034,-27.960599996999974],[25.111290002000032,-27.97024000099998],[25.096760002000053,-27.976939998999967],[25.09060000200003,-27.984029998999972],[25.0903,-27.98854999899993],[25.095099997000034,-27.99179999599994],[25.102470003000064,-28.00087999699997],[25.10643999800004,-28.006840000999944],[25.107440001000043,-28.011920003999933],[25.10493999700003,-28.016689990999964],[25.076910001000044,-28.048360000999935],[25.073869998000077,-28.06591],[25.07019999700003,-28.06853999799995],[25.05909000300005,-28.07065999899993],[25.03849000200006,-28.06805999599993],[25.02808,-28.07348000199994],[25.02011,-28.07737000399993],[25.00979,-28.076729997999962],[24.99927000200006,-28.08186000099994],[24.984840001000066,-28.079579998999975],[24.973389997000027,-28.08103],[24.969419999000024,-28.08504000099998],[24.966679999000064,-28.09277],[24.95954,-28.10352999899993],[24.95060400400007,-28.11320899699996],[24.82984,-27.93129],[24.845600001000037,-27.923650003999967],[24.851729998000053,-27.9261],[24.857440002000033,-27.92532999599996],[24.857660002000046,-27.920219998999983],[24.859809995000035,-27.92132000299995],[24.85695,-27.91894999699997],[24.857070002000057,-27.916069995999976],[24.861529999000027,-27.90832000399996],[24.846920004000026,-27.91118999799994],[25.047909998000023,-27.69973999599995],[25.034819999000035,-27.69308],[24.99972000100007,-27.680830003999972],[24.97322999900007,-27.68262999899997],[24.885719997000024,-27.69449999699998],[24.854500004000045,-27.69559000199996],[24.80117,-27.70177999699996],[24.796649998000078,-27.698219997999956],[24.796980002000055,-27.69302000299996],[24.792039998000064,-27.686943002999953],[24.79487000100005,-27.681978000999948],[24.79382,-27.676689996999983],[24.79535000100003,-27.673409998999944],[24.795149998000056,-27.663330001999952],[24.79771999700006,-27.656179995999935],[24.793790003000026,-27.646040004999975],[24.786610005000057,-27.643210001999933],[24.782240002000037,-27.633010001999935],[24.78071000600005,-27.61836999899998],[24.78252,-27.61086000399996],[24.784270004000064,-27.609280000999945],[24.784329998000032,-27.604639996999936],[24.75677999800007,-27.60959],[24.762060005000023,-27.63324],[24.692299998000067,-27.64521999899995],[24.691800002000036,-27.654089995999982],[24.678180003000023,-27.666920000999937],[24.678710005000028,-27.669080004999955],[24.68449000100003,-27.67411999799998],[24.685980002000065,-27.678370004999977],[24.683380002000035,-27.68040998999993],[24.677710002000026,-27.679929997999977],[24.674560003000067,-27.681180000999973],[24.672730003000026,-27.68555999399996],[24.675189998000064,-27.693379998999944],[24.68121,-27.703440006999983],[24.69547000400007,-27.71825],[24.693729998000038,-27.73565],[24.680450003000033,-27.739280002999976],[24.670409996000046,-27.761599993999937],[24.675729999000055,-27.769919995999942],[24.673119988000053,-27.782830003999948],[24.66919000200005,-27.78629000199993],[24.66185000100006,-27.78483000199998],[24.65866999700006,-27.790939992999938],[24.699320003000025,-27.828289996999956],[24.690810001000045,-27.832709996999938],[24.688060002000043,-27.83650000299997],[24.688349991000052,-27.839129998999965],[24.694930003000024,-27.842620001999933],[24.696810001000074,-27.847570003999977],[24.691209994000076,-27.850380000999962],[24.690359999000066,-27.85251],[24.688870002000044,-27.850420000999975],[24.681310001000043,-27.84909999699994],[24.678410002000078,-27.850509990999967],[24.67149001000007,-27.849869996999928],[24.66988999700004,-27.85174],[24.665099997000027,-27.85304999699997],[24.65831,-27.852670002999957],[24.656400001000065,-27.85539999599996],[24.656350002000067,-27.863449998999954],[24.652059999000073,-27.86966999499998],[24.651920003000043,-27.87679000099996],[24.649369998000054,-27.881740002999948],[24.645140001000073,-27.88751999899995],[24.64133000100003,-27.88763000299997],[24.632520001000046,-27.891400002999944],[24.632179998000026,-27.89906000899998],[24.63006000200005,-27.902930001999948],[24.61913000100003,-27.904950004999932],[24.61332999900003,-27.901589995999927],[24.611630001000037,-27.89774000099993],[24.60711000300006,-27.898429997999983],[24.60601,-27.900979998999958],[24.60711000300006,-27.90124000299994],[24.606890003000046,-27.908519997999974],[24.61150000300006,-27.910020001999953],[24.617340005000074,-27.915520000999948],[24.61837000400004,-27.92129999699995],[24.622230002000038,-27.926909998999975],[24.62568999900003,-27.928660003999937],[24.628809998000065,-27.93533999699997],[24.626539999000045,-27.937989998999967],[24.627039996000065,-27.94185999599995],[24.619780002000027,-27.95122],[24.622170005000044,-27.96108999699993],[24.62648000100006,-27.963040002999946],[24.62561,-27.96718999799998],[24.62191000100006,-27.97196],[24.622750005000057,-27.974029997999935],[24.620800002000067,-27.974920004999944],[24.623060003000035,-27.976539998999954],[24.62090999800006,-27.978790000999936],[24.624899990000074,-27.99058999899995],[24.62733999900007,-27.990859996999973],[24.62935000300007,-27.99431],[24.627320001000044,-27.997099998999943],[24.62833000300003,-27.999530000999982],[24.624840001000052,-27.999219998999934],[24.623219998000025,-28.00167999799993],[24.620879998000078,-28.001189994999947],[24.616550003000043,-28.00649999899997],[24.617040002000067,-28.008020004999935],[24.60816000500006,-28.011709992999954],[24.608620002000066,-28.015030001999946],[24.614110002000075,-28.020390003999978],[24.61437000600006,-28.02235000099995],[24.60893999900003,-28.02726],[24.608040002000052,-28.026179997999975],[24.603139998000074,-28.029160003999948],[24.594140002000074,-28.028659998999956],[24.591849997000054,-28.031330002999937],[24.588709996000034,-28.02785999899993],[24.57876999900003,-28.032630000999973],[24.56640999800004,-28.034790000999976],[24.55945999900007,-28.03878999899996],[24.55772999900006,-28.044510000999935],[24.563150003000032,-28.05693],[24.563680005000037,-28.07003999799997],[24.559870002000025,-28.074699995999936],[24.552579999000045,-28.078429995999954],[24.534620004000033,-28.09211],[24.465479997000045,-28.035840005999944],[24.44454999800007,-28.03191000399994],[24.458649996000076,-28.012749998999936],[24.468169999000054,-27.99669999899993],[24.46728999900006,-27.980569998999954],[24.40994999800006,-27.923300001999962],[24.39257999800003,-27.941549993999956],[24.360459994000053,-27.91067000299995],[24.409870003000037,-27.842749998999977],[24.427369997000028,-27.840540000999965],[24.45256000200004,-27.78254],[24.408839999000065,-27.761099996999974],[24.44676,-27.70285000399997],[24.40528000100005,-27.681180001999962],[24.111000001000036,-27.73898000099996],[24.093339996000054,-27.704910005999977],[24.10512999900004,-27.65146],[24.118620004000036,-27.621739997999953],[24.050610001000052,-27.602729996999983],[24.049220001000037,-27.55858000199993],[24.055329997000058,-27.507869995999954],[24.052190005000057,-27.462749997999936],[24.05751000300006,-27.42942],[24.08627000100006,-27.35349000399998],[24.07242,-27.35563000199994],[24.063919998000074,-27.35316999899993],[24.01494999700003,-27.32367000599993],[23.95286,-27.28146999599994],[23.950169998000035,-27.28279],[23.94125000200006,-27.27639000299996],[23.89646999400003,-27.252659998999945],[23.898250004000033,-27.235550001999968],[23.91008000200003,-27.225090001999945],[23.91559,-27.214140003999944],[23.97356,-27.096379997999975],[23.97604999600003,-27.079350000999966],[24.03745,-27.053699998999946],[24.026019999000027,-26.99928999699995],[24.000999999000044,-26.943319997999936],[23.97037000100005,-26.894200001999934],[23.962830002000032,-26.898309996999956],[23.916889998000045,-26.85787000399995],[23.869500001000063,-26.85674999799994],[23.853230004000068,-26.890140002999942],[23.760720002000028,-26.840935000999934],[23.72513000200007,-26.829129997999928],[23.646530002000077,-26.807480001999977],[23.61534000100005,-26.79003000299997],[23.56891999800007,-26.774909987999933],[23.520929998000042,-26.75552000099998],[23.48713000300006,-26.739709004999952],[23.547120006000057,-26.65833999299997],[23.58375,-26.617149997999945],[23.46295999800003,-26.53108999799997],[23.266410002000043,-26.48539999899998],[23.28205000300005,-26.339470002999974],[23.221740004000026,-26.271270000999948],[23.26474,-26.204479997999954],[23.310979995000025,-26.14185],[23.251920003000066,-26.113830003999965],[23.215819999000075,-26.115730003999943],[23.23214999700008,-26.052690002999952],[23.30687000100005,-26.070340003999945],[23.35388199700003,-26.08947800599998],[23.387359998000022,-26.00616],[23.320549997000057,-25.99283999599993],[23.086910001000035,-25.982559995999964],[23.088269996000065,-25.99899999799993],[23.088140003000035,-26.04357],[23.064800003000073,-26.099059994999948],[22.98704,-26.089979995999954],[22.981149999000024,-26.15256],[22.90705999900007,-26.14592000199997],[22.899290004000022,-26.213630000999956],[22.880789999000058,-26.262354997999978],[22.84842999700004,-26.37587999699997],[22.84187,-26.39330000299998],[22.803159997000023,-26.453680000999952],[22.74471999700006,-26.42465999799998],[22.708790002000057,-26.41091000199998],[22.702940002000048,-26.11985000599998],[22.630699999000058,-26.12257999899998],[22.632170006000024,-26.121280000999946],[22.63684999900005,-26.11632999899996],[22.637010002000068,-26.113129992999973],[22.629130001000078,-26.102639998999962],[22.629819996000037,-26.09668000299996],[22.63751,-26.090700002999938],[22.64959000300007,-26.086840002999963],[22.673080010000035,-26.073669996999968],[22.670259991000023,-26.05755000299996],[22.67174000400007,-26.043219998999973],[22.66379999700007,-26.024919997999973],[22.664949998000054,-26.019500000999983],[22.66844999800003,-26.014589998999952],[22.678769999000053,-26.01308999799994],[22.6995,-26.019159997999964],[22.710099998000032,-26.020229996999944],[22.72104999800007,-26.018560002999948],[22.725619997000024,-26.013510001999975],[22.724589998000056,-25.999489997999945],[22.72937999800007,-25.973100001999967],[22.723200001000066,-25.957900001999974],[22.72390000300004,-25.950089995999974],[22.72856000200005,-25.93894999899993],[22.735950003000028,-25.93064000399994],[22.74838999800005,-25.92272000099996],[22.74923999600003,-25.91799998999994],[22.744899996000072,-25.91342],[22.722869997000032,-25.908360001999938],[22.718159999000022,-25.90562000099993],[22.712589997000066,-25.899280000999966],[22.712029994000034,-25.89295999799998],[22.71337999800005,-25.889880001999927],[22.717340011000033,-25.88748000399994],[22.72387,-25.886809996999943],[22.738090001000046,-25.88177000199994],[22.741249999000047,-25.875949996999964],[22.734879997000064,-25.862320001999933],[22.736010001000068,-25.856529998999974],[22.75871999700007,-25.849409996999952],[22.771940002000065,-25.84113000399998],[22.778909992000024,-25.83335],[22.781409996000036,-25.828799997999965],[22.781730010000047,-25.824409997999965],[22.780109999000047,-25.81868000099996],[22.776770002000035,-25.814669996999953],[22.751129999000057,-25.806199997999954],[22.73823,-25.7983],[22.734580003000076,-25.793659997999953],[22.73854,-25.78779000199995],[22.754570002000037,-25.79006],[22.759329999000045,-25.788659996999968],[22.76341999600004,-25.78098999699995],[22.765089999000054,-25.74792999799996],[22.766299996000043,-25.73979000299994],[22.769320003000075,-25.732840001999932],[22.773209997000038,-25.73023000099994],[22.79344,-25.72709999799997],[22.799919998000064,-25.72311999699997],[22.821480002000044,-25.690470003999963],[22.821509997000078,-25.677439995999976],[22.830279997000048,-25.66239000099995],[22.830210002000058,-25.65777000299994],[22.827709997000056,-25.65504999799998],[22.81607000300005,-25.65522],[22.808270011000047,-25.650900002999947],[22.80184000400004,-25.64136999599998],[22.799530005000065,-25.635220001999983],[22.800419996000073,-25.63276999699997],[22.804429992000053,-25.629900002999932],[22.830560003000073,-25.620900003999964],[22.84777,-25.62141],[22.853369997000073,-25.615169997999942],[22.853459996000026,-25.611629996999966],[22.847379998000065,-25.605620001999966],[22.837729996000064,-25.59940000499995],[22.82640000200007,-25.58952000499994],[22.818179998000062,-25.586250002999975],[22.81407000400003,-25.582419998999967],[22.81481999600004,-25.57882000099994],[22.826679999000078,-25.57231],[22.840140001000066,-25.54466999799996],[22.852649991000078,-25.53552000199994],[22.853489999000033,-25.533509996999953],[22.85202,-25.52104],[22.86035,-25.50699999099993],[22.857280003000028,-25.502820001999964],[22.84768,-25.496610002999944],[22.846369996000078,-25.490169997999942],[22.851549997000063,-25.484139997999932],[22.863750003000064,-25.479619997999976],[22.88251,-25.483860000999982],[22.89412,-25.488659997999946],[22.89686000100005,-25.48885000399997],[22.90044000300003,-25.48684999699998],[22.90074999500007,-25.481280009999978],[22.888059998000074,-25.47713],[22.885740001000045,-25.46839000199998],[22.89856999600005,-25.45514000199995],[22.90633000300005,-25.435380000999942],[22.90728,-25.428979996999942],[22.91227000300006,-25.41917],[22.919069999000044,-25.412240002999965],[22.930859999000063,-25.406409998999948],[22.96999999600007,-25.38114000199994],[22.97645000800003,-25.370670011999948],[22.97623,-25.36422],[22.973719997000046,-25.35873],[22.974609988000054,-25.35239],[22.97265999600006,-25.347209998999972],[22.97794000300007,-25.33985999799995],[22.98811999700007,-25.33812],[23.00333000300003,-25.33993000199996],[23.01132000800004,-25.33586],[23.01336999800003,-25.32957],[23.006589999000028,-25.308089997999957],[23.00614999800007,-25.302490000999967],[23.007829999000023,-25.298209997999948],[23.011029997000037,-25.297189997999965],[23.015539999000055,-25.299049989999958],[23.02784000200006,-25.31020000099994],[23.028219997000065,-25.31251999799997],[23.031430002000036,-25.312829997999927],[23.04327,-25.30295999599997],[23.050190007000026,-25.292359997999938],[23.054380003000063,-25.28948999599993],[23.05993999900005,-25.291289998999957],[23.062079996000023,-25.302199996999946],[23.06126,-25.305479996999964],[23.05558001000003,-25.31298000299995],[23.05444,-25.318609994999974],[23.059750001000054,-25.325970001999963],[23.066439993000074,-25.32957],[23.07695,-25.33204000199993],[23.08240999800006,-25.33072999899997],[23.086690001000022,-25.327040000999943],[23.088320003000035,-25.323090001999958],[23.088360004000037,-25.313579998999955],[23.097789997000064,-25.31121000299993],[23.10739,-25.30418],[23.11360000700006,-25.30356],[23.128489999000067,-25.316400001999966],[23.13454000300004,-25.31742000199995],[23.13877999700003,-25.31475000399996],[23.14256000300003,-25.30821],[23.147960004000026,-25.30325],[23.152760001000047,-25.302520003999973],[23.16203999800007,-25.304790001999947],[23.16554999600004,-25.303929996999955],[23.16957999600004,-25.299679995999952],[23.173069998000074,-25.289749996999944],[23.18754000200005,-25.278979997999954],[23.194349997000074,-25.27689999699993],[23.206619997000075,-25.27617000099997],[23.212019998000073,-25.273420000999977],[23.217580003000023,-25.273910000999933],[23.234560001000034,-25.28078999899998],[23.247559998000042,-25.27538999799998],[23.259980004000056,-25.27967999899994],[23.27804999700004,-25.27409999899993],[23.28487999600003,-25.27958999899994],[23.289730001000066,-25.291140001999963],[23.29501000700003,-25.294089997999947],[23.30396,-25.291119997999942],[23.30888999000007,-25.282829997999954],[23.311250003000055,-25.281830002999982],[23.31553999700003,-25.28265999699994],[23.319699998000033,-25.289609997999946],[23.324079991000076,-25.29242000299996],[23.338579997000068,-25.28686999699994],[23.355549998000072,-25.28513999699993],[23.36223,-25.28778000099993],[23.368410004000054,-25.303429998999945],[23.383980009000027,-25.30348999699993],[23.403539998000042,-25.307239998999933],[23.41116998800004,-25.31495999799995],[23.414299999000036,-25.31579999799993],[23.419860003000053,-25.313740001999975],[23.423469999000076,-25.30918000099996],[23.433589996000023,-25.294619997999973],[23.442229997000027,-25.27697],[23.448329999000066,-25.27489],[23.466930001000037,-25.277119996999943],[23.46826999900003,-25.27946999699998],[23.467519999000046,-25.281509996999944],[23.457909998000048,-25.294269996999958],[23.458139996000057,-25.297740002999944],[23.460969997000063,-25.300540000999945],[23.46454999900004,-25.301039998999954],[23.47230999800007,-25.298220003999973],[23.47837,-25.298460000999967],[23.48288000200006,-25.31043],[23.49432,-25.317950001999975],[23.500439999000037,-25.33184999599996],[23.496590006000076,-25.34289000299998],[23.496179993000055,-25.351569995999967],[23.49831,-25.352740000999972],[23.50159,-25.35199],[23.524050001000035,-25.340079998999954],[23.52909000300008,-25.34344],[23.534089996000034,-25.35249999599995],[23.54838,-25.35208],[23.55958999300003,-25.35465999799993],[23.561450001000026,-25.357679996999934],[23.55625000300006,-25.36657],[23.557270003000042,-25.371740002999957],[23.56744999800003,-25.369899998999983],[23.584400001000063,-25.375619997999934],[23.58436000100005,-25.391590002999976],[23.586070004000078,-25.39482000399994],[23.589310003000037,-25.396460003999948],[23.594879997000078,-25.396950002999972],[23.59876999900007,-25.39511],[23.60254999700004,-25.384579996999946],[23.606560001000048,-25.38166000399997],[23.616,-25.383920003999947],[23.619230001000062,-25.38642],[23.62025999900004,-25.389889997999944],[23.618250002000025,-25.393709995999927],[23.610689999000044,-25.40046000199993],[23.61152000100003,-25.40351000299995],[23.617770001000054,-25.40623],[23.62854,-25.407389998999975],[23.632740002000048,-25.41095000399997],[23.634039999000038,-25.425419998999928],[23.637459998000054,-25.43157999899995],[23.644419997000057,-25.432890002999955],[23.65402,-25.430640000999972],[23.65740999600007,-25.427059998999937],[23.657590004000042,-25.418480003999946],[23.659450004000064,-25.41544000099998],[23.662610001000075,-25.414680001999955],[23.668370001000028,-25.416090003999955],[23.676480001000073,-25.427419997999948],[23.6678,-25.435319995999976],[23.66669999900006,-25.44199999799997],[23.67200000200006,-25.445859996999957],[23.679639999000074,-25.447390008999946],[23.689550002000033,-25.44368999699998],[23.696299999000075,-25.445610001999967],[23.70187000100003,-25.45117999699994],[23.701129999000045,-25.46007999799997],[23.7025,-25.46237],[23.709299996000027,-25.459880001999977],[23.722160002000066,-25.4462],[23.724820002000058,-25.44531],[23.728969997000036,-25.44636000299994],[23.73386000200003,-25.45854000399993],[23.748019998000075,-25.462419998999962],[23.75802999800004,-25.468740001999947],[23.757509996000067,-25.472070000999963],[23.75220000300004,-25.47687999699997],[23.751410002000057,-25.48159000299995],[23.75318000200008,-25.483739997999976],[23.760509999000078,-25.48656000099993],[23.763539996000077,-25.489939998999944],[23.761139997000043,-25.50035],[23.762930002000076,-25.503210002999936],[23.77635999300003,-25.50367],[23.78553000200003,-25.512470002999976],[23.79205,-25.512340002999963],[23.79945,-25.509219997999935],[23.806649997000022,-25.50843000499998],[23.816640001000053,-25.509849996999947],[23.820959997000045,-25.512899997999966],[23.82120000200007,-25.51714],[23.814630004000037,-25.52388],[23.807889997000075,-25.527749996999944],[23.804890002000036,-25.53318000099995],[23.805510002000062,-25.539990002999957],[23.80852000300007,-25.545159997999974],[23.816089996000073,-25.55018000299998],[23.820490002000042,-25.55064],[23.824470003000044,-25.548399996999933],[23.83060000100005,-25.54146000199995],[23.835160001000077,-25.54107999799993],[23.843400002000067,-25.55197999799998],[23.84215000300003,-25.557309995999958],[23.838080002000027,-25.561710001999927],[23.837630003000072,-25.564330000999973],[23.83969,-25.56788999799994],[23.84452,-25.570779995999942],[23.856200003000026,-25.5728],[23.867760004000047,-25.572030002999952],[23.880239999000025,-25.57745],[23.88225000400007,-25.58188],[23.88072,-25.59144000999993],[23.882830003000038,-25.594949992999943],[23.88821,-25.59859],[23.90247000100004,-25.60196999699997],[23.907030002000056,-25.6055],[23.90164999700005,-25.62237000199997],[23.904510001000062,-25.627520000999937],[23.91852,-25.629529997999953],[23.92854999700006,-25.6382],[23.935700002000033,-25.63687],[23.946189996000044,-25.638410001999944],[23.949960004000047,-25.636699998999973],[23.952169997000055,-25.63341000099996],[23.950810002000026,-25.622829998999975],[23.952940002000048,-25.621559996999963],[23.960960002000036,-25.623289995999983],[23.966050003000078,-25.615320002999965],[23.972589990000074,-25.61485],[23.977440002000037,-25.616120002999935],[23.983809996000048,-25.62163],[24.003710004000027,-25.620219997999982],[24.01201000100008,-25.624490003999938],[24.012270002000037,-25.628670000999932],[24.004189997000026,-25.632660000999977],[24.002979999000047,-25.63455000299996],[24.002899998000032,-25.648420002999956],[24.005239999000025,-25.651329997999937],[24.00896,-25.65083999799998],[24.017100002000063,-25.645739998999943],[24.0258,-25.644679990999975],[24.02739,-25.64228],[24.026699997000037,-25.636380000999964],[24.029939996000053,-25.63427000599995],[24.035739997000064,-25.636900002999937],[24.042299997000043,-25.645010010999954],[24.051450001000035,-25.650950001999945],[24.05859,-25.65186999599996],[24.06568999800004,-25.650380000999974],[24.06721000300007,-25.648380001999953],[24.067700003000027,-25.644279998999934],[24.06425000200005,-25.635220001999983],[24.06774000400003,-25.630960002999927],[24.073769995000077,-25.62966999599996],[24.077580003000037,-25.630800007999937],[24.080839999000034,-25.640990000999977],[24.085830002000023,-25.643370002999973],[24.092880009000055,-25.635199997999962],[24.10434000400005,-25.63036],[24.114999999000077,-25.631670002999954],[24.12643999000005,-25.62780999599994],[24.138610009000047,-25.62805999899996],[24.140680003000057,-25.62522],[24.139050001000044,-25.6164],[24.14057999700003,-25.61418999899996],[24.152679997000064,-25.60847999799995],[24.157109997000077,-25.60816],[24.16060999700005,-25.61064],[24.163079999000047,-25.615159991999974],[24.16233999700006,-25.618330003999972],[24.156859994000058,-25.625399998999967],[24.15944999900006,-25.630120002999945],[24.167749996000055,-25.631819991999976],[24.17078999900008,-25.63107999799996],[24.179480006000063,-25.62676000199997],[24.184460003000027,-25.62123],[24.191770003000045,-25.62035999699998],[24.19510000200006,-25.621830003999946],[24.200049997000065,-25.62920000099996],[24.207359997000026,-25.632189996999955],[24.215069997000057,-25.644239997999932],[24.226830002000042,-25.643979996999974],[24.22784000300004,-25.64745000199997],[24.22647000300003,-25.65584],[24.23375999900003,-25.66257000099995],[24.236609996000027,-25.669949995999957],[24.241969996000023,-25.673150001999943],[24.247430003000034,-25.672120003999964],[24.25161,-25.67458],[24.247290004000035,-25.68481000099996],[24.254570002000037,-25.687569998999948],[24.260720003000074,-25.691900000999965],[24.258939997000027,-25.702670000999944],[24.26088999700005,-25.707270002999962],[24.265910002000055,-25.708219998999937],[24.27020000400006,-25.70671],[24.27306999800004,-25.70523000299994],[24.278659997000034,-25.696700006999947],[24.28467999800006,-25.693199998999944],[24.28840999600004,-25.69425999899994],[24.290680002000045,-25.69846999899994],[24.291040001000056,-25.70678000299995],[24.283179996000058,-25.709390003999943],[24.278290007000066,-25.714320001999965],[24.27929000300003,-25.718719998999973],[24.28533999800004,-25.72642000099995],[24.288359997000043,-25.726190002999942],[24.300790001000053,-25.71424],[24.314859997000042,-25.713979998999946],[24.324909999000056,-25.710129997999957],[24.327990002000035,-25.714140001999965],[24.322590001000037,-25.722600002999968],[24.32252999600007,-25.72767],[24.32488001200005,-25.732490000999974],[24.333019998000054,-25.737429997999982],[24.33939,-25.74562999699998],[24.350200001000076,-25.749990001999947],[24.35490999800004,-25.757080001999952],[24.36447,-25.759229997999967],[24.374949996000055,-25.76405],[24.381589990000066,-25.76449],[24.38583,-25.75842],[24.391549999000063,-25.75479998999998],[24.39392000400005,-25.75585999799995],[24.397290003000023,-25.76188999799996],[24.401820001000033,-25.76223],[24.403789998000036,-25.760350003999974],[24.40389000400006,-25.75115],[24.405379999000047,-25.747100003999947],[24.41092999700004,-25.745830000999945],[24.42060000300006,-25.75044000099996],[24.425989998000034,-25.751479996999933],[24.432409999000072,-25.74580999699998],[24.432880002000047,-25.734040001999972],[24.43536000200004,-25.73418],[24.441369997000038,-25.74087],[24.44388,-25.739289997999947],[24.444249997000043,-25.734459997999977],[24.446679998000036,-25.73357000599998],[24.458660003000034,-25.74313],[24.463000004000037,-25.74264999899998],[24.464669998000034,-25.73815000299993],[24.467369999000027,-25.73753000299996],[24.47052999700003,-25.739729997999973],[24.47064000100005,-25.74601],[24.471880001000045,-25.747200001999943],[24.490840002000027,-25.75115999899998],[24.54434999700004,-25.77203999699998],[24.55054,-25.77269999799995],[24.56148,-25.770940003999954],[24.569400003000055,-25.77269],[24.5781,-25.777410003999933],[24.589369997000063,-25.789799998999968],[24.598899997000046,-25.79354999399993],[24.608899999000073,-25.80065],[24.640250003000062,-25.807579996999948],[24.645300004000035,-25.81089999699998],[24.659660003000056,-25.815220000999943],[24.664259989000072,-25.81832000199995],[24.675729998000065,-25.81794999699997],[24.679030002000047,-25.819200002999935],[24.68184999700003,-25.823659997999982],[24.685869999000033,-25.82333000099993],[24.69654999900007,-25.811320000999956],[24.71160000200007,-25.80579],[24.729020009000067,-25.804000002999942],[24.73665999800005,-25.80765],[24.741770003000056,-25.812439998999935],[24.748139997000067,-25.81408999699994],[24.751989998000056,-25.814489996999953],[24.75592,-25.811410000999956],[24.761710003000076,-25.810979998999983],[24.767409998000062,-25.812780001999954],[24.778359997000052,-25.81975],[24.783719998000038,-25.817229990999977],[24.787500003000048,-25.81749],[24.79473000200005,-25.825249998999936],[24.80257000200004,-25.81869998899998],[24.810500003000072,-25.818360001999963],[24.811120003000042,-25.812849996999944],[24.81316999300003,-25.810319997999954],[24.815620006000074,-25.81164999799995],[24.81619999800006,-25.816060001999972],[24.818379996000033,-25.816990001999955],[24.82465,-25.81173999799995],[24.83347,-25.815310000999943],[24.844339997000077,-25.809249998999974],[24.850859996000054,-25.80877999599994],[24.85689999400006,-25.806429995999963],[24.86214,-25.80752],[24.869589999000027,-25.80538999199996],[24.8753,-25.809140002999982],[24.885750001000076,-25.807089996999935],[24.896929999000065,-25.810769996999966],[24.89887,-25.809320002999982],[24.89633000300006,-25.805910001999962],[24.89763,-25.802559998999982],[24.90472999900004,-25.802569996999978],[24.907770002000063,-25.798409995999975],[24.913069997000036,-25.797519996999938],[24.912799998000025,-25.784410003999938],[24.915849999000045,-25.784439997999982],[24.920289997000054,-25.79000000999997],[24.927800001000037,-25.787690003999955],[24.93382000300005,-25.77663999899994],[24.945759999000074,-25.774599998999975],[24.95138,-25.77167],[24.951140004000024,-25.76913000199994],[24.953850002000024,-25.768269997999937],[24.951829991000068,-25.762310001999936],[24.95438000300004,-25.760289997999962],[24.96151001100003,-25.766080000999978],[24.96674000300004,-25.766059996999957],[24.975290004000044,-25.75386999699998],[24.983869999000035,-25.75433000199996],[24.98967,-25.745439998999927],[25.00362000100006,-25.738659998999935],[25.003790002000073,-25.73574999699997],[24.999800003000075,-25.731229996999957],[25.00057,-25.72956000199997],[25.01467999600004,-25.72549000099997],[25.01851000100004,-25.730440002999956],[25.022940001000052,-25.73099999799996],[25.037460004000025,-25.72221000099995],[25.05158000600005,-25.726089996999974],[25.053939996000054,-25.731340000999978],[25.06171000200004,-25.735519997999972],[25.06730999900003,-25.73505000299997],[25.0716,-25.736290002999965],[25.07690000300005,-25.73126999799996],[25.080900001000032,-25.730389996999975],[25.084279999000046,-25.73839],[25.087010002000056,-25.74094000399998],[25.099280003000047,-25.74250000199993],[25.10433000300003,-25.74114999799997],[25.105249997000044,-25.74250000199993],[25.102110004000053,-25.7461],[25.102239996000037,-25.748040001999982],[25.10994999600007,-25.74866000199995],[25.10873999900008,-25.75442000199996],[25.112819998000077,-25.756230002999928],[25.11612000200006,-25.76069999599997],[25.121390003000045,-25.76374999799998],[25.127099996000027,-25.762739995999937],[25.13493999700006,-25.757690003999983],[25.14263,-25.75636000399993],[25.148390008000035,-25.759589996999978],[25.16107999700006,-25.759589996999978],[25.165599997000072,-25.761900003999983],[25.168710004000047,-25.76549999399998],[25.17262000200003,-25.76618999699997],[25.176139998000053,-25.76621000199998],[25.18362,-25.76280000099996],[25.19214999600007,-25.762509997999928],[25.203110001000027,-25.758400003999952],[25.206849998000052,-25.759620006999967],[25.209170003000054,-25.76266000199996],[25.215579998000067,-25.76316],[25.21982999900007,-25.76589000299998],[25.223940001000074,-25.763539995999963],[25.248499999000046,-25.765569996999943],[25.252290002000052,-25.767499992999944],[25.26143,-25.768640002999973],[25.264780003000055,-25.766470002999938],[25.27481000100005,-25.767980001999945],[25.285199997000063,-25.765360002999955],[25.299430004000044,-25.765680000999964],[25.319470010000032,-25.772779998999965],[25.328669997000077,-25.769769998999948],[25.33413000300004,-25.77101999699994],[25.342089998000063,-25.76893999699996],[25.347,-25.766589996999983],[25.351640002000067,-25.761740000999964],[25.36681999700005,-25.75785999699997],[25.371729999000024,-25.75251000299994],[25.37815,-25.750290003999964],[25.386389992000034,-25.744490002999953],[25.407330004000073,-25.738539996999975],[25.423770004000062,-25.731420002999982],[25.445999998000048,-25.71376999699993],[25.451600003000067,-25.710219997999957],[25.45486999700006,-25.710219997999957],[25.458610002000057,-25.705150000999936],[25.465329996000037,-25.701229988999955],[25.46946000300005,-25.69585],[25.48002,-25.69603],[25.48533000200007,-25.69399],[25.48853999800008,-25.688779996999983],[25.49345,-25.690539998999952],[25.49849000200004,-25.689479997999968],[25.50005999800004,-25.690650002999973],[25.507059999000035,-25.686000002999947],[25.51299,-25.68472000199995],[25.52751000300003,-25.67096999599994],[25.53106000200006,-25.67002999799996],[25.53439,-25.66562000199997],[25.557619999000053,-25.64977999799993],[25.566730002000043,-25.647400002999973],[25.57747999700007,-25.638739998999938],[25.580900004000057,-25.638770000999955],[25.659759998000027,-25.474389997999936],[25.68823000200007,-25.376000001999955],[25.699819998000066,-25.291000002999965],[25.7291,-25.256880002999935],[25.840869997000027,-24.980300000999932],[25.861789996000027,-24.926054997999984],[25.860760006000078,-24.924259997999968],[25.87067999100003,-24.921329998999965],[25.87248000200003,-24.918909995999968],[25.87815000200004,-24.91739999699996],[25.881820004000076,-24.91423999899996],[25.872559996000064,-24.905259996999973],[25.874,-24.90351999899997],[25.880640001000074,-24.90256000399995],[25.880429999000057,-24.90081],[25.876380002000076,-24.897679996999955],[25.87657,-24.888300001999937],[25.88002999100007,-24.88663],[25.88481999800007,-24.887690000999953],[25.888769997000054,-24.88246000099997],[25.885489997000036,-24.881],[25.88293000300007,-24.875900000999934],[25.881419996000034,-24.859010001999934],[25.876250001000074,-24.856069996999963],[25.876820003000034,-24.85201000199993],[25.873950001000026,-24.846430001999977],[25.87493999800006,-24.838999998999952],[25.873280002000058,-24.82912999699994],[25.86946000300003,-24.826989998999977],[25.86735,-24.823489998999946],[25.865480002000027,-24.82363999599994],[25.86228000400007,-24.826949997999975],[25.859290007000027,-24.82623],[25.85848000200008,-24.821549996999977],[25.863180001000046,-24.80847999699995],[25.86131000300003,-24.80811],[25.84240999900004,-24.79034],[25.84416000300007,-24.78028],[25.85016,-24.776760003999982],[25.851480001000027,-24.774500003999947],[25.85118,-24.762349996999944],[25.84828000300007,-24.755020000999934],[25.858310008000046,-24.757180002999974],[25.911380003000033,-24.75370999699993],[25.917060002000028,-24.74550998999996],[25.964409997000075,-24.74944],[26.00741000200003,-24.724280005999958],[26.187000003000037,-24.687499998999954],[26.39328000100005,-24.63662999899998],[26.40878000300006,-24.646129995999956],[26.408300002000033,-24.65032999699997],[26.42755999700006,-24.658179995999944],[26.42695000300006,-24.665230002999976],[26.42179999700005,-24.670770002999973],[26.422809998000048,-24.68168000099996],[26.421309997000037,-24.691640002999975],[26.426160001000028,-24.694530000999976],[26.42722000200007,-24.696690002999958],[26.419719996000026,-24.715999996999983],[26.42262,-24.720599998999944],[26.418199998000034,-24.72901],[26.42816,-24.753829998999947],[26.42687999900005,-24.75791999699993],[26.429650003000063,-24.765420002999974],[26.42600999600006,-24.77120999799996],[26.43538999900005,-24.782880002999946],[26.44464000100004,-24.79078999899997],[26.44832000100007,-24.79208999599996],[26.453959998000073,-24.788780001999953],[26.45949,-24.790489996999952],[26.461600003000058,-24.795290001999945],[26.461330004000047,-24.80008000199996],[26.458280002000038,-24.809470001999955],[26.528579999000044,-24.813839996999945],[26.566450002000067,-24.819899998999972],[26.60098,-24.815779990999943],[26.62201000300007,-24.809860003999972],[26.660390002000042,-24.839560001999928],[26.69930000100004,-24.867290003999983],[26.705090004000056,-24.856970002999958],[26.751259996000044,-24.88295999899998],[26.77954000300008,-24.837690002999977],[26.943320002000064,-24.78137000299995],[26.94265000300004,-24.77626999599994],[26.980720002000055,-24.77576999799993],[26.975909998000077,-24.720670001999963],[27.02632999900004,-24.71863000199994],[27.041219999000077,-24.88697000299993],[27.101150003000043,-24.90004000299996],[27.143852999000046,-24.946151003999944],[27.154049997000072,-24.97896000299994],[27.183419999000023,-24.948520001999952],[27.22609200200003,-24.963937001999966],[27.20911,-24.995640006999963],[27.203468,-25.033182997999972],[27.23167999800006,-25.036109996999983],[27.223550999000054,-25.06740499899996],[27.271940001000075,-25.036719998999956],[27.3136,-25.042089996999948],[27.33695,-25.08781999699994],[27.382509999000035,-25.08000999899997],[27.4246,-25.068910002999928],[27.43133000100005,-25.082049998999935],[27.48175000200007,-25.06707],[27.486900001000038,-25.07841999799996],[27.49802999900004,-25.07319999699996],[27.521240001000024,-25.075989996999965],[27.52118000400003,-25.07969000099996],[27.53392,-25.08324999799993],[27.532260003000033,-25.094390002999944],[27.542770002000054,-25.097980002999975],[27.54359999600007,-25.09587999799993],[27.565320003000068,-25.082730003999927],[27.565420001000064,-25.079720003999967],[27.559800007000035,-25.077309998999965],[27.567829998000036,-25.05943000299993],[27.594040002000042,-25.029440000999955],[27.597490003000075,-24.98487],[27.62859999400007,-24.973709998999936],[27.68466999900005,-24.985839992999956],[27.687299997000025,-24.99435],[27.73885000200005,-24.98314],[27.759140003000027,-24.968910000999983],[27.78890999600003,-24.966520000999935],[27.821660003000034,-24.974580001999982],[27.83307200200005,-24.97352099799997],[27.88665999600005,-24.988290005999943],[27.912889997000036,-24.99108999699996],[27.946469998000055,-25.00122],[27.95495000300008,-24.97016999799996],[27.975179999000034,-24.96571000299997],[27.983559998000032,-24.957849997999972],[27.99760999800003,-24.973499996999976],[28.01777999600006,-24.974050000999966],[28.036980002000064,-24.985349992999943],[28.037849997000023,-24.98383000399997],[28.08007999700004,-24.979490002999967],[28.12001000400005,-24.979469990999974],[28.125170998000044,-25.004781002999948],[28.158719999000027,-25.02058999899998],[28.25975999700006,-25.05045],[28.217079999000077,-25.11297000099995],[28.21711699900004,-25.122887998999943],[28.21499,-25.128149995999934],[28.19827000300006,-25.12759000099993],[28.173820001000024,-25.12001000999993],[28.175069999000073,-25.11360999699997],[28.15393,-25.086780000999966],[28.136569998000027,-25.093269996999936],[28.11794000100008,-25.09805999699995],[28.083850004000055,-25.100369995999984],[28.094349996000062,-25.14847],[28.128970002000074,-25.145689989999937],[28.13571999900006,-25.20563999799998],[28.169489999000064,-25.20943000999995],[28.211189998000066,-25.198069996999948],[28.246270001000028,-25.212855003999948],[28.25984999700006,-25.23867000299998],[28.298229996000032,-25.29322000299993],[28.298160001000042,-25.310370001999956],[28.298060004000035,-25.33933999599998],[28.289626996000038,-25.341151998999976],[28.28950499900003,-25.33829099899998],[28.283400009000047,-25.33808],[28.28264199800003,-25.342643996999982],[28.22833,-25.35419000299993],[28.20147999900007,-25.323710001999927],[28.176750009000045,-25.32859],[28.17666999900007,-25.365869998999983],[28.110729999000057,-25.378899996999962],[28.10802,-25.367006998999955],[28.08338000200007,-25.38485000399993],[28.055529997000065,-25.400050002999933],[28.04473000400003,-25.401739994999957],[28.00040999600003,-25.35942000299997],[27.970759997000073,-25.362949989999947],[27.945639996000068,-25.40670000299997],[27.958169998000074,-25.426349998999967],[27.96041000200006,-25.427310000999967],[27.96972000100004,-25.43911],[27.991657,-25.42451700199996],[28.03595000400003,-25.470589996999934],[28.01192999600005,-25.480459990999975],[28.00751000200006,-25.484089997999945],[27.99243999500004,-25.51803],[28.02442200100006,-25.5307],[28.05240000200007,-25.5358],[28.04951000500006,-25.55955999699995],[28.030650002000073,-25.558359998999947],[27.981460001000073,-25.542750000999945],[27.95763000100004,-25.59261999699993],[27.972160001000077,-25.597910000999946],[27.98056001200007,-25.632800006999958],[27.964859999000055,-25.634839989999932],[27.96516999800008,-25.64541499799998],[27.957080003000044,-25.643659989999946],[27.957249997000076,-25.647659988999976],[27.952290004000076,-25.65350999599997],[27.951860002000046,-25.671300000999963],[27.953819999000075,-25.67294],[27.957490009000026,-25.693689997999968],[27.94819,-25.695210003999932],[27.97947000100004,-25.751450000999967],[27.973149999000043,-25.756810001999952],[27.964570003000063,-25.757650001999934],[27.955800003000036,-25.75659000199994],[27.95268800100007,-25.75957200299996],[27.949330003000057,-25.75974999899995],[27.954570001000036,-25.786940001999938],[27.959580001000063,-25.786050002999957],[27.96319000400007,-25.78708999899993],[27.96224999800006,-25.791860001999964],[27.963650001000076,-25.799119994999955],[27.957199997000032,-25.800529988999983],[27.960169997000037,-25.815989996999974],[27.940129999000078,-25.819669997999938],[27.92582999700005,-25.824109995999947],[27.939530003000073,-25.83677999699995],[27.90054000200007,-25.84083000199996],[27.898200001000077,-25.859740003999946],[27.88260000100007,-25.86187000299998],[27.884739999000033,-25.851749997999946],[27.88349000100004,-25.845700002999934],[27.88438,-25.838750008999966],[27.88526999900006,-25.83537000299998],[27.890080011000066,-25.82985],[27.891680002000044,-25.822909996999954],[27.858739997000043,-25.81881999899997],[27.848239997000064,-25.83929],[27.85180000200006,-25.84641000199997],[27.843960001000028,-25.848900000999947],[27.83147,-25.86017299799994],[27.791029997000066,-25.87467999499995],[27.744549997000036,-25.894620002999943],[27.74270000300004,-25.85023999899994],[27.7358,-25.855310003999932],[27.730300001000046,-25.855209997999964],[27.70456000100006,-25.868300001999955],[27.68493,-25.875400000999946],[27.663920002000054,-25.83996999699997],[27.65463999700006,-25.845329996999965],[27.649669998000036,-25.84354000099995],[27.650450001000024,-25.84273000299993],[27.647139999000046,-25.840570000999946],[27.648850002000074,-25.835020002999954],[27.645480003000046,-25.819830000999957],[27.64110000100004,-25.812799997999946],[27.64176000200007,-25.811450001999958],[27.646600001000024,-25.814139995999938],[27.643549999000072,-25.79591999799993],[27.605550004000065,-25.808229998999934],[27.59929999600007,-25.812709998999935],[27.598290002000056,-25.81957],[27.574569997000026,-25.83599000399994],[27.55984999800006,-25.842839998999978],[27.545979998000064,-25.84616],[27.54739999800006,-25.851399997999977],[27.542479998000033,-25.85258],[27.53357999700006,-25.85214999799996],[27.532289998000067,-25.849960000999943],[27.51327,-25.860330000999966],[27.500190001000078,-25.86131999899993],[27.49754,-25.85958999899998],[27.484360003000063,-25.863520000999983],[27.461947001000055,-25.867606000999956],[27.470000004000042,-25.888100003999966],[27.457039999000074,-25.888290000999973],[27.463339998000038,-25.921470002999968],[27.453566004000038,-25.92016],[27.457009997000057,-25.981849997999973],[27.44981000100006,-26.01625000399997],[27.43885999400004,-26.014260002999947],[27.435689998000043,-26.022569998999927],[27.43399000100004,-26.022510000999944],[27.435209997000072,-26.02695],[27.43134999800003,-26.052259997999954],[27.42522,-26.089389998999934],[27.422359997000058,-26.089169998999978],[27.419440004000023,-26.117499995999935],[27.36172,-26.115669998999977],[27.358259993000047,-26.15461],[27.291409998000063,-26.144620003999933],[27.308389997000063,-26.22518000399998],[27.330071,-26.28181499899995],[27.299299990000065,-26.304479998999966],[27.274810003000027,-26.314250002999984],[27.234810001000028,-26.338269994999962],[27.187952,-26.377862998999944],[27.22484999900007,-26.44397],[27.22378,-26.451769998999964],[27.231421002000047,-26.50548099599996],[27.212470002000032,-26.514799995999965],[27.18283000100007,-26.520329997999966],[27.18824999900005,-26.525819998999964],[27.178570002000072,-26.52098],[27.15634,-26.524309998999968],[27.158760003000054,-26.52541999899995],[27.16710000100005,-26.551429998999936],[27.17455,-26.54921],[27.18256000200006,-26.563129998999955],[27.182637003000025,-26.574619995999967],[27.22835999700004,-26.571050000999946],[27.234519997000064,-26.59492000299997],[27.23321000100003,-26.59546000199998],[27.235020003000045,-26.61861999699994],[27.241869998000027,-26.63646],[27.247430002000044,-26.63437000099998],[27.24885000200004,-26.636050001999934],[27.249380002000066,-26.634060000999966],[27.251250001000074,-26.634700004999956],[27.25369,-26.63247999799995],[27.257530003000056,-26.632010002999948],[27.257379998000033,-26.63082000199995],[27.260489996000047,-26.631490000999975],[27.261679998000034,-26.633539998999936],[27.26444000300006,-26.63167],[27.265690002000042,-26.632489995999947],[27.267140004000055,-26.630560000999935],[27.268260002000034,-26.63287],[27.271760002000065,-26.63039],[27.27306999700005,-26.632179995999934],[27.276879997000037,-26.62900000199994],[27.276839997000025,-26.625919990999932],[27.278909999000064,-26.62647000299995],[27.279340001000037,-26.62445],[27.279659992000063,-26.62581000199998],[27.285490003000064,-26.624960003999945],[27.28417999900006,-26.62219],[27.286189997000065,-26.621409996999944],[27.293300009000063,-26.62229999599998],[27.29688000300007,-26.62028000099997],[27.29911099700007,-26.62211800199998],[27.34422,-26.61313000399997],[27.3315,-26.59032000199994],[27.338850001000026,-26.57811999599994],[27.338639999000065,-26.571729997999967],[27.365830002000052,-26.573830002999955],[27.38538999900004,-26.604270002999954],[27.378349998000033,-26.610679997999966],[27.425759001000074,-26.649468],[27.43466999800006,-26.631809998999984],[27.454829998000037,-26.630330001999937],[27.506530001000044,-26.64623000399996],[27.569090002000053,-26.647160003999943],[27.570240002000048,-26.68365],[27.574230002000036,-26.684080001999973],[27.574159999000074,-26.715839996999932],[27.602839997000046,-26.69243999699995],[27.60224000100004,-26.722850002999962],[27.589120002000072,-26.724090002999958],[27.58141000200004,-26.731000002999963],[27.58881000200006,-26.735700002999977],[27.590429997000058,-26.73836000299997]]]}},{"type":"Feature","properties":{"shapeName":"Nothern Cape","shapeISO":"NC","shapeID":"76434192B51294388644125","shapeGroup":"ZAF","shapeType":"ADM1"},"geometry":{"type":"Polygon","coordinates":[[[25.467099997000048,-30.624210010999946],[25.46251,-30.62810000199994],[25.45648000400007,-30.637000003999958],[25.458499999000026,-30.65745],[25.460380001000033,-30.66077],[25.471309998000038,-30.66669000099995],[25.46975,-30.66879999899993],[25.47187000100007,-30.672919995999962],[25.463260002000027,-30.677709995999976],[25.460229997000056,-30.68327999899998],[25.463800003000074,-30.689439996999965],[25.46653000500004,-30.709780000999956],[25.46251,-30.71554999799997],[25.462349997000047,-30.72213000199997],[25.473930003000078,-30.72311999799996],[25.47637999500006,-30.728179995999938],[25.477159998000047,-30.738520001999973],[25.47387999700004,-30.743710001999943],[25.479899998000064,-30.759769996999978],[25.48020000200006,-30.77891],[25.48644000300004,-30.784549994999963],[25.504979999000057,-30.78363],[25.50843999700004,-30.78877000199998],[25.52485000200005,-30.79639999899996],[25.54793000600006,-30.789800000999946],[25.549330001000044,-30.790980003999948],[25.521629998000037,-30.83318000099996],[25.48516999800006,-30.84979999099994],[25.471289999000078,-30.869840000999943],[25.500639998000054,-30.888009996999983],[25.508429998000054,-30.89819999799994],[25.516480002000037,-30.902629996999963],[25.517779999000027,-30.90151],[25.51404,-30.921459997999932],[25.510429999000053,-30.92840999799995],[25.504619999000056,-30.93297999799995],[25.508320002000062,-30.942159997999966],[25.506420002000027,-30.95034],[25.510949998000058,-30.95572],[25.493099999000037,-30.96770000099997],[25.47502,-30.98388],[25.475770002000047,-30.991199998999946],[25.484840002000055,-31.006329996999966],[25.5016,-31.00738999699996],[25.486750001000075,-31.036910003999935],[25.463779997000074,-31.05474000199996],[25.453200002000074,-31.05421],[25.43884000500003,-31.06149],[25.454289991000053,-31.0793],[25.446389999000075,-31.10020000199995],[25.41559999900005,-31.13440000199995],[25.398160002000054,-31.13068],[25.384560001000068,-31.150970000999962],[25.377820002000078,-31.198870002999968],[25.382480001000033,-31.20446999899997],[25.38621000100005,-31.21784000399998],[25.368760001000055,-31.226009998999984],[25.354419997000036,-31.23599999399994],[25.29058000400005,-31.21347999699998],[25.284940004000077,-31.22340999499994],[25.268219997000074,-31.22082000299997],[25.269329999000036,-31.214400000999944],[25.22504000300006,-31.1952],[25.22376000400004,-31.19228999799998],[25.219749998000054,-31.190410011999973],[25.210969998000053,-31.192109997999978],[25.20435000200007,-31.201739996999947],[25.209639999000046,-31.204749995999975],[25.20481999900005,-31.2151],[25.198349998000026,-31.21546],[25.19235999700004,-31.213360001999945],[25.179130004000058,-31.22223],[25.17713000300006,-31.23457999799996],[25.170479998000076,-31.23917999899993],[25.155200001000026,-31.231150000999946],[25.15269999900005,-31.243119991999947],[25.13067999900005,-31.239399997999953],[25.1152,-31.246269998999935],[25.100790004000032,-31.259450000999948],[25.0844,-31.26233000299993],[25.073460001000058,-31.25326999699996],[25.05847000400007,-31.26938],[25.04447000300007,-31.26614000199993],[25.00562,-31.263099998999962],[24.960469998000065,-31.28551],[24.948729998000033,-31.29835000299994],[24.94197000500003,-31.315069998999945],[24.93358999800006,-31.32038000199998],[24.92337999800003,-31.313489998999955],[24.90025,-31.31671999799994],[24.89884999700007,-31.313700000999972],[24.852990005000038,-31.328209989999948],[24.861350006000066,-31.356310003999965],[24.86285998900007,-31.37361],[24.860230001000048,-31.373975001999952],[24.84613000300004,-31.365559996999934],[24.825499991000072,-31.35650999799998],[24.788679998000077,-31.389460002999954],[24.72429999900004,-31.399859997999954],[24.710609996000073,-31.409509997999976],[24.704810003000034,-31.400590001999944],[24.664990001000035,-31.38366000999997],[24.5961,-31.39918],[24.56719000100003,-31.41864000099997],[24.567630001000055,-31.427149996999958],[24.558850001000053,-31.481839995999962],[24.54130000500004,-31.486839996999947],[24.519439999000042,-31.49789999899997],[24.533030001000043,-31.50978],[24.524550005000037,-31.54542999699993],[24.503910002000055,-31.568419998999957],[24.522960003000037,-31.603689997999936],[24.51733000200005,-31.644579997999983],[24.514129996000065,-31.704970000999936],[24.50627,-31.706830001999947],[24.469940001000055,-31.70648],[24.44125000300005,-31.712609997999948],[24.41262000200004,-31.688509996999983],[24.423289999000076,-31.711639995999974],[24.340689997000027,-31.71383],[24.324689998000053,-31.72406000099994],[24.32237,-31.741780002999974],[24.315339997000024,-31.750129997999977],[24.301569995000023,-31.758329996999976],[24.285020001000078,-31.765179995999972],[24.268819997000037,-31.75590998599995],[24.26825000300005,-31.76666999699995],[24.248410001000025,-31.760359998999945],[24.240180001000056,-31.75203999699994],[24.22599000100007,-31.74741000399996],[24.161589996000032,-31.740149993999978],[24.147409995000032,-31.767279997999935],[24.152459995000072,-31.78860999799997],[24.102239999000062,-31.79258],[24.070940002000043,-31.807089996999935],[24.05607999500006,-31.77596000899996],[24.043120001000034,-31.767329996999933],[24.028519997000046,-31.730170000999976],[24.029089999000064,-31.721970001999978],[24.046840002000067,-31.70669000099997],[23.96306000100003,-31.706670006999957],[23.96646000100003,-31.715420001999973],[23.951290003000054,-31.74950999799995],[23.94865999900003,-31.773330000999977],[23.91786,-31.795360003999974],[23.915869997000073,-31.821999997999967],[23.894040005000022,-31.83677999799994],[23.878630002000023,-31.833680004999962],[23.83785000200004,-31.78333999399996],[23.829350004000048,-31.780269997999937],[23.837150003000033,-31.767909997999936],[23.808520002000023,-31.76365999799998],[23.847620002000042,-31.729219996999973],[23.841550002000076,-31.715060000999983],[23.815660001000026,-31.714159995999978],[23.77747000200003,-31.69705999799993],[23.756489996000028,-31.69571000199994],[23.73449000200003,-31.654570004999982],[23.71516000400004,-31.647050003999937],[23.68875,-31.64959999699994],[23.639480001000038,-31.66009999599993],[23.619140001000062,-31.649430002999964],[23.594490006000058,-31.66225000099996],[23.57453,-31.689169996999965],[23.535470004000047,-31.691770000999952],[23.523889999000062,-31.705329997999968],[23.496109997000076,-31.702689998999972],[23.42314000500005,-31.682140001999983],[23.41645000500006,-31.67222000299995],[23.40172999400005,-31.69957],[23.40708999700007,-31.7138],[23.387099999000043,-31.714800001999947],[23.34511001100003,-31.71088999799997],[23.30242,-31.730149998999934],[23.26614000400008,-31.773200002999943],[23.263440003000028,-31.778340000999947],[23.262359997000033,-31.81539000099997],[23.225030004000075,-31.854039997999962],[23.23036999900006,-31.87569000299993],[23.171159999000054,-31.918140002999962],[23.151910005000047,-31.939770001999932],[23.14478,-31.94311000099998],[23.139449995000064,-31.951539998999976],[23.118839997000066,-31.960070001999952],[23.104349998000032,-31.960609998999928],[23.098489991000065,-31.97770000199995],[23.087619999000026,-31.972290000999976],[23.070890005000024,-31.953810002999944],[23.058669998000028,-31.95484000199997],[23.052589999000077,-31.939780000999974],[23.05226000300007,-31.910289989999967],[23.06739,-31.89073999599998],[23.038710001000027,-31.877449997999975],[22.975830002000066,-31.860829998999975],[22.95381999700004,-31.862969996999936],[22.901950001000046,-31.875769997999953],[22.874719999000035,-31.861640002999934],[22.858970002000035,-31.81829],[22.82529000100004,-31.837659996999946],[22.77688,-31.85691],[22.75749999900006,-31.82754],[22.73510000500005,-31.79937999599997],[22.65152999700007,-31.821670001999962],[22.647539997000024,-31.81960000099997],[22.646320003000028,-31.815459996999948],[22.644309994000025,-31.81432000199993],[22.642119998000055,-31.81619000099994],[22.635269995000044,-31.81491000099993],[22.633200002000024,-31.815740002999974],[22.63117999900004,-31.819699997999976],[22.631759999000053,-31.82340000499994],[22.614919997000072,-31.822870002999935],[22.578340001000072,-31.80551000099996],[22.609400005000055,-31.739819997999973],[22.619070003000047,-31.72465000099993],[22.56613999600006,-31.71317],[22.56481499000006,-31.677919994999968],[22.495760001000065,-31.67033999599994],[22.433249997000075,-31.638180001999956],[22.35514000300003,-31.605410004999953],[22.312290002000054,-31.58346000199998],[22.27292,-31.592540000999975],[22.26010000200006,-31.662470000999974],[22.24988,-31.664659996999944],[22.23737999900004,-31.70297999899998],[22.20401,-31.76403000199997],[22.20628,-31.792250002999936],[22.159860001000027,-31.80973999899993],[22.176880003000065,-31.82071999799996],[22.166599999000027,-31.893089998999983],[22.131500002000053,-31.884260000999973],[22.11587,-31.862630001999946],[22.078860003000045,-31.85488999699993],[22.079960003000053,-31.863659997999946],[22.08236000100004,-31.868489997999973],[22.08428999700004,-31.868780001999937],[22.084019999000077,-31.875870002999932],[22.091680001000043,-31.885389996999947],[22.097170001000052,-31.888630002999946],[22.10045999700003,-31.893040000999974],[22.101709996000068,-31.900529997999968],[22.1004,-31.924339997999937],[22.07133000300007,-31.939299996999978],[22.089230001000033,-31.97435],[22.094980004000035,-32.00105999899995],[22.074124995000034,-32.01791500199994],[22.09359,-32.04591999699994],[22.133959997000034,-32.064390000999936],[22.119950001000063,-32.07697000099995],[22.089650007000046,-32.14637999799993],[22.06956,-32.08144999899997],[22.016439990000038,-32.11425999499994],[22.003500001000077,-32.17423999899995],[21.99951999600006,-32.20595000299994],[21.995920002000048,-32.20298000399998],[21.97124000100007,-32.21642999699998],[21.936205003000055,-32.22288000399993],[21.92460000600005,-32.26196000099998],[21.907439999000076,-32.25279999899993],[21.90457000500004,-32.25640998899996],[21.901650004000032,-32.27091000299998],[21.874169997000024,-32.27656999599998],[21.855109998000046,-32.275509994999936],[21.78061999700003,-32.25093],[21.770249999000043,-32.23840999699996],[21.772999998000046,-32.22679],[21.746049997000057,-32.22523000299998],[21.73589,-32.20502000099998],[21.71137000600004,-32.224809996999966],[21.691649995000034,-32.24857000199995],[21.673770002000026,-32.24328999499994],[21.665459991000034,-32.23141999699993],[21.64457999800004,-32.20871000099993],[21.606509998000035,-32.20965998899993],[21.59442999500004,-32.21692999399994],[21.578599998000072,-32.221489995999946],[21.548909997000067,-32.22843999899993],[21.53601,-32.22922000999995],[21.54900500100007,-32.29077499599998],[21.561809999000047,-32.314730001999976],[21.55463,-32.322350004999976],[21.550369998000065,-32.32685999599994],[21.51908,-32.33702999899998],[21.475640003000024,-32.33145000199994],[21.443650001000037,-32.35484000399998],[21.429879999000036,-32.37518000299997],[21.40839999700006,-32.36877],[21.352839997000046,-32.39153999799993],[21.301500007000072,-32.37726999599994],[21.303010011000026,-32.402440001999935],[21.281520001000047,-32.43967999699993],[21.269479997000076,-32.45029000099993],[21.23109,-32.46314999799995],[21.19749000300004,-32.49979999799996],[21.188309998000022,-32.50304999499997],[21.18208,-32.50868000299994],[21.14011000200003,-32.58976999399994],[21.156979997000064,-32.62893999399995],[21.094470002000037,-32.65303],[21.06028999600005,-32.65550000199994],[21.037310001000037,-32.64909999799994],[20.96278,-32.639299996999966],[20.84410000400004,-32.66243999499994],[20.822849999000027,-32.69454],[20.789840002000062,-32.71123000299997],[20.7922,-32.73503001199998],[20.83034,-32.78457000199995],[20.83243,-32.81737000299995],[20.79856,-32.89475],[20.74421,-32.91288999599993],[20.731170002000056,-32.944994994999945],[20.650340002000064,-32.93227000099995],[20.64962000500003,-32.93365000199998],[20.62190000100003,-32.94314999899996],[20.59007000200006,-32.94298001299995],[20.59210000400003,-32.92646999899995],[20.56123,-32.880969998999944],[20.499299989000065,-32.941629992999935],[20.43859999500006,-32.940060003999974],[20.38004999900005,-32.90185],[20.363879999000062,-32.910810003999984],[20.363860001000035,-32.88594999399993],[20.35716999300007,-32.864079997999966],[20.34165000300004,-32.85780999599996],[20.299899996000022,-32.80495999899995],[20.25729,-32.79966],[20.219040003000032,-32.78473999499994],[20.187609997000038,-32.752670002999935],[20.19172,-32.68576],[20.18140999900004,-32.6681],[20.14119000200003,-32.643739995999965],[20.13689499800006,-32.61097999899994],[20.114722997000058,-32.57022500199997],[20.12278999800003,-32.55698000399997],[20.09681,-32.50295999699995],[20.09640999900006,-32.47667999799995],[20.07964000100003,-32.39730999899996],[20.132020001000058,-32.42112000299994],[20.170450002000052,-32.380869996999934],[20.163520004000077,-32.35102000599994],[20.21603000500005,-32.30315999499993],[20.254169998000066,-32.31084999899997],[20.240840003000073,-32.22418999599995],[20.166360001000044,-32.22749000399995],[20.180950001000042,-32.18448999799995],[20.151830002000054,-32.18651999499997],[20.135909995000077,-32.19231999799996],[20.11571000500004,-32.21102000099995],[20.109269996000023,-32.23014000099994],[20.10013999100005,-32.242719997999984],[20.09696000300005,-32.25023999899997],[20.085010002000047,-32.248260003999974],[20.05361,-32.252310000999955],[20.038619999000048,-32.29644000299993],[20.00445,-32.32993000399995],[19.96817,-32.35050000199993],[19.93749000300005,-32.37727999799995],[19.87388999500007,-32.38320000199997],[19.849490004000074,-32.36623000199995],[19.81780001000004,-32.36071999699993],[19.802700001000062,-32.393700001999946],[19.764129995000076,-32.411120007999955],[19.73662000400003,-32.38552],[19.731310001000054,-32.410129996999956],[19.70739000100008,-32.42030999899998],[19.730240002000073,-32.44236],[19.699570004000066,-32.45402999899994],[19.679740001000027,-32.46350999899994],[19.668059998000047,-32.45476999899995],[19.65487,-32.43878],[19.621850004000066,-32.47062000099993],[19.626470002000076,-32.502040000999955],[19.607119999000076,-32.545380000999955],[19.611999997000055,-32.56654999799997],[19.60495,-32.62945999799996],[19.587240004000023,-32.64778000299998],[19.528249996000056,-32.67323999799993],[19.49917000100004,-32.61208999699994],[19.48680500300003,-32.56543999599995],[19.49497,-32.49894],[19.51636,-32.48587000099997],[19.507100001000026,-32.47314000599994],[19.503659997000057,-32.47293999899995],[19.49837,-32.47524999899997],[19.495379995000064,-32.473720001999936],[19.48919,-32.46353000499994],[19.479779998000026,-32.44133999899998],[19.472750002000055,-32.43607999899996],[19.471920001000058,-32.42791999899998],[19.46714999900007,-32.421610000999976],[19.464669998000034,-32.415089998999974],[19.459400006000067,-32.409970001999966],[19.45331999900003,-32.39789000799993],[19.443200002000026,-32.38834],[19.43466,-32.37323000799995],[19.43528,-32.36826000399998],[19.430200004000028,-32.36570999899993],[19.409080002000053,-32.29007999799995],[19.491949998000052,-32.25172000099997],[19.49509000300003,-32.24500999899993],[19.487540005000028,-32.24213999699998],[19.485750001000042,-32.23582],[19.495840001000033,-32.221649997999975],[19.497239996000076,-32.21516000399998],[19.494240004000062,-32.20867998899996],[19.502250004000075,-32.20539999899995],[19.492709999000056,-32.19856999799998],[19.501389998000036,-32.17986999899995],[19.487320005000072,-32.163720001999934],[19.479260002000046,-32.16768000099995],[19.48410000100006,-32.16141000199997],[19.47522000400005,-32.14628998799998],[19.491090005000046,-32.130069997999954],[19.508340002000068,-32.125899997999966],[19.515190005000022,-32.1152],[19.50750000200003,-32.08609000399997],[19.48853,-32.1212],[19.483359998000026,-32.11367],[19.487959999000054,-32.09154001199994],[19.48627,-32.07638000199995],[19.47990999900003,-32.07303],[19.467549999000028,-32.07306999899998],[19.425910001000034,-32.03129999599997],[19.395849996000038,-32.01511000299996],[19.380440001000068,-32.03756000299995],[19.36296999600006,-32.042840001999934],[19.353049997000028,-32.02792500299995],[19.32977999800005,-32.01257999899997],[19.323349997000037,-31.98480000099994],[19.289870003000033,-31.965105000999984],[19.27751000300003,-31.979709997999976],[19.26484000100004,-31.965739993999932],[19.27984,-31.922000000999958],[19.289679996000075,-31.863039997999977],[19.24407,-31.91386],[19.21071,-31.948039996999967],[19.199679999000068,-31.904770001999964],[19.17232000300004,-31.90977000299995],[19.159039999000072,-31.89957000299995],[19.15605000200003,-31.899670003999972],[19.150449998000056,-31.90287000199993],[19.144760001000066,-31.91053],[19.14179000200005,-31.91207000299994],[19.1308,-31.906569996999963],[19.11812000200007,-31.907139997999934],[19.109350002000042,-31.89813],[19.08591000100006,-31.893960007999965],[19.082230004000053,-31.889839998999946],[19.05801,-31.880369997999935],[19.03479999900003,-31.876220003999947],[19.026199999000028,-31.876609996999946],[19.02721000100007,-31.87428000899996],[19.025759996000033,-31.87088],[19.031400003000044,-31.86821999899996],[19.030059997000023,-31.86291],[19.034600001000058,-31.858950000999982],[19.031450001000053,-31.854780000999938],[19.032950001000074,-31.848999996999964],[19.02663,-31.843509997999945],[19.03234,-31.83984000299995],[19.02978999900006,-31.835870000999932],[19.03029000400005,-31.833809993999978],[19.038400005000028,-31.828699996999944],[19.043969996000044,-31.83023000199995],[19.04678000100006,-31.829489998999975],[19.053510005000078,-31.82259999599995],[19.05390000600005,-31.816689998999948],[19.05863000100004,-31.81498000199997],[19.060110003000034,-31.81065999799995],[19.06913000800006,-31.808460002999936],[19.072260002000064,-31.80387000099995],[19.078209999000023,-31.802440004999937],[19.079960004000043,-31.79404],[19.087209999000038,-31.793590000999984],[19.083020005000037,-31.78585],[19.076600003000067,-31.788229998999952],[19.075689999000076,-31.781939998999974],[19.070069997000076,-31.78380999899997],[19.066050005000022,-31.780910003999963],[19.06499000100007,-31.777890001999936],[19.06655000300003,-31.76598999899994],[19.07294999800007,-31.76191000199998],[19.080770003000055,-31.759629994999955],[19.085709999000073,-31.76288999899998],[19.09137,-31.762514997999972],[19.094659996000075,-31.75021000099997],[19.081139999000072,-31.73073],[19.076860003000036,-31.71849999699998],[19.06556000300003,-31.706309998999984],[19.057730003000074,-31.687799994999978],[19.054900001000078,-31.67027],[19.073720002000073,-31.66687],[19.07903000600004,-31.64320000099997],[19.070509998000034,-31.62405000299998],[19.090520001000073,-31.59778],[19.085399997000025,-31.572049989999982],[19.073670004000064,-31.574280001999966],[19.05560999900007,-31.57496],[19.05179000100003,-31.572679996999966],[19.085420003000024,-31.526930000999982],[19.07813,-31.525129996999965],[19.067759998000042,-31.517989989999933],[19.04178999800007,-31.518540001999952],[19.02305,-31.505149993999964],[19.018739999000047,-31.510380002999966],[19.01199000200006,-31.51442],[19.006180005000033,-31.511999996999975],[19.01968000100004,-31.499250003999975],[19.024639998000055,-31.48209],[19.036860002000026,-31.464270001999978],[19.042989999000042,-31.42497],[19.03066,-31.415389998999956],[19.03237000400003,-31.403179998999974],[19.03402999900004,-31.402189998999972],[19.030879999000035,-31.38953999399996],[19.012360001000047,-31.370060000999956],[18.980130002000067,-31.355239989999973],[19.013010002000044,-31.305680002999964],[18.96641999700006,-31.284490002999974],[18.944460003000074,-31.237319997999975],[18.949710001000028,-31.19588000599998],[18.947600004000037,-31.112910003999957],[18.91233999600007,-31.06082999599994],[18.903470002000063,-31.041779994999956],[18.911770010000055,-30.978929996999966],[18.98449000100004,-30.945810002999963],[18.924160003000054,-30.916],[18.875390009000057,-30.88706],[18.96047,-30.86611],[18.951900005000027,-30.74474000099997],[18.862970352000048,-30.717119216999947],[18.794500351000067,-30.667619704999936],[18.795869998000057,-30.62486000399997],[18.758710861000054,-30.56786918599994],[18.65514954100007,-30.556709298999976],[18.570120003000056,-30.43025999799994],[18.502150001000075,-30.44442000199996],[18.483619995000026,-30.52190999499993],[18.522250002000078,-30.606499995999968],[18.444090002000053,-30.51129],[18.380550003000053,-30.459639996999954],[18.413759999000035,-30.52735],[18.371150003000025,-30.59209],[18.37103999900006,-30.659629996999968],[18.313919999000063,-30.74216998999998],[18.264169999000046,-30.818319993999978],[18.251820002000045,-30.827540001999978],[18.229259997000042,-30.819109995999952],[18.21354,-30.810439991999942],[18.195240002000048,-30.81602000199996],[18.205830004000063,-30.831329998999934],[18.19037099700006,-30.834748003999948],[18.169180004000054,-30.848559998999974],[18.13962000500004,-30.827969998999947],[18.08917999700003,-30.787869995999984],[18.08092,-30.784840007999946],[18.057919996000066,-30.77689000099997],[18.006479003000038,-30.791239995999945],[17.994839999000078,-30.81922],[17.99337999900007,-30.91874000399997],[17.972080004000077,-30.91387],[17.934390002000043,-30.917360002999942],[17.914039999000067,-30.924659995999946],[17.880299998000055,-30.92393999899997],[17.877920002000053,-30.948650000999976],[17.909419997000043,-30.987510001999965],[17.926409999000043,-31.011390002999974],[17.894479999000055,-31.030400003999944],[17.888600002000032,-31.040320002999977],[17.87863000400006,-31.040529995999975],[17.835200002000022,-31.072619998999983],[17.81132000100007,-31.09254],[17.834419999000033,-31.17652],[17.77494000400003,-31.15629000399997],[17.757580003000044,-31.15197],[17.753779998000027,-31.14659],[17.74919000500006,-31.143760003999944],[17.747400001000074,-31.136339998999972],[17.743639993000045,-31.13612],[17.742639999000062,-31.134719996999934],[17.74611000300007,-31.128330000999938],[17.741280003000043,-31.12612000599995],[17.739090007000073,-31.12664000199993],[17.735779997000066,-31.12274999799996],[17.73782999900004,-31.11277000299998],[17.729259998000032,-31.10114],[17.72922,-31.09841],[17.72301999700005,-31.094800001999943],[17.723479995000048,-31.090829992999943],[17.720999994000067,-31.087250001999962],[17.721899999000073,-31.085069996999948],[17.71418000600005,-31.077939997999977],[17.710439997000037,-31.069739998999978],[17.703929998000035,-31.06639999799995],[17.706260005000047,-31.056959998999957],[17.701609998000038,-31.05244999499996],[17.698100004000025,-31.041200000999936],[17.693540003000066,-31.037119996999934],[17.69249999400006,-31.02932998999995],[17.68731,-31.02603999599995],[17.686840002000054,-31.021680001999982],[17.689240007000024,-31.01877000199994],[17.68827000400006,-31.01552998899996],[17.682010003000073,-31.008070001999954],[17.681909991000055,-31.002590003999956],[17.679740002000074,-31.002010001999963],[17.68000999900005,-30.999820004999947],[17.672069990000068,-30.992190000999983],[17.66629000300003,-30.983719995999934],[17.66179999900004,-30.98256],[17.662939995000045,-30.97904000699998],[17.65888000600006,-30.973879995999937],[17.65838999300007,-30.970299996999984],[17.65605000200003,-30.969040004999954],[17.655660001000058,-30.96567999699994],[17.65233,-30.962089997999954],[17.646620002000077,-30.959480001999964],[17.644739994000076,-30.954670001999943],[17.64069999700007,-30.950600004999956],[17.637279999000043,-30.949719998999967],[17.63555000100007,-30.94601999599996],[17.63222,-30.944140003999962],[17.6295,-30.93634999699998],[17.62507000200003,-30.93391999399995],[17.619049999000026,-30.92542001499993],[17.610590003000027,-30.918160003999958],[17.603670003000047,-30.91621000699996],[17.60291,-30.907130000999928],[17.60001999800005,-30.90607000199998],[17.599070003000065,-30.901460001999965],[17.59514000100006,-30.89963999899993],[17.59579,-30.891079997999952],[17.59137000100003,-30.889169998999932],[17.590200005000042,-30.884579998999982],[17.587179993000063,-30.882420000999957],[17.58798000200005,-30.880429996999965],[17.584389995000038,-30.877590001999977],[17.584379996000052,-30.87271000399994],[17.582289995000053,-30.871999998999968],[17.580549998000038,-30.866199996999967],[17.578370001000053,-30.865380003999974],[17.57768000300007,-30.860519996999983],[17.57470999700007,-30.85751],[17.575079999000025,-30.852010002999975],[17.577230005000047,-30.848329990999957],[17.576339999000027,-30.846120002999953],[17.57148,-30.843569996999975],[17.569499996000047,-30.840199997999946],[17.569619999000054,-30.835989997999945],[17.566279991000044,-30.83325999899995],[17.56412000100005,-30.82693],[17.554189997000037,-30.81662000199998],[17.554809997000064,-30.811330003999956],[17.553030001000025,-30.80695000299994],[17.53406000500007,-30.776969995999934],[17.533679996000046,-30.763420001999975],[17.53240999600007,-30.763119996999933],[17.532840004000036,-30.761229997999976],[17.530960004000065,-30.761399998999934],[17.52835999900003,-30.74574000499996],[17.523589997000045,-30.735550001999968],[17.516070005000074,-30.725430004999964],[17.50237000800007,-30.712700002999952],[17.49504,-30.703399997999952],[17.48808000200006,-30.69950999499997],[17.48624000800004,-30.696669998999937],[17.48342000400004,-30.696299996999983],[17.477109996000024,-30.685480002999952],[17.47247999700005,-30.68478999699994],[17.470229995000068,-30.68283],[17.46999999600007,-30.67948],[17.471760001000064,-30.676920001999974],[17.469830003000027,-30.672659995999936],[17.47079999700003,-30.671979997999983],[17.46592000800007,-30.66449999599996],[17.463889997000024,-30.664639998999974],[17.464829993000023,-30.663410013999965],[17.46341,-30.66337999899997],[17.46181999600003,-30.65856999799996],[17.46145000300004,-30.655580000999976],[17.463319995000063,-30.6537],[17.46179999700007,-30.650629997999943],[17.456110007000063,-30.644790004999948],[17.44927999500004,-30.64073],[17.448479994000024,-30.63374999399997],[17.447050001000036,-30.631590004999964],[17.445480005000036,-30.63188999299996],[17.44506999600003,-30.62817999899994],[17.43185999700006,-30.620419998999978],[17.435470003000034,-30.616580001999978],[17.43520000500007,-30.61307],[17.43948000200004,-30.609809996999957],[17.441090004000046,-30.602219998999942],[17.443549998000037,-30.600999996999974],[17.442349996000075,-30.596300000999975],[17.42160999600003,-30.571560001999956],[17.410839999000075,-30.562020005999955],[17.413429997000037,-30.554940003999945],[17.40549999500007,-30.546109997999963],[17.403549998000074,-30.54029999499994],[17.40581,-30.53690000499995],[17.400420006000047,-30.53387000099997],[17.40008000200004,-30.528840000999935],[17.39457000500005,-30.52618999799995],[17.392970002000027,-30.52137999799993],[17.38248000300007,-30.511579995999966],[17.376489999000057,-30.501969994999968],[17.36999,-30.498199994999936],[17.368550007000067,-30.49243],[17.364080001000048,-30.48907],[17.366479998000045,-30.48613],[17.363860002000024,-30.48388999799994],[17.360680003000027,-30.483939995999947],[17.361089996000032,-30.48149000199993],[17.358689999000035,-30.480959997999946],[17.359229995000078,-30.478270004999956],[17.35577999800006,-30.475860000999944],[17.359270009000056,-30.47337],[17.357,-30.467189995999945],[17.35154,-30.464500001999966],[17.348719996000057,-30.45955],[17.3528,-30.457349995999948],[17.35353000400005,-30.45431],[17.349840001000075,-30.451910002999966],[17.346149998000044,-30.453100005999943],[17.34402,-30.45053],[17.341109999000025,-30.442379998999968],[17.342360007000025,-30.437740000999952],[17.336830002000056,-30.433909994999965],[17.334389999000052,-30.428910001999952],[17.330760002000034,-30.42572000399997],[17.330580001000044,-30.42231999699993],[17.32165999700004,-30.407850005999933],[17.32254999500003,-30.405229993999967],[17.319240002000072,-30.40392999599993],[17.318400002000033,-30.400749996999934],[17.30799,-30.39118000299993],[17.30870999600006,-30.387800003999928],[17.30669000100005,-30.382390001999966],[17.308240006000062,-30.380669995999938],[17.307730002000028,-30.377589993999948],[17.299879997000062,-30.371100001999935],[17.29563999900006,-30.369739997999943],[17.288769998000078,-30.35959999299996],[17.285940002000075,-30.35878],[17.287799995000057,-30.35677000499993],[17.286720004000074,-30.35312],[17.28273000400003,-30.347250000999964],[17.27790000500005,-30.345449996999946],[17.27801000100004,-30.341299995999975],[17.27508000100005,-30.335510000999932],[17.272119994000036,-30.334499998999945],[17.272510003000036,-30.328669997999953],[17.274800003000053,-30.32617999699994],[17.27042999400004,-30.32318000799995],[17.271810005000077,-30.320989994999934],[17.27098000500007,-30.318040003999954],[17.274599995000074,-30.316839993999963],[17.275060001000043,-30.315300004999983],[17.269929997000077,-30.31229],[17.26811000300006,-30.308349997999983],[17.27238999900004,-30.304620004999947],[17.27115999800003,-30.297530003999952],[17.26795000100003,-30.2974],[17.270129998000073,-30.29316000199998],[17.269130004000033,-30.287530000999936],[17.265540005000048,-30.28513999699993],[17.26385001400007,-30.275120002999984],[17.259680005000064,-30.27386000399997],[17.258790007000073,-30.272220001999983],[17.25990000400003,-30.27079999199998],[17.25646,-30.265320001999953],[17.259759994000035,-30.262059997999984],[17.25823000400004,-30.256309993999935],[17.254039996000074,-30.24976000399994],[17.24906000200002,-30.24626000199993],[17.24790999800007,-30.242259993999937],[17.244780006000042,-30.24169],[17.244040002000077,-30.23519],[17.24031,-30.231879998999943],[17.23823,-30.22628000499998],[17.23510999900003,-30.224959998999964],[17.237109995000026,-30.21849999799997],[17.232269995000024,-30.21636],[17.232880004000037,-30.213719995999952],[17.231080001000066,-30.21219999799996],[17.233349994000037,-30.20172000699995],[17.232269995000024,-30.2019],[17.228899996000052,-30.19152999599993],[17.226319999000054,-30.189819996999972],[17.224089996000032,-30.19137000199993],[17.22316999900005,-30.18779999399993],[17.221779996000066,-30.17604999499997],[17.223419998000054,-30.165089997999928],[17.21739999500005,-30.156559994999952],[17.211669998000048,-30.154660003999936],[17.208289999000044,-30.149639995999962],[17.206209999000066,-30.149490001999936],[17.203259999000068,-30.14260000099995],[17.200869995000062,-30.14170999499993],[17.19907,-30.134380002999933],[17.195099999000035,-30.136659994999945],[17.19404,-30.135830002999967],[17.196090001000073,-30.12568000699997],[17.193990002000078,-30.125950004999936],[17.192340001000048,-30.124069995999946],[17.19263000600006,-30.11888000299996],[17.18931000400005,-30.11175000299994],[17.193040006000047,-30.10841000199997],[17.191240003000075,-30.10882000299995],[17.192120001000035,-30.10534999899994],[17.188520002000075,-30.10354999599997],[17.190060008000046,-30.10354999599997],[17.19065000100005,-30.10158999899994],[17.184859998000036,-30.10200999899996],[17.18503,-30.09526000099993],[17.18231999900007,-30.092360006999968],[17.182819996000035,-30.08951999599998],[17.18584000100003,-30.086809994999953],[17.184019998000053,-30.086110005999956],[17.184449998000048,-30.08220999499997],[17.18090000600006,-30.077440000999957],[17.18220999500005,-30.075239996999983],[17.180569994000052,-30.073240001999977],[17.17988000400004,-30.06552000099998],[17.181620002000045,-30.062649997999983],[17.179270004000045,-30.06037000499998],[17.177000002000057,-30.051789996999958],[17.178200005000065,-30.047470001999955],[17.173760006000066,-30.04536000199994],[17.17107998800003,-30.037330004999944],[17.165720001000068,-30.03301000199997],[17.166629990000047,-30.02323],[17.164439994000077,-30.02355000299997],[17.16410999900006,-30.020460000999947],[17.16175000100003,-30.020169996999982],[17.163640001000033,-30.019000000999938],[17.16340000200006,-30.01672],[17.15896000300006,-30.01108],[17.15863,-30.00929999599998],[17.160870002000024,-30.00899],[17.160979998000073,-30.005849998999963],[17.16238000100003,-30.005080004999968],[17.16110000200007,-29.99991999399998],[17.157230006000077,-29.994230002999984],[17.15796999300005,-29.991219997999963],[17.16011,-29.98976999799993],[17.15871999700005,-29.98258],[17.152510002000042,-29.97248000199994],[17.148419998000065,-29.969859989999975],[17.14701999500005,-29.96377999799995],[17.144629999000074,-29.962800003999973],[17.1423,-29.95618],[17.13469000200007,-29.94619999799994],[17.12790000600006,-29.942730001999962],[17.12860000300003,-29.939789993999966],[17.12554,-29.935709997999936],[17.119929998000032,-29.93439000099994],[17.117930002000037,-29.932129998999983],[17.119599995000044,-29.927240001999962],[17.11600999600006,-29.920169991999956],[17.11728999500002,-29.915720009999973],[17.11255,-29.91451],[17.11067,-29.90136999799995],[17.111830003000023,-29.898199998999928],[17.106640002000063,-29.892710000999955],[17.1069,-29.88769],[17.101339996000036,-29.884920001999944],[17.10434000200007,-29.87924000299995],[17.103069994000066,-29.873560003999955],[17.10550999700007,-29.86847999799994],[17.101339996000036,-29.86732000199993],[17.099060003000034,-29.859110003999945],[17.090429997000058,-29.852430002999938],[17.08884000100005,-29.839880001999973],[17.083360003000053,-29.832750002999944],[17.082009998000046,-29.827859996999962],[17.079990012000053,-29.826190004999944],[17.07945,-29.820689998999967],[17.07749999500004,-29.82047999899993],[17.076890002000027,-29.81575999499995],[17.07475998700005,-29.814440005999984],[17.074790002000043,-29.812270000999945],[17.07948999900003,-29.812559997999983],[17.08114,-29.81125],[17.08061000400005,-29.804880002999937],[17.074529996000024,-29.79893999799998],[17.07690000200006,-29.790490000999966],[17.073249989000033,-29.78701999699996],[17.073859998000046,-29.78331000299994],[17.067780006000078,-29.773900001999948],[17.069000007000056,-29.77128999799993],[17.06333,-29.76633000299995],[17.063040003000026,-29.76215000299993],[17.059390006000058,-29.755269993999946],[17.060790001000044,-29.74902],[17.059459996000044,-29.745159995999984],[17.05762000200002,-29.744400000999974],[17.057180003000042,-29.736980003999975],[17.060409999000058,-29.72881999599997],[17.060240006000072,-29.724000003999947],[17.05813999800006,-29.72053000099993],[17.05939999800006,-29.71329999699998],[17.05747,-29.710300006999944],[17.054450003000056,-29.710440001999928],[17.05321000200007,-29.708849998999938],[17.054959991000032,-29.700279997999928],[17.057180003000042,-29.697820003999936],[17.05571000300006,-29.68939000599994],[17.051570009000045,-29.67800000099993],[17.045560007000063,-29.67342],[17.04133,-29.659310002999973],[17.0365,-29.64996],[17.03648000100003,-29.64326000799997],[17.033730002000027,-29.63491999799993],[17.034959995000065,-29.631199995999964],[17.032419988000072,-29.626870001999976],[17.035200002000067,-29.624360001999946],[17.034040006000055,-29.61652999699993],[17.02852000100006,-29.608180002999973],[17.02125999900005,-29.602749994999954],[17.015390007000065,-29.591700000999936],[17.006080002000033,-29.582679992999942],[16.99844999800007,-29.5712],[16.99861,-29.56879999499995],[17.00171000100005,-29.56922000299994],[17.00148000200005,-29.567019998999967],[17.006909995000058,-29.56361000199996],[17.006289994000042,-29.55415000299996],[17.003610001000027,-29.55114999799997],[17.002619998000057,-29.54511000399998],[16.99798,-29.539869995999936],[16.997029996000037,-29.52961000399995],[16.999370003000024,-29.52376000399994],[16.996109999000055,-29.51907999799994],[16.992660003000026,-29.517839997999943],[16.99474000300006,-29.514479997999956],[16.993910003000053,-29.510420000999943],[16.984300002000055,-29.503190004999965],[16.98565000700006,-29.502089998999963],[16.984330001000046,-29.491929994999964],[16.985729995000042,-29.489650001999962],[16.981249999000056,-29.48514999799994],[16.981249999000056,-29.48199999899998],[16.977900007000073,-29.476470001999928],[16.979310001000044,-29.469800000999953],[16.97768000700006,-29.466410001999975],[16.979310001000044,-29.464730001999953],[16.97492,-29.46329000099996],[16.973950005000063,-29.45720000199998],[16.971940002000053,-29.455960000999937],[16.971980001000077,-29.45242],[16.969750006000027,-29.44981000399997],[16.96986999300003,-29.43869999599997],[16.97143000600005,-29.437800006999964],[16.96833000400005,-29.435400001999938],[16.969350005000024,-29.43402999899996],[16.96715000100005,-29.43240999699998],[16.967110003000073,-29.4296],[16.962490003000028,-29.425989993999963],[16.959059998000043,-29.420219997999936],[16.955140004000043,-29.41882000399994],[16.95479999300005,-29.41547000399993],[16.95145000100007,-29.410270001999947],[16.946370003000027,-29.40852999699996],[16.946630001000074,-29.40384999899993],[16.943600005000064,-29.39972000499995],[16.94339999600004,-29.388470002999952],[16.940770001000033,-29.384459995999975],[16.941879998000047,-29.371889995999936],[16.93619,-29.36401000099994],[16.935300002000076,-29.359820000999946],[16.92749000400005,-29.355459998999947],[16.92695,-29.350100003999955],[16.920859993000022,-29.34533000199997],[16.917310001000033,-29.344480002999944],[16.91167,-29.338420001999964],[16.908669995000025,-29.333570003999967],[16.909140001000026,-29.32814000299993],[16.90585999800004,-29.32498000399994],[16.902080006000062,-29.324190001999966],[16.897390001000076,-29.317829996999933],[16.896410007000043,-29.311590002999935],[16.892110003000028,-29.30711000599996],[16.887590008000075,-29.30526000499998],[16.884739997000054,-29.30036999899994],[16.879800001000035,-29.29692000299997],[16.877300001000037,-29.29184999699993],[16.880380003000028,-29.279049997999948],[16.877400005000027,-29.27300000499997],[16.873399998000025,-29.271329996999953],[16.872170005000044,-29.266480005999938],[16.86785000200007,-29.266140002999975],[16.870029998000064,-29.26413],[16.86746000100004,-29.24705999599996],[16.858899999000073,-29.241030001999945],[16.853929997000023,-29.241060000999937],[16.855189997000025,-29.237379996999948],[16.854260001000057,-29.234710002999975],[16.846859995000045,-29.22732999699997],[16.84821,-29.221970001999978],[16.84609000100005,-29.222269997999945],[16.843990009000038,-29.22029999399996],[16.838270003000048,-29.21163000499996],[16.838290003000054,-29.208790000999954],[16.842670003000023,-29.20499000199993],[16.84463,-29.20063000099998],[16.842159999000046,-29.191739995999967],[16.84318999900006,-29.185729993999928],[16.840699999000037,-29.17951999899998],[16.836440001000028,-29.177990001999945],[16.836929999000063,-29.1732],[16.832730007000066,-29.169289997999954],[16.832019994000063,-29.163389998999946],[16.836799987000063,-29.161359996999977],[16.831969996000055,-29.15522999899997],[16.831540004000033,-29.150799991999975],[16.82341000300005,-29.134149995999962],[16.823529998000026,-29.12495000299998],[16.82095000100003,-29.119529993999947],[16.815140007000025,-29.115400007999938],[16.816870005000055,-29.112779995999972],[16.813610009000058,-29.110330001999955],[16.816430006000076,-29.106300003999934],[16.81531,-29.101839997999946],[16.819240002000072,-29.098289996999938],[16.817439999000044,-29.09336000199994],[16.80710999300004,-29.08279999699994],[16.804830001000028,-29.082579996999982],[16.80385000600006,-29.079519993999952],[16.79959000100007,-29.076960003999943],[16.798710002000064,-29.074459995999973],[16.79530999600007,-29.073810003999938],[16.779589996000027,-29.058229998999934],[16.76152999800007,-29.04782999699995],[16.75799999700007,-29.048099993999983],[16.75504999800006,-29.045390001999976],[16.747930006000047,-29.042539998999928],[16.74289999800004,-29.03557000099994],[16.74230000500006,-29.03143999899993],[16.7263,-29.013439997999967],[16.724930004000043,-29.006820002999973],[16.718190014000072,-29.002849993999973],[16.71881000600007,-28.99450000099995],[16.721099998000057,-28.992380001999948],[16.722060002000035,-28.98825],[16.721170012000073,-28.978370000999973],[16.717339998000057,-28.976410003999945],[16.713310008000064,-28.97637999699998],[16.709159998000075,-28.966020000999947],[16.702709997000056,-28.965390008999975],[16.70193000300003,-28.95639000099993],[16.696419997000078,-28.95243],[16.697850006000067,-28.947300003999942],[16.696379998000054,-28.940939998999966],[16.69363,-28.935529997999936],[16.690919999000073,-28.93401999899993],[16.689,-28.92568999699995],[16.682040002000065,-28.921660006999957],[16.67773999800005,-28.91539999799994],[16.66698000100007,-28.909319998999933],[16.658239999000045,-28.901270001999933],[16.63686,-28.89068999799997],[16.630309994000072,-28.889650013999983],[16.61660999700007,-28.87783000099995],[16.612080002000027,-28.87611000299995],[16.606719991000034,-28.87787999899996],[16.602569997000046,-28.87493],[16.602759998000067,-28.86948],[16.604469997000024,-28.86778000099997],[16.601660008000067,-28.86626000299998],[16.60012000300003,-28.862770000999944],[16.600780002000022,-28.855899998999973],[16.59622999900006,-28.84277000399993],[16.59753999700007,-28.838759997999944],[16.58831999800003,-28.833160002999932],[16.58813000500004,-28.83087999399993],[16.584739998000032,-28.829989995999938],[16.585030003000043,-28.82673000899996],[16.582059997000044,-28.823239997999963],[16.582659998000054,-28.818879996999954],[16.581249996000054,-28.815089997999962],[16.58466000100003,-28.81122000099998],[16.58278000100006,-28.80689999799995],[16.58309000500003,-28.800199997999982],[16.578269997000064,-28.793959996999945],[16.573980001000052,-28.794359996999958],[16.57526,-28.78979000399994],[16.572569999000052,-28.786010003999934],[16.574380002000055,-28.779720003999955],[16.572320001000037,-28.776350004999983],[16.573030006000067,-28.77163000099995],[16.57055000400004,-28.768880001999946],[16.56835,-28.769419997999933],[16.56524999900006,-28.76793000699996],[16.56766000300007,-28.765764992999948],[16.565569994000043,-28.764579998999977],[16.56381001400007,-28.765950001999954],[16.561610002000066,-28.762000000999933],[16.562860002000036,-28.756699995999952],[16.56815,-28.75238000099995],[16.56989999700005,-28.74618999699993],[16.571969998000043,-28.745319997999957],[16.571890001000043,-28.744109995999963],[16.57007999800004,-28.74403],[16.57237999800003,-28.739700004999975],[16.569159993000028,-28.73119000199995],[16.57044,-28.727709998999956],[16.564889996000034,-28.72437999799996],[16.56235000500004,-28.71909],[16.558989990000043,-28.716270003999966],[16.553949998000064,-28.71615],[16.55461998900006,-28.712769992999938],[16.551370001000066,-28.70989999899996],[16.54574,-28.707299993999982],[16.541599998000038,-28.70906999899995],[16.53515000400006,-28.70609000099995],[16.53443999900003,-28.703259996999975],[16.53223000400004,-28.70250999299998],[16.531430010000065,-28.69583],[16.52438999900005,-28.692050000999984],[16.524489995000067,-28.689170006999973],[16.52252999800004,-28.689039995999963],[16.52044999800006,-28.686590000999956],[16.51801000300003,-28.686700004999977],[16.51519999800007,-28.683249992999947],[16.515370008000048,-28.679379996999955],[16.510300001000076,-28.67627999499996],[16.509379988000035,-28.673679997999955],[16.51264,-28.67091],[16.51243,-28.669400001999975],[16.506120001000056,-28.67131999199995],[16.504149996000024,-28.66535999599995],[16.49686000300005,-28.662820004999958],[16.494,-28.65835],[16.49131999800005,-28.657660001999943],[16.490570003000073,-28.655950003999976],[16.48841999700005,-28.656420001999948],[16.481039999000075,-28.64914],[16.45189,-28.63209999399993],[16.453439997000032,-28.620889998999928],[16.45218001300003,-28.612099997999962],[16.455780004000076,-28.59211000199997],[16.465390005000074,-28.58298999799996],[16.46790999600006,-28.57322000299996],[16.478820004000056,-28.56755000399994],[16.480829999000036,-28.56513],[16.488689995000072,-28.562810000999946],[16.500029985000026,-28.56200999899994],[16.502150001000075,-28.558910005999962],[16.514290001000063,-28.55833000399997],[16.518080008000027,-28.55616000699996],[16.530200001000026,-28.55446],[16.54938999600006,-28.546200002999967],[16.575550005000025,-28.538300000999982],[16.592459999000027,-28.53542000699997],[16.60229,-28.53050000299993],[16.61425999900007,-28.51810000399996],[16.61752000200005,-28.504709995999974],[16.62113,-28.50013000299998],[16.672430001000066,-28.47235],[16.68125,-28.470060006999972],[16.68701999600006,-28.470200001999956],[16.694440001000032,-28.47425999899997],[16.697510003000048,-28.479780003999963],[16.697740003000035,-28.491750002999936],[16.702190001000076,-28.49764000199997],[16.719329986000048,-28.50093998799997],[16.73399000200004,-28.494260002999965],[16.750219998000034,-28.46378999899997],[16.75798999700004,-28.457530005999956],[16.768930004000026,-28.45302000199996],[16.77653999300003,-28.44174000099997],[16.775409996000064,-28.433460004999972],[16.767120001000023,-28.409099998999977],[16.76917999400007,-28.39638999699997],[16.78856000600007,-28.38162000099993],[16.80288000300004,-28.364970004999975],[16.808429999000055,-28.36238999899996],[16.80703000500006,-28.35939000199994],[16.80088999900005,-28.354249997999943],[16.78879999700007,-28.34606999099998],[16.779790005000052,-28.32163999599993],[16.76608,-28.314079995999975],[16.75501999900007,-28.302000001999943],[16.751919997000073,-28.29073],[16.754490003000058,-28.272790004999933],[16.760200001000044,-28.262640000999966],[16.776399998000045,-28.25911],[16.78144999700004,-28.260290002999966],[16.793149999000036,-28.27103000099993],[16.802369998000074,-28.27542000099993],[16.81531,-28.27609999899994],[16.82035999900006,-28.273900002999937],[16.82474,-28.26902000499996],[16.82664999900004,-28.264169998999932],[16.827369996000073,-28.25420999499994],[16.825979993000033,-28.245099998999933],[16.819529991000024,-28.23979000999998],[16.806680002000064,-28.23346999499995],[16.80334999300004,-28.227240000999927],[16.80305999600006,-28.22202],[16.807090002000052,-28.215589997999928],[16.810779997000054,-28.213760003999937],[16.819900001000065,-28.21714000299994],[16.8329,-28.217600000999937],[16.848009999000055,-28.216080002999945],[16.856060004000028,-28.211690002999944],[16.85685000600006,-28.20625000299998],[16.850949999000022,-28.19800999699993],[16.844149987000037,-28.193270001999963],[16.836870001000023,-28.19061],[16.83022999800005,-28.183460000999958],[16.82677999400005,-28.174560004999933],[16.828159997000057,-28.16956999599995],[16.83127999800007,-28.166680001999964],[16.839510004000033,-28.16427000599998],[16.845430002000057,-28.165170003999947],[16.863640002000068,-28.17332999599995],[16.870729996000023,-28.18200000099995],[16.882230004000064,-28.178310005999947],[16.887929995000036,-28.17287999699994],[16.88508999900006,-28.162900001999958],[16.884119996000038,-28.150509994999936],[16.88775999300003,-28.14611000399998],[16.889500007000038,-28.13866],[16.889630002000047,-28.119310002999953],[16.887840006000033,-28.11392000099994],[16.884160003000034,-28.11121],[16.881369997000036,-28.098539995999943],[16.885919991000037,-28.088069995999945],[16.896570001000043,-28.07964999799998],[16.898460001000046,-28.074550000999977],[16.90477,-28.07088999599995],[16.92872000500006,-28.069660002999967],[16.946390002000044,-28.07604000799995],[16.954500004000067,-28.075960002999977],[16.96004000100004,-28.0731],[16.973570004000067,-28.05873999599993],[16.981530004000035,-28.060359998999957],[16.98766000200004,-28.06463000399998],[16.991009994000024,-28.070669996999982],[16.997230004000073,-28.074439996999956],[17.00307000500004,-28.07522999899993],[17.008199993000062,-28.072420001999944],[17.012200001000053,-28.06766],[17.016980002000025,-28.057560001999946],[17.02152000500007,-28.052099993999946],[17.02603,-28.05047],[17.05124999700007,-28.049060005999934],[17.06689,-28.042569997999976],[17.07275,-28.034599997999976],[17.079289998000036,-28.032769995999956],[17.082499996000024,-28.033070000999942],[17.08862999300004,-28.038219995999953],[17.09514000100006,-28.040749994999942],[17.125489994000077,-28.06725999899993],[17.131360002000065,-28.085530004999953],[17.138230003000047,-28.093060005999973],[17.14445999700007,-28.095650002999946],[17.159930006000025,-28.097819991999984],[17.16634999300004,-28.100300000999937],[17.17922999700005,-28.098820001999968],[17.18600000300006,-28.10211001199997],[17.19193,-28.10823000199997],[17.19454000500002,-28.114420005999932],[17.19438000300005,-28.124469997999938],[17.19638999800003,-28.12970000599995],[17.193209999000032,-28.15165],[17.18320000600005,-28.18285],[17.183930002000068,-28.191870007999967],[17.182450002000053,-28.203429997999933],[17.18790000200005,-28.216269987999965],[17.195309999000074,-28.227660000999947],[17.21456,-28.24778998399995],[17.222870003000025,-28.250379996999982],[17.230869993000056,-28.25076000699994],[17.23991999900005,-28.247829998999975],[17.25038,-28.239029998999968],[17.255390001000023,-28.237839995999934],[17.261410003000037,-28.239070004999974],[17.273469998000053,-28.245000002999973],[17.27805999900005,-28.24537999599994],[17.28263,-28.24378999299995],[17.303020005000064,-28.22628999699998],[17.30763000500002,-28.22418999699994],[17.333269994000034,-28.22579],[17.337039994000065,-28.228759998999976],[17.33905999700005,-28.234150000999932],[17.34381,-28.23683999399998],[17.355349999000055,-28.25159999899995],[17.35829000700005,-28.264889994999976],[17.36222,-28.2744],[17.370839999000054,-28.278460004999943],[17.38214,-28.295599997999943],[17.38296,-28.301190000999952],[17.37799000600006,-28.31072000499995],[17.375820001000022,-28.321440002999964],[17.381690001000038,-28.33073],[17.39434000600005,-28.341719996999927],[17.404630005000058,-28.355059998999934],[17.410160001000065,-28.370920001999934],[17.41417,-28.37631999499996],[17.41,-28.399580002999983],[17.39614000100005,-28.42795999899994],[17.384799994000048,-28.436959998999953],[17.355300001000046,-28.436840003999976],[17.348669998000048,-28.43903],[17.346999998000058,-28.444940006999957],[17.33897,-28.452750003999938],[17.33932000300007,-28.45589000399997],[17.335469998000065,-28.464429997999957],[17.333100001000048,-28.47553999799993],[17.34066,-28.49601],[17.34616999700006,-28.500369992999936],[17.35909,-28.503950000999964],[17.366449999000054,-28.510059998999964],[17.367000002000054,-28.514259998999933],[17.371600002000037,-28.52115000799995],[17.376149996000038,-28.538409996999974],[17.37733999900007,-28.536630000999935],[17.37626,-28.56200999899994],[17.380220001000055,-28.56893999899995],[17.38451999700004,-28.571059997999953],[17.389129997000055,-28.57118000099996],[17.39844000100004,-28.56533000099995],[17.412809996000078,-28.56257999299993],[17.42424,-28.565619996999942],[17.42966000100006,-28.56987000299995],[17.43177,-28.574219996999943],[17.43215000200007,-28.58319000599994],[17.424630001000025,-28.60010000099993],[17.42981999500006,-28.60871999899996],[17.431300002000057,-28.61437],[17.43012999900003,-28.62337],[17.425600004000046,-28.633919996999964],[17.428,-28.650259996999978],[17.426349999000024,-28.656329996999943],[17.41565999900007,-28.667490010999984],[17.41397,-28.671169997999982],[17.417270002000066,-28.69607999899995],[17.41048999700007,-28.71449999899994],[17.41508000600004,-28.71738000099998],[17.418249996000043,-28.721639998999933],[17.422459996000043,-28.723190002999957],[17.430169997000064,-28.721619998999984],[17.4412,-28.712890004999963],[17.453910003000033,-28.70798],[17.461999998000067,-28.702280001999952],[17.472309996000035,-28.705180002999953],[17.482810003000054,-28.69614000499996],[17.49127,-28.693270001999963],[17.496690001000047,-28.693170005999946],[17.523769998000034,-28.699360001999935],[17.54199999800005,-28.701089998999976],[17.55290999700003,-28.69571999699997],[17.553600003000042,-28.690300003999937],[17.555389999000056,-28.68874999899998],[17.568379999000058,-28.685589998999944],[17.580129998000075,-28.688989997999954],[17.589789997000025,-28.688809995999975],[17.598860003000027,-28.694649996999942],[17.61003,-28.712950002999946],[17.60937999300006,-28.71993],[17.61233,-28.72362000299995],[17.612580007000076,-28.728460001999963],[17.608829998000033,-28.746350006999933],[17.61611,-28.760670003999962],[17.619549996000046,-28.764589997999963],[17.62269000400005,-28.764600005999966],[17.621829997000077,-28.76288],[17.625009996000074,-28.76320000299995],[17.64707000100003,-28.773689994999984],[17.66612000200007,-28.772149997999975],[17.679060004000064,-28.766529995999974],[17.68529000600006,-28.76134000199994],[17.69262999700004,-28.75029],[17.697449997000035,-28.746559998999942],[17.704300008000075,-28.744719996999947],[17.71065999700005,-28.745610002999967],[17.71447000300003,-28.748219998999957],[17.72354000100006,-28.76045000399995],[17.731390005000037,-28.760050003999936],[17.735860002000038,-28.75658],[17.74261,-28.74230000199998],[17.749510001000033,-28.739909996999984],[17.758839996000063,-28.74441000099995],[17.770800004000023,-28.754179995999948],[17.781409998000072,-28.75791000499993],[17.805759996000063,-28.75448],[17.820779999000024,-28.75528000199995],[17.8287,-28.76101000699998],[17.880320005000044,-28.763890000999936],[17.898420002000023,-28.768119998999964],[17.90722000200003,-28.772439993999967],[17.912270001000024,-28.76520999899998],[17.917599997000025,-28.764090000999943],[17.92161000400006,-28.765439989999948],[17.926220004000072,-28.76952000199998],[17.93196000100005,-28.780740005999974],[17.932409999000072,-28.784940004999953],[17.93530000100003,-28.787470003999942],[17.944789999000022,-28.78916000399994],[17.956559997000056,-28.78459000199996],[17.962770008000064,-28.78501999399998],[17.97453999800007,-28.79387],[17.982090006000078,-28.806469998999944],[17.98477,-28.807470000999956],[17.988019996000048,-28.80627999799998],[17.993519993000064,-28.809500002999982],[17.999610001000065,-28.81753],[18.003249998000058,-28.818780000999936],[18.012439999000037,-28.828029998999966],[18.01169000400006,-28.834539998999958],[18.01467000200006,-28.83913999899994],[18.019309992000046,-28.843149997999944],[18.022309998000026,-28.843369996999968],[18.026370003000068,-28.84638000299998],[18.034479997000062,-28.861700000999974],[18.04606999400005,-28.874269992999928],[18.053170003000048,-28.87681],[18.058760006000057,-28.87694000299996],[18.07783999700007,-28.870169997999938],[18.083120003000033,-28.87065000399997],[18.100730003000024,-28.877299997999955],[18.111429994000048,-28.88618999399995],[18.127810001000057,-28.89507999899996],[18.134070002000044,-28.895640000999947],[18.14674999700003,-28.89251000099995],[18.162050005000026,-28.897389997999937],[18.17460999700006,-28.903549994999935],[18.18098000200007,-28.91159],[18.188439997000046,-28.916150001999938],[18.193189992000043,-28.915599998999937],[18.200690001000055,-28.91075],[18.219179999000062,-28.894329994999964],[18.226010002000066,-28.893889995999928],[18.24759999400004,-28.897520000999975],[18.25315999700007,-28.895940005999933],[18.256889999000066,-28.890800001999935],[18.25958,-28.88162000099993],[18.263490003000072,-28.879389997999965],[18.300790002000042,-28.884609997999974],[18.329979999000045,-28.882339996999974],[18.33670999000003,-28.88389000199993],[18.350339998000038,-28.880670004999956],[18.35594,-28.88408000299995],[18.362079997000023,-28.89130999899993],[18.36701000100004,-28.89336],[18.39460000300005,-28.897209996999948],[18.405540001000077,-28.89649000099996],[18.41770000100007,-28.900519998999982],[18.42346999700004,-28.90082000299998],[18.44844000300003,-28.89402999899994],[18.453950001000067,-28.891769988999954],[18.461999997000078,-28.885710003999975],[18.471070003000023,-28.883259993999957],[18.48324000200006,-28.883619995999936],[18.490679998000076,-28.887249993999944],[18.50560000400003,-28.89060000199993],[18.512180001000047,-28.88945999699996],[18.525890005000065,-28.87730999699994],[18.53219000400003,-28.86865],[18.53797,-28.866059994999944],[18.56282000300007,-28.85959999399995],[18.5677,-28.857019995999963],[18.58939000400005,-28.857799989999933],[18.604619998000032,-28.854510003999962],[18.61874999400004,-28.847759997999958],[18.624410002000047,-28.84234999599994],[18.627929996000034,-28.841090004999955],[18.642960006000067,-28.84003000499996],[18.6605,-28.84420999699995],[18.67118,-28.841350002999945],[18.688799999000025,-28.842190002999928],[18.70846,-28.83869],[18.709160005000058,-28.83674000299993],[18.710930002000055,-28.83750000599997],[18.716360002000044,-28.83423000299996],[18.73003,-28.831639996999968],[18.749880002000054,-28.83407000099993],[18.76417,-28.840899995999962],[18.7711,-28.839720000999932],[18.779190003000053,-28.84444999599998],[18.787160002000064,-28.84079],[18.791749995000032,-28.841060005999964],[18.794379999000057,-28.843369996999968],[18.81365999800005,-28.84666999899997],[18.819299999000066,-28.843460001999972],[18.82315000400007,-28.843120006999982],[18.830900004000057,-28.84497],[18.83551000400007,-28.848280001999967],[18.844869998000036,-28.849110001999975],[18.85539000500006,-28.84436999899998],[18.86939000600006,-28.84805000299997],[18.872460001000036,-28.84707],[18.88535000400003,-28.85094999599994],[18.896949993000078,-28.852060001999973],[18.90486999500007,-28.855530004999935],[18.926399996000043,-28.855350003999945],[18.93564000400005,-28.857239995999976],[18.961000003000038,-28.869509998999945],[18.972240014000022,-28.87053],[18.982390002000045,-28.877690006999956],[18.98781000300005,-28.884970000999942],[18.993049995000035,-28.887170004999973],[18.996529998000028,-28.89217999699997],[18.99715999800003,-28.89797],[19.003899997000076,-28.91013],[19.005870001000062,-28.924059995999983],[19.009119997000028,-28.929249996999943],[19.015039995000052,-28.93123000199995],[19.028629996000063,-28.928650003999962],[19.04199000600005,-28.93139000399998],[19.056329994000066,-28.940680000999976],[19.059400005000043,-28.945350006999945],[19.06762999500006,-28.950710001999937],[19.072409996000033,-28.95803000199993],[19.08392999600005,-28.96019],[19.09785,-28.96576999499996],[19.118920004000074,-28.96944999799996],[19.12594,-28.96715000599994],[19.12928,-28.96374],[19.135589999000047,-28.960759993999943],[19.145950003000053,-28.963199996999947],[19.15505999900006,-28.96189999799998],[19.16346999800004,-28.95827000099996],[19.17206999800004,-28.957079998999973],[19.196660003000034,-28.947019998999963],[19.22396,-28.923439994999967],[19.226810003000026,-28.91662],[19.23151,-28.91068000299998],[19.23779999900006,-28.90801000099998],[19.244990005000034,-28.90259999899996],[19.254820005000056,-28.901940000999957],[19.282790001000023,-28.909250000999975],[19.291360002000033,-28.901469993999967],[19.29581999100003,-28.894429998999954],[19.29649999700007,-28.88568999699993],[19.29034000100006,-28.876969993999978],[19.28174000100006,-28.87202999899995],[19.270929998000042,-28.872550002999958],[19.267410005000045,-28.87142999799994],[19.25637000200004,-28.85775],[19.25035,-28.84447000299997],[19.249520008000047,-28.837299996999946],[19.24482000300003,-28.83318000299994],[19.242100003000076,-28.827580000999944],[19.23924,-28.813010004999967],[19.239909999000076,-28.80548999599995],[19.24606000400007,-28.788289996999936],[19.254539992000048,-28.773839996999982],[19.25787000100007,-28.759660002999965],[19.268829998000058,-28.742680002999975],[19.295910004000064,-28.732620002999965],[19.30329000200004,-28.73182000199995],[19.318670007000037,-28.737369997999963],[19.327739996000048,-28.735560002999932],[19.333739999000045,-28.73607],[19.3509,-28.74298],[19.374960001000034,-28.737270009999975],[19.379829999000037,-28.737480001999984],[19.387169999000037,-28.73375],[19.403649993000045,-28.736819994999962],[19.416420001000063,-28.730509995999967],[19.43111,-28.720290001999956],[19.443309998000075,-28.71815999599994],[19.466820005000045,-28.70609000099995],[19.47996999800006,-28.687579994999965],[19.491480007000064,-28.679610003999983],[19.49199000300007,-28.66787000399995],[19.49474000200007,-28.65995000299995],[19.49509999600002,-28.64242000799993],[19.49660999500003,-28.63653999299993],[19.502019996000058,-28.62933000399994],[19.500719998000022,-28.60812999799998],[19.503869997000038,-28.601000005999936],[19.50677999800007,-28.597789992999935],[19.52282000200006,-28.59053999799994],[19.53605,-28.58713],[19.54319,-28.574379998999973],[19.547709995000048,-28.554010000999938],[19.54547000100007,-28.54779999799996],[19.546030003000055,-28.54396000099996],[19.565789993000067,-28.52767999799994],[19.572850003000042,-28.526239996999948],[19.578979993000075,-28.529220003999967],[19.585409995000077,-28.529300000999967],[19.596740003000036,-28.520910000999947],[19.60644,-28.518399992999946],[19.61503,-28.51276],[19.62519998700003,-28.510929997999938],[19.63295999500008,-28.51253000099996],[19.644760009000038,-28.52008000099994],[19.65919000100007,-28.52510000099994],[19.664450001000034,-28.530700002999936],[19.668340004000072,-28.531090003999964],[19.670849996000072,-28.529369997999936],[19.673339997000028,-28.52191000299996],[19.696769998000036,-28.51759],[19.710530001000052,-28.506800003999956],[19.718569998000078,-28.495649997999976],[19.730049999000073,-28.487909996999974],[19.738629999000068,-28.48574],[19.76021999900007,-28.488820002999944],[19.770070015000044,-28.49320000299997],[19.77952000600004,-28.50132999699997],[19.78909,-28.501549995999937],[19.79958,-28.50672999899996],[19.81324999700007,-28.50830000299993],[19.824640002000024,-28.50268000099993],[19.83471999300008,-28.487329994999982],[19.840980002000038,-28.480549997999958],[19.83998000100007,-28.47096999599995],[19.847609997000063,-28.459619989999965],[19.853470005000077,-28.456929996999975],[19.864329999000063,-28.45674999499994],[19.87382999600004,-28.444519998999965],[19.877050001000043,-28.44273000299995],[19.88901,-28.440830003999963],[19.895690001000048,-28.441620004999947],[19.904270001000043,-28.44505000199996],[19.91436999900003,-28.445409987999938],[19.93383,-28.43893999599993],[19.947560004000024,-28.436549990999936],[19.97237,-28.42585],[19.989229996000063,-28.42559000199998],[19.999159993000035,-28.427819995999982],[20.00045,-27.98409],[19.999899997000057,-27.52308998999996],[20.000160003000076,-27.042339998999978],[19.998900003000074,-26.59742],[19.999419999000054,-26.14263000099993],[19.99936000100007,-25.69315],[19.999310003000062,-25.24156],[19.998870004000025,-24.765860007999947],[20.007839998000065,-24.774340003999953],[20.029509994000023,-24.788189994999982],[20.03814,-24.80944999899998],[20.06518999900004,-24.81409999699997],[20.066779994000058,-24.82851999899998],[20.071919998000055,-24.830849997999962],[20.08592,-24.830019996999965],[20.090240003000076,-24.83282000199995],[20.089730006000025,-24.840159993999976],[20.086470003000045,-24.845010000999935],[20.087679996000077,-24.852019996999957],[20.099220004000074,-24.859430001999954],[20.109190007000052,-24.862390000999937],[20.11524,-24.88002],[20.121349998000028,-24.88483],[20.130520008000076,-24.88082000099996],[20.150239991000035,-24.879540001999942],[20.158099995000043,-24.883619997999972],[20.160349997000026,-24.888849997999955],[20.181750004000037,-24.911780002999933],[20.189479996000046,-24.910429997999984],[20.19452999500004,-24.9039],[20.197520001000044,-24.89703999799997],[20.203559995000035,-24.89643999699996],[20.21368,-24.907820001999937],[20.21699999300006,-24.916599994999956],[20.221959996000066,-24.919919995999976],[20.23309000300003,-24.91378999799997],[20.248780004000025,-24.918419996999944],[20.25453,-24.923279994999973],[20.259330001000023,-24.92371000299994],[20.266200010000034,-24.929340003999982],[20.270509998000023,-24.93812999599993],[20.272589998000058,-24.947420009999973],[20.275670001000037,-24.95034000199996],[20.28428,-24.951420008999946],[20.28649000300004,-24.953850003999946],[20.288080007000076,-24.96002],[20.286079995000023,-24.969570003999934],[20.296510005000073,-24.980619996999962],[20.31760999900007,-24.98684],[20.322659998000063,-24.99145000799996],[20.32617,-24.99752000799998],[20.328590011000074,-25.005860001999963],[20.34921,-25.00946],[20.356609997000078,-25.024409996999964],[20.36893999800003,-25.027750005999962],[20.38417000100003,-25.03430000299994],[20.386670001000027,-25.038730001999966],[20.38559000200007,-25.050019994999957],[20.378830005000054,-25.061859998999978],[20.381559996000078,-25.06656000299995],[20.386779997000076,-25.06907999499998],[20.39237999900007,-25.076840002999973],[20.41265000100003,-25.08288999599995],[20.41571000400006,-25.089139988999932],[20.410030005000067,-25.09888000099994],[20.410660005000068,-25.10343000299997],[20.41478,-25.10536000099995],[20.41979,-25.10459999799997],[20.42922,-25.116339997999944],[20.429459999000073,-25.12089],[20.425490007000064,-25.12392999599996],[20.42396000100007,-25.128210000999957],[20.425990003000038,-25.13281000099994],[20.431400005000057,-25.135830005999935],[20.43156000700003,-25.141069997999978],[20.42772000100007,-25.144240003999982],[20.42737999800005,-25.147880000999976],[20.43088999200006,-25.154289996999978],[20.43597999800005,-25.15777],[20.444820004000064,-25.15819],[20.459639998000057,-25.149920003999966],[20.465529997000033,-25.15235000699994],[20.468990001000066,-25.156890000999965],[20.46966,-25.161799997999935],[20.467439996000053,-25.176060004999954],[20.461960006000027,-25.183690001999935],[20.44740000200005,-25.188690002999977],[20.44415000600003,-25.19418000099995],[20.446380001000023,-25.198970001999953],[20.461900008000043,-25.211570000999927],[20.465640001000054,-25.223369997999953],[20.47111,-25.228270002999977],[20.475949999000022,-25.2252],[20.48888000100004,-25.22260999499997],[20.49562,-25.224550000999955],[20.498920002000034,-25.22836],[20.49243000200005,-25.246679995999955],[20.487319997000043,-25.25307],[20.499659998000027,-25.27224999499998],[20.50601000300003,-25.275499998999976],[20.519030002000022,-25.27492999699996],[20.523380004000046,-25.278160001999936],[20.52360000300007,-25.284410002999948],[20.528129998000054,-25.287780001999977],[20.545929999000066,-25.28623999699994],[20.54267999500007,-25.292759995999972],[20.53115000300005,-25.29868000199997],[20.525659997000048,-25.304419998999947],[20.51733000300004,-25.30649],[20.514030001000037,-25.31152999899996],[20.51390000600003,-25.317139992999955],[20.516920003000052,-25.323319996999942],[20.521729995000044,-25.32472000799993],[20.53204000100004,-25.32283],[20.53655999600005,-25.318989993999935],[20.540930006000053,-25.31822],[20.54697999800004,-25.320560005999937],[20.548780002000058,-25.324320006999983],[20.548089996000044,-25.328749997999978],[20.541949999000053,-25.336099996999963],[20.539229998000053,-25.344779992999975],[20.545509999000046,-25.356070001999967],[20.55112,-25.37132999499994],[20.559900001000074,-25.38429000399998],[20.561550002000047,-25.38948998999996],[20.566039999000054,-25.394800002999943],[20.577830004000077,-25.39643999599997],[20.591799999000045,-25.38999000299998],[20.59663999000003,-25.390700007999953],[20.6016,-25.39468],[20.60455999900006,-25.398680014999968],[20.605350001000033,-25.40424999399994],[20.598279999000056,-25.421640001999947],[20.601219999000023,-25.42740000599997],[20.608179997000036,-25.429689997999958],[20.62549,-25.42160000299998],[20.630980006000073,-25.42531000599996],[20.63366,-25.431520000999967],[20.629810003000046,-25.43552],[20.620179995000058,-25.440449994999938],[20.615969996000047,-25.445300001999954],[20.622539993000032,-25.461820002999957],[20.637410001000035,-25.464509996999936],[20.64411999200007,-25.46267000299997],[20.648430004000033,-25.459509994999962],[20.65385999600005,-25.449510000999965],[20.659699997000075,-25.446069996999938],[20.666769999000053,-25.445949992999942],[20.671090002000028,-25.44814000599996],[20.674379989000045,-25.453240002999962],[20.672830008000062,-25.46353000199997],[20.66765000600003,-25.469620000999953],[20.66159000500005,-25.472009997999976],[20.6412,-25.47034999699997],[20.636240005000047,-25.473499996999976],[20.634450010000023,-25.47872999699996],[20.643449994000036,-25.497990005999952],[20.640180007000026,-25.50412999499997],[20.62883,-25.512760001999936],[20.629179995000072,-25.525010013999974],[20.632949995000047,-25.530020006999962],[20.64800999600004,-25.53176999599998],[20.669960006000053,-25.54979000399993],[20.676780001000054,-25.56322000299997],[20.687430002000042,-25.579279996999958],[20.69686000200005,-25.58957000399994],[20.69818999900008,-25.595110000999966],[20.695489999000074,-25.60016],[20.69064,-25.603070000999935],[20.68241000200004,-25.604640004999965],[20.665369997000028,-25.60402000399995],[20.661080001000073,-25.60853],[20.65773000100006,-25.618750001999956],[20.652280001000065,-25.62631000899995],[20.650370002000045,-25.63244999799997],[20.65176999600004,-25.63745999899993],[20.656949998000073,-25.63989000199996],[20.66200998900007,-25.63854000599997],[20.672600001000035,-25.629789995999943],[20.68233000500004,-25.63174999299997],[20.687880001000053,-25.635459995999952],[20.688930001000074,-25.64546000599995],[20.68727,-25.651869992999934],[20.676990001000036,-25.66551999899997],[20.67468000100007,-25.67176000099994],[20.67789000700003,-25.690360002999967],[20.682559996000066,-25.69452000399997],[20.70778000100006,-25.707550001999948],[20.71809999900006,-25.71872],[20.72297999700004,-25.727009994999946],[20.730750004000072,-25.747939987999928],[20.729790009000055,-25.76844999599996],[20.731739998000023,-25.771650001999944],[20.737310001000026,-25.773719994999965],[20.748649992000026,-25.771579996999947],[20.754080001000034,-25.77250000199996],[20.760639998000045,-25.776649994999957],[20.763460003000034,-25.780440001999978],[20.764589999000066,-25.78704999799993],[20.762180004000072,-25.790950000999942],[20.749590004000027,-25.79913000099998],[20.744410002000052,-25.80460999899998],[20.739090005000037,-25.81563999399998],[20.739299997000046,-25.82266999799998],[20.746950001000073,-25.82701],[20.75348,-25.826209997999968],[20.759290002000057,-25.822209998999938],[20.762139997000077,-25.815199994999944],[20.766570004000073,-25.809590000999947],[20.772870003000037,-25.80484000699994],[20.78285999800005,-25.80069999699998],[20.788230001000045,-25.803110000999936],[20.790079994000052,-25.80828999499994],[20.785850012000026,-25.820020002999968],[20.78939000400004,-25.833859993999965],[20.781450004000078,-25.84882999799993],[20.78273000300004,-25.854970003999938],[20.786740001000055,-25.86060000499998],[20.804220006000037,-25.862079995999977],[20.8092,-25.864609995999956],[20.813130002000037,-25.869749998999964],[20.81214999900004,-25.89026],[20.809380001000022,-25.8934],[20.79808,-25.899559996999983],[20.80175000400004,-25.90971000099995],[20.802860002000045,-25.92096999499995],[20.80507000500006,-25.925289997999982],[20.81042999300007,-25.930209993999938],[20.837430002000076,-25.950749993999978],[20.84039,-25.95604],[20.840160001000072,-25.96162000299995],[20.831340002000047,-25.972179998999934],[20.830730001000063,-25.982509996999966],[20.828519998000047,-25.98845000199998],[20.815350005000028,-26.0059],[20.816439995000053,-26.010099998999976],[20.82834000500003,-26.018579994999982],[20.83193000400007,-26.02273000499997],[20.836069989000066,-26.036129996999932],[20.836069989000066,-26.0415],[20.83286,-26.04696999899994],[20.821090002000062,-26.054260000999932],[20.818670006000048,-26.058580003999964],[20.827279997000062,-26.072640002999947],[20.83934000100004,-26.07659999499998],[20.841810002000045,-26.080440000999943],[20.838880002000053,-26.089490006999938],[20.8339,-26.094450001999974],[20.8207,-26.101110002999974],[20.82091,-26.10547999599993],[20.828830002000075,-26.112939998999934],[20.838180005000027,-26.118450004999943],[20.840740003000064,-26.12381],[20.84359999800006,-26.125539997999965],[20.852310001000035,-26.122229996999977],[20.857689996000033,-26.123839998999983],[20.862380001000076,-26.128180000999976],[20.863279998000053,-26.13267999699997],[20.856210004000047,-26.14130000399996],[20.853770001000044,-26.149230004999936],[20.843829997000057,-26.16214],[20.836600001000022,-26.16900000199996],[20.82693000300003,-26.17294000399994],[20.82278000100007,-26.176500011999963],[20.819319997000036,-26.18231999799997],[20.815180003000023,-26.192369997999947],[20.816050002000054,-26.214879993999944],[20.807700001000057,-26.229469996999967],[20.80526999800003,-26.245000003999962],[20.79279000200006,-26.258739998999943],[20.790450004000036,-26.27122000199995],[20.772709993000035,-26.282130009999946],[20.76375,-26.28399000299993],[20.759389998000074,-26.286520001999975],[20.75626999700006,-26.296820000999958],[20.744030001000056,-26.317809998999962],[20.73724999600006,-26.324050000999932],[20.71987000300004,-26.333759997999948],[20.712230007000073,-26.35092999799997],[20.700509999000076,-26.36345],[20.697260003000054,-26.36909],[20.6986,-26.383179997999946],[20.69755,-26.39025],[20.69344000500007,-26.397700003999944],[20.6875,-26.39917999499994],[20.678929999000047,-26.39695],[20.676839999000038,-26.397920002999967],[20.66077999600003,-26.41559],[20.6498,-26.432930001999978],[20.64614999500003,-26.43508],[20.62569,-26.43482000199998],[20.617419996000024,-26.443730005999953],[20.616650010000058,-26.467610005999973],[20.611630001000037,-26.48792999799997],[20.611769996000078,-26.49919],[20.604829997000024,-26.51467],[20.604579999000066,-26.521399998999982],[20.61018000100006,-26.53562],[20.60850000100004,-26.55300000799997],[20.610029998000073,-26.559940006999966],[20.61333,-26.565140000999975],[20.618480004000048,-26.568480000999955],[20.63045001100005,-26.58252000899995],[20.6326,-26.591779998999982],[20.631819998000026,-26.60366000199997],[20.633710006000058,-26.617329998999935],[20.63011,-26.627859996999973],[20.629150004000053,-26.642809993999947],[20.63528000200006,-26.665270000999953],[20.63338000300007,-26.669219993999945],[20.61699999600006,-26.67717000199997],[20.61446999700007,-26.686929996999936],[20.616639994000025,-26.702240004999965],[20.619109996000077,-26.705589996999947],[20.620929998000065,-26.71350999799995],[20.62606000200003,-26.719790005999982],[20.634539998000037,-26.72562],[20.632570002000023,-26.72892000199994],[20.632479997000075,-26.73513999599993],[20.62573999800003,-26.74928],[20.636750002000042,-26.763559990999966],[20.63765999900005,-26.7675],[20.635069994000048,-26.774760002999983],[20.62236,-26.786880003999954],[20.62381,-26.789370004999967],[20.636780001000034,-26.794359997999948],[20.64495000100004,-26.801869998999962],[20.65040999200005,-26.809520002999932],[20.642630001000043,-26.82286999699994],[20.64539,-26.82898000399996],[20.655539996000073,-26.83453],[20.68269999900002,-26.84055000199993],[20.68513000200005,-26.84800000599995],[20.680539993000025,-26.85149],[20.676109995000047,-26.86101000499997],[20.67982999700007,-26.869549998999958],[20.679890002000036,-26.881750004999958],[20.686990003000062,-26.901839996999968],[20.68536999300005,-26.907380001999968],[20.69735999900007,-26.899639992999937],[20.70488,-26.88550999699993],[20.708240008000075,-26.875399998999967],[20.714980006000076,-26.87014],[20.728589998000075,-26.86637],[20.74025000100005,-26.86581999699996],[20.75700000100005,-26.86727999699997],[20.763510001000043,-26.866350000999944],[20.772930001000077,-26.85978000399996],[20.786630006000053,-26.84170998999997],[20.794239995000055,-26.840299995999942],[20.813029997000058,-26.84340999699998],[20.816339999000036,-26.84166],[20.818849999000065,-26.837769995999963],[20.81779,-26.822990000999937],[20.8207,-26.819270006999943],[20.82889,-26.81785000499997],[20.84436000900007,-26.81862],[20.85151,-26.815939997999976],[20.87137000100006,-26.803780006999943],[20.88523,-26.79726999899998],[20.898120004000077,-26.79629999599996],[20.90972000100004,-26.797679998999968],[20.937629999000023,-26.81104000099998],[20.94661,-26.813889995999943],[20.95373999900005,-26.8119],[20.962030003000052,-26.80685000099993],[20.971789998000077,-26.807240001999958],[20.97782999900005,-26.811509998999952],[20.98599,-26.825210003999928],[21.006629995000026,-26.844310002999975],[21.01092999900004,-26.846660000999975],[21.025839998000038,-26.847749998999973],[21.04147000100005,-26.846709998999984],[21.060080002000063,-26.851649993999956],[21.071189994000065,-26.84841999799994],[21.078940002000024,-26.84852000199993],[21.097239999000067,-26.85643999499996],[21.109930002000056,-26.857499994999955],[21.11558999400006,-26.859489998999948],[21.12443,-26.869260001999976],[21.134170004000055,-26.87375999799997],[21.154910004000044,-26.86727999699997],[21.169149996000044,-26.868709998999975],[21.176940003000027,-26.866619997999976],[21.19322999700006,-26.852719992999937],[21.22166999800004,-26.84379999799995],[21.229869997000037,-26.84358999799997],[21.245199996000053,-26.84622000199994],[21.248800002000053,-26.845579993999934],[21.259930001000043,-26.83874999899996],[21.268590006000068,-26.837539996999965],[21.274699997000027,-26.83915],[21.28847999900006,-26.84899],[21.29915999900004,-26.849419998999963],[21.30668,-26.84715999799994],[21.31718999800006,-26.84121000099998],[21.32813999600006,-26.828580002999956],[21.332669999000075,-26.825579997999967],[21.344090003000076,-26.825430006999966],[21.357799940000064,-26.829299984999977],[21.37612000400003,-26.83057999899995],[21.389450015000023,-26.82447],[21.404949998000063,-26.822099994999974],[21.44009,-26.827149993999967],[21.449240003000057,-26.830880003999937],[21.455839999000034,-26.838139997999974],[21.46189,-26.84074000299995],[21.485369999000056,-26.841380001999937],[21.498290002000033,-26.85079000299993],[21.52537999900005,-26.861840004999976],[21.52915000400003,-26.86058998799996],[21.5333,-26.85602000299997],[21.54091999700006,-26.84312],[21.54899000100005,-26.84414000099997],[21.556640005000077,-26.849249997999948],[21.561489996000034,-26.850049998999964],[21.575570002000063,-26.83990000299997],[21.59427,-26.841190001999962],[21.603089999000076,-26.845120003999966],[21.618130001000054,-26.860979997999948],[21.626880002000064,-26.866649996999968],[21.643630003000055,-26.863509996999937],[21.662709994000068,-26.86463999399996],[21.669449993000057,-26.86116999899997],[21.67433999800005,-26.85512999699995],[21.677459999000064,-26.853970001999983],[21.68433,-26.85541999399993],[21.693899995000038,-26.86112000099996],[21.698009998000032,-26.86011999899995],[21.70331000300007,-26.85737999899993],[21.736810004000063,-26.82880000299997],[21.76384000400003,-26.812139998999953],[21.77178000400005,-26.80286000199993],[21.780990005000035,-26.802319997999973],[21.783549995000044,-26.785550006999983],[21.791540002000033,-26.77610999899997],[21.793119997000076,-26.770790010999974],[21.78467,-26.750310000999946],[21.787309995000044,-26.722219992999953],[21.783740004000038,-26.716239997999935],[21.77064,-26.704510005999964],[21.76920000700005,-26.695689998999967],[21.771979997000074,-26.68914000099994],[21.78739,-26.676060003999964],[21.79532000100005,-26.672669997999947],[21.80834,-26.67035999799998],[21.82406,-26.659729995999953],[21.830230004000043,-26.659820000999957],[21.83872,-26.664699997999946],[21.84544999900004,-26.66403],[21.868099998000048,-26.669140004999974],[21.883149999000068,-26.670710000999975],[21.89339,-26.66897000299997],[21.903510005000044,-26.670100007999963],[21.926629994000052,-26.66473999699997],[21.935929999000052,-26.66659000599998],[21.94274000300004,-26.669820002999984],[21.948980005000067,-26.670000003999974],[21.955680005000033,-26.66737],[21.984529999000074,-26.650330002999965],[22.001089990000025,-26.647930006999957],[22.010939998000026,-26.639590004999945],[22.017449998000075,-26.636530001999972],[22.03048999600003,-26.63398999499998],[22.04518000300004,-26.635149998999964],[22.051380006000045,-26.63348999799996],[22.069229996000047,-26.608419995999952],[22.076650001000075,-26.582820005999963],[22.079049997000027,-26.57920999099997],[22.085390003000043,-26.574929994999934],[22.094410002000075,-26.57303000299993],[22.09846,-26.5706],[22.10150000400006,-26.56582999799997],[22.104020003000073,-26.55360000099995],[22.10860000400004,-26.54883],[22.114130001000035,-26.546149997999976],[22.126230003000046,-26.547370006999984],[22.132609999000067,-26.544810000999973],[22.13360999300005,-26.54056000399993],[22.131850004000057,-26.53223000199995],[22.13314000300005,-26.526060004999977],[22.13519999600004,-26.523540005999962],[22.142269998000074,-26.518840000999944],[22.158869996000078,-26.51208999499994],[22.163479996000035,-26.50832999399995],[22.165670001000024,-26.503920010999934],[22.165539998000042,-26.499770000999945],[22.159239998000032,-26.49145999899997],[22.158340001000056,-26.487960003999945],[22.160140004000027,-26.48332999699994],[22.16736,-26.47716000099996],[22.179680002000055,-26.471890001999952],[22.182259999000053,-26.46919000099996],[22.185459997000066,-26.460350002999974],[22.181300004000036,-26.449070001999928],[22.181530003000034,-26.439199994999967],[22.183519999000055,-26.435980005999966],[22.196220002000075,-26.43005],[22.20024,-26.42478000099993],[22.20082999400006,-26.420309995999958],[22.198859997000056,-26.41426000299998],[22.191540005000036,-26.40576],[22.190540003000024,-26.39999000399996],[22.194780001000026,-26.394049998999947],[22.214010002000066,-26.386130005999973],[22.225090003000048,-26.377429993999954],[22.238669997000045,-26.37056],[22.23772000100007,-26.35792999499995],[22.242330001000028,-26.34994000399996],[22.24725000500007,-26.34704000299996],[22.268240003000074,-26.345200000999967],[22.285309991000076,-26.339970000999983],[22.28885,-26.33989999499994],[22.301709997000046,-26.34420999899993],[22.306889999000077,-26.344080003999977],[22.312650003000044,-26.34121000899995],[22.320339997000076,-26.324919998999974],[22.32593,-26.322259996999946],[22.339240004000033,-26.32036000599993],[22.351839994000045,-26.32739000099997],[22.358860006000043,-26.32756999399993],[22.362950002000048,-26.32552999199993],[22.36678,-26.319170002999954],[22.36719,-26.31465],[22.366440005000072,-26.301590001999955],[22.362299995000058,-26.290159998999968],[22.363110004000077,-26.285779997999953],[22.367950003000033,-26.284189994999963],[22.380209999000044,-26.286219996999932],[22.386189994000063,-26.285029994999945],[22.402709996000056,-26.27287000299998],[22.40594,-26.268220004999932],[22.405969999000035,-26.26440000699995],[22.399389986000074,-26.254769989999943],[22.39880000100004,-26.248129995999932],[22.40226999600003,-26.24410000599994],[22.410189998000078,-26.241410004999977],[22.415060004000054,-26.23797],[22.42006000500004,-26.224419997999973],[22.425879999000074,-26.2233],[22.433819999000036,-26.227170004999948],[22.443469999000058,-26.229219997999962],[22.45413,-26.227900000999966],[22.460719996000023,-26.222220001999972],[22.46607,-26.20579999699993],[22.47173,-26.200569996999945],[22.47424,-26.19971000499993],[22.47890000600006,-26.201160005999952],[22.49514000100004,-26.210470001999965],[22.51215,-26.215379998999936],[22.52881999500005,-26.22667],[22.538549999000054,-26.22744000199998],[22.552740002000064,-26.225019998999983],[22.55819000100007,-26.22062000699998],[22.56341000200007,-26.20598999799995],[22.57449000300005,-26.196569996999983],[22.577739999000073,-26.19162000199998],[22.57958,-26.15836999199996],[22.57621000100005,-26.147289998999952],[22.578110001000027,-26.14257999499995],[22.581759997000063,-26.14034000099997],[22.58755,-26.141559993999977],[22.592629998000064,-26.14817000599993],[22.599740007000037,-26.151949996999974],[22.60499999800004,-26.149219997999978],[22.606429999000056,-26.143349997999962],[22.60511000100007,-26.134650009999973],[22.60851,-26.12821],[22.61791000100004,-26.124079997999957],[22.62812000300005,-26.123469996999972],[22.632170006000024,-26.121280000999946],[22.630699999000058,-26.12257999899998],[22.702940002000048,-26.11985000599998],[22.708790002000057,-26.41091000199998],[22.74471999700006,-26.42465999799998],[22.803159997000023,-26.453680000999952],[22.84187,-26.39330000299998],[22.84842999700004,-26.37587999699997],[22.880789999000058,-26.262354997999978],[22.899290004000022,-26.213630000999956],[22.90705999900007,-26.14592000199997],[22.981149999000024,-26.15256],[22.98704,-26.089979995999954],[23.064800003000073,-26.099059994999948],[23.088140003000035,-26.04357],[23.088269996000065,-25.99899999799993],[23.086910001000035,-25.982559995999964],[23.320549997000057,-25.99283999599993],[23.387359998000022,-26.00616],[23.35388199700003,-26.08947800599998],[23.30687000100005,-26.070340003999945],[23.23214999700008,-26.052690002999952],[23.215819999000075,-26.115730003999943],[23.251920003000066,-26.113830003999965],[23.310979995000025,-26.14185],[23.26474,-26.204479997999954],[23.221740004000026,-26.271270000999948],[23.28205000300005,-26.339470002999974],[23.266410002000043,-26.48539999899998],[23.46295999800003,-26.53108999799997],[23.58375,-26.617149997999945],[23.547120006000057,-26.65833999299997],[23.48713000300006,-26.739709004999952],[23.520929998000042,-26.75552000099998],[23.56891999800007,-26.774909987999933],[23.61534000100005,-26.79003000299997],[23.646530002000077,-26.807480001999977],[23.72513000200007,-26.829129997999928],[23.760720002000028,-26.840935000999934],[23.853230004000068,-26.890140002999942],[23.869500001000063,-26.85674999799994],[23.916889998000045,-26.85787000399995],[23.962830002000032,-26.898309996999956],[23.97037000100005,-26.894200001999934],[24.000999999000044,-26.943319997999936],[24.026019999000027,-26.99928999699995],[24.03745,-27.053699998999946],[23.97604999600003,-27.079350000999966],[23.97356,-27.096379997999975],[23.91559,-27.214140003999944],[23.91008000200003,-27.225090001999945],[23.898250004000033,-27.235550001999968],[23.89646999400003,-27.252659998999945],[23.94125000200006,-27.27639000299996],[23.950169998000035,-27.28279],[23.95286,-27.28146999599994],[24.01494999700003,-27.32367000599993],[24.063919998000074,-27.35316999899993],[24.07242,-27.35563000199994],[24.08627000100006,-27.35349000399998],[24.05751000300006,-27.42942],[24.052190005000057,-27.462749997999936],[24.055329997000058,-27.507869995999954],[24.049220001000037,-27.55858000199993],[24.050610001000052,-27.602729996999983],[24.118620004000036,-27.621739997999953],[24.10512999900004,-27.65146],[24.093339996000054,-27.704910005999977],[24.111000001000036,-27.73898000099996],[24.40528000100005,-27.681180001999962],[24.44676,-27.70285000399997],[24.408839999000065,-27.761099996999974],[24.45256000200004,-27.78254],[24.427369997000028,-27.840540000999965],[24.409870003000037,-27.842749998999977],[24.360459994000053,-27.91067000299995],[24.39257999800003,-27.941549993999956],[24.40994999800006,-27.923300001999962],[24.46728999900006,-27.980569998999954],[24.468169999000054,-27.99669999899993],[24.458649996000076,-28.012749998999936],[24.44454999800007,-28.03191000399994],[24.465479997000045,-28.035840005999944],[24.534620004000033,-28.09211],[24.552579999000045,-28.078429995999954],[24.559870002000025,-28.074699995999936],[24.563680005000037,-28.07003999799997],[24.563150003000032,-28.05693],[24.55772999900006,-28.044510000999935],[24.55945999900007,-28.03878999899996],[24.56640999800004,-28.034790000999976],[24.57876999900003,-28.032630000999973],[24.588709996000034,-28.02785999899993],[24.591849997000054,-28.031330002999937],[24.594140002000074,-28.028659998999956],[24.603139998000074,-28.029160003999948],[24.608040002000052,-28.026179997999975],[24.60893999900003,-28.02726],[24.61437000600006,-28.02235000099995],[24.614110002000075,-28.020390003999978],[24.608620002000066,-28.015030001999946],[24.60816000500006,-28.011709992999954],[24.617040002000067,-28.008020004999935],[24.616550003000043,-28.00649999899997],[24.620879998000078,-28.001189994999947],[24.623219998000025,-28.00167999799993],[24.624840001000052,-27.999219998999934],[24.62833000300003,-27.999530000999982],[24.627320001000044,-27.997099998999943],[24.62935000300007,-27.99431],[24.62733999900007,-27.990859996999973],[24.624899990000074,-27.99058999899995],[24.62090999800006,-27.978790000999936],[24.623060003000035,-27.976539998999954],[24.620800002000067,-27.974920004999944],[24.622750005000057,-27.974029997999935],[24.62191000100006,-27.97196],[24.62561,-27.96718999799998],[24.62648000100006,-27.963040002999946],[24.622170005000044,-27.96108999699993],[24.619780002000027,-27.95122],[24.627039996000065,-27.94185999599995],[24.626539999000045,-27.937989998999967],[24.628809998000065,-27.93533999699997],[24.62568999900003,-27.928660003999937],[24.622230002000038,-27.926909998999975],[24.61837000400004,-27.92129999699995],[24.617340005000074,-27.915520000999948],[24.61150000300006,-27.910020001999953],[24.606890003000046,-27.908519997999974],[24.60711000300006,-27.90124000299994],[24.60601,-27.900979998999958],[24.60711000300006,-27.898429997999983],[24.611630001000037,-27.89774000099993],[24.61332999900003,-27.901589995999927],[24.61913000100003,-27.904950004999932],[24.63006000200005,-27.902930001999948],[24.632179998000026,-27.89906000899998],[24.632520001000046,-27.891400002999944],[24.64133000100003,-27.88763000299997],[24.645140001000073,-27.88751999899995],[24.649369998000054,-27.881740002999948],[24.651920003000043,-27.87679000099996],[24.652059999000073,-27.86966999499998],[24.656350002000067,-27.863449998999954],[24.656400001000065,-27.85539999599996],[24.65831,-27.852670002999957],[24.665099997000027,-27.85304999699997],[24.66988999700004,-27.85174],[24.67149001000007,-27.849869996999928],[24.678410002000078,-27.850509990999967],[24.681310001000043,-27.84909999699994],[24.688870002000044,-27.850420000999975],[24.690359999000066,-27.85251],[24.691209994000076,-27.850380000999962],[24.696810001000074,-27.847570003999977],[24.694930003000024,-27.842620001999933],[24.688349991000052,-27.839129998999965],[24.688060002000043,-27.83650000299997],[24.690810001000045,-27.832709996999938],[24.699320003000025,-27.828289996999956],[24.65866999700006,-27.790939992999938],[24.66185000100006,-27.78483000199998],[24.66919000200005,-27.78629000199993],[24.673119988000053,-27.782830003999948],[24.675729999000055,-27.769919995999942],[24.670409996000046,-27.761599993999937],[24.680450003000033,-27.739280002999976],[24.693729998000038,-27.73565],[24.69547000400007,-27.71825],[24.68121,-27.703440006999983],[24.675189998000064,-27.693379998999944],[24.672730003000026,-27.68555999399996],[24.674560003000067,-27.681180000999973],[24.677710002000026,-27.679929997999977],[24.683380002000035,-27.68040998999993],[24.685980002000065,-27.678370004999977],[24.68449000100003,-27.67411999799998],[24.678710005000028,-27.669080004999955],[24.678180003000023,-27.666920000999937],[24.691800002000036,-27.654089995999982],[24.692299998000067,-27.64521999899995],[24.762060005000023,-27.63324],[24.75677999800007,-27.60959],[24.784329998000032,-27.604639996999936],[24.784270004000064,-27.609280000999945],[24.78252,-27.61086000399996],[24.78071000600005,-27.61836999899998],[24.782240002000037,-27.633010001999935],[24.786610005000057,-27.643210001999933],[24.793790003000026,-27.646040004999975],[24.79771999700006,-27.656179995999935],[24.795149998000056,-27.663330001999952],[24.79535000100003,-27.673409998999944],[24.79382,-27.676689996999983],[24.79487000100005,-27.681978000999948],[24.792039998000064,-27.686943002999953],[24.796980002000055,-27.69302000299996],[24.796649998000078,-27.698219997999956],[24.80117,-27.70177999699996],[24.854500004000045,-27.69559000199996],[24.885719997000024,-27.69449999699998],[24.97322999900007,-27.68262999899997],[24.99972000100007,-27.680830003999972],[25.034819999000035,-27.69308],[25.047909998000023,-27.69973999599995],[24.846920004000026,-27.91118999799994],[24.861529999000027,-27.90832000399996],[24.857070002000057,-27.916069995999976],[24.85695,-27.91894999699997],[24.859809995000035,-27.92132000299995],[24.857660002000046,-27.920219998999983],[24.857440002000033,-27.92532999599996],[24.851729998000053,-27.9261],[24.845600001000037,-27.923650003999967],[24.82984,-27.93129],[24.95060400400007,-28.11320899699996],[24.95954,-28.10352999899993],[24.966679999000064,-28.09277],[24.969419999000024,-28.08504000099998],[24.973389997000027,-28.08103],[24.984840001000066,-28.079579998999975],[24.99927000200006,-28.08186000099994],[25.00979,-28.076729997999962],[25.02011,-28.07737000399993],[25.02808,-28.07348000199994],[24.964569994000044,-28.25073999899996],[24.926679998000054,-28.24689999499998],[24.905349998000077,-28.274780001999943],[24.87048999500007,-28.270379998999942],[24.890329997000038,-28.31023000099998],[24.93761998900004,-28.324919989999955],[24.886779999000055,-28.464980000999958],[24.881350003000023,-28.463150002999953],[24.846890001000077,-28.50376999799994],[24.867819998000073,-28.51705999799998],[24.827729996000073,-28.62695999699997],[24.90184,-28.64803000099994],[24.66192000500007,-29.079159998999955],[24.34662,-29.65592999599994],[24.352230003000045,-29.658719993999966],[24.35349000100007,-29.66188000099993],[24.34884999600007,-29.703199997999945],[24.35454000200008,-29.713140002999978],[24.36776,-29.72052999899995],[24.37603,-29.72698000099996],[24.387920007000048,-29.75387],[24.40216999300003,-29.77409999599996],[24.410460010000065,-29.789450000999977],[24.42459000100007,-29.801179997999952],[24.435090005000063,-29.805890002999945],[24.43887999800006,-29.814760000999968],[24.44717,-29.81513999599997],[24.453509998000072,-29.811129997999956],[24.459020003000035,-29.810739996999928],[24.48721,-29.812969996999982],[24.49770000500007,-29.81605],[24.503380004000064,-29.824050004999947],[24.50175000200005,-29.833199991999948],[24.50262000300006,-29.83644999699993],[24.510340003000067,-29.841470003999973],[24.524030002000075,-29.845240003999947],[24.539540001000034,-29.84229999699994],[24.546969997000076,-29.844890001999943],[24.550669992000053,-29.849209997999935],[24.55506,-29.862579998999934],[24.564180003000047,-29.87772000299998],[24.584120002000077,-29.89616999699996],[24.595909993000078,-29.904800001999945],[24.60792999800003,-29.91126000299994],[24.645260003000033,-29.91130000299995],[24.64949,-29.906890000999965],[24.649809998000023,-29.90157999799993],[24.652700006000032,-29.89885000499993],[24.659280010000032,-29.899229998999942],[24.665049999000075,-29.901950005999936],[24.667860004000033,-29.909119997999937],[24.662820003000036,-29.942230003999953],[24.66952999700004,-29.96114999499997],[24.67129999900004,-29.97145],[24.674449999000046,-29.975570001999984],[24.69562000800005,-29.982679987999973],[24.703609998000047,-29.98371000399993],[24.712429997000072,-29.98868],[24.723740004000035,-29.992170002999956],[24.750240002000055,-29.989529998999956],[24.75677,-29.992850007999948],[24.773749999000074,-29.993810002999965],[24.788859999000067,-29.99666999799996],[24.793970003000027,-29.99897999799998],[24.80368000200008,-30.011769998999966],[24.808049996000022,-30.023010001999978],[24.807260006000035,-30.02635000099997],[24.800100001000033,-30.03131000199994],[24.798549998000055,-30.033939998999983],[24.79616,-30.04585999899996],[24.797820010000066,-30.051569997999934],[24.803430001000038,-30.06038999699996],[24.81413000200007,-30.067879997999967],[24.817810004000023,-30.082139998999935],[24.826050003000034,-30.08524],[24.83288000400006,-30.0923],[24.838489998000057,-30.09518999599993],[24.836369998000066,-30.115079996999953],[24.837590001000024,-30.117800002999957],[24.844249997000077,-30.123470002999966],[24.867249997000044,-30.130729996999946],[24.87114,-30.134510003999935],[24.88038000100005,-30.1589],[24.881639999000072,-30.173280010999974],[24.895180003000064,-30.184209995999936],[24.895649999000057,-30.19643999799996],[24.899989996000045,-30.206700000999945],[24.903240005000043,-30.209049998999944],[24.91042000400006,-30.209649997999975],[24.920260004000056,-30.20075000299994],[24.925110001000064,-30.20067999899993],[24.930209999000056,-30.20687000199996],[24.934040005000043,-30.21753999499998],[24.942619998000055,-30.22155],[24.94605000300004,-30.22526000299996],[24.95161999800007,-30.224860001999957],[24.954199996000057,-30.226069997999957],[24.955760001000044,-30.231150002999982],[24.955320001000075,-30.238619996999944],[24.94676000100003,-30.246670000999984],[24.94652,-30.25180999899993],[24.963200003000054,-30.26750999799998],[24.97611,-30.27331],[24.98031,-30.284160000999975],[24.98631999500003,-30.289969996999957],[25.00274999800007,-30.293479997999953],[25.00793,-30.29214],[25.01736999900004,-30.285729996999976],[25.02325999900006,-30.28352000299998],[25.02947999500003,-30.283729995999977],[25.034420002000047,-30.28615999799996],[25.047130009000057,-30.31620999599994],[25.046650001000046,-30.32287000399998],[25.04240000200008,-30.336540000999946],[25.035470004000047,-30.34492],[25.038280001000032,-30.362270001999946],[25.04267999900003,-30.363499995999973],[25.051139998000053,-30.35715999699994],[25.063999995000074,-30.356919998999956],[25.071619998000074,-30.359449998999935],[25.08085999900004,-30.36694999799994],[25.096119999000052,-30.37315999499998],[25.102130001000035,-30.39130999799994],[25.111179999000058,-30.403610000999947],[25.113500002000023,-30.40922],[25.125600003000045,-30.420230002999972],[25.139910001000032,-30.42422000299996],[25.146650005000026,-30.432889994999982],[25.1577,-30.44261999899993],[25.161159997000027,-30.449529998999935],[25.15307000200005,-30.45320000199996],[25.15269,-30.459280000999968],[25.160059998000065,-30.46472000199998],[25.167120002000047,-30.473670010999967],[25.183700001000034,-30.48401],[25.189590004000024,-30.498410000999968],[25.20295999800004,-30.504020003999983],[25.209959989000026,-30.505090002999964],[25.22518,-30.50364999599998],[25.23130999700004,-30.499480000999938],[25.235299997000027,-30.499929994999945],[25.23946999700007,-30.50457999899993],[25.24340999800006,-30.513579997999955],[25.254749998000023,-30.518970000999957],[25.26172000400004,-30.525899994999975],[25.27064,-30.538720000999945],[25.27897000100006,-30.544059988999948],[25.28380000100003,-30.558999994999965],[25.305409997000027,-30.576549994999937],[25.31141000100007,-30.577099998999984],[25.32374999600006,-30.57241],[25.326040001000024,-30.569619993999936],[25.328359996000074,-30.561029996999935],[25.333650001000024,-30.55766999599996],[25.340009998000028,-30.558300002999943],[25.35037999900004,-30.56433000399994],[25.357240001000037,-30.563639998999975],[25.363589999000055,-30.55808000299993],[25.37473999900004,-30.559129995999967],[25.399279999000044,-30.57308998999997],[25.40570000100007,-30.57211999599997],[25.41802000200005,-30.577689998999972],[25.41996000100005,-30.579989998999963],[25.41940999800005,-30.584519995999983],[25.42134000300007,-30.586970003999966],[25.453590004000034,-30.60900000299995],[25.467099997000048,-30.624210010999946]]]}},{"type":"Feature","properties":{"shapeName":"Western Cape","shapeISO":"WC","shapeID":"76434192B56312278962278","shapeGroup":"ZAF","shapeType":"ADM1"},"geometry":{"type":"MultiPolygon","coordinates":[[[[19.418070002000036,-34.68667999799993],[19.417729999000073,-34.688849990999984],[19.415299998000023,-34.69004999799995],[19.412419998000075,-34.69043000099998],[19.409870002000048,-34.68816000299995],[19.41489,-34.689169996999965],[19.418070002000036,-34.68667999799993]]],[[[19.418799998000054,-34.67816000099998],[19.423420004000036,-34.68024000099996],[19.413770002000035,-34.68659999699997],[19.411629996000045,-34.68400000199995],[19.418190004000053,-34.68036001099995],[19.416709999000034,-34.67883],[19.418799998000054,-34.67816000099998]]],[[[18.368980003000047,-33.78984000099996],[18.37383,-33.79220998899996],[18.373129998000024,-33.79663999699994],[18.37724,-33.79601000699995],[18.378770004000046,-33.79745000299994],[18.375020001000053,-33.79650999699993],[18.375330001000066,-33.798730003999935],[18.378319997000062,-33.79848000099997],[18.375879997000027,-33.799119996999934],[18.375529997000058,-33.80172999799993],[18.381130002000077,-33.808649996999975],[18.381319999000027,-33.81254999699996],[18.382879998000078,-33.81243000199993],[18.380839998000056,-33.81763],[18.370750004000058,-33.82018000299996],[18.36071,-33.81439999899993],[18.36096000300006,-33.80985000399994],[18.35669999600003,-33.801760000999934],[18.362330004000057,-33.79033999899997],[18.368980003000047,-33.78984000099996]]],[[[18.07427000200005,-33.41262],[18.077299999000047,-33.41651000099995],[18.083329998000067,-33.41861999699995],[18.08669999800003,-33.41749],[18.08815,-33.41355000799996],[18.08959000400006,-33.413540001999934],[18.091759996000064,-33.421690001999934],[18.09711999600006,-33.42520999899995],[18.09586,-33.427919989999964],[18.098680003000027,-33.43026999699998],[18.098269997000045,-33.431769997999936],[18.092369998000038,-33.431130001999975],[18.090760001000035,-33.43349],[18.086209998000072,-33.43409001099997],[18.08168,-33.432200000999956],[18.08479999700006,-33.42874000899997],[18.07383999900003,-33.41805000299996],[18.072140002000026,-33.413540001999934],[18.07427000200005,-33.41262]]],[[[17.98590000400003,-33.150749996999934],[17.985219999000037,-33.15438999599996],[17.979080003000036,-33.15205000299994],[17.98029000100007,-33.150749996999934],[17.98590000400003,-33.150749996999934]]],[[[17.992619999000055,-33.14578999699995],[17.993790003000072,-33.14677000399996],[17.991310003000024,-33.14804999699993],[17.99084,-33.14652999899994],[17.992619999000055,-33.14578999699995]]],[[[18.02114000200004,-33.08799],[18.026500002000034,-33.090879997999934],[18.023760001000028,-33.094559997999966],[18.019249999000067,-33.09455],[18.01778,-33.09308999899997],[18.018080002000033,-33.08999999699995],[18.02114000200004,-33.08799]]],[[[18.007170012000074,-33.08387],[18.01065999800005,-33.084870002999935],[18.011049999000022,-33.08653999799998],[18.006459996000046,-33.08630999899998],[18.00551,-33.084549996999954],[18.007170012000074,-33.08387]]],[[[17.95345999700004,-33.08014000099996],[17.957160001000034,-33.08081],[17.95961999700006,-33.08307999799996],[17.958769998000037,-33.08634000199993],[17.95446,-33.08741000099997],[17.95059000300006,-33.08271000099995],[17.95092999700006,-33.08062000299998],[17.95345999700004,-33.08014000099996]]],[[[17.92525000200004,-33.05060999699998],[17.92761999800007,-33.050789995999935],[17.929550009000025,-33.05289000099998],[17.926310002000037,-33.05510000999993],[17.923219992000043,-33.05355000199995],[17.92525000200004,-33.05060999699998]]],[[[24.152459995000072,-31.78860999799997],[24.15433001100007,-31.798309996999933],[24.18369999600003,-31.813279998999974],[24.179749998000034,-31.81939],[24.15976999700007,-31.823140002999935],[24.15483000100005,-31.822480001999963],[24.153320001000054,-31.85491000299993],[24.123609997000074,-31.84717],[24.108300001000032,-31.88613999699993],[24.10475000200006,-31.886810003999983],[24.10538,-31.906850001999942],[24.138649994000048,-31.90544],[24.146810001000063,-31.90269000099994],[24.14660998900007,-31.896849998999983],[24.164199997000026,-31.902410002999943],[24.197199991000048,-31.92348999799998],[24.191150003000075,-31.92676999699995],[24.188039997000033,-31.933629998999947],[24.19981,-31.94257000099998],[24.205430001000025,-31.941689991999965],[24.22241,-31.95564000099995],[24.183029997000062,-31.995939996999937],[24.19374,-32.00483],[24.1878,-32.00818000399994],[24.189399999000045,-32.01224999699997],[24.174850002000028,-32.01255999699998],[24.17447999700005,-32.01994000099995],[24.140870001000053,-32.01170999799996],[24.12860999800006,-32.04125000099998],[24.141069997000045,-32.05135999199996],[24.134805004000043,-32.06019999599994],[24.123289999000065,-32.05592999899994],[24.11185,-32.06164],[24.11256000800006,-32.07002999699995],[24.10443000400005,-32.06763999699996],[24.102850001000036,-32.06988999899994],[24.097880002000068,-32.08517000799998],[24.097880002000068,-32.110774996999965],[24.10967499700007,-32.084289998999964],[24.13543999700005,-32.097859996999944],[24.13552999700005,-32.12314000099997],[24.13036000200003,-32.13195999299995],[24.117569999000068,-32.13521999599993],[24.10223499600005,-32.148830002999944],[24.112929997000037,-32.15093],[24.100129996000078,-32.164],[24.08819999800005,-32.16382999899997],[24.069210002000034,-32.1601],[24.03803,-32.15813000399993],[24.044050001000073,-32.1819],[24.030529994000062,-32.19347999799993],[23.98583,-32.19782999699993],[23.984459999000023,-32.196380001999955],[23.984700004000047,-32.19839999799996],[23.961149999000042,-32.20652000399997],[23.952999999000042,-32.21646999899997],[23.93535999900007,-32.23193],[23.920959999000047,-32.233420002999935],[23.892299997000066,-32.25494999599994],[23.864450001000023,-32.24899999799993],[23.851080007000064,-32.24252],[23.79785000100003,-32.19407000299998],[23.76622999800003,-32.17872999699995],[23.747070001000054,-32.20068000999993],[23.726079999000035,-32.20844999899998],[23.70817,-32.21915000299998],[23.692409997000027,-32.23346000399994],[23.670450002000052,-32.23767000399994],[23.648870002000024,-32.29801999599994],[23.65693000300007,-32.30389000099996],[23.67836999600007,-32.32910999899997],[23.66514999900005,-32.344229997999946],[23.59177999700006,-32.34076999799993],[23.555460002000075,-32.335380010999984],[23.523590004000027,-32.32875999899994],[23.448959998000078,-32.323269997999944],[23.424650002000078,-32.35623999699993],[23.40985000200004,-32.38919999899997],[23.349259997000047,-32.36441000999997],[23.33305000400003,-32.35113999799995],[23.307329999000046,-32.39592000199997],[23.28721500300003,-32.40417500299998],[23.27214,-32.40066000199994],[23.221610003000023,-32.42504],[23.24754000200005,-32.46532999799996],[23.24447000400005,-32.513229998999975],[23.288155001000064,-32.55120999799993],[23.307289998000044,-32.611620002999985],[23.30130999800008,-32.65178999899996],[23.26957,-32.67147999599996],[23.33285999800006,-32.703610003999984],[23.3535,-32.72943999599994],[23.35160000700006,-32.76379000299994],[23.397736997000038,-32.763480002999984],[23.37862000100006,-32.82501999599998],[23.305169997000064,-32.80949999799998],[23.25041000300007,-32.78857999899998],[23.20110001000006,-32.78535500099997],[23.18746999900003,-32.76743000199997],[23.149329996000063,-32.766739997999935],[23.08932999700005,-32.79916000099996],[23.11642000200004,-32.85799000399993],[23.098009998000066,-32.87369000899997],[23.007439997000063,-32.872819998999944],[23.003680004000046,-32.89828000199998],[22.948750001000064,-32.950040000999934],[22.96925000400006,-32.99337000299994],[22.935210005000044,-33.01304000299996],[22.93409,-33.02165999899995],[22.95784999800003,-33.04505999899993],[22.955310001000043,-33.073140000999956],[22.892269998000074,-33.14163000399998],[22.877199998000037,-33.18693000199994],[22.84022000300007,-33.22021000099994],[22.790259991000028,-33.30730999599996],[22.77392999500006,-33.30902999799997],[22.77338999600005,-33.326259998999944],[22.739269996000075,-33.323980002999974],[22.735740001000067,-33.39476999799996],[22.784499998000058,-33.41553000199997],[22.77443,-33.41974000199997],[22.83025000300006,-33.41908000099994],[22.93478000300007,-33.42914000099995],[23.06643000300005,-33.40025000099996],[23.11288999900006,-33.400810003999936],[23.134800004000056,-33.38762000099996],[23.195369996000068,-33.386150002999955],[23.297124998000072,-33.38864000099994],[23.318030003000047,-33.40650000099998],[23.36407000300005,-33.461750001999974],[23.354879999000048,-33.441169996999975],[23.373780002000046,-33.44540000199993],[23.393369994000068,-33.44568999699993],[23.423253997000074,-33.441971001999946],[23.467609998000057,-33.448140002999935],[23.495619998000052,-33.44344001099995],[23.514170001000025,-33.46273999899995],[23.57903000300007,-33.48467999799993],[23.578619997000033,-33.48568000199998],[23.603999999000052,-33.49640000199997],[23.606139996000024,-33.50335000299998],[23.60012000300003,-33.52750000299994],[23.596199999000078,-33.572520003999955],[23.616769997000063,-33.56957999799994],[23.619888997000032,-33.59148299699996],[23.67498,-33.62587001199995],[23.670440004000056,-33.67255999799994],[23.628779997000038,-33.66932999799997],[23.585900003000063,-33.672749995999936],[23.55652000300006,-33.651540000999944],[23.555529998000054,-33.67295999799995],[23.541670004000025,-33.68301],[23.54127000400007,-33.69954],[23.475359999000034,-33.71766],[23.43994000200007,-33.717390000999956],[23.43007,-33.761759997999945],[23.395039996000037,-33.79263999899996],[23.417,-33.79466000299993],[23.42772,-33.79906],[23.454210002000025,-33.80322000099994],[23.468049999000073,-33.80748],[23.489059998000073,-33.80752999899994],[23.487989999000035,-33.791489998999964],[23.517920004000075,-33.78562000299996],[23.51882000100005,-33.78212000299993],[23.557349997000074,-33.79340999599998],[23.554015003000075,-33.79635498899995],[23.561949998000046,-33.82893999799995],[23.60806000200006,-33.83292999699995],[23.620269997000037,-33.84324],[23.703299999000023,-33.864060000999984],[23.700599999000076,-33.86738000199995],[23.69426999800004,-33.86796999899997],[23.688109998000073,-33.878950000999964],[23.682980004000058,-33.88401],[23.670969996000053,-33.88347000899995],[23.669180007000023,-33.885439996999935],[23.666619997000055,-33.884660001999976],[23.65796000100005,-33.88771000299994],[23.655869994000057,-33.886849998999935],[23.651620002000072,-33.89273000099996],[23.64737000100007,-33.89278],[23.64875999800006,-33.89450000199997],[23.647559999000066,-33.89672000099995],[23.649270002000037,-33.897049996999954],[23.649710002000063,-33.89894999799998],[23.65690999800006,-33.90222999799994],[23.65504,-33.90371999299998],[23.657659999000032,-33.90484999699993],[23.656829997000045,-33.90692999799995],[23.652330001000053,-33.90959999599994],[23.63985999700003,-33.90971999799996],[23.63737999600005,-33.91299000699996],[23.642779998000037,-33.919829996999965],[23.643240002000027,-33.92233000099998],[23.639989997000043,-33.92420999799998],[23.643950002000054,-33.92751000199996],[23.644740004000028,-33.93067],[23.64322999600006,-33.93186000099996],[23.63994999600004,-33.93102],[23.640640008000048,-33.933220002999974],[23.63696999800004,-33.934650000999966],[23.638529997000035,-33.93718999799995],[23.635109998000075,-33.94001000099996],[23.634589996000045,-33.95205000399994],[23.63771999900007,-33.95521999899995],[23.64090999900003,-33.95476000999997],[23.645900002000076,-33.962449997999954],[23.644440002000067,-33.96381999899995],[23.647450002000028,-33.97267999899998],[23.64538999800004,-33.97578999799998],[23.647469999000066,-33.977199998999936],[23.64702,-33.98056],[23.644170003000056,-33.97999999799998],[23.635610004000057,-33.98300999799994],[23.63025000400006,-33.98132999799998],[23.618449998000074,-33.98082000199997],[23.61701000200003,-33.978969991999975],[23.61036000300004,-33.980839997999965],[23.599129998000024,-33.97995999699998],[23.591639998000062,-33.98317999899996],[23.578399997000076,-33.984710002999975],[23.5751,-33.98171000099995],[23.55649,-33.982730000999936],[23.54887,-33.98543000099994],[23.546650001000046,-33.98911000099997],[23.53961,-33.99092000199994],[23.536249998000073,-33.9896],[23.533180001000062,-33.99233000399994],[23.53073000300003,-33.99854000199997],[23.52822999800003,-34.000140001999966],[23.51907000400007,-34.00156000099997],[23.512740003000033,-34.00091999699998],[23.512049999000055,-34.0021],[23.508220003000076,-34.00069999599998],[23.496930001000067,-34.00050999899997],[23.49299,-34.00366999599993],[23.493269998000073,-34.00507999799993],[23.49174000200003,-34.00311000099998],[23.488439998000047,-34.002400001999945],[23.486240003000034,-34.00399999299998],[23.48404,-34.00210999799998],[23.477059996000037,-34.00364000199994],[23.470409997000047,-34.00205000099993],[23.468690003000063,-34.00346000199994],[23.45232999700005,-34.00497999199996],[23.43120000400006,-34.01085000399996],[23.412359997000067,-34.01933999899995],[23.39657,-34.02979000099998],[23.384460002000026,-34.04006000199996],[23.377860002000034,-34.05133],[23.378700002000073,-34.05340000199993],[23.381270002000065,-34.05341],[23.37830000200006,-34.055239997999934],[23.37827,-34.06028999799997],[23.38106,-34.06085000099995],[23.376530002000038,-34.066979997999965],[23.371509996000043,-34.07872000699996],[23.371509996000043,-34.086079997999946],[23.37552,-34.09816000099994],[23.38280999600005,-34.10050000299998],[23.397299996000072,-34.10069999899997],[23.40787,-34.10631000199993],[23.412520008000058,-34.107070000999954],[23.412160001000075,-34.10922000399995],[23.40773000100006,-34.10963000999993],[23.40692000300004,-34.11142999699996],[23.390700004000053,-34.10528000399995],[23.390739997000026,-34.10819999699993],[23.38650999200007,-34.10892000299998],[23.385830003000024,-34.10808000199995],[23.38842999800005,-34.10734999799996],[23.387809998000023,-34.10537000299996],[23.38301,-34.10192000199993],[23.370460002000073,-34.101149996999936],[23.364849999000057,-34.10546000299996],[23.35827000300003,-34.10649999899994],[23.35594999700004,-34.10480999299995],[23.350939998000058,-34.10458000199998],[23.35054999600004,-34.10304],[23.346119996000027,-34.102379998999936],[23.345030001000055,-34.100510000999975],[23.341019997000046,-34.101970000999984],[23.336719997000046,-34.10052999699997],[23.32905998800004,-34.10249000299996],[23.321789997000053,-34.09933999599997],[23.314389997000035,-34.102969996999946],[23.306830001000037,-34.10326999899996],[23.3052,-34.101419988999965],[23.293490002000055,-34.1018],[23.29226999800005,-34.09954],[23.286390004000054,-34.101719997999965],[23.27990999800005,-34.10005000399997],[23.278990004000036,-34.09840000599996],[23.27049000200003,-34.099809998999945],[23.26769000400003,-34.09861999799995],[23.267250003000072,-34.09626999799997],[23.26384000300004,-34.09754000099997],[23.26483999800007,-34.09514000199994],[23.26091000400004,-34.09324000099997],[23.25854,-34.09403000299994],[23.257500003000075,-34.09205999799997],[23.249379997000062,-34.09466999899996],[23.245760003000044,-34.09166999699994],[23.243550002000063,-34.094369996999944],[23.235459999000057,-34.08936999599996],[23.229429999000047,-34.08933000299993],[23.224789997000073,-34.08689000399994],[23.22256,-34.08886],[23.221740004000026,-34.087489998999956],[23.218499997000038,-34.08829999699998],[23.218799998000065,-34.08978000199994],[23.216820012000028,-34.08862000299996],[23.21477999600006,-34.09121],[23.208869999000058,-34.08641000199998],[23.205220002000033,-34.08712999299996],[23.20289999700003,-34.08607000799998],[23.200480002000063,-34.087650002999965],[23.19911999900006,-34.08456000799998],[23.191530002000036,-34.086219996999944],[23.18870000100003,-34.08421999799998],[23.186319998000045,-34.08543000299994],[23.17961000200006,-34.08468000299996],[23.17728999700006,-34.08645000299998],[23.174520001000076,-34.08501999699996],[23.17259999500004,-34.08743000199996],[23.16872999800006,-34.0862],[23.16695999700005,-34.082600009999965],[23.16426999500004,-34.08438000099994],[23.163809998000033,-34.08268000399994],[23.159750003000056,-34.08349000199996],[23.15817,-34.08525000399993],[23.15649,-34.08381999799997],[23.152419999000074,-34.08549000099998],[23.15024,-34.08403],[23.14681000300004,-34.08421999799998],[23.144020011000066,-34.08618000399997],[23.14124000100003,-34.08500000099997],[23.140069996000022,-34.08717999899994],[23.13938999900006,-34.085619992999966],[23.13777000300007,-34.08679999599997],[23.13361000200007,-34.08262999699997],[23.13185999800004,-34.08314000099995],[23.13030999800003,-34.08043000199996],[23.121390001000066,-34.08078000299997],[23.12024,-34.082139996999956],[23.118119999000044,-34.08023999599993],[23.115149991000067,-34.0804],[23.10956,-34.08229000199998],[23.104929996000067,-34.08058999699995],[23.103210003000072,-34.08150000099994],[23.10061999800007,-34.07893000099995],[23.09804,-34.082319996999956],[23.09555000200004,-34.08084999799996],[23.08998999800008,-34.08333999699994],[23.08634999900005,-34.08324998899997],[23.086330002000068,-34.08659999199995],[23.07771999700003,-34.082319996999956],[23.076270003000047,-34.08375000299998],[23.07478999800003,-34.08253999699997],[23.070830001000047,-34.082600009999965],[23.069760002000066,-34.08382999599996],[23.06741000200003,-34.082690001999936],[23.064920004000044,-34.08438000099994],[23.06383,-34.08181000099995],[23.057000002000052,-34.08297],[23.05558001000003,-34.085599996999974],[23.050329998000052,-34.08452],[23.049240002000033,-34.08304000299995],[23.04860999600004,-34.08428000299995],[23.04242000200003,-34.08416999899998],[23.041220002000045,-34.07928000199996],[23.038049999000066,-34.078000000999964],[23.03693000100003,-34.07958001099996],[23.035330002000023,-34.07823999699997],[23.03366999800005,-34.079479997999954],[23.034700004000058,-34.07756],[23.03175,-34.076000001999944],[23.019569999000055,-34.07500999699994],[23.018620003000024,-34.07361000099996],[23.00856000300007,-34.071970000999954],[22.989340001000073,-34.07400000299998],[22.978830002000052,-34.078679997999984],[22.97510000400007,-34.085580007999965],[22.97982999800007,-34.094019996999975],[22.97747000800007,-34.09057000299998],[22.97419,-34.090949998999974],[22.970259997000028,-34.08607000799998],[22.96214999800003,-34.08514999799996],[22.960090002000072,-34.08775999899996],[22.95775999800003,-34.08220000299997],[22.953509998000072,-34.079140002999964],[22.93185000400007,-34.07028000299994],[22.889500002000034,-34.05766000099993],[22.886310002000073,-34.05800000399995],[22.885740001000045,-34.05674999699994],[22.865729997000074,-34.05194000199998],[22.838349996000034,-34.04734],[22.80581999700007,-34.036160002999964],[22.79604000300003,-34.031060002999936],[22.77244,-34.02696],[22.76823999900006,-34.02811],[22.76486,-34.03182000099997],[22.76464,-34.03394000099996],[22.76677999900005,-34.03608],[22.764890002000072,-34.037530000999936],[22.76339000100006,-34.03462],[22.724109999000063,-34.02221999899996],[22.67011000100007,-34.00922000099996],[22.580270003000066,-33.99559999799993],[22.563649999000063,-33.99611],[22.560060003000046,-33.99883999799994],[22.556969998000056,-33.997679998999956],[22.556050002000063,-34.00323000399993],[22.551829996000038,-34.00501000199995],[22.54786000100006,-34.00388999699993],[22.548459997000066,-34.00951999599994],[22.54291999700007,-34.01372999599994],[22.54033000100003,-34.01800000099996],[22.527109995000046,-34.02153000399994],[22.52479999600007,-34.02448999699993],[22.521269994000022,-34.024620005999964],[22.517630003000022,-34.02749],[22.512140002000024,-34.02804999499995],[22.50808999700007,-34.03501000199998],[22.49835000300004,-34.03671999699998],[22.498559998000076,-34.039710001999936],[22.49623000200006,-34.04304999899995],[22.488960003000045,-34.045110002999934],[22.48429999600006,-34.05162000299998],[22.473659989000055,-34.04840000099995],[22.470339996000064,-34.05060000399993],[22.467169993000027,-34.04817000199995],[22.46044999800006,-34.04995999899995],[22.451149997000073,-34.05654000299995],[22.44958,-34.05483999799998],[22.44834,-34.05672000299995],[22.44661699900007,-34.056243001999974],[22.44112000800004,-34.05890999899998],[22.43385999900005,-34.05568998899997],[22.434600001000035,-34.05718],[22.432669997000062,-34.05933000299996],[22.428149997000048,-34.05655000899998],[22.424509999000065,-34.06005000099998],[22.42015000200007,-34.05805999299997],[22.40771,-34.05762999799998],[22.40261,-34.05570000299997],[22.395070002000068,-34.057740001999946],[22.393709999000066,-34.054889996999975],[22.391369998000073,-34.05468000299993],[22.386769996000055,-34.05658999399998],[22.385129996000046,-34.06089000199995],[22.383680002000062,-34.06022000299998],[22.380630001000043,-34.06172000399994],[22.373059999000077,-34.058670002999975],[22.369519998000044,-34.05952000099995],[22.364350004000073,-34.05843999599995],[22.35436999800004,-34.05434],[22.344359997000026,-34.05475999699996],[22.33123999700007,-34.05213999799997],[22.310059997000053,-34.051140001999954],[22.27087000100005,-34.05267999599994],[22.22785999000007,-34.05961999899995],[22.20015999800006,-34.067760000999954],[22.15952999800004,-34.084139995999976],[22.15141999800005,-34.089839998999935],[22.12960000100003,-34.110600002999945],[22.12429,-34.11762],[22.112649997000062,-34.14136000199994],[22.111279997000054,-34.15697999799994],[22.11271999300004,-34.16473999699997],[22.121890001000054,-34.167140003999975],[22.123750001000076,-34.17002000399998],[22.126530003000028,-34.16986999899996],[22.12881,-34.171949998999935],[22.136539996000067,-34.174020008999946],[22.140460001000065,-34.17951000199997],[22.14564000100006,-34.176129996999975],[22.144279999000048,-34.1789],[22.146480002000033,-34.18081],[22.147869999000022,-34.179550002999974],[22.148179999000035,-34.18121999799996],[22.149139994000052,-34.17869999699997],[22.147310004000076,-34.17505],[22.150460003000035,-34.17934000099996],[22.15809000200005,-34.18103],[22.160700002000056,-34.18780000199996],[22.159039998000026,-34.186219998999945],[22.15314999800006,-34.18731000199995],[22.15167000100007,-34.192069998999955],[22.147689999000022,-34.193730002999985],[22.14649,-34.192800002999945],[22.14439000300007,-34.19662999899998],[22.140460001000065,-34.19418000199994],[22.138279994000072,-34.19680999899998],[22.131789998000045,-34.19747],[22.128580001000046,-34.19959000099993],[22.11516,-34.20208],[22.11237,-34.20377999699997],[22.09945000400006,-34.20428000199996],[22.095799999000064,-34.20299000299997],[22.089479996000023,-34.209280003999936],[22.080230002000064,-34.20855998999997],[22.07395,-34.20562999899994],[22.064270004000036,-34.204980003999935],[22.047289997000064,-34.20596000299997],[22.00986000300003,-34.21107],[21.982350002000032,-34.21803999799994],[21.956669998000052,-34.22896000299994],[21.92728999800005,-34.249499997999976],[21.917730004000077,-34.260640002999935],[21.912240003000022,-34.273680000999946],[21.91200999700004,-34.28448000299994],[21.91499000300007,-34.29107999599995],[21.936289989000045,-34.29442999899993],[21.93765,-34.29721000099994],[21.94274000100006,-34.299899994999976],[21.94596000300004,-34.29910000399997],[21.945570002000068,-34.30146000199994],[21.943130002000032,-34.302660000999936],[21.94038000300003,-34.301140002999944],[21.936520004000045,-34.30518000199993],[21.931109996000032,-34.30408000099993],[21.929620001000046,-34.30611000199997],[21.917650002000073,-34.311290002999954],[21.908099999000058,-34.319209988999944],[21.90473000700007,-34.32526999899994],[21.90406,-34.33256000299997],[21.906220002000055,-34.3351],[21.914389999000036,-34.33876000299995],[21.90353,-34.34453000199994],[21.889799998000058,-34.344459997999934],[21.88696999700005,-34.34322999699998],[21.88372,-34.34791999799995],[21.88421,-34.35313999899995],[21.87426999400003,-34.35871000199995],[21.871440001000053,-34.362690002999955],[21.85872000200004,-34.362690002999955],[21.85036999700003,-34.36958999799998],[21.835439997000037,-34.375280001999954],[21.833739999000045,-34.374390002999974],[21.83046999800007,-34.37647000299995],[21.818419997000035,-34.37709000299998],[21.812339999000073,-34.38055000299994],[21.806080001000055,-34.379310002999944],[21.80476999800004,-34.381649995999965],[21.800750003000076,-34.38123],[21.797899998000048,-34.38331999899998],[21.79422999700006,-34.38124999599995],[21.766619997000078,-34.38530999899996],[21.761219996000023,-34.38414000299997],[21.755269998000074,-34.386819998999954],[21.742000002000054,-34.38659],[21.73687,-34.38915000199995],[21.734969999000043,-34.39426999799997],[21.731299998000054,-34.39386999799996],[21.72951000100005,-34.39584000199994],[21.72232000300005,-34.39319000099994],[21.719819998000048,-34.39562000199993],[21.714340004000064,-34.39301999899993],[21.70906999500005,-34.39509000199996],[21.70691000100004,-34.39397000399998],[21.69611999700004,-34.394990003999965],[21.691879995000022,-34.391490003999934],[21.68435000200003,-34.39249999699996],[21.676079999000024,-34.38868999699997],[21.669950002000064,-34.388570002999984],[21.666900001000045,-34.386389995999934],[21.661440002000063,-34.38751000199994],[21.642750001000024,-34.38135000199998],[21.633780012000045,-34.38151999599995],[21.632110001000058,-34.37937999799993],[21.63057,-34.38016000099998],[21.612,-34.37281],[21.585469998000065,-34.36572999799995],[21.580800001000057,-34.36288000099995],[21.573700003000056,-34.36412999899994],[21.5637,-34.360390001999974],[21.55116,-34.36115000099994],[21.53539999700007,-34.35625999599995],[21.522599996000054,-34.35709999599993],[21.516519998000035,-34.361140002999946],[21.509990001000062,-34.35963000399994],[21.492350002000023,-34.36632000399993],[21.482060003000072,-34.36758999899996],[21.475280003000023,-34.36590999799995],[21.453270001000078,-34.36819000199995],[21.45160999700005,-34.36736999799996],[21.431969999000046,-34.37259999799994],[21.42257,-34.37956000499997],[21.423339997000028,-34.38482],[21.42740999800003,-34.38653000299996],[21.430119997000077,-34.390459989999954],[21.429189996000048,-34.39453999699998],[21.424070001000075,-34.390530000999945],[21.42039999900004,-34.39222999799995],[21.417439998000077,-34.39151],[21.414699996000024,-34.39372000099996],[21.41457000400004,-34.395849992999956],[21.4126,-34.39623000399996],[21.41287999700006,-34.39849000399994],[21.414540001000034,-34.398790005999956],[21.413130008000053,-34.401359997999975],[21.399900004000074,-34.40533000099998],[21.395729997000046,-34.41041000399997],[21.387789999000063,-34.40849999699998],[21.38236000300003,-34.41114999799993],[21.37232,-34.42309000299997],[21.36961000100007,-34.42332000099998],[21.366110001000038,-34.42048000199998],[21.363230001000034,-34.42115999899994],[21.361069991000022,-34.419760003999954],[21.354249990000028,-34.419389998999975],[21.343770002000042,-34.42722000099997],[21.338659997000036,-34.42656],[21.336000005000074,-34.42994999599995],[21.336510001000022,-34.43343],[21.332740001000047,-34.43523000299996],[21.320089997000025,-34.431229996999946],[21.319080004000057,-34.43321999799997],[21.314189998000074,-34.43404000199996],[21.310959998000044,-34.43791999699994],[21.29947,-34.43905999899994],[21.297780001000035,-34.43679000099996],[21.29114,-34.435919997999974],[21.290410004000023,-34.43697000099996],[21.27797999200004,-34.42989999699995],[21.273570004000078,-34.430869997999935],[21.25714000200003,-34.42318000199998],[21.248649999000065,-34.42078000399994],[21.24745,-34.42155999899995],[21.24647999900003,-34.41921999699997],[21.236230001000024,-34.419919998999944],[21.23185999800006,-34.41622000299998],[21.22848,-34.418159996999975],[21.22520999900007,-34.41774000099997],[21.222170004000077,-34.41521999899993],[21.21997999900003,-34.416389995999964],[21.21349000300006,-34.410789998999974],[21.208480003000034,-34.41054999499994],[21.208239991000028,-34.407940001999975],[21.20564000400003,-34.40598000399996],[21.179479999000023,-34.39651000099997],[21.13340999600007,-34.38331],[21.116050002000065,-34.380669996999984],[21.10207998900006,-34.37685999699994],[21.047100002000036,-34.36971],[21.040950001000056,-34.37133000299997],[21.018099998000025,-34.36721000299997],[21.006920001000026,-34.367270007999934],[21.001820001000056,-34.36641000399993],[21.001179997000065,-34.36495000299993],[20.933209996000073,-34.36594],[20.89260999800007,-34.37625000299994],[20.854629999000053,-34.39783000299997],[20.85183,-34.40077999799996],[20.84851999800003,-34.40857999799994],[20.853450004000024,-34.41279999599993],[20.857379998000056,-34.42293],[20.866440003000037,-34.42554],[20.869670003000067,-34.429359998999985],[20.867569999000068,-34.43257000299997],[20.870419996000066,-34.43751999799997],[20.87013999900006,-34.44509999699994],[20.871580003000076,-34.447939995999945],[20.8692,-34.44926999599994],[20.87212000100004,-34.45088999199993],[20.86525000100005,-34.45890000199995],[20.869760003000067,-34.46397999599998],[20.869500002000052,-34.46591999799995],[20.856449998000073,-34.46475000099997],[20.8521,-34.46756999599995],[20.85360999900007,-34.47087000099998],[20.848319994000065,-34.47189999899996],[20.847750009000038,-34.47487999699996],[20.838880002000053,-34.47025999899995],[20.820800002000055,-34.47201000299998],[20.816110001000027,-34.46901],[20.797620003000077,-34.46674000199994],[20.794030003000046,-34.46383],[20.78177000100004,-34.46100999699996],[20.773130001000027,-34.46148],[20.75261000100005,-34.45620000899993],[20.737159999000028,-34.45580000099994],[20.730940002000068,-34.45118000299993],[20.73037000100004,-34.453199998999935],[20.725260003000074,-34.45497999699995],[20.718520004000027,-34.452899996999975],[20.713859997000043,-34.454110001999936],[20.695909998000047,-34.45053000099995],[20.691119999000023,-34.45027],[20.68839000400004,-34.45226999899995],[20.683079994000025,-34.453130002999956],[20.678929999000047,-34.45244999799996],[20.67659999600005,-34.45049999799994],[20.675590002000035,-34.45151],[20.65534000200006,-34.449670003999984],[20.616780004000077,-34.45190999199997],[20.608400005000078,-34.45499000299998],[20.597849998000072,-34.455270000999974],[20.586799993000056,-34.45722000899997],[20.585280003000037,-34.458890002999965],[20.58246,-34.45796000299998],[20.577580001000058,-34.45885000299995],[20.57674999900007,-34.460299996999936],[20.566540002000067,-34.46152000099994],[20.563830003000078,-34.46356999799997],[20.5588,-34.46347],[20.55534,-34.46604999899995],[20.547480003000032,-34.46645999699996],[20.530099997000036,-34.47112000299995],[20.52473999700004,-34.47450000099997],[20.497659998000074,-34.48270999899995],[20.477849998000067,-34.49146000299993],[20.444940004000046,-34.51075999899996],[20.423489996000058,-34.531710000999965],[20.41317000300006,-34.55134999899997],[20.413229993000073,-34.55458],[20.40893999900004,-34.558160000999976],[20.409269996000035,-34.560760003999974],[20.407240002000037,-34.56343000199996],[20.399360001000048,-34.569699997999976],[20.39940000100006,-34.57144000399995],[20.39754000100004,-34.570390000999964],[20.39652999200007,-34.572600001999945],[20.386410003000037,-34.574259998999935],[20.347669997000025,-34.59011000099997],[20.340489997000077,-34.59498000199994],[20.32908000900005,-34.610289997999985],[20.29527999900006,-34.62540000599995],[20.286429997000027,-34.62677999699997],[20.26762000100007,-34.634150001999956],[20.246979999000075,-34.64547999699994],[20.23776,-34.65405000099997],[20.232839992000038,-34.66178000599996],[20.232669999000052,-34.66757999899994],[20.23566001100005,-34.66944999699996],[20.23304000400003,-34.67201999699995],[20.231990001000042,-34.67644999699996],[20.23336000200004,-34.67693999699998],[20.231959999000026,-34.67842000199994],[20.2347,-34.68006000199995],[20.233029998000063,-34.68219999899998],[20.23461,-34.68299000099995],[20.23364,-34.68623],[20.236349998000037,-34.68854999699994],[20.236259999000026,-34.691559996999956],[20.231320002000075,-34.68919000099993],[20.21711,-34.687990001999935],[20.214570002000073,-34.68919999899998],[20.192399997000052,-34.69064000299994],[20.167619999000067,-34.69607999699997],[20.11958,-34.714350002999936],[20.09732000300005,-34.725229990999935],[20.079780001000074,-34.73651000199993],[20.057530002000078,-34.75724000399998],[20.04789999700006,-34.77467999899994],[20.04654000200003,-34.78693000299995],[20.048519997000028,-34.79232999699997],[20.05267,-34.79863000299997],[20.05631999700006,-34.79838],[20.05843999800004,-34.80056999699997],[20.06246,-34.80073999799998],[20.06414999900005,-34.80223000099994],[20.063839999000038,-34.805950001999975],[20.058179997000025,-34.80874000199998],[20.058309998000027,-34.811959996999974],[20.053299998000057,-34.81442999899997],[20.030699998000046,-34.814280001999975],[20.028309998000054,-34.81726],[20.029090001000043,-34.820769997999946],[20.02759,-34.82479],[20.017089999000063,-34.82421999899998],[20.01661999600003,-34.82688999699997],[20.012319997000077,-34.82887],[20.014579996000066,-34.831629996999936],[20.009159999000076,-34.83166],[20.005839998000056,-34.83409999899993],[20.004640007000035,-34.83297000299996],[19.998560001000044,-34.83417000299994],[19.995940002000054,-34.832469997999965],[19.986150001000055,-34.83280000199994],[19.98576,-34.83118999699997],[19.983159989000058,-34.83130000099993],[19.98496000800003,-34.82996000299994],[19.977479998000035,-34.827919994999945],[19.973719997000046,-34.82456000199994],[19.969689997000046,-34.82439],[19.964339995000046,-34.82714],[19.9679,-34.823620002999974],[19.96545000200007,-34.82143999699997],[19.959150004000037,-34.820930000999965],[19.956559999000035,-34.81885999899998],[19.95551999500003,-34.81485000299995],[19.951140002000045,-34.81549999699996],[19.946019998000054,-34.81396000299998],[19.94289000300006,-34.81623000199994],[19.94016,-34.812049995999985],[19.936989996000023,-34.810870000999955],[19.93590000100005,-34.80811000399996],[19.922830001000023,-34.7963],[19.903419993000057,-34.78414000299995],[19.890059997000037,-34.78216999899996],[19.88568000400005,-34.77277],[19.87232,-34.765909997999984],[19.866360004000057,-34.76761000299996],[19.864860003000047,-34.76653999699994],[19.8643,-34.76779000299996],[19.863970003000077,-34.76603999899993],[19.861930004000044,-34.76701],[19.85746000300003,-34.76554999899997],[19.850300007000044,-34.76886000199994],[19.835509998000077,-34.76502999699994],[19.82610999900004,-34.765090001999965],[19.82530999100004,-34.76262999099998],[19.823319998000045,-34.76217000199995],[19.808800004000034,-34.76399000099997],[19.807390002000034,-34.766340000999946],[19.80559999700006,-34.76562000299998],[19.79863,-34.76807],[19.78550000200005,-34.76523000099996],[19.768130002000078,-34.76470999899993],[19.762089997000032,-34.766089997999984],[19.754069997000045,-34.77086000099996],[19.749250003000043,-34.76984000099998],[19.746810003000064,-34.771600002999946],[19.74103999700003,-34.76883999699993],[19.729479988000037,-34.768659997999976],[19.711730001000035,-34.76377999899995],[19.70146998900003,-34.76412000099998],[19.69787999700003,-34.762520001999974],[19.68457999800006,-34.76562000299998],[19.68247000300005,-34.77169000299995],[19.672370003000026,-34.77702999899998],[19.677759998000056,-34.78308000199996],[19.665089989000023,-34.785],[19.66303000100004,-34.78841999799994],[19.661099997000065,-34.78779],[19.661409997000078,-34.785920001999955],[19.664260003000038,-34.78418000399995],[19.65877000200004,-34.78461999599995],[19.65794999800005,-34.78325000399997],[19.655639999000073,-34.783279997999955],[19.65355,-34.784370001999946],[19.655909998000027,-34.78593999799995],[19.651200001000063,-34.78618000299997],[19.645419996000044,-34.783279997999955],[19.64642999800003,-34.78071999699995],[19.641519996000056,-34.783390001999976],[19.638420004000068,-34.78266999699997],[19.63472,-34.78083000099997],[19.641130003000058,-34.77751],[19.641480003000026,-34.76997000099993],[19.632190001000026,-34.755099997999935],[19.62577,-34.75309999899997],[19.615669999000033,-34.75757999799998],[19.611000002000026,-34.75744999799997],[19.60689,-34.754640000999984],[19.60615999600003,-34.75123000099995],[19.600259997000023,-34.750799997999934],[19.599110005000057,-34.74879999899997],[19.603690002000064,-34.74639000199994],[19.59989999800007,-34.747559998999975],[19.596089998000025,-34.7468],[19.599319999000045,-34.738590002999956],[19.59763,-34.73852999799993],[19.59879999700007,-34.73745],[19.59744000200004,-34.734380002999956],[19.593559999000036,-34.73582999699994],[19.59236,-34.73427999699993],[19.59454999600007,-34.73110000299994],[19.591619997000066,-34.72580999799993],[19.587310007000042,-34.72436000399995],[19.586190001000034,-34.728829996999934],[19.57321999900006,-34.728260003999935],[19.569019997000055,-34.72553999899998],[19.57264,-34.72304000199995],[19.57445000900003,-34.723859997999966],[19.57366,-34.72241000399998],[19.575449997000078,-34.72114000099998],[19.57317,-34.72114000099998],[19.57321999900006,-34.719879988999935],[19.566020003000062,-34.71971000299993],[19.566899996000075,-34.71784000499997],[19.562149998000052,-34.71371999699994],[19.55863000100004,-34.71272000099998],[19.556280009000034,-34.71392999899996],[19.55619000200005,-34.71215999799995],[19.55287000100003,-34.71312999899993],[19.55012000100004,-34.71215],[19.543939997000052,-34.702220000999944],[19.545579989000032,-34.697229997999955],[19.540070008000043,-34.69508000199994],[19.54132999600006,-34.69163999899996],[19.537220002000026,-34.692219997999985],[19.536740001000055,-34.69012000099997],[19.5301,-34.689720001999945],[19.529600002000052,-34.68488000299993],[19.53063,-34.68361999899997],[19.53262999900005,-34.68441],[19.532499999000038,-34.680749996999964],[19.5297,-34.67706999699993],[19.520480001000067,-34.671299998999984],[19.515070001000026,-34.66969000199998],[19.508330002000037,-34.67241999699996],[19.50223999800005,-34.670869996999954],[19.49730000200003,-34.671990009999945],[19.498609997000074,-34.66990000399994],[19.49470999700003,-34.67209],[19.493220002000044,-34.67111000099993],[19.496990002000075,-34.66762000699998],[19.49549999900006,-34.66676000299998],[19.49137,-34.668679991999966],[19.491890010000077,-34.667340001999946],[19.49038001100007,-34.66779999899995],[19.48893000100003,-34.66581998899994],[19.49099000500007,-34.6654],[19.488589998000066,-34.66363999799995],[19.478049997000028,-34.66301999799998],[19.47831999600004,-34.66473999899995],[19.475479997000036,-34.66569000399994],[19.474459997000054,-34.664659997999934],[19.476229998000065,-34.66301999799998],[19.47227,-34.66080000699998],[19.45032000300006,-34.65562999599996],[19.446250002000056,-34.65099000199996],[19.43925000200005,-34.63207000199998],[19.43611000100003,-34.62751000099996],[19.42158999800006,-34.61212999399993],[19.41164000300006,-34.60736999699998],[19.401410009000074,-34.606615000999966],[19.38735000400004,-34.61152],[19.38467,-34.61513000399998],[19.378320002000066,-34.61408999199995],[19.377409998000076,-34.612750001999984],[19.377650003000042,-34.61507000699993],[19.372070002000044,-34.61345000299997],[19.374539989000027,-34.615209997999955],[19.370040001000064,-34.61376000299998],[19.36720000200006,-34.61647000199997],[19.36344,-34.616579989999934],[19.361000001000036,-34.61498999699995],[19.356949996000026,-34.61560999699998],[19.353420001000075,-34.61874],[19.353380001000062,-34.62178000299997],[19.348010002000024,-34.62654999799997],[19.345310002000076,-34.62578999899995],[19.34021000200005,-34.62766999599995],[19.331469996000067,-34.62432999899994],[19.324099999000055,-34.62649000099998],[19.322320008000077,-34.62500999599996],[19.31953999800004,-34.62569000099995],[19.31931,-34.62397999799998],[19.316460002000042,-34.62304],[19.31306999800006,-34.62880999799995],[19.30935999600007,-34.628780003999964],[19.30597,-34.633260002999975],[19.303049999000052,-34.63207000199998],[19.301130010000065,-34.63438999899995],[19.298369996000076,-34.63264000299995],[19.295900002000053,-34.63428000299996],[19.29343,-34.63358999899998],[19.297530004000066,-34.63188000399998],[19.29512999700006,-34.63082999399995],[19.296690003000037,-34.629529995999974],[19.293139996000036,-34.62963000199994],[19.294710001000055,-34.63064000399993],[19.293780009000045,-34.63159],[19.291129999000077,-34.631620002999966],[19.291359998000075,-34.62995],[19.295580004000044,-34.62610999799995],[19.29511000100007,-34.62499],[19.298989996000046,-34.62455999799994],[19.300640010000052,-34.62273],[19.302929997000035,-34.61923],[19.30112000400004,-34.61874999799994],[19.301589999000043,-34.61686000399993],[19.308959996000056,-34.61369],[19.31100000400005,-34.61121999799997],[19.314910002000033,-34.61196999799995],[19.32144999700006,-34.60992000099998],[19.323380001000032,-34.611070008999945],[19.328240003000076,-34.60850999899998],[19.33436000300003,-34.59495999699993],[19.337579997000034,-34.59127],[19.33920000100005,-34.585320001999946],[19.339019993000022,-34.58800000599996],[19.344990003000078,-34.58639999899998],[19.345660002000045,-34.58493999799998],[19.34412000100002,-34.58391],[19.34628000300006,-34.58241999699993],[19.34243000200007,-34.57988],[19.34249999700006,-34.57793],[19.347019989000046,-34.57350999799996],[19.34765000300007,-34.57091000299994],[19.354329989000064,-34.565719995999984],[19.3513,-34.5661],[19.35263,-34.559729997999966],[19.354629999000053,-34.5583],[19.357750004000025,-34.558600001999935],[19.357609997000054,-34.55671999699996],[19.363650003000032,-34.55604],[19.36539,-34.55254999799996],[19.37264000400006,-34.548810000999936],[19.371039996000036,-34.547600003999946],[19.37812999600004,-34.545689996999954],[19.378870007000046,-34.542770003999976],[19.375339996000037,-34.53471000299993],[19.374560001000077,-34.52563000199996],[19.370809998000027,-34.51904],[19.371500001000072,-34.514820001999965],[19.36633999700007,-34.502050002999965],[19.357559998000056,-34.48517000299995],[19.341150001000074,-34.461330002999944],[19.31254999600003,-34.43138000199997],[19.28858000400004,-34.41459999899996],[19.282260001000054,-34.41314999699995],[19.279990002000034,-34.41119999699998],[19.278069997000046,-34.41199999699995],[19.275380003000066,-34.40905000099997],[19.270139997000058,-34.40999999799993],[19.267649998000024,-34.40891000299996],[19.26383,-34.41171000099996],[19.255029989000036,-34.414180002999956],[19.25377,-34.412860001999945],[19.252030002000026,-34.41357000099998],[19.249910001000046,-34.41654000099993],[19.245449998000026,-34.41836000099994],[19.243599996000057,-34.42080999799998],[19.244240001000037,-34.42287999299998],[19.242609999000024,-34.42357000399994],[19.23870000900007,-34.42165999699995],[19.236279998000043,-34.422920000999966],[19.23516999800006,-34.42608999699996],[19.232750003000035,-34.426500002999944],[19.23028000100004,-34.42980999699995],[19.22728999700007,-34.43006],[19.224920001000044,-34.43350000299995],[19.228280002000076,-34.43350000299995],[19.225689998000064,-34.43574999699996],[19.218480003000025,-34.43812000099996],[19.20754000200003,-34.43675],[19.205839997000055,-34.435079997999935],[19.20339,-34.43560999799996],[19.203790007000066,-34.42833000099995],[19.193580003000022,-34.429549995999935],[19.18969000100003,-34.426699998999936],[19.189150003000066,-34.42371000299994],[19.183120003000056,-34.42195999899997],[19.181570003000047,-34.41991000099995],[19.17239000400002,-34.42047000399998],[19.17237,-34.41708],[19.170620004000057,-34.41606],[19.164060004000078,-34.41883000399997],[19.15987000100006,-34.418549997999946],[19.154799996000065,-34.42208999899998],[19.147150001000057,-34.42146999899995],[19.14223000100003,-34.423630000999935],[19.139769998000077,-34.420419996999954],[19.134910011000045,-34.420099997999955],[19.13549000200004,-34.418279998999935],[19.125170001000072,-34.41804000199994],[19.123210003000054,-34.41547000199995],[19.120629997000037,-34.41589999699994],[19.12299000300004,-34.412680001999945],[19.11764000100004,-34.409149998999965],[19.11862,-34.40533000099998],[19.117429999000024,-34.404689996999934],[19.125190006000025,-34.39979999899998],[19.124299999000073,-34.39478000199995],[19.11813999900005,-34.386339996999936],[19.10258999800004,-34.37213001099997],[19.09030000100006,-34.36310999899996],[19.069070002000046,-34.351189998999985],[19.04240999900003,-34.34107000199998],[19.03724000400007,-34.34184999799993],[19.03487,-34.346459996999954],[19.03403,-34.34485],[19.03049999700005,-34.344549997999934],[19.01939000300007,-34.34546000199998],[19.015280001000065,-34.34746999899994],[19.01254,-34.34709000399994],[19.012870004000035,-34.34597999599998],[19.00456,-34.346319998999945],[18.998700002000078,-34.34364000199997],[18.986640003000048,-34.34879999899994],[18.98551999800003,-34.35145999899993],[18.979619999000022,-34.35398],[18.976169998000046,-34.359460001999935],[18.97066999900005,-34.35938000099998],[18.96671000200007,-34.3608],[18.96796,-34.36232999599997],[18.965449997000064,-34.36297000099995],[18.951110002000064,-34.360660001999975],[18.94997999800006,-34.35873999599994],[18.94399,-34.35890000699993],[18.934519997000052,-34.35579999899994],[18.93184000100007,-34.358679998999946],[18.927450002000057,-34.35795999299995],[18.924130001000037,-34.35935999599997],[18.920419999000046,-34.35704999699993],[18.911289999000076,-34.357680003999974],[18.90561000100007,-34.36028999699994],[18.905809997000063,-34.36327000999995],[18.901250004000076,-34.365509997999936],[18.901030003000074,-34.36877999199993],[18.89653,-34.36785],[18.89413999900006,-34.37189999599997],[18.897230001000025,-34.37435000199997],[18.892899999000065,-34.37604000099998],[18.888140003000046,-34.372639998999944],[18.88490000400003,-34.372639998999944],[18.88501,-34.374659993999956],[18.87441000900003,-34.369130000999974],[18.86445,-34.371499996999944],[18.861439999000027,-34.375119998999935],[18.85883999600003,-34.37471999899998],[18.85660000100006,-34.377600006999955],[18.85807999800005,-34.378550003999976],[18.857120003000034,-34.38112000399997],[18.86192999900004,-34.38698000199997],[18.86191000200006,-34.38895000599996],[18.85625,-34.38850999799996],[18.855040002000067,-34.39124000099997],[18.852470002000075,-34.38846999699996],[18.855109998000046,-34.38362000099994],[18.84983999700006,-34.383859996999945],[18.84845,-34.380950009999935],[18.843260001000033,-34.37799999899994],[18.840150003000076,-34.37971000199997],[18.835370002000047,-34.37835],[18.83396,-34.38035999699997],[18.832050001000027,-34.38040999599997],[18.831709998000065,-34.38193000199993],[18.83706999900005,-34.38644000299996],[18.836059997000064,-34.3881],[18.82603,-34.388050000999954],[18.826630004000037,-34.38375000099995],[18.822859996000034,-34.383539998999936],[18.821760003000065,-34.38112000399997],[18.82647,-34.38056999899993],[18.827139999000053,-34.37576000399997],[18.82508000300004,-34.37334],[18.818980001000057,-34.37311000999995],[18.81973000100004,-34.37058000299993],[18.817030001000035,-34.36843999699994],[18.81890999700005,-34.36625000799995],[18.81513,-34.36427999599994],[18.815980006000075,-34.358410007999964],[18.817799998000055,-34.357340000999955],[18.809540001000073,-34.348669997999934],[18.811840002000054,-34.346660000999975],[18.81690999800003,-34.34776000299996],[18.82208999900007,-34.34546000199998],[18.82578000500007,-34.346499997999956],[18.82900999800006,-34.34555000199998],[18.831770004000077,-34.33891],[18.824770003000026,-34.33687999899996],[18.82031999900005,-34.33106000199996],[18.82147999700004,-34.325290002999964],[18.818440002000045,-34.32396000299997],[18.818440002000045,-34.32029000199998],[18.81556000200004,-34.31794000199994],[18.817160001000047,-34.316640004999954],[18.81589999700003,-34.314790002999985],[18.818369999000026,-34.314199997999935],[18.81911000100007,-34.311309998999945],[18.815430002000028,-34.31095],[18.813480002000063,-34.31254999899994],[18.810590003000073,-34.30922999899997],[18.81496999700005,-34.30585000099995],[18.812680002000036,-34.304709998999954],[18.81455999900004,-34.30433000299996],[18.812450004000027,-34.302769996999984],[18.8134,-34.300180000999944],[18.811909997000043,-34.298769998999944],[18.813480002000063,-34.295989996999936],[18.815229998000063,-34.297650000999965],[18.81926999600006,-34.29767999599994],[18.82100000400004,-34.300130001999946],[18.822700001000044,-34.29903],[18.820049999000048,-34.291170002999934],[18.82389000200004,-34.287160006999954],[18.823720001000027,-34.284520003999944],[18.82867000300007,-34.27626999699993],[18.83050999900007,-34.27436999599996],[18.842709997000043,-34.271200000999954],[18.851029998000058,-34.26594999699995],[18.855930002000036,-34.252350003999936],[18.853949999000065,-34.24895000199996],[18.854810004000058,-34.24621],[18.85248000100006,-34.24448000099994],[18.852769996000063,-34.238100000999964],[18.840460003000032,-34.22520000099996],[18.833150002000025,-34.22091999799994],[18.83453999900007,-34.219210002999944],[18.830259996000052,-34.21714000099996],[18.83374,-34.21169999899996],[18.831690002000073,-34.21024999699995],[18.829939998000043,-34.204839996999965],[18.828169998000078,-34.20464000099997],[18.81996,-34.19555000199995],[18.821060001000035,-34.19374999899998],[18.818620002000046,-34.19423999899993],[18.818350010000074,-34.18999999599998],[18.821439997000027,-34.183150000999944],[18.830850002000034,-34.176159998999935],[18.83827999600004,-34.17212],[18.858659997000075,-34.166030003999936],[18.857870003000073,-34.16295999799996],[18.859180007000077,-34.16511000199995],[18.86027000200005,-34.16402999699994],[18.85842,-34.16339999899998],[18.86350000300007,-34.16321999899998],[18.868040007000047,-34.16064000099993],[18.86809999700006,-34.15905],[18.865950001000044,-34.155310002999954],[18.86266000300003,-34.154759998999964],[18.859690003000026,-34.15172000299998],[18.85821999600006,-34.15258],[18.856540004000067,-34.152000000999976],[18.858279994000043,-34.15227999799998],[18.859560002000023,-34.15026000299997],[18.85594,-34.14860999699994],[18.857199997000066,-34.15085999899998],[18.855570003000025,-34.152000000999976],[18.854969999000048,-34.14840000299995],[18.84748999800007,-34.141670001999955],[18.8391,-34.13073999899996],[18.831499996000048,-34.124459996999974],[18.830410001000075,-34.120819997999945],[18.823220003000074,-34.11590999699996],[18.82109000400004,-34.10959000199995],[18.812950001000047,-34.100150001999964],[18.773449997000057,-34.08301999899993],[18.74100999700005,-34.07566999699998],[18.714180001000045,-34.07292999599997],[18.69465999700003,-34.07211],[18.689259996000033,-34.07255000099997],[18.68862,-34.07410000099998],[18.690330003000042,-34.074169995999966],[18.686140007000063,-34.07477999799994],[18.662179997000067,-34.07265999699996],[18.646859995000057,-34.07278999699997],[18.63079,-34.07328999499998],[18.62144,-34.075590003999935],[18.61188999600006,-34.075309997999966],[18.588460002000033,-34.07937000099997],[18.553640001000076,-34.08886],[18.53760999900004,-34.090249996999944],[18.50307000300006,-34.09733999699995],[18.480369997000025,-34.10446],[18.46842999300003,-34.109529995999935],[18.466579999000032,-34.11366000299995],[18.44952999700007,-34.126849997999955],[18.450830002000032,-34.128169998999965],[18.448589998000045,-34.12757000299996],[18.44818999900002,-34.129149997999946],[18.451370001000043,-34.12839999799996],[18.447539996000046,-34.132360002999974],[18.439819998000075,-34.13202999799995],[18.43772000100006,-34.13318999699993],[18.432109998000044,-34.141169995999974],[18.437530003000063,-34.14414000399995],[18.439980001000038,-34.149979997999935],[18.43529,-34.15786999699998],[18.432970002000047,-34.15819000299996],[18.431160001000023,-34.160609997999984],[18.433219997000037,-34.16601999799997],[18.426079998000034,-34.178090002999966],[18.42585,-34.186840006999944],[18.42842,-34.19149999799998],[18.432589999000072,-34.19281999899994],[18.43498,-34.190840004999984],[18.433659998000053,-34.18816000099997],[18.436539998000057,-34.18635000699993],[18.434030003000032,-34.188309997999966],[18.435159999000064,-34.19082],[18.436510003000024,-34.18957000199998],[18.435249999000064,-34.19086999899997],[18.437850009000044,-34.19087998999993],[18.436799999000073,-34.189409990999934],[18.43817,-34.18856],[18.43999999700003,-34.19122999799998],[18.442900002000044,-34.190569997999944],[18.44207,-34.18782999599995],[18.4395,-34.18819000299993],[18.440550002000066,-34.18730000399995],[18.437609997000038,-34.186150002999966],[18.43778999600005,-34.18475],[18.44229,-34.18762000199996],[18.44645999900007,-34.19417000399994],[18.45057999900007,-34.19529000099993],[18.451890003000074,-34.198095002999935],[18.45408999800003,-34.19786000099998],[18.457369997000058,-34.20208],[18.458079997000027,-34.20597000099997],[18.46226000200005,-34.20983999899994],[18.4675,-34.225240001999964],[18.472060001000045,-34.230110002999936],[18.475430001000063,-34.23044999799998],[18.477100003000032,-34.23252999799996],[18.475139997000042,-34.23304000199994],[18.47486999800003,-34.23571999799998],[18.475659999000072,-34.23832999899997],[18.478130001000068,-34.239370002999976],[18.474789996000027,-34.24173000099995],[18.47619,-34.25373000299993],[18.477569998000035,-34.25468999699996],[18.472670003000076,-34.259999998999945],[18.470100003000027,-34.26056000199998],[18.46671999700004,-34.265639988999965],[18.46791200100006,-34.270937996999976],[18.474660004000043,-34.27541999899995],[18.47499,-34.27824000199996],[18.466340002000038,-34.29277000199994],[18.467209997000054,-34.29798000599993],[18.46378999800004,-34.30293],[18.463100003000022,-34.30828000199995],[18.460689998000078,-34.31051999799996],[18.465140002000055,-34.315569997999944],[18.461160001000053,-34.31702],[18.460699996000073,-34.31919999899998],[18.461539997000045,-34.32145000099996],[18.465320002000055,-34.32367],[18.46755999800007,-34.32805999899995],[18.467479996000066,-34.33241999599994],[18.47176999800007,-34.34037000099994],[18.475560001000076,-34.341489998999975],[18.48273000300003,-34.34760999799994],[18.487589997000043,-34.34778999699995],[18.48917,-34.34938999599996],[18.488060001000065,-34.349689997999974],[18.495900001000052,-34.35419000199994],[18.49812999900007,-34.35715000299996],[18.481519997000078,-34.35401000199994],[18.479450003000068,-34.35671000299993],[18.47209000400005,-34.35826000299994],[18.472540003000063,-34.35455000099995],[18.466399999000032,-34.34785000199997],[18.459219999000027,-34.34436],[18.45961999900004,-34.34176999599998],[18.45698000400006,-34.33839998899998],[18.44889999800006,-34.33631999599993],[18.44354999600006,-34.33740999899993],[18.432080003000067,-34.33167000299994],[18.428280001000076,-34.33124000099997],[18.42110000100007,-34.32610000099993],[18.421339998000064,-34.32334499899997],[18.41504999800003,-34.32110999799994],[18.416419998000038,-34.318070010999975],[18.41478999700007,-34.31665000299995],[18.40821999900004,-34.31405000099994],[18.405990001000077,-34.31105999599998],[18.40059,-34.30843999699994],[18.40399999300007,-34.306749998999976],[18.404880002000027,-34.303409993999935],[18.39681000300004,-34.288430001999984],[18.39233000400003,-34.286000000999934],[18.388809991000073,-34.27660000199995],[18.383740002000025,-34.27568999799996],[18.379459991000033,-34.27297999899997],[18.379519996000056,-34.27063999799998],[18.384259997000072,-34.26698000299996],[18.38033000200005,-34.26154999899995],[18.38021999800003,-34.25910000099998],[18.382760003000044,-34.25627999799997],[18.378250002000073,-34.25317999799995],[18.38109999900007,-34.25171999799994],[18.38021999800003,-34.24647000099998],[18.376520002000063,-34.24005999899998],[18.37866,-34.23030999899993],[18.370419999000035,-34.21036000099997],[18.36952000200006,-34.20349000099998],[18.37245000100006,-34.20096000199993],[18.370440011000028,-34.195939995999936],[18.36284,-34.184369996999976],[18.352569998000035,-34.17685000299997],[18.34631999800007,-34.17654000199997],[18.343420002000073,-34.17968000399998],[18.337960003000035,-34.17685000299997],[18.327600002000054,-34.15846000299996],[18.323070004000044,-34.15635],[18.318830001000038,-34.14838999699998],[18.318619999000077,-34.14508000199993],[18.323470003000068,-34.14177999799995],[18.320590003000063,-34.141010000999984],[18.322699998000076,-34.13813000899995],[18.332259993000037,-34.13614999799995],[18.339110004000077,-34.12732999899998],[18.34626999900007,-34.130110000999935],[18.35114999800004,-34.125779998999974],[18.35741000400003,-34.10618999899998],[18.356000003000077,-34.098139996999976],[18.352760011000044,-34.09605999599995],[18.34972,-34.09076000099998],[18.35521999900004,-34.08716000299995],[18.35318,-34.08540999899998],[18.355289995000078,-34.08311999599994],[18.355229998000027,-34.07675999299994],[18.363949999000056,-34.07268999899998],[18.36878999700002,-34.06285],[18.36248000100005,-34.055189998999936],[18.361999999000034,-34.049129996999966],[18.35734000100007,-34.04574999899995],[18.349329999000076,-34.04636000099998],[18.34941999800003,-34.05093],[18.348759998000048,-34.04778000099998],[18.345100002000038,-34.051590000999965],[18.34808,-34.05425000099996],[18.350370003000023,-34.05140000299997],[18.348200003000045,-34.05554999799995],[18.340280001000053,-34.061590002999935],[18.330040001000043,-34.057419995999965],[18.32885,-34.05824999799995],[18.32951999900007,-34.056349996999984],[18.32495,-34.05359],[18.323859997000056,-34.04862999899996],[18.320129998000027,-34.045849988999976],[18.31063000200004,-34.04329000299998],[18.307220001000076,-34.03950999799997],[18.30851,-34.03758000199997],[18.313870001000055,-34.036200002999976],[18.317450002000044,-34.030170003999956],[18.310760002000052,-34.02770000199996],[18.32229,-34.02718],[18.33216000300007,-34.02320999699998],[18.331150001000026,-34.01978],[18.33341000100006,-34.01859999699997],[18.335639998000033,-34.01365000199996],[18.334269998000025,-34.01158],[18.341439999000045,-34.00875999699997],[18.341229997000028,-34.005699997999955],[18.33899000100007,-34.00454999699997],[18.34179,-34.00533999899994],[18.34294,-34.00413999899996],[18.341830001000062,-34.00140999599995],[18.34466000200007,-33.99749999799997],[18.34425000400006,-33.99173],[18.348189997000077,-33.98880999099998],[18.34857,-33.98685999899993],[18.35362999800003,-33.987100003999956],[18.35486,-33.984800002999975],[18.3569,-33.98473999799995],[18.35956,-33.98143000299996],[18.361700005000046,-33.98216999799996],[18.363339997000026,-33.97905000099996],[18.365220002000058,-33.97896000099996],[18.370940001000065,-33.97405],[18.370720001000052,-33.96859000199993],[18.37312,-33.96625],[18.37247999500005,-33.959579995999945],[18.377270002000046,-33.958419997999954],[18.374440009000068,-33.95300999799997],[18.37582,-33.95387000299996],[18.378749999000036,-33.94926000299995],[18.377840004000063,-33.946419995999975],[18.372279999000057,-33.94439000299997],[18.371580006000045,-33.942050000999984],[18.372130002000063,-33.94077999799998],[18.375469999000074,-33.94086999799998],[18.37768999900004,-33.937539998999966],[18.377609997000036,-33.93368],[18.37487000400006,-33.92921999699996],[18.378370004000033,-33.92659999799997],[18.377310003000048,-33.92210000299997],[18.38541101000004,-33.91796800199995],[18.389649999000028,-33.91010999899993],[18.397960003000037,-33.90637000299995],[18.398469999000042,-33.900549996999985],[18.412079998000024,-33.898800000999984],[18.415150004000054,-33.899140003999946],[18.41236000300006,-33.90009],[18.414419999000074,-33.90084000099995],[18.41471000300004,-33.89966999599994],[18.418589999000062,-33.90252000199996],[18.43450999600003,-33.89760000199993],[18.42616,-33.90061000299994],[18.426760004000073,-33.902870002999975],[18.42492,-33.90138],[18.423140001000036,-33.90291000299993],[18.424420002000033,-33.904240002999984],[18.422910003000027,-33.90305000199993],[18.421479997000063,-33.90416000199997],[18.422730003000026,-33.90536999899996],[18.421140002000072,-33.90420000199998],[18.420570001000044,-33.905790002999936],[18.421959998000034,-33.90616000099993],[18.417410004000033,-33.908789997999975],[18.4208,-33.90972999599995],[18.41907,-33.90868000199998],[18.42017000900006,-33.90776],[18.42196999600003,-33.90883999699997],[18.421229994000043,-33.90683999799995],[18.42492,-33.90568999699997],[18.423999998000056,-33.908270003999974],[18.42871000400004,-33.90452000099998],[18.427629999000033,-33.90315999799998],[18.430689998000048,-33.90371999299998],[18.43408000200003,-33.905289997999944],[18.432289997000055,-33.905930001999934],[18.43355000200006,-33.907220000999985],[18.430599998000048,-33.90568999699997],[18.42558000100007,-33.90969000299998],[18.440060002000052,-33.920380008999985],[18.442119999000056,-33.91887000999998],[18.438529999000025,-33.91598000399995],[18.442739999000025,-33.91860000299994],[18.442280002000075,-33.92053998899996],[18.44592,-33.9203],[18.44357000100007,-33.91834000199998],[18.44472999900006,-33.91746],[18.440140004000057,-33.914010006999945],[18.444670002000066,-33.917310003999944],[18.446310002000075,-33.91552000699994],[18.435060001000068,-33.90857999599996],[18.43693,-33.90892999699997],[18.43737,-33.906789998999955],[18.437100001000033,-33.90876000299994],[18.448229999000034,-33.916189997999936],[18.449160007000046,-33.917349995999984],[18.447179997000035,-33.91741000199994],[18.45005999700004,-33.91959],[18.449450003000038,-33.91759999899995],[18.451519997000048,-33.91830000099998],[18.449860001000047,-33.91684],[18.451509999000052,-33.91807000199998],[18.454990003000034,-33.915460001999975],[18.444739998000045,-33.90709000099997],[18.445969999000056,-33.90557000299998],[18.440420001000064,-33.90437000399993],[18.43887999900005,-33.90559999799996],[18.440320003000068,-33.90426999799996],[18.43895000300006,-33.90300000299993],[18.44564000300005,-33.90520999599994],[18.454690001000074,-33.91223999899995],[18.465939994000053,-33.91201000799998],[18.47086000200005,-33.907840000999954],[18.473244002000058,-33.907592998999974],[18.482560009000053,-33.89115999699993],[18.48459000300005,-33.890190003999976],[18.489380002000075,-33.87027],[18.488699997000026,-33.851910002999944],[18.47949000400007,-33.82813999799998],[18.466579999000032,-33.80770999899994],[18.457539999000062,-33.800179997999976],[18.458689999000057,-33.79723000299998],[18.445969999000056,-33.77201000399998],[18.442060001000073,-33.75785999899995],[18.44148000200005,-33.74713],[18.435500002000026,-33.736009998999975],[18.435243998000033,-33.73164400199994],[18.441810006000026,-33.726110002999974],[18.444249998000032,-33.71917],[18.44434000600006,-33.71361000299993],[18.437959998000053,-33.69256000399997],[18.43090999800006,-33.680610000999934],[18.431910002000052,-33.67964],[18.43080000200007,-33.68044999799997],[18.430609997000033,-33.67854999699995],[18.42155,-33.677280001999975],[18.430580002000056,-33.67849],[18.42833999800007,-33.67401000099994],[18.42337999800003,-33.67648000299994],[18.428150001000063,-33.67408999399993],[18.42656,-33.66940000099993],[18.420239997000067,-33.65760000299997],[18.39555999600003,-33.62336000099998],[18.391540002000056,-33.62120999699994],[18.385650002000034,-33.62138999699994],[18.38361000200007,-33.61890999599996],[18.377209997000023,-33.61850999699993],[18.37161,-33.61104999899993],[18.37365999800005,-33.60733999699994],[18.36789,-33.59957999799997],[18.356689998000036,-33.59859999899993],[18.359169998000027,-33.597650002999956],[18.36185000200004,-33.593080003999944],[18.358779997000056,-33.59128000099997],[18.36106999900005,-33.59016000299994],[18.36100000400006,-33.58843000299993],[18.35502000300005,-33.57856000099997],[18.345219997000072,-33.5713],[18.3417,-33.570630000999984],[18.340869998000073,-33.57249000099995],[18.33577999700003,-33.569080000999975],[18.33230000100008,-33.56936999599998],[18.33088000200007,-33.57193999599997],[18.32595000400005,-33.570220002999974],[18.324599999000043,-33.57524999899994],[18.31968,-33.57453000099997],[18.317620004000048,-33.57124000299996],[18.31078999700003,-33.56873],[18.309059997000077,-33.56465999899996],[18.307614998000076,-33.56510999699998],[18.312170004000052,-33.56226],[18.308869999000024,-33.55468999899995],[18.30983000200007,-33.54769999699994],[18.31320000200003,-33.545890002999954],[18.311910002000047,-33.540919996999946],[18.318219999000064,-33.54014000099994],[18.31484000100005,-33.531270002999975],[18.31710000100003,-33.528809998999975],[18.318290003000072,-33.52263000299996],[18.32007999900003,-33.52121999299993],[18.321790003000046,-33.521819996999966],[18.32225,-33.519570002999956],[18.324460001000034,-33.51976999899995],[18.32536000600004,-33.517019998999956],[18.320860003000064,-33.514220000999956],[18.32219000300006,-33.51555000099995],[18.321090001000073,-33.51574999699994],[18.3191,-33.51108],[18.312459999000055,-33.50683999699993],[18.315060002000052,-33.50428000299996],[18.31359000300006,-33.50071],[18.315420001000064,-33.50013999899994],[18.31648000100006,-33.4973],[18.31569,-33.49611999699994],[18.31222000200006,-33.49759000299997],[18.31016998900003,-33.49633999699995],[18.31179,-33.49391000399993],[18.30718999100003,-33.48796999599995],[18.307260002000078,-33.48129000199998],[18.30455000300003,-33.48157],[18.29458000300008,-33.46728000299993],[18.274399999000025,-33.445239998999966],[18.238760009000032,-33.413400002999936],[18.212269999000057,-33.39454],[18.183850002000042,-33.37854999899997],[18.172479999000075,-33.373660008999934],[18.166039994000073,-33.36861000099998],[18.16280000300003,-33.36873000399993],[18.162559998000063,-33.36610999699997],[18.158600001000025,-33.36432999799996],[18.15352999600003,-33.356169998999974],[18.15120999900006,-33.35417999799995],[18.146900001000063,-33.35475],[18.148549999000068,-33.35364998999995],[18.14580999800006,-33.34939999699998],[18.14757,-33.34624],[18.153360003000046,-33.347020002999955],[18.15661,-33.34385999799997],[18.16016000700006,-33.34300000099995],[18.15994999700007,-33.33160000299995],[18.15740000200003,-33.323410001999946],[18.13246,-33.27648000199997],[18.106490001000054,-33.24069999799997],[18.084290001000056,-33.21588999699998],[18.060710002000064,-33.19259000399995],[18.03476999700007,-33.17050999799994],[18.02239,-33.16261],[18.015439999000023,-33.155459994999944],[18.004979999000057,-33.14804999699993],[17.998999999000034,-33.14921000299995],[17.997820012000034,-33.14577],[17.99085999700003,-33.14503999599998],[17.985659999000063,-33.14240999899994],[17.97722000300007,-33.14227999899998],[17.97458,-33.139020002999985],[17.970220003000065,-33.13699000199995],[17.970429997000053,-33.13147999599994],[17.97418,-33.13110999899993],[17.97493,-33.128120002999935],[17.976510003000044,-33.128030002999935],[17.972769998000047,-33.11795999699996],[17.966370002000076,-33.11338],[17.96186,-33.11386000099998],[17.96014999700003,-33.11178999899994],[17.955149996000046,-33.11054999899994],[17.951920003000055,-33.10585999799997],[17.954840003000072,-33.10296000099993],[17.958279998000023,-33.10224000299996],[17.956559997000056,-33.09871999899997],[17.958250004000035,-33.09574999899996],[17.960430002000066,-33.09570999799996],[17.966270004000023,-33.09950000199996],[17.97068999800007,-33.09698999099993],[17.970400002000076,-33.095015],[17.97480999800007,-33.09645000099994],[17.978529999000045,-33.092490003999956],[17.979809999000054,-33.08423999699994],[17.97808999800003,-33.08147000099996],[17.975620004000064,-33.081770002999974],[17.973370002000024,-33.07541999699998],[17.976369997000063,-33.07218999699995],[17.972159997000063,-33.06787],[17.97878999200003,-33.06653000199998],[17.98673999600004,-33.06970999599997],[17.988560004000078,-33.06915000099997],[17.990160003000028,-33.07149000299995],[17.995149998000045,-33.07004000099994],[17.99670999600005,-33.07217999799997],[17.99474999800003,-33.074709997999946],[17.99515999600004,-33.07729000399996],[18.004660001000047,-33.07867000299996],[18.00453999900003,-33.08079000399994],[18.001690001000043,-33.08139999799994],[18.004390002000036,-33.08790999799993],[17.997539998000036,-33.08790999799993],[17.99062,-33.09002000199996],[17.98509999600003,-33.08952001199998],[17.98199999600007,-33.09268000099996],[17.98196000300004,-33.09504999699993],[17.991050002000065,-33.09246000899998],[18.000700004000066,-33.09397000799993],[18.00474000300005,-33.09268000099996],[18.01344,-33.09582000199998],[18.010089997000023,-33.100939997999944],[18.013399999000058,-33.10665999699995],[18.014450002000046,-33.11236],[18.013470002000076,-33.12116000399993],[18.015990011000042,-33.12298000299995],[18.02638999800007,-33.12525999899998],[18.03068999800007,-33.12827999799998],[18.030930002000048,-33.13142999699994],[18.02332,-33.141249992999974],[18.02496,-33.14466999899997],[18.03174,-33.14722000299997],[18.040569998000024,-33.15322999799997],[18.050030002000028,-33.154339996999965],[18.048490008000044,-33.15759000299994],[18.049379999000053,-33.16138999699996],[18.059110003000058,-33.16771999799994],[18.06471,-33.17584000399995],[18.06896,-33.177130002999945],[18.072850002000052,-33.18082000099997],[18.08066,-33.18228999899998],[18.09039000300004,-33.19013999799995],[18.091439998000055,-33.194020000999956],[18.08934000100004,-33.19614000299998],[18.089740001000052,-33.19876000199997],[18.09479999900003,-33.20392999599994],[18.09872000400003,-33.20462000799995],[18.10787,-33.20212000299995],[18.108160003000023,-33.19997999799995],[18.118720001000042,-33.19606000099998],[18.122999996000033,-33.19221],[18.12549000300004,-33.18676999799993],[18.123919998000076,-33.18045001099995],[18.117510003000064,-33.17965000399994],[18.111489994000067,-33.18069],[18.110250002000043,-33.17971000099993],[18.10675000200007,-33.182869998999934],[18.11106,-33.18410999899993],[18.11177,-33.18546999299997],[18.11004,-33.18534999899998],[18.105969999000024,-33.184230000999946],[18.10236000200007,-33.18094001099996],[18.105720004000034,-33.17903000399997],[18.102479997000046,-33.17915999599995],[18.10255999800006,-33.17688999799998],[18.093969997000045,-33.17679999799998],[18.084699999000065,-33.17380000399993],[18.08141000100005,-33.16792000199996],[18.082719996000037,-33.16549999799997],[18.086980003000065,-33.165019996999945],[18.08882999700006,-33.16687999699997],[18.088710003000074,-33.17002999699997],[18.089600002000054,-33.16714999699997],[18.095090003000053,-33.16900999699993],[18.09617,-33.16819000099997],[18.093079998000064,-33.165930000999936],[18.094579999000075,-33.16451000099994],[18.09150000300002,-33.16541999699996],[18.089569999000048,-33.16413999599996],[18.09462,-33.15458000199993],[18.096060004000037,-33.15342001099998],[18.097429996000074,-33.15454999899998],[18.09782999600003,-33.15317000099998],[18.09608,-33.152039996999974],[18.094759999000075,-33.15326999799993],[18.09329,-33.15135000099997],[18.090530002000037,-33.14305001099996],[18.06054000100005,-33.129370008999956],[18.057019988000036,-33.12271000399994],[18.05168999800003,-33.12077000199997],[18.047990002000063,-33.11489],[18.039180009000063,-33.11121],[18.03222000100004,-33.10519999699994],[18.03231000100004,-33.10258999599995],[18.028990001000068,-33.09795000199995],[18.030429997000056,-33.08948001099998],[18.027909996000062,-33.08427999799994],[18.040389998000023,-33.06859999699998],[18.04252999600004,-33.05843999899997],[18.041109996000046,-33.05415999599995],[18.04282,-33.05041000099993],[18.04112000300006,-33.04626999599998],[18.035959998000067,-33.04399999799995],[18.03762000200004,-33.04102],[18.03697,-33.03806998899995],[18.0301,-33.023860001999935],[18.019280002000073,-33.01355999799995],[18.01047,-33.008610002999944],[18.008470001000035,-33.00779999699995],[18.004530001000035,-33.009699997999974],[17.997449991000053,-33.00783],[17.994699999000034,-33.00889999899994],[17.983489999000028,-33.03221999699997],[17.985229997000033,-33.025450002999946],[17.991800003000037,-33.01301999899994],[17.990019996000058,-33.01266],[17.99643999700004,-32.999909997999964],[17.988440001000072,-32.99604999899998],[17.968180003000043,-32.99621000199994],[17.95444000400005,-32.99991999599996],[17.94763000100005,-33.004280000999984],[17.946089999000037,-33.007079998999984],[17.951099999000064,-33.01075999899996],[17.94936000100006,-33.01274000199993],[17.9495,-33.01687],[17.947119997000073,-33.01749],[17.947999998000057,-33.02112000099993],[17.95549999600007,-33.02400000099993],[17.959039997000048,-33.02694999599993],[17.963850001000026,-33.02373000099993],[17.96487999900006,-33.02940000199993],[17.97302999900006,-33.03520000299994],[17.97376000400004,-33.03919000199994],[17.97077999800007,-33.04483999799993],[17.968220004000045,-33.04528999699994],[17.96429000100005,-33.04248],[17.965239998000072,-33.041590000999975],[17.968119998000077,-33.04257999799995],[17.970519997000054,-33.040949996999984],[17.97146000300006,-33.037510001999976],[17.96871000300007,-33.033830001999945],[17.96075999900006,-33.029300003999936],[17.95733000200005,-33.02869000199996],[17.95623000100005,-33.029890000999956],[17.95282,-33.026520001999984],[17.94685998800003,-33.025500001999944],[17.937830002000055,-33.02702999799993],[17.934529990000044,-33.0295],[17.93359,-33.03232000299994],[17.936760004000064,-33.03405000199996],[17.93855,-33.03803000399995],[17.925579998000046,-33.04176000199993],[17.910620003000076,-33.051950002999945],[17.909049998000057,-33.04862000399993],[17.90337,-33.046760003999964],[17.903840003000028,-33.043710001999955],[17.90155,-33.03996999799995],[17.895150004000072,-33.04168999899997],[17.89326999900004,-33.040769996999984],[17.89707000100003,-33.03594999499995],[17.88932,-33.026820003999944],[17.892410002000076,-33.02630000099998],[17.896570003000022,-33.02917000299993],[17.89985000300004,-33.02737],[17.90332999900005,-33.021380001999944],[17.90319,-33.01501],[17.897990003000075,-33.00645999899996],[17.889379998000038,-33.00176],[17.884130001000074,-33.00162999899993],[17.88153999700006,-33.00628],[17.878259997000043,-33.00597],[17.876410003000046,-33.00407999699996],[17.87727,-33.00132999799996],[17.872330004000048,-32.99977999699996],[17.87412000100005,-32.99547999799995],[17.87149001100005,-32.992760000999965],[17.87226,-32.990710010999976],[17.87616,-32.98944],[17.87669999900004,-32.984110001999966],[17.88630000200004,-32.97852000399996],[17.878680001000077,-32.97626000399998],[17.884400001000074,-32.97575],[17.88352999800003,-32.97256999799998],[17.885649999000066,-32.972140002999936],[17.88519000200006,-32.96701000199994],[17.887569996000025,-32.96516],[17.886489999000048,-32.96405],[17.88126999800005,-32.96507],[17.881399998000063,-32.96388999699997],[17.883850004000067,-32.963900002999935],[17.884040002000063,-32.95979000099993],[17.881579998000063,-32.95709000099998],[17.87887999700007,-32.95722000099994],[17.8782,-32.955519995999964],[17.88246998900007,-32.95441000399995],[17.886539998000046,-32.947870000999956],[17.88414,-32.93016999699995],[17.878779999000074,-32.91898999899996],[17.87136900400003,-32.91621899799998],[17.870449999000073,-32.91233000099993],[17.86774,-32.91184000199996],[17.86668,-32.910039998999935],[17.86295000100006,-32.91195999599995],[17.858750007000026,-32.91093999599997],[17.85923000100007,-32.906939998999974],[17.85669000300004,-32.90525999799996],[17.861340004000056,-32.90319000399995],[17.863319998000065,-32.90157],[17.863,-32.899289995999936],[17.865809997000042,-32.898969997999984],[17.86627000200002,-32.89699000299993],[17.86839000300006,-32.89617999699993],[17.86796000100003,-32.89404999799996],[17.863189998000053,-32.89289999699997],[17.863120010000046,-32.89178999799998],[17.866010001000063,-32.89118000399998],[17.86414001000003,-32.88840000199997],[17.868329998000036,-32.88593],[17.873660004000044,-32.88686999799995],[17.87624000200003,-32.88521000199995],[17.878119998000045,-32.88574000199998],[17.88168000400003,-32.882079998999984],[17.88467,-32.87348999799997],[17.88356,-32.86856],[17.880400003000034,-32.868150001999936],[17.880580002000045,-32.86603999899995],[17.88285,-32.86523000099993],[17.882879995000053,-32.86253999099995],[17.879849998000054,-32.85981000299995],[17.880580002000045,-32.85385999799996],[17.878500002000067,-32.85021999899993],[17.873450009000067,-32.849169995999944],[17.875019998000027,-32.84720999799998],[17.87257,-32.84538999899996],[17.8704,-32.84569000099998],[17.866299996000066,-32.84202999699994],[17.860070001000054,-32.843860002999975],[17.85888,-32.84273999699997],[17.861730005000027,-32.83981999599996],[17.859220003000075,-32.838829998999984],[17.85705000200005,-32.84014000299993],[17.85842000300005,-32.83896],[17.8564,-32.83909999799994],[17.856970001000036,-32.83670999799995],[17.855259998000065,-32.837400000999935],[17.855479998000078,-32.83433001099996],[17.854279998000038,-32.835119996999936],[17.85320000100006,-32.83378999699994],[17.849409998000056,-32.83358000299995],[17.84741999700003,-32.83125999799995],[17.848299998000073,-32.82792000099994],[17.845249997000053,-32.829039998999974],[17.844860003000065,-32.82704],[17.84612,-32.826720000999956],[17.843840003000025,-32.82545999699994],[17.84430999800003,-32.824190001999966],[17.84559999000004,-32.82551001199994],[17.84780999900005,-32.82491],[17.848209998000073,-32.822100002999946],[17.851150004000033,-32.823369997999976],[17.8513,-32.81920999699997],[17.85281999800003,-32.81680999099996],[17.85445,-32.81874000199997],[17.85409000100003,-32.81627],[17.855410002000042,-32.81654999799997],[17.85502000100007,-32.81844],[17.857969996000065,-32.81786999899998],[17.859249997000063,-32.81937],[17.86033000200007,-32.81778998999994],[17.863499998000066,-32.81858999699995],[17.86526999800003,-32.816770005999956],[17.864439996000044,-32.81466000299997],[17.86717999800004,-32.81524000199994],[17.86773000200003,-32.812630000999945],[17.871180003000063,-32.81548999699993],[17.875620002000062,-32.81317],[17.880779998000037,-32.81282999699994],[17.883290009000063,-32.809189997999965],[17.88270000400007,-32.802449998999975],[17.883990003000065,-32.80210998899997],[17.884909997000022,-32.807279998999945],[17.889840002000028,-32.80789999899997],[17.90155,-32.802019996999945],[17.905279999000072,-32.79647999699995],[17.90771999800006,-32.78737000199993],[17.906929997000077,-32.76813000299995],[17.902600003000032,-32.755900002999965],[17.89493000400006,-32.748820000999956],[17.896630001000062,-32.74599],[17.89517999800006,-32.74219999699994],[17.90355999800005,-32.73566999899998],[17.90823000200004,-32.73659000099997],[17.912119996000058,-32.73496999799994],[17.916709999000034,-32.72783998899996],[17.918550003000064,-32.72826000099997],[17.922190002000036,-32.72556999899996],[17.921570002000067,-32.72326],[17.92348000100003,-32.71946998799996],[17.920070001000056,-32.71600999699996],[17.92115999600003,-32.713509991999956],[17.930480001000035,-32.719819996999945],[17.93997999800007,-32.71528000099994],[17.941740001000028,-32.71791999599998],[17.939830001000075,-32.71950998899996],[17.94068999800004,-32.721070002999966],[17.948560001000033,-32.72233000799997],[17.95704999700007,-32.71847000099996],[17.961159998000028,-32.71478000299993],[17.967759999000066,-32.70567999799994],[17.96739000200006,-32.70040999699995],[17.97325,-32.70500000099997],[17.98205000300004,-32.704590002999964],[17.97985,-32.70568999599993],[17.977450001000022,-32.71041999799996],[17.979559997000024,-32.71514000199994],[17.974780004000024,-32.71842000199996],[17.975119998000025,-32.721350008999934],[17.978569999000058,-32.72543],[17.984729999000024,-32.72933999799994],[17.987070001000063,-32.72973],[17.98752999800007,-32.727879997999935],[17.987380001000076,-32.72976000199998],[17.99291000200003,-32.730520000999945],[17.995369998000058,-32.73287000099998],[17.99597999200006,-32.73199],[17.995750002000023,-32.73302999599997],[18.014880004000076,-32.74006999699998],[18.01450999900004,-32.74303999699998],[18.01070999700005,-32.74275000099993],[18.013859996000065,-32.74971999899998],[18.027759999000068,-32.75582000199995],[18.030829996000023,-32.76033000299998],[18.041630006000048,-32.766439995999974],[18.050939998000047,-32.77493],[18.055260002000068,-32.78417000299993],[18.070320003000063,-32.78078999799993],[18.078870003000077,-32.77659000399996],[18.081419999000047,-32.77816999899994],[18.08658000300005,-32.77656000099995],[18.08513000100004,-32.777639997999984],[18.087730004000036,-32.77741999799997],[18.091309997000053,-32.780760010999984],[18.095440004000068,-32.77773999599998],[18.09935000200005,-32.781],[18.104249997000068,-32.78002000099997],[18.105789999000024,-32.77824000199996],[18.108109996000053,-32.780280001999984],[18.111909998000044,-32.78042999099995],[18.12066000300007,-32.77770000299995],[18.12839999700003,-32.777440001999935],[18.138910004000024,-32.77325999699997],[18.167020009000055,-32.75423000099994],[18.199029990000042,-32.71479000099998],[18.229100001000063,-32.694779997999944],[18.24679999700004,-32.67814999199993],[18.279430002000026,-32.63322999799993],[18.30451000200003,-32.58656999799996],[18.313089997000077,-32.56689999699995],[18.324090003000038,-32.534840000999964],[18.332330004000028,-32.49368],[18.33479999800005,-32.46428000399993],[18.33191,-32.40789],[18.325730011000076,-32.37129],[18.315389998000057,-32.337219998999956],[18.31685999700005,-32.33367999799998],[18.313910001000067,-32.316979996999976],[18.316600004000065,-32.314589996999985],[18.32309,-32.31793000199997],[18.327870001000065,-32.315729998999984],[18.33479999800005,-32.31606000299996],[18.33749,-32.313999998999975],[18.341600002000064,-32.30629999699994],[18.344650004000073,-32.29038999799997],[18.34467999800006,-32.28142000099996],[18.336370002000024,-32.24304000199993],[18.324010002000023,-32.20991],[18.32595000400005,-32.207760003999965],[18.325330004000023,-32.20321999899994],[18.32202999900005,-32.19422],[18.312840003000076,-32.17695999599994],[18.310999999000046,-32.17626000299998],[18.310379999000077,-32.17184999899996],[18.31204000300005,-32.17055000199997],[18.309449999000037,-32.16785999899997],[18.311210001000063,-32.16621000099997],[18.311250002000065,-32.15986000299995],[18.306839998000044,-32.150870002999966],[18.30434000100007,-32.13541000199996],[18.30532,-32.13387],[18.303599999000028,-32.13120000199996],[18.30395,-32.12258999599993],[18.30159000200007,-32.114040003999946],[18.300120003000075,-32.113629997999965],[18.303079997000054,-32.10902999599995],[18.300939999000036,-32.10706999799993],[18.303180003000023,-32.10692999199995],[18.303900001000045,-32.10531000399993],[18.302399999000045,-32.10285999799993],[18.30366000400005,-32.10190999399998],[18.301869999000075,-32.10029999599993],[18.30284,-32.09791001199994],[18.301490004000073,-32.09741999599993],[18.302170009000065,-32.09637000199996],[18.29950000300005,-32.09592000299995],[18.29950000300005,-32.094009995999954],[18.30457,-32.09177],[18.305109998000034,-32.090070010999966],[18.30869,-32.08990000199998],[18.313659999000038,-32.084220002999984],[18.315010003000054,-32.07813999699994],[18.314049992000037,-32.07098000199994],[18.30796000400005,-32.05199999599995],[18.29336999800006,-32.022510000999944],[18.294929996000064,-32.017180002999964],[18.29247,-32.01078999599997],[18.282050001000073,-31.99495],[18.282350003000033,-31.99141998999994],[18.284980008000048,-31.99062999599994],[18.286690004000036,-31.987990000999957],[18.28574999700004,-31.98332000399995],[18.275149999000064,-31.958950003999973],[18.267839999000046,-31.948399995999978],[18.265420004000077,-31.939579996999953],[18.265359999000054,-31.93410000199998],[18.271879997000042,-31.93317000199994],[18.27491000200007,-31.929789995999954],[18.27589000100005,-31.92002],[18.27262999800007,-31.912870002999966],[18.277490001000047,-31.912489998999945],[18.280029998000032,-31.90837999699994],[18.278749997000034,-31.90331999899996],[18.28007999700003,-31.898170000999983],[18.272560003000024,-31.87694000199997],[18.263910004000024,-31.861740001999976],[18.235470003000046,-31.8228],[18.231689997000046,-31.820660001999954],[18.233440001000076,-31.81766],[18.230150003000062,-31.816990000999965],[18.23442999100007,-31.81581999599996],[18.23539000100004,-31.81274],[18.228889999000046,-31.79990999699993],[18.232540004000043,-31.79711000599997],[18.232759996000027,-31.79506],[18.230650001000072,-31.787080000999936],[18.228260001000024,-31.785859996999932],[18.22576000400005,-31.779749995999964],[18.22355000300007,-31.76599],[18.22453000200005,-31.76358000299996],[18.221809997000037,-31.762589997999953],[18.22104,-31.760549998999977],[18.224000002000025,-31.759420001999956],[18.22145999600008,-31.757260007999946],[18.225309997000068,-31.753959995999935],[18.22441,-31.74871],[18.222329999000067,-31.74749999499994],[18.222789996000074,-31.74432000099995],[18.216259991000072,-31.738870000999952],[18.215530003000026,-31.735429997999972],[18.20948999700005,-31.729210000999956],[18.202759996000054,-31.717219996999972],[18.18948000200004,-31.700779996999984],[18.185680008000077,-31.701039997999942],[18.18448999900005,-31.69377999699998],[18.181630003000066,-31.69156999599994],[18.17677,-31.683139997999945],[18.17155999700003,-31.67963],[18.158460002000027,-31.65992999599996],[18.154679997000073,-31.65618000099994],[18.15174999800007,-31.65542000299996],[18.15250999600005,-31.654379997999968],[18.14952,-31.651470003999975],[18.150289997000073,-31.64924999599998],[18.14660999800003,-31.64347],[18.14668000100005,-31.63881000899994],[18.142280003000053,-31.63530001099997],[18.14141999900005,-31.63169999699994],[18.13976000200006,-31.631720000999962],[18.140409997000063,-31.62987999799998],[18.133620007000047,-31.62500999699995],[18.134829996000065,-31.623399998999957],[18.131600003000074,-31.621239996999975],[18.13259000100004,-31.615699997999968],[18.130050003000065,-31.613640000999965],[18.129480002000037,-31.61068999799994],[18.123135,-31.605109996999943],[18.118519997000078,-31.60426999699996],[18.119759997000074,-31.601000002999967],[18.11615000100005,-31.60049],[18.116580003000024,-31.598909996999964],[18.114360004000048,-31.59840000099996],[18.116940002000035,-31.59658000099995],[18.118000003000077,-31.591560003999973],[18.116450003000068,-31.589140000999976],[18.117870002000075,-31.586259992999942],[18.1111,-31.574979996999957],[18.098020002000055,-31.55955999699995],[18.066200003000063,-31.52740000299997],[18.05629,-31.522029996999947],[18.054439998000078,-31.51809000399993],[18.050110004000032,-31.51648999699995],[18.049869999000066,-31.513750002999984],[18.04765,-31.513630000999967],[18.044299997000053,-31.509739998999976],[18.042450002000066,-31.50976000399993],[18.04070999700002,-31.503390001999946],[18.03757000300004,-31.50256],[18.03726000300003,-31.499320000999944],[18.032549998000036,-31.496520001999954],[18.03294999800005,-31.493139995999968],[18.02762,-31.491070001999958],[18.02762,-31.489370004999955],[18.02239,-31.486190002999933],[18.016530002000025,-31.478350002999946],[18.00892,-31.473380003999978],[18.00026000300005,-31.45905999699994],[17.993739997000034,-31.455310001999976],[17.98897000200003,-31.44607999699997],[17.986159997000073,-31.44389999799995],[17.986700003000067,-31.44270999699995],[17.98327998900004,-31.43946],[17.981830003000027,-31.440099995999958],[17.982339999000033,-31.437119997999957],[17.97742999700006,-31.434300002999976],[17.977720001000023,-31.43279000399997],[17.97223,-31.428230002999953],[17.96823000200004,-31.421739998999954],[17.958970002000058,-31.416069998999944],[17.95570999800003,-31.411029995999968],[17.94859000400004,-31.40610999699993],[17.945450003000076,-31.401979997999945],[17.94581000200003,-31.39909],[17.938590001000023,-31.391630002999932],[17.938689999000076,-31.388570002999984],[17.934600002000025,-31.385229997999943],[17.93336000100004,-31.38216000099993],[17.931569997000054,-31.38203],[17.927510002000076,-31.37450999799995],[17.91927000100003,-31.36761000299998],[17.91542,-31.366709997999976],[17.91209000200007,-31.36355999899996],[17.912119996000058,-31.361370001999944],[17.908720002000052,-31.360019997999984],[17.90665,-31.35534000299998],[17.90044000100005,-31.352060002999963],[17.899649999000076,-31.34379],[17.892189994000034,-31.336319996999976],[17.889980001000026,-31.33116999799995],[17.88636999700003,-31.32877999799996],[17.885839997000062,-31.32534000299995],[17.87845000300007,-31.319389988999944],[17.878749997000057,-31.316310000999977],[17.880389997000066,-31.31556],[17.87824000100005,-31.314339996999934],[17.880209997000065,-31.310619995999957],[17.87731000100007,-31.31011],[17.877109997000048,-31.30742999599994],[17.880479996000076,-31.304139997999982],[17.87934000200005,-31.3028],[17.883219998000072,-31.301839996999945],[17.88143000100007,-31.298540000999935],[17.882379997000044,-31.29659000099997],[17.88024,-31.29535999899997],[17.881830001000026,-31.29292],[17.879570001000047,-31.291620002999935],[17.88171999700006,-31.28898999699993],[17.881240003000073,-31.284810007999965],[17.877099999000052,-31.281740001999935],[17.877319999000065,-31.27877000199993],[17.87443999900006,-31.274399998999968],[17.869100003000028,-31.27053000199993],[17.86987,-31.268760001999965],[17.868329998000036,-31.268379997999943],[17.868400001000055,-31.26650000199993],[17.867049997000038,-31.267080000999954],[17.867860003000033,-31.26571],[17.863390002000074,-31.25764000099997],[17.857159999000032,-31.250920005999944],[17.84634,-31.24337000199995],[17.838790003000042,-31.23454000399994],[17.822779997000055,-31.22320000299993],[17.817520003000027,-31.22251999799994],[17.81708000200007,-31.217750002999935],[17.81291000300007,-31.216219998999975],[17.81169999800005,-31.213399995999964],[17.80547000300004,-31.209550002999947],[17.80097999700007,-31.202560000999938],[17.797310004000053,-31.20216000199997],[17.793680003000077,-31.19756],[17.792819998000027,-31.191570000999945],[17.78696,-31.186449997999944],[17.7816,-31.17842],[17.774069999000062,-31.17345999899993],[17.76862999800005,-31.164699996999957],[17.76237999800003,-31.159639997999932],[17.762710002000063,-31.15653999799997],[17.757580003000044,-31.15197],[17.77494000400003,-31.15629000399997],[17.834419999000033,-31.17652],[17.81132000100007,-31.09254],[17.835200002000022,-31.072619998999983],[17.87863000400006,-31.040529995999975],[17.888600002000032,-31.040320002999977],[17.894479999000055,-31.030400003999944],[17.926409999000043,-31.011390002999974],[17.909419997000043,-30.987510001999965],[17.877920002000053,-30.948650000999976],[17.880299998000055,-30.92393999899997],[17.914039999000067,-30.924659995999946],[17.934390002000043,-30.917360002999942],[17.972080004000077,-30.91387],[17.99337999900007,-30.91874000399997],[17.994839999000078,-30.81922],[18.006479003000038,-30.791239995999945],[18.057919996000066,-30.77689000099997],[18.08092,-30.784840007999946],[18.08917999700003,-30.787869995999984],[18.13962000500004,-30.827969998999947],[18.169180004000054,-30.848559998999974],[18.19037099700006,-30.834748003999948],[18.205830004000063,-30.831329998999934],[18.195240002000048,-30.81602000199996],[18.21354,-30.810439991999942],[18.229259997000042,-30.819109995999952],[18.251820002000045,-30.827540001999978],[18.264169999000046,-30.818319993999978],[18.313919999000063,-30.74216998999998],[18.37103999900006,-30.659629996999968],[18.371150003000025,-30.59209],[18.413759999000035,-30.52735],[18.380550003000053,-30.459639996999954],[18.444090002000053,-30.51129],[18.522250002000078,-30.606499995999968],[18.483619995000026,-30.52190999499993],[18.502150001000075,-30.44442000199996],[18.570120003000056,-30.43025999799994],[18.65514954100007,-30.556709298999976],[18.758710861000054,-30.56786918599994],[18.795869998000057,-30.62486000399997],[18.794500351000067,-30.667619704999936],[18.862970352000048,-30.717119216999947],[18.951900005000027,-30.74474000099997],[18.96047,-30.86611],[18.875390009000057,-30.88706],[18.924160003000054,-30.916],[18.98449000100004,-30.945810002999963],[18.911770010000055,-30.978929996999966],[18.903470002000063,-31.041779994999956],[18.91233999600007,-31.06082999599994],[18.947600004000037,-31.112910003999957],[18.949710001000028,-31.19588000599998],[18.944460003000074,-31.237319997999975],[18.96641999700006,-31.284490002999974],[19.013010002000044,-31.305680002999964],[18.980130002000067,-31.355239989999973],[19.012360001000047,-31.370060000999956],[19.030879999000035,-31.38953999399996],[19.03402999900004,-31.402189998999972],[19.03237000400003,-31.403179998999974],[19.03066,-31.415389998999956],[19.042989999000042,-31.42497],[19.036860002000026,-31.464270001999978],[19.024639998000055,-31.48209],[19.01968000100004,-31.499250003999975],[19.006180005000033,-31.511999996999975],[19.01199000200006,-31.51442],[19.018739999000047,-31.510380002999966],[19.02305,-31.505149993999964],[19.04178999800007,-31.518540001999952],[19.067759998000042,-31.517989989999933],[19.07813,-31.525129996999965],[19.085420003000024,-31.526930000999982],[19.05179000100003,-31.572679996999966],[19.05560999900007,-31.57496],[19.073670004000064,-31.574280001999966],[19.085399997000025,-31.572049989999982],[19.090520001000073,-31.59778],[19.070509998000034,-31.62405000299998],[19.07903000600004,-31.64320000099997],[19.073720002000073,-31.66687],[19.054900001000078,-31.67027],[19.057730003000074,-31.687799994999978],[19.06556000300003,-31.706309998999984],[19.076860003000036,-31.71849999699998],[19.081139999000072,-31.73073],[19.094659996000075,-31.75021000099997],[19.09137,-31.762514997999972],[19.085709999000073,-31.76288999899998],[19.080770003000055,-31.759629994999955],[19.07294999800007,-31.76191000199998],[19.06655000300003,-31.76598999899994],[19.06499000100007,-31.777890001999936],[19.066050005000022,-31.780910003999963],[19.070069997000076,-31.78380999899997],[19.075689999000076,-31.781939998999974],[19.076600003000067,-31.788229998999952],[19.083020005000037,-31.78585],[19.087209999000038,-31.793590000999984],[19.079960004000043,-31.79404],[19.078209999000023,-31.802440004999937],[19.072260002000064,-31.80387000099995],[19.06913000800006,-31.808460002999936],[19.060110003000034,-31.81065999799995],[19.05863000100004,-31.81498000199997],[19.05390000600005,-31.816689998999948],[19.053510005000078,-31.82259999599995],[19.04678000100006,-31.829489998999975],[19.043969996000044,-31.83023000199995],[19.038400005000028,-31.828699996999944],[19.03029000400005,-31.833809993999978],[19.02978999900006,-31.835870000999932],[19.03234,-31.83984000299995],[19.02663,-31.843509997999945],[19.032950001000074,-31.848999996999964],[19.031450001000053,-31.854780000999938],[19.034600001000058,-31.858950000999982],[19.030059997000023,-31.86291],[19.031400003000044,-31.86821999899996],[19.025759996000033,-31.87088],[19.02721000100007,-31.87428000899996],[19.026199999000028,-31.876609996999946],[19.03479999900003,-31.876220003999947],[19.05801,-31.880369997999935],[19.082230004000053,-31.889839998999946],[19.08591000100006,-31.893960007999965],[19.109350002000042,-31.89813],[19.11812000200007,-31.907139997999934],[19.1308,-31.906569996999963],[19.14179000200005,-31.91207000299994],[19.144760001000066,-31.91053],[19.150449998000056,-31.90287000199993],[19.15605000200003,-31.899670003999972],[19.159039999000072,-31.89957000299995],[19.17232000300004,-31.90977000299995],[19.199679999000068,-31.904770001999964],[19.21071,-31.948039996999967],[19.24407,-31.91386],[19.289679996000075,-31.863039997999977],[19.27984,-31.922000000999958],[19.26484000100004,-31.965739993999932],[19.27751000300003,-31.979709997999976],[19.289870003000033,-31.965105000999984],[19.323349997000037,-31.98480000099994],[19.32977999800005,-32.01257999899997],[19.353049997000028,-32.02792500299995],[19.36296999600006,-32.042840001999934],[19.380440001000068,-32.03756000299995],[19.395849996000038,-32.01511000299996],[19.425910001000034,-32.03129999599997],[19.467549999000028,-32.07306999899998],[19.47990999900003,-32.07303],[19.48627,-32.07638000199995],[19.487959999000054,-32.09154001199994],[19.483359998000026,-32.11367],[19.48853,-32.1212],[19.50750000200003,-32.08609000399997],[19.515190005000022,-32.1152],[19.508340002000068,-32.125899997999966],[19.491090005000046,-32.130069997999954],[19.47522000400005,-32.14628998799998],[19.48410000100006,-32.16141000199997],[19.479260002000046,-32.16768000099995],[19.487320005000072,-32.163720001999934],[19.501389998000036,-32.17986999899995],[19.492709999000056,-32.19856999799998],[19.502250004000075,-32.20539999899995],[19.494240004000062,-32.20867998899996],[19.497239996000076,-32.21516000399998],[19.495840001000033,-32.221649997999975],[19.485750001000042,-32.23582],[19.487540005000028,-32.24213999699998],[19.49509000300003,-32.24500999899993],[19.491949998000052,-32.25172000099997],[19.409080002000053,-32.29007999799995],[19.430200004000028,-32.36570999899993],[19.43528,-32.36826000399998],[19.43466,-32.37323000799995],[19.443200002000026,-32.38834],[19.45331999900003,-32.39789000799993],[19.459400006000067,-32.409970001999966],[19.464669998000034,-32.415089998999974],[19.46714999900007,-32.421610000999976],[19.471920001000058,-32.42791999899998],[19.472750002000055,-32.43607999899996],[19.479779998000026,-32.44133999899998],[19.48919,-32.46353000499994],[19.495379995000064,-32.473720001999936],[19.49837,-32.47524999899997],[19.503659997000057,-32.47293999899995],[19.507100001000026,-32.47314000599994],[19.51636,-32.48587000099997],[19.49497,-32.49894],[19.48680500300003,-32.56543999599995],[19.49917000100004,-32.61208999699994],[19.528249996000056,-32.67323999799993],[19.587240004000023,-32.64778000299998],[19.60495,-32.62945999799996],[19.611999997000055,-32.56654999799997],[19.607119999000076,-32.545380000999955],[19.626470002000076,-32.502040000999955],[19.621850004000066,-32.47062000099993],[19.65487,-32.43878],[19.668059998000047,-32.45476999899995],[19.679740001000027,-32.46350999899994],[19.699570004000066,-32.45402999899994],[19.730240002000073,-32.44236],[19.70739000100008,-32.42030999899998],[19.731310001000054,-32.410129996999956],[19.73662000400003,-32.38552],[19.764129995000076,-32.411120007999955],[19.802700001000062,-32.393700001999946],[19.81780001000004,-32.36071999699993],[19.849490004000074,-32.36623000199995],[19.87388999500007,-32.38320000199997],[19.93749000300005,-32.37727999799995],[19.96817,-32.35050000199993],[20.00445,-32.32993000399995],[20.038619999000048,-32.29644000299993],[20.05361,-32.252310000999955],[20.085010002000047,-32.248260003999974],[20.09696000300005,-32.25023999899997],[20.10013999100005,-32.242719997999984],[20.109269996000023,-32.23014000099994],[20.11571000500004,-32.21102000099995],[20.135909995000077,-32.19231999799996],[20.151830002000054,-32.18651999499997],[20.180950001000042,-32.18448999799995],[20.166360001000044,-32.22749000399995],[20.240840003000073,-32.22418999599995],[20.254169998000066,-32.31084999899997],[20.21603000500005,-32.30315999499993],[20.163520004000077,-32.35102000599994],[20.170450002000052,-32.380869996999934],[20.132020001000058,-32.42112000299994],[20.07964000100003,-32.39730999899996],[20.09640999900006,-32.47667999799995],[20.09681,-32.50295999699995],[20.12278999800003,-32.55698000399997],[20.114722997000058,-32.57022500199997],[20.13689499800006,-32.61097999899994],[20.14119000200003,-32.643739995999965],[20.18140999900004,-32.6681],[20.19172,-32.68576],[20.187609997000038,-32.752670002999935],[20.219040003000032,-32.78473999499994],[20.25729,-32.79966],[20.299899996000022,-32.80495999899995],[20.34165000300004,-32.85780999599996],[20.35716999300007,-32.864079997999966],[20.363860001000035,-32.88594999399993],[20.363879999000062,-32.910810003999984],[20.38004999900005,-32.90185],[20.43859999500006,-32.940060003999974],[20.499299989000065,-32.941629992999935],[20.56123,-32.880969998999944],[20.59210000400003,-32.92646999899995],[20.59007000200006,-32.94298001299995],[20.62190000100003,-32.94314999899996],[20.64962000500003,-32.93365000199998],[20.650340002000064,-32.93227000099995],[20.731170002000056,-32.944994994999945],[20.74421,-32.91288999599993],[20.79856,-32.89475],[20.83243,-32.81737000299995],[20.83034,-32.78457000199995],[20.7922,-32.73503001199998],[20.789840002000062,-32.71123000299997],[20.822849999000027,-32.69454],[20.84410000400004,-32.66243999499994],[20.96278,-32.639299996999966],[21.037310001000037,-32.64909999799994],[21.06028999600005,-32.65550000199994],[21.094470002000037,-32.65303],[21.156979997000064,-32.62893999399995],[21.14011000200003,-32.58976999399994],[21.18208,-32.50868000299994],[21.188309998000022,-32.50304999499997],[21.19749000300004,-32.49979999799996],[21.23109,-32.46314999799995],[21.269479997000076,-32.45029000099993],[21.281520001000047,-32.43967999699993],[21.303010011000026,-32.402440001999935],[21.301500007000072,-32.37726999599994],[21.352839997000046,-32.39153999799993],[21.40839999700006,-32.36877],[21.429879999000036,-32.37518000299997],[21.443650001000037,-32.35484000399998],[21.475640003000024,-32.33145000199994],[21.51908,-32.33702999899998],[21.550369998000065,-32.32685999599994],[21.55463,-32.322350004999976],[21.561809999000047,-32.314730001999976],[21.54900500100007,-32.29077499599998],[21.53601,-32.22922000999995],[21.548909997000067,-32.22843999899993],[21.578599998000072,-32.221489995999946],[21.59442999500004,-32.21692999399994],[21.606509998000035,-32.20965998899993],[21.64457999800004,-32.20871000099993],[21.665459991000034,-32.23141999699993],[21.673770002000026,-32.24328999499994],[21.691649995000034,-32.24857000199995],[21.71137000600004,-32.224809996999966],[21.73589,-32.20502000099998],[21.746049997000057,-32.22523000299998],[21.772999998000046,-32.22679],[21.770249999000043,-32.23840999699996],[21.78061999700003,-32.25093],[21.855109998000046,-32.275509994999936],[21.874169997000024,-32.27656999599998],[21.901650004000032,-32.27091000299998],[21.90457000500004,-32.25640998899996],[21.907439999000076,-32.25279999899993],[21.92460000600005,-32.26196000099998],[21.936205003000055,-32.22288000399993],[21.97124000100007,-32.21642999699998],[21.995920002000048,-32.20298000399998],[21.99951999600006,-32.20595000299994],[22.003500001000077,-32.17423999899995],[22.016439990000038,-32.11425999499994],[22.06956,-32.08144999899997],[22.089650007000046,-32.14637999799993],[22.119950001000063,-32.07697000099995],[22.133959997000034,-32.064390000999936],[22.09359,-32.04591999699994],[22.074124995000034,-32.01791500199994],[22.094980004000035,-32.00105999899995],[22.089230001000033,-31.97435],[22.07133000300007,-31.939299996999978],[22.1004,-31.924339997999937],[22.101709996000068,-31.900529997999968],[22.10045999700003,-31.893040000999974],[22.097170001000052,-31.888630002999946],[22.091680001000043,-31.885389996999947],[22.084019999000077,-31.875870002999932],[22.08428999700004,-31.868780001999937],[22.08236000100004,-31.868489997999973],[22.079960003000053,-31.863659997999946],[22.078860003000045,-31.85488999699993],[22.11587,-31.862630001999946],[22.131500002000053,-31.884260000999973],[22.166599999000027,-31.893089998999983],[22.176880003000065,-31.82071999799996],[22.159860001000027,-31.80973999899993],[22.20628,-31.792250002999936],[22.20401,-31.76403000199997],[22.23737999900004,-31.70297999899998],[22.24988,-31.664659996999944],[22.26010000200006,-31.662470000999974],[22.27292,-31.592540000999975],[22.312290002000054,-31.58346000199998],[22.35514000300003,-31.605410004999953],[22.433249997000075,-31.638180001999956],[22.495760001000065,-31.67033999599994],[22.56481499000006,-31.677919994999968],[22.56613999600006,-31.71317],[22.619070003000047,-31.72465000099993],[22.609400005000055,-31.739819997999973],[22.578340001000072,-31.80551000099996],[22.614919997000072,-31.822870002999935],[22.631759999000053,-31.82340000499994],[22.63117999900004,-31.819699997999976],[22.633200002000024,-31.815740002999974],[22.635269995000044,-31.81491000099993],[22.642119998000055,-31.81619000099994],[22.644309994000025,-31.81432000199993],[22.646320003000028,-31.815459996999948],[22.647539997000024,-31.81960000099997],[22.65152999700007,-31.821670001999962],[22.73510000500005,-31.79937999599997],[22.75749999900006,-31.82754],[22.77688,-31.85691],[22.82529000100004,-31.837659996999946],[22.858970002000035,-31.81829],[22.874719999000035,-31.861640002999934],[22.901950001000046,-31.875769997999953],[22.95381999700004,-31.862969996999936],[22.975830002000066,-31.860829998999975],[23.038710001000027,-31.877449997999975],[23.06739,-31.89073999599998],[23.05226000300007,-31.910289989999967],[23.052589999000077,-31.939780000999974],[23.058669998000028,-31.95484000199997],[23.070890005000024,-31.953810002999944],[23.087619999000026,-31.972290000999976],[23.098489991000065,-31.97770000199995],[23.104349998000032,-31.960609998999928],[23.118839997000066,-31.960070001999952],[23.139449995000064,-31.951539998999976],[23.14478,-31.94311000099998],[23.151910005000047,-31.939770001999932],[23.171159999000054,-31.918140002999962],[23.23036999900006,-31.87569000299993],[23.225030004000075,-31.854039997999962],[23.262359997000033,-31.81539000099997],[23.263440003000028,-31.778340000999947],[23.26614000400008,-31.773200002999943],[23.30242,-31.730149998999934],[23.34511001100003,-31.71088999799997],[23.387099999000043,-31.714800001999947],[23.40708999700007,-31.7138],[23.40172999400005,-31.69957],[23.41645000500006,-31.67222000299995],[23.42314000500005,-31.682140001999983],[23.496109997000076,-31.702689998999972],[23.523889999000062,-31.705329997999968],[23.535470004000047,-31.691770000999952],[23.57453,-31.689169996999965],[23.594490006000058,-31.66225000099996],[23.619140001000062,-31.649430002999964],[23.639480001000038,-31.66009999599993],[23.68875,-31.64959999699994],[23.71516000400004,-31.647050003999937],[23.73449000200003,-31.654570004999982],[23.756489996000028,-31.69571000199994],[23.77747000200003,-31.69705999799993],[23.815660001000026,-31.714159995999978],[23.841550002000076,-31.715060000999983],[23.847620002000042,-31.729219996999973],[23.808520002000023,-31.76365999799998],[23.837150003000033,-31.767909997999936],[23.829350004000048,-31.780269997999937],[23.83785000200004,-31.78333999399996],[23.878630002000023,-31.833680004999962],[23.894040005000022,-31.83677999799994],[23.915869997000073,-31.821999997999967],[23.91786,-31.795360003999974],[23.94865999900003,-31.773330000999977],[23.951290003000054,-31.74950999799995],[23.96646000100003,-31.715420001999973],[23.96306000100003,-31.706670006999957],[24.046840002000067,-31.70669000099997],[24.029089999000064,-31.721970001999978],[24.028519997000046,-31.730170000999976],[24.043120001000034,-31.767329996999933],[24.05607999500006,-31.77596000899996],[24.070940002000043,-31.807089996999935],[24.102239999000062,-31.79258],[24.152459995000072,-31.78860999799997]]]]}}],"meta":{"provider":"geoBoundaries","license":"Creative Commons Attribution 3.0 Intergovernmental Organisations (CC BY 3.0 IGO)","sourceName":"OCHA ROSEA, South African Municipal Demarcation Board","sourceDataUpdateDate":"Thu Jan 19 07:31:04 2023","sourceUrl":"data.humdata.org/dataset/south-africa-admin-level-1-boundaries"}}