{"type":"FeatureCollection","crs":{"type":"name","properties":{"name":"urn:ogc:def:crs:OGC:1.3:CRS84"}},"features":[{"type":"Feature","properties":{"shapeName":"Ulster","shapeISO":"IE-U","shapeID":"36931253B39633918324997","shapeGroup":"IRL","shapeType":"ADM1"},"geometry":{"type":"MultiPolygon","coordinates":[[[[-6.594915785999945,54.04459350800005],[-6.586078789999931,54.04064423300008],[-6.588219336999941,54.03892792900007],[-6.583789734999925,54.03962173600007],[-6.573499851999941,54.03405356300004],[-6.572834284999942,54.03302603700007],[-6.579236899999955,54.03018921800003],[-6.571228006999945,54.026792183000055],[-6.571611702999974,54.02250615500003],[-6.563631172999976,54.02028834300006],[-6.569348429999934,54.01733815000006],[-6.558319988999926,54.01544890500003],[-6.558207054999968,54.00971058400006],[-6.549729477999961,54.005853201000036],[-6.551064502999964,54.00274246500004],[-6.562954660999935,53.99902011900008],[-6.554555214999937,53.994356690000075],[-6.555923201999974,53.991069622000055],[-6.552814977999958,53.98655639800006],[-6.554793907999965,53.98569697000005],[-6.558555045999981,53.98774804400006],[-6.567887449999944,53.98177164500004],[-6.568251775999954,53.980109999000035],[-6.562328826999931,53.97873210500006],[-6.566802938999956,53.974085339000055],[-6.565658822999978,53.97088743100005],[-6.572562208999955,53.96899136600007],[-6.57618526899995,53.970498916000054],[-6.590787772999931,53.97047817100008],[-6.59436973399994,53.97255959000006],[-6.59314397199995,53.97459663600006],[-6.608206707999955,53.98085281300007],[-6.618602289999956,53.98395184300006],[-6.627162145999932,53.98231201100003],[-6.624831509999979,53.981062793000035],[-6.626474368999936,53.97552562300007],[-6.635746366999967,53.97681703400008],[-6.639938659999927,53.975434921000044],[-6.643021856999951,53.971506641000076],[-6.635549270999945,53.968623603000026],[-6.637614633999931,53.96461980000004],[-6.652179434999937,53.96368808700004],[-6.656027302999973,53.96610027300005],[-6.661297372999968,53.962503061000064],[-6.647970254999962,53.95708529400008],[-6.647205737999968,53.95362646600006],[-6.650551260999976,53.95333452400007],[-6.660104504999936,53.95829738800006],[-6.662152834999972,53.95759134600007],[-6.66002210399995,53.95354748700004],[-6.647992838999926,53.945865301000026],[-6.651819959999955,53.94301651500007],[-6.659145252999963,53.94384413100005],[-6.660287144999927,53.941637462000074],[-6.644743968999933,53.93445578400008],[-6.633434616999978,53.932918405000066],[-6.628638351999939,53.92832660400006],[-6.630583420999926,53.92660280200005],[-6.644789088999971,53.923812929000064],[-6.647309303999975,53.92185275000003],[-6.647268876999931,53.91609852400006],[-6.659327764999944,53.91333706100005],[-6.665395682999929,53.91339270000003],[-6.674000626999941,53.90884190400004],[-6.68233795499998,53.912453338000034],[-6.686373568999954,53.91195075700006],[-6.689217317999976,53.90915283000004],[-6.694698614999936,53.90791853800005],[-6.69507292399993,53.901950613000054],[-6.699850579999975,53.90067942200005],[-6.71471140899996,53.90352934600003],[-6.727777653999965,53.911416521000035],[-6.730588601999955,53.91766839600007],[-6.739065828999969,53.91287229400007],[-6.744746075999956,53.91242755700006],[-6.76200963499997,53.917480314000045],[-6.762569526999926,53.91383719500004],[-6.767384367999966,53.91314870400004],[-6.769212785999969,53.910680084000035],[-6.779276890999938,53.91631614900007],[-6.789823217999981,53.900174949000075],[-6.78399783499998,53.89834947000003],[-6.783948830999975,53.89831305400003],[-6.787508822999939,53.893272901000046],[-6.785346680999965,53.889933803000076],[-6.78829671799997,53.88989606400003],[-6.793713511999954,53.88671377600008],[-6.799193762999948,53.886970269000074],[-6.796558706999974,53.88914657600003],[-6.800584472999958,53.890735035000034],[-6.81528048499996,53.89108107900006],[-6.809193881999931,53.89609975600007],[-6.815643571999942,53.89836270700005],[-6.823564970999939,53.897381307000046],[-6.825536468999928,53.89393580800004],[-6.835445491999963,53.89521736000006],[-6.837305040999979,53.89189136600004],[-6.842049521999968,53.89124808300005],[-6.846332996999934,53.88858860000005],[-6.845720621999931,53.88608340500008],[-6.840081493999946,53.88244959100007],[-6.845083989999978,53.87873104500005],[-6.845126830999959,53.87873835000005],[-6.85185334099998,53.87885090700007],[-6.862127406999946,53.875683379000066],[-6.873874740999952,53.877919589000044],[-6.881339867999941,53.87521061800004],[-6.881320265999932,53.87525674400007],[-6.880635588999951,53.87824815300007],[-6.884065057999976,53.87998772800006],[-6.884216799999933,53.88011122200004],[-6.896711769999968,53.88096671800008],[-6.90298689499997,53.88344811300004],[-6.909446911999964,53.888684108000064],[-6.916377731999944,53.89071972700003],[-6.916517798999962,53.89077506400008],[-6.92072531599996,53.89204386700004],[-6.921143365999967,53.892168827000035],[-6.93568107699997,53.89145292300003],[-6.932576700999959,53.88104812700004],[-6.928578171999959,53.880193518000056],[-6.924243210999975,53.87529465400007],[-6.930554767999979,53.872169556000074],[-6.946324303999972,53.86657536100006],[-6.954918777999978,53.865443682000034],[-6.956555307999963,53.86367520600004],[-6.969086652999977,53.87129449200006],[-6.972516245999941,53.872362947000056],[-6.974700644999928,53.870881068000074],[-6.972262296999929,53.86583499900007],[-6.966555884999934,53.862085526000044],[-6.967746367999951,53.85923003800008],[-6.972423694999975,53.85703020900007],[-6.964484346999939,53.84916739200003],[-6.966359967999949,53.84806747200008],[-6.962995083999942,53.84371460800003],[-6.959755153999936,53.84333021500004],[-6.955140731999961,53.84516617600008],[-6.952541997999958,53.842291233000026],[-6.955435683999951,53.840145893000056],[-6.952481750999937,53.83884924900008],[-6.953196348999938,53.835756264000054],[-6.93405818399998,53.82798827500005],[-6.930145136999954,53.82277785200006],[-6.927344042999948,53.822792279000055],[-6.925222298999927,53.819856909000066],[-6.917379966999931,53.81700065100006],[-6.918359473999942,53.81317908600005],[-6.91497736599996,53.81212383800005],[-6.912844939999957,53.80885811300004],[-6.921319517999962,53.80109679800006],[-6.931135580999978,53.80380729800004],[-6.940100471999926,53.798469139000076],[-6.938740037999935,53.79541629200003],[-6.941525809999973,53.793376917000046],[-6.940126031999966,53.79172325600007],[-6.941930418999959,53.789334309000026],[-6.929659436999941,53.78576612200004],[-6.931708656999945,53.78348142100003],[-6.940724124999974,53.78073670800006],[-6.951424270999951,53.78162854300007],[-6.954638907999936,53.78637156500008],[-6.96316599599993,53.79107818400007],[-6.972907250999981,53.785109884000065],[-6.971182003999957,53.77769396600007],[-6.98146798099998,53.77265745300008],[-6.990724639999939,53.77545591300003],[-6.995435416999953,53.78112228500004],[-7.000971902999936,53.772905421000075],[-7.000386410999965,53.76683967800005],[-7.002192571999956,53.765574138000034],[-7.012528377999956,53.769260150000036],[-7.020920857999954,53.769077510000045],[-7.027600164999967,53.77321276600003],[-7.032640791999938,53.77327356600006],[-7.038242096999966,53.77677486400006],[-7.04296758199996,53.77645508000006],[-7.050231418999942,53.77170826400004],[-7.056588178999959,53.773104484000044],[-7.058345777999932,53.771989381000026],[-7.066665158999967,53.77243327700006],[-7.080870389999973,53.77572137700008],[-7.091131288999975,53.77415169600005],[-7.09652202999996,53.776346972000056],[-7.105013601999929,53.77657416300008],[-7.105460273999938,53.78627136700004],[-7.110719281999934,53.79146245700008],[-7.11514650099997,53.79345177300007],[-7.123357665999947,53.79376271600006],[-7.127803565999955,53.79052226200008],[-7.13581230099993,53.79397048900006],[-7.141325516999927,53.79929787700007],[-7.153958655999929,53.80627698300003],[-7.155032282999969,53.80478932800003],[-7.152088504999938,53.801177120000034],[-7.157302380999965,53.79778072600004],[-7.156718325999975,53.794105097000056],[-7.176178623999931,53.79521637200003],[-7.174939088999963,53.791001992000076],[-7.17844241399996,53.79127097200006],[-7.184948242999951,53.78879725200005],[-7.193890884999973,53.79474574200003],[-7.206075974999976,53.786652169000035],[-7.212671074999946,53.785581172000036],[-7.213454500999944,53.78255599600004],[-7.210350344999938,53.780639904000054],[-7.219553461999965,53.77424306300003],[-7.214432881999926,53.77345411400006],[-7.214095254999961,53.77088665900004],[-7.224279946999957,53.77226538200006],[-7.229019366999978,53.77155494200008],[-7.24072302899998,53.77813423400005],[-7.247712940999975,53.77791729100005],[-7.253877642999953,53.77388489700007],[-7.256835673999944,53.77411957400005],[-7.257081562999929,53.776397667000026],[-7.262507315999926,53.77902792900005],[-7.265106041999957,53.77815896700008],[-7.273003778999964,53.77917780700005],[-7.278349871999978,53.781785745000036],[-7.279822407999973,53.79256462700005],[-7.284002224999938,53.79712241700008],[-7.288487611999926,53.798635355000044],[-7.307957861999967,53.81276905200008],[-7.377927553999939,53.78454804800003],[-7.382793664999951,53.78529556700005],[-7.397837541999934,53.778815027000064],[-7.409972725999978,53.77904919800005],[-7.412537404999966,53.78575180400003],[-7.411565528999972,53.790014556000074],[-7.431490817999929,53.79601753900005],[-7.437585845999934,53.796053449000055],[-7.439948652999931,53.798247728000035],[-7.44949788699995,53.80113339300004],[-7.456109814999934,53.802331364000054],[-7.462152097999933,53.80129806100007],[-7.46600893599998,53.806455983000035],[-7.468845558999931,53.80735985300004],[-7.469718203999946,53.810717373000045],[-7.475377273999925,53.812083639000036],[-7.472836178999955,53.815898565000055],[-7.466397789999974,53.81869489700006],[-7.465833591999967,53.82337837800003],[-7.470201764999956,53.82938817200005],[-7.471472098999925,53.83849692900003],[-7.476375273999963,53.843025484000066],[-7.473450922999973,53.84795936000006],[-7.476755499999967,53.853624377000074],[-7.487495843999966,53.85227596700008],[-7.49446070099998,53.86034822400006],[-7.498278662999951,53.85978924200003],[-7.500641020999979,53.85722836900004],[-7.50517010599998,53.860256787000026],[-7.514651691999973,53.86011019100005],[-7.515014149999956,53.857192464000036],[-7.527964317999931,53.86366484100006],[-7.541236965999929,53.85767720700005],[-7.543238317999965,53.85349036800005],[-7.570825058999958,53.85451733800005],[-7.57817431899997,53.85000367500004],[-7.583509893999974,53.851121265000074],[-7.585069701999942,53.85691132100004],[-7.580578316999947,53.86283129800006],[-7.57637664899994,53.865009745000066],[-7.57178018999997,53.87393064400004],[-7.572069460999955,53.88006463200003],[-7.558556992999968,53.87770664300007],[-7.556015301999935,53.87859794700006],[-7.556838253999956,53.88795854000006],[-7.555262162999952,53.89066700800004],[-7.549858961999973,53.89291893800004],[-7.556457275999946,53.89813834300003],[-7.55719858599997,53.90394283900008],[-7.561130692999939,53.905672967000044],[-7.574921690999929,53.90749173800003],[-7.576640600999951,53.901740532000076],[-7.580200111999943,53.90313843500007],[-7.58547271499998,53.90868427000004],[-7.58331693699995,53.914563902000054],[-7.593384053999955,53.921025634000046],[-7.595765956999969,53.92831825600007],[-7.603131832999964,53.93122041600003],[-7.606239402999961,53.93740785300008],[-7.610290101999965,53.938363534000075],[-7.613432909999972,53.94038372500006],[-7.604777357999978,53.949930703000064],[-7.599819897999964,53.95017139300006],[-7.586382225999955,53.95908215400004],[-7.586271523999926,53.96269435200003],[-7.593846116999941,53.96639950200006],[-7.59372786299997,53.96867074200003],[-7.585510190999969,53.97264645000007],[-7.585058246999949,53.98088847400004],[-7.599727059999964,53.985734610000065],[-7.600442416999954,53.98769029200008],[-7.599148600999968,53.99196802100005],[-7.593533878999949,53.995886443000074],[-7.594867521999959,54.00158254100006],[-7.593117194999934,54.00292935600004],[-7.601843824999946,54.01220530000006],[-7.593011527999977,54.01651809600003],[-7.595904365999957,54.01644506500003],[-7.597039636999966,54.020319776000065],[-7.600932059999934,54.02324131100005],[-7.608256980999954,54.02463329700004],[-7.611037260999979,54.02669218300008],[-7.614078766999967,54.02532353700008],[-7.611536748999981,54.02150507600004],[-7.61244408999994,54.018906736000076],[-7.61916836599994,54.01850516300004],[-7.635682834999955,54.02305464800003],[-7.640437248999945,54.02250607900004],[-7.64265628499993,54.027616511000076],[-7.646784675999982,54.02792290000008],[-7.646391469999969,54.033189863000075],[-7.644118437999964,54.03580228100003],[-7.635208549999959,54.03935714600004],[-7.637955936999958,54.04291038100007],[-7.643993440999964,54.044739625000034],[-7.649145532999967,54.04022869800008],[-7.654916914999944,54.04277107100006],[-7.654162748999966,54.04879060500008],[-7.657656336999935,54.05638424000006],[-7.663292934999959,54.05597975400008],[-7.66645991799993,54.05890227400005],[-7.672320659999968,54.055752667000036],[-7.676134954999952,54.05964478900006],[-7.684935417999952,54.06021921200005],[-7.687474121999969,54.06809239200004],[-7.698569002999932,54.07230769800003],[-7.702254463999964,54.078759578000074],[-7.708903685999928,54.08422095200007],[-7.71311536099995,54.083065558000044],[-7.725266180999938,54.08468951400005],[-7.730826067999942,54.08224109100007],[-7.736594727999943,54.08292626000008],[-7.737083444999939,54.09352731800004],[-7.750513682999951,54.095081210000046],[-7.751020987999937,54.10172615000005],[-7.751034033999929,54.10212387100006],[-7.752686592999964,54.10233537200003],[-7.752914876999967,54.10232410500004],[-7.757138700999974,54.10234933500004],[-7.756319590999965,54.10623845400005],[-7.761925166999958,54.10717434800006],[-7.76322429399994,54.10968989700007],[-7.770558381999933,54.10711209400006],[-7.787616321999963,54.10799872600006],[-7.790100807999977,54.113004972000056],[-7.793460869999933,54.11298799600007],[-7.796689698999955,54.11681142700007],[-7.804118246999963,54.113652896000076],[-7.804928402999963,54.110645402000046],[-7.814125906999948,54.107829595000055],[-7.816843736999942,54.10488144300007],[-7.815690393999944,54.10277607100005],[-7.81162362799995,54.10167172700005],[-7.813568503999932,54.10027166800006],[-7.822297128999935,54.09645089900005],[-7.831369972999937,54.098588316000075],[-7.829672703999961,54.10075072200004],[-7.847216102999937,54.10687246300006],[-7.858696356999928,54.11308357900003],[-7.850830530999929,54.11757995100004],[-7.851943578999965,54.11904365200007],[-7.861281284999961,54.12253194300007],[-7.871008391999965,54.12433549900004],[-7.875254225999981,54.12369702400008],[-7.882107228999928,54.127805668000065],[-7.881636303999926,54.13184774200005],[-7.888301661999947,54.13561867000004],[-7.893581114999961,54.13549547800005],[-7.888381291999963,54.14179456000005],[-7.901077750999946,54.14794402600006],[-7.905132334999962,54.153882174000046],[-7.912314587999958,54.15458164800003],[-7.916599993999967,54.16122103100008],[-7.923404357999971,54.16202980600008],[-7.926411652999946,54.16681379600004],[-7.939017404999959,54.16868610600005],[-7.943882253999959,54.17081527500005],[-7.952981449999982,54.17889957700004],[-7.968890538999972,54.17707111100003],[-7.988646385999971,54.17988886100005],[-7.999899650999964,54.18555315900005],[-8.000344509999934,54.18896012500005],[-8.005305060999945,54.192279255000074],[-8.013141649999966,54.190650994000066],[-8.013882543999955,54.188076],[-8.02143057099994,54.18790506400006],[-8.023808398999961,54.18635579600004],[-8.024253944999941,54.18840077100003],[-8.029368296999962,54.19035450700005],[-8.030112556999939,54.18739681100004],[-8.031998956999928,54.18858229700004],[-8.035365130999935,54.18764895000004],[-8.035213969999973,54.185266986000045],[-8.042194270999971,54.18311092500005],[-8.047954456999946,54.18686155000006],[-8.048320243999967,54.19135429500005],[-8.045192823999969,54.19367812000007],[-8.050548549999974,54.19530671700005],[-8.050706866999974,54.197575364000045],[-8.045420474999958,54.20324227100008],[-8.039448430999926,54.20402889200005],[-8.035443448999956,54.20637713900004],[-8.032569880999972,54.21283914500003],[-8.033516456999962,54.21439746800007],[-8.034971131999953,54.21373521000004],[-8.033850769999958,54.215711260000035],[-8.036931786999958,54.21717085900008],[-8.036319683999977,54.219603756000026],[-8.039054301999954,54.22225985500006],[-8.044262278999952,54.222391464000054],[-8.04910900699997,54.23095233400005],[-8.058132977999946,54.23591390900003],[-8.054659902999958,54.23859398400003],[-8.054013718999954,54.24236719400005],[-8.049921653999945,54.244309986000076],[-8.041176465999968,54.25400500500007],[-8.00992148499995,54.24835092200004],[-8.00377360999994,54.24933948600005],[-7.991480096999965,54.25754661800005],[-7.985499542999946,54.265796],[-7.974365560999956,54.27353807000003],[-7.972471230999929,54.28441408600003],[-7.953098785999941,54.29825299000004],[-7.951430214999959,54.30020680900003],[-7.946578905999957,54.304290036000054],[-7.930506374999936,54.30340353500003],[-7.926093502999947,54.30457353600008],[-7.918828943999927,54.30314913300003],[-7.915520767999965,54.29704972900004],[-7.911716010999953,54.29592610900005],[-7.905980910999972,54.296612984000035],[-7.901660144999937,54.301427310000065],[-7.888258528999927,54.30051854700008],[-7.880604332999951,54.29185661300005],[-7.87432304999993,54.29466925400004],[-7.861957113999949,54.293514568000035],[-7.864594065999938,54.288834929000075],[-7.870692442999939,54.28825854200005],[-7.870165362999956,54.28375701400006],[-7.873230879999937,54.27954545300008],[-7.870807638999963,54.277635254000074],[-7.872696279999957,54.266170817000045],[-7.865018655999961,54.26033713400005],[-7.860474350999937,54.260247496000034],[-7.862249874999975,54.25526075500005],[-7.858947336999961,54.243124300000034],[-7.860003669999969,54.22962711300005],[-7.855360918999963,54.22271836500005],[-7.861760256999958,54.21872503000003],[-7.83939165299995,54.209696723000036],[-7.81148131499998,54.200881663000075],[-7.803651790999936,54.20702442700008],[-7.78246945099994,54.20739066900006],[-7.780522194999946,54.20873873200003],[-7.772386650999977,54.207172222000054],[-7.768164054999943,54.20947744700004],[-7.768620970999962,54.207435168000075],[-7.762249911999959,54.20748681600003],[-7.754344494999941,54.209851608000065],[-7.748464771999977,54.209456456000055],[-7.744563003999929,54.20434697400003],[-7.739389522999943,54.203549218000035],[-7.731234806999964,54.204810603000055],[-7.710447306999981,54.203158150000036],[-7.702039497999976,54.20778827500004],[-7.692183864999947,54.203877387000034],[-7.689263119999964,54.20699204300007],[-7.685392196999942,54.20778334900007],[-7.688528641999937,54.203686438000034],[-7.688497773999927,54.199170722000076],[-7.68372097699995,54.19687755800004],[-7.685291462999942,54.193461780000064],[-7.68195624599997,54.19393063800004],[-7.679503788999966,54.19254764800007],[-7.676569317999963,54.18199819200004],[-7.671967043999928,54.181506899000055],[-7.664419229999965,54.18798254300003],[-7.656088126999975,54.185675581000055],[-7.645615944999975,54.175979073000065],[-7.628470600999947,54.169213220000074],[-7.625300570999968,54.16543656500005],[-7.625344449999943,54.153256216000045],[-7.612017746999925,54.14757881000003],[-7.609398415999976,54.14557939700006],[-7.610389168999973,54.14379518100003],[-7.592049514999928,54.13988781900008],[-7.583095215999947,54.14250197300004],[-7.579444150999961,54.141027834000056],[-7.574600582999949,54.14153930900005],[-7.575051186999929,54.13369267600007],[-7.569245321999972,54.13290726900004],[-7.565740928999958,54.12656271000003],[-7.558549442999947,54.12784752300007],[-7.547756707999952,54.122160275000056],[-7.544634812999959,54.12644115900008],[-7.546717392999938,54.12920981800005],[-7.537634559999958,54.12721733400008],[-7.537290775999963,54.13086402000005],[-7.528373934999934,54.135738092000054],[-7.519596341999943,54.12971020100008],[-7.509523924999939,54.12996095200003],[-7.502827727999943,54.12633239500008],[-7.495373676999975,54.12601186300003],[-7.492149368999947,54.123169303000054],[-7.479408390999936,54.12220971200003],[-7.471814019999954,54.126717162000034],[-7.471716228999981,54.133285939000075],[-7.467000521999978,54.134500314000036],[-7.468567074999953,54.14081113900005],[-7.453775472999951,54.14475112300005],[-7.442373782999937,54.153926786000056],[-7.431334586999981,54.15207489100004],[-7.42684935099993,54.15472059000007],[-7.418089925999936,54.154551224000045],[-7.409640463999949,54.15626093600008],[-7.408903925999937,54.15313366000004],[-7.412255696999978,54.148360953000065],[-7.425054530999944,54.141151672000035],[-7.420230341999968,54.13676667800007],[-7.403063337999981,54.140892474000054],[-7.391344777999961,54.13673574400008],[-7.383666676999951,54.141311648000055],[-7.375490196999976,54.14191636500004],[-7.37271805599994,54.139360742000065],[-7.392664733999936,54.12680945100004],[-7.394141695999963,54.12271607500003],[-7.39188799599998,54.120200030000035],[-7.388258467999947,54.12270740100007],[-7.379605434999974,54.12435243200008],[-7.369900768999969,54.13090834600007],[-7.363380928999959,54.131433481000045],[-7.351692218999972,54.12398267400005],[-7.34633613699998,54.12248539800004],[-7.34734617099997,54.117393684000035],[-7.344392605999928,54.116073880000044],[-7.34059960999997,54.11790137200006],[-7.336021946999949,54.11673840600008],[-7.33413649299996,54.12048118900003],[-7.327055375999976,54.12457296400004],[-7.323314056999948,54.12235472900005],[-7.324276549999979,54.11779853300004],[-7.318949400999941,54.113303743000074],[-7.31392995799996,54.116434379000054],[-7.307700137999973,54.11739889100005],[-7.305299972999933,54.123362059000044],[-7.316079677999937,54.12695160900006],[-7.312037453999949,54.131724502000054],[-7.31866933699996,54.13437633600006],[-7.318659798999931,54.137422720000075],[-7.322132274999944,54.138059232000046],[-7.327490146999935,54.135251452000034],[-7.330824839999934,54.13961475500008],[-7.329710637999938,54.14102621200004],[-7.333309988999929,54.14357458200004],[-7.338678155999958,54.14423944600003],[-7.339508101999968,54.14667438400005],[-7.326105533999964,54.151543573000026],[-7.318853886999932,54.15727886700006],[-7.320145299999979,54.15933605500004],[-7.311635148999926,54.16444060300006],[-7.310235732999956,54.16730311300006],[-7.300376941999957,54.166163175000065],[-7.29136804999996,54.171940359000075],[-7.279777329999945,54.16765996500004],[-7.285787625999944,54.157871071000045],[-7.283835874999966,54.15387481500005],[-7.289902379999944,54.149217176000036],[-7.298870509999972,54.14931730200004],[-7.301318899999956,54.14438948000003],[-7.28419805599998,54.13977021300008],[-7.285356501999956,54.136432497000044],[-7.292690043999926,54.13056288700005],[-7.298586439999951,54.13379701400004],[-7.308933851999939,54.13212436600003],[-7.303033340999946,54.126557483000056],[-7.303471207999962,54.122848978000036],[-7.291889429999969,54.11909206900003],[-7.283759552999925,54.122857553000074],[-7.278005360999941,54.12326563800008],[-7.279563359999941,54.12620760800007],[-7.277555767999957,54.12962154000007],[-7.262875784999949,54.13752226200006],[-7.263890540999967,54.145443069000066],[-7.261855048999962,54.14739891800008],[-7.256710684999973,54.148137664000046],[-7.258842247999951,54.149170808000065],[-7.25821917199994,54.15374150100007],[-7.252483380999934,54.15567467200003],[-7.252831294999964,54.158636235000074],[-7.258486202999961,54.16079846500003],[-7.258113271999946,54.164506576000065],[-7.24510066199997,54.16931681800003],[-7.240299793999952,54.16971027300008],[-7.243859328999974,54.172680866000064],[-7.251343319999933,54.17274618300007],[-7.252921105999974,54.17704899300003],[-7.256168309999964,54.176089922000074],[-7.258260767999957,54.177363971000034],[-7.256483863999961,54.18184292300003],[-7.259552171999928,54.183950147000076],[-7.256075316999954,54.190240688000074],[-7.259126197999933,54.19225476100007],[-7.250946634999934,54.19411269400007],[-7.244224645999964,54.19264577300004],[-7.236091683999973,54.193411636000064],[-7.235851105999927,54.196229903000074],[-7.233009043999971,54.19780753200007],[-7.242724052999961,54.20065960900007],[-7.249219986999947,54.19791539500005],[-7.24808453299994,54.204440214000044],[-7.239055237999935,54.20683309600008],[-7.231760443999974,54.205600668000045],[-7.233860962999927,54.208235099000035],[-7.232683275999932,54.210864385000036],[-7.221061995999946,54.215758348000065],[-7.209052800999928,54.21281941900003],[-7.198791699999958,54.21562824700004],[-7.188260904999936,54.22484379000008],[-7.184236518999967,54.224373513000046],[-7.184773745999962,54.220095541000035],[-7.179416787999969,54.22065304300003],[-7.176628806999929,54.21824309300007],[-7.170929805999947,54.21761989000004],[-7.153225426999938,54.22086328600005],[-7.151125107999974,54.22344271700007],[-7.144978587999958,54.22473559600007],[-7.147414208999976,54.22579835400006],[-7.146586213999967,54.23002335800004],[-7.149851457999944,54.23162277800003],[-7.146106073999931,54.23980449000004],[-7.158980130999964,54.243918128000075],[-7.151268442999935,54.24939771700008],[-7.142550008999933,54.25163788700007],[-7.142183083999953,54.255593143000056],[-7.150500334999947,54.25836616300006],[-7.153625794999925,54.26315505400004],[-7.152474922999943,54.266731597000046],[-7.15919192299998,54.26905098200007],[-7.157189462999952,54.27067832900008],[-7.160636262999958,54.27356395700008],[-7.173239937999938,54.27275240300003],[-7.176637161999963,54.27053749400005],[-7.179285203999939,54.27255745300005],[-7.179619896999952,54.27678374900006],[-7.173612664999951,54.27948541900008],[-7.171239918999959,54.283611345000054],[-7.172986179999953,54.286078247000034],[-7.181685796999943,54.28642154100004],[-7.18084222799996,54.28788409400005],[-7.185831170999961,54.28757926500003],[-7.188603039999975,54.290234430000055],[-7.19922351699995,54.29381360500008],[-7.206975113999931,54.29437605700008],[-7.212115300999926,54.299674035000066],[-7.206575272999942,54.30498122900008],[-7.198534923999944,54.30856431700005],[-7.19770116799998,54.31103767500008],[-7.191588620999937,54.31187260200005],[-7.183309663999978,54.31079515000005],[-7.18246363399993,54.30927883100003],[-7.179229711999938,54.30965585800004],[-7.178024062999953,54.316655826000044],[-7.181767254999954,54.32880507500005],[-7.180410271999961,54.332075444000054],[-7.188506777999976,54.33774035700003],[-7.181566271999941,54.33982698400007],[-7.166380318999927,54.336316725000074],[-7.161726171999931,54.336955611000064],[-7.152691885999957,54.33543269100005],[-7.146266145999959,54.33952973300006],[-7.141308997999943,54.339007526000046],[-7.140320317999965,54.34249126200007],[-7.136415021999937,54.344615341000065],[-7.127948003999961,54.34554678000006],[-7.12376177799996,54.35069799400003],[-7.103641960999937,54.35585640100004],[-7.101739929999951,54.36077166600006],[-7.108997793999947,54.365600931000074],[-7.109690099999966,54.368301562000056],[-7.106037448999928,54.36798926200004],[-7.091418964999946,54.37489690900003],[-7.072373729999981,54.38836761600004],[-7.070074593999948,54.39538274900008],[-7.063533698999947,54.39947989700005],[-7.05630046899995,54.40768254100004],[-7.057275562999962,54.411099903000036],[-7.054943588999947,54.41004922900004],[-7.053707867999947,54.41219995300003],[-7.042659814999979,54.415003263000074],[-7.040207957999939,54.417816850000065],[-7.02888920099997,54.42136593100008],[-7.025638239999978,54.41892517900004],[-7.019565727999975,54.41795700700004],[-7.016602958999954,54.413989197000035],[-7.01494921099993,54.41438926300003],[-7.016462818999969,54.41580690500007],[-7.01336084899998,54.41698272200006],[-7.012640544999954,54.41496811700006],[-7.009780389999946,54.41567721200005],[-7.004410633999953,54.41313645000008],[-7.000654740999948,54.413238224000054],[-6.998771125999951,54.41046323100005],[-7.001090186999932,54.41078467800003],[-7.002079439999932,54.408390584000074],[-7.000023103999979,54.40648561200004],[-6.995790547999945,54.40649266300005],[-6.995999885999936,54.40537194500007],[-6.987891924999929,54.407342854000035],[-6.989992097999959,54.407722644000046],[-6.98917867199998,54.40946574700007],[-6.97876645599996,54.40857254200006],[-6.980994095999961,54.40762723700004],[-6.976733558999967,54.40587233100007],[-6.978267711999933,54.40170529000005],[-6.975070234999976,54.40001778100003],[-6.967161953999948,54.40137193000004],[-6.959063432999926,54.39780689500003],[-6.959631060999925,54.392224096000064],[-6.948749943999928,54.39011256100008],[-6.944041326999979,54.39109681300005],[-6.945568545999947,54.38720889200005],[-6.937842007999961,54.38311443600003],[-6.933323943999937,54.38463564600005],[-6.923740143999964,54.38289072600003],[-6.928630314999964,54.381740068000056],[-6.928775487999928,54.37989839000005],[-6.933169395999926,54.37991871400004],[-6.932754381999928,54.37789055600007],[-6.93068306899994,54.37572002100006],[-6.927456990999929,54.37687825800003],[-6.926181490999966,54.37582196900007],[-6.924858837999977,54.37751048800004],[-6.92180194599996,54.37758977100003],[-6.922403569999972,54.378660069000034],[-6.919464006999931,54.378377742000055],[-6.911190767999926,54.37468985100003],[-6.912375879999956,54.37183258600004],[-6.906696230999955,54.369511602000046],[-6.910585362999939,54.36531526300007],[-6.907218300999943,54.36110473100007],[-6.902957010999955,54.36086418100007],[-6.905633819999935,54.35994405000008],[-6.906316756999956,54.35038737700006],[-6.90006286199997,54.349605430000054],[-6.893222045999948,54.351159048000056],[-6.887515735999955,54.34891383900003],[-6.886291264999954,54.34599363700005],[-6.885192743999937,54.34742433100007],[-6.875936881999962,54.34651190900007],[-6.875536713999963,54.33852534300007],[-6.868100718999926,54.33072579700007],[-6.866420532999939,54.33184984400003],[-6.866275694999956,54.33001647900005],[-6.863865128999976,54.33009499600007],[-6.865685857999949,54.32648026100003],[-6.863656007999964,54.32485589800007],[-6.86332843799994,54.31531438300004],[-6.85633433299995,54.31354997200003],[-6.85948798499993,54.308032540000056],[-6.857427394999945,54.30669368100007],[-6.859041583999954,54.30380833600003],[-6.853291913999954,54.30124572200003],[-6.85079946999997,54.29729502600003],[-6.853113682999947,54.29461459400005],[-6.851541798999961,54.291499728000076],[-6.86050579099998,54.289063715000054],[-6.859072199999957,54.281834709000066],[-6.868018626999969,54.28211496400007],[-6.867711695999958,54.285697121000055],[-6.872292424999955,54.28794030700004],[-6.877847911999936,54.285111666000034],[-6.874701737999942,54.282025641000075],[-6.877909494999926,54.27908699400007],[-6.865447728999925,54.27453086700007],[-6.865559024999925,54.26968079200003],[-6.85844248199993,54.26838188900007],[-6.852620385999955,54.26904359900004],[-6.85181023399997,54.26500456400004],[-6.844113259999972,54.26684174400003],[-6.84116643699997,54.26566251400004],[-6.839353177999953,54.26772331900003],[-6.83323803299993,54.26224220800003],[-6.827741818999925,54.261427594000054],[-6.829106123999964,54.247452613000064],[-6.818987253999978,54.238464829000065],[-6.819782987999929,54.23261329600007],[-6.815019093999979,54.22720702600003],[-6.816203125999948,54.22299280900006],[-6.808646344999943,54.22470701600008],[-6.800342540999964,54.22110334600006],[-6.802347564999934,54.21520841000006],[-6.801030264999952,54.21312744100004],[-6.79674048499993,54.21270817200008],[-6.795159569999953,54.20909463000004],[-6.785714858999938,54.20673488600005],[-6.775379406999946,54.19888719900007],[-6.768686461999948,54.20059401100008],[-6.766214243999968,54.19853334900006],[-6.755892286999938,54.199020432000054],[-6.745461859999978,54.18850378600007],[-6.744593387999942,54.18427416000003],[-6.74053317299996,54.181882202000054],[-6.738593866999963,54.18152287000004],[-6.735066526999958,54.18579067100006],[-6.727385083999934,54.18243340100008],[-6.720941399999958,54.18201469400003],[-6.720900358999927,54.18715497200003],[-6.712970473999974,54.191419444000076],[-6.71414458199996,54.19460278500003],[-6.710087017999967,54.198058020000076],[-6.70587035099993,54.20007746500005],[-6.69538386399995,54.19894494200008],[-6.691848618999927,54.20022356700008],[-6.687778786999957,54.19488506500005],[-6.682754991999957,54.19316397600005],[-6.678366611999934,54.195646586000066],[-6.67349497999993,54.19217215500004],[-6.66508470499997,54.193190091000076],[-6.658618734999948,54.18475744700004],[-6.649199263999947,54.17963588400005],[-6.64404239299995,54.17976283100006],[-6.642603961999953,54.17564038800003],[-6.635747373999948,54.17092821500006],[-6.634593500999927,54.16144658400003],[-6.629721650999954,54.15341096000003],[-6.63160751099997,54.147055469000065],[-6.63679579799998,54.146169513000075],[-6.637038295999957,54.14331243400005],[-6.640741236999929,54.14198741600006],[-6.639787836999972,54.13164117100007],[-6.649784982999961,54.12943703700006],[-6.649111656999935,54.12737159400007],[-6.651012062999939,54.12700016100007],[-6.64856677399996,54.12159042600007],[-6.651681581999981,54.121478781000064],[-6.656427934999954,54.12404585000007],[-6.660442191999948,54.12408373800008],[-6.661225218999959,54.12265144400004],[-6.660726362999981,54.11735611900008],[-6.645434389999934,54.10062665500004],[-6.645082402999947,54.09596937200007],[-6.652044467999929,54.092981648000034],[-6.658862063999948,54.096136983000065],[-6.66199086599994,54.09256953700003],[-6.65878242499997,54.08759942200004],[-6.655626726999969,54.08709059900008],[-6.658710008999947,54.08392552200007],[-6.658171055999958,54.07614891000003],[-6.661206487999948,54.073749657000064],[-6.668475724999951,54.07376966500004],[-6.668857178999929,54.07245378500005],[-6.664477108999961,54.06979976900004],[-6.665087851999942,54.06628090100003],[-6.661106580999956,54.062879398000064],[-6.64992714999994,54.06150011100004],[-6.646677907999958,54.05884396500005],[-6.647756822999952,54.057083884000065],[-6.644842424999979,54.05288964700003],[-6.63963236799998,54.05000176400006],[-6.640676830999951,54.048194039000066],[-6.635778069999958,54.04551082900008],[-6.635774875999971,54.043850390000046],[-6.630029307999962,54.04336248800007],[-6.623755253999946,54.03647200900008],[-6.623446204999937,54.03890647800006],[-6.617414983999936,54.03900192400005],[-6.616174091999937,54.04258831000004],[-6.606589963999966,54.03966663400007],[-6.604596103999938,54.04498048900007],[-6.598347498999942,54.04578305700005],[-6.594915785999945,54.04459350800005]]],[[[-8.544542556999943,54.59873593600008],[-8.545782694999957,54.59782985700008],[-8.547616124999934,54.598735469000076],[-8.544542556999943,54.59873593600008]]],[[[-8.139359062999972,54.618509939000035],[-8.136199687999977,54.61781774200006],[-8.141572742999927,54.616157446000045],[-8.142558118999943,54.61794802900005],[-8.139359062999972,54.618509939000035]]],[[[-8.13932318299993,54.62488862300006],[-8.135551591999956,54.623700574000054],[-8.145664770999929,54.62249381600003],[-8.141138571999932,54.62576704300005],[-8.13932318299993,54.62488862300006]]],[[[-8.133197130999974,54.64039847600003],[-8.139308908999965,54.63605161600003],[-8.14237931699995,54.636183333000076],[-8.14193466599994,54.63804784600006],[-8.133197130999974,54.64039847600003]]],[[[-8.828419850999978,54.66842155300003],[-8.825330855999937,54.66443696600004],[-8.822363362999965,54.663717416000054],[-8.826086074999978,54.66051561300003],[-8.829742128999953,54.66276426700006],[-8.829747570999928,54.66097098800003],[-8.833349856999973,54.66213556100007],[-8.83277107999993,54.66378302500004],[-8.830753690999927,54.662394178000056],[-8.830195058999948,54.66753016000007],[-8.831856666999954,54.667258281000045],[-8.828419850999978,54.66842155300003]]],[[[-8.489749426999936,54.76228792900008],[-8.489220571999965,54.76109767600008],[-8.49244605499996,54.76118557900003],[-8.489749426999936,54.76228792900008]]],[[[-8.69158716499993,54.764460935000045],[-8.691511029999958,54.763154229000065],[-8.694180956999958,54.76376030200004],[-8.69158716499993,54.764460935000045]]],[[[-8.602125952999927,54.77973681700007],[-8.60262264399995,54.77703050400004],[-8.605523233999975,54.77843289800006],[-8.602125952999927,54.77973681700007]]],[[[-8.447754543999963,54.78347702700006],[-8.448043393999967,54.78216565400004],[-8.45038743899994,54.78330731600005],[-8.449203521999948,54.784408460000066],[-8.447754543999963,54.78347702700006]]],[[[-8.55856502499995,54.81330709200006],[-8.557790860999944,54.812061612000036],[-8.56285943499995,54.81336583600006],[-8.55856502499995,54.81330709200006]]],[[[-8.55686529899998,54.83257579600007],[-8.558005975999947,54.83038074700005],[-8.560933746999979,54.83182988000004],[-8.55686529899998,54.83257579600007]]],[[[-8.455012819999979,54.85021524500007],[-8.44912434899993,54.84815735500007],[-8.451676998999972,54.84716866500003],[-8.451168458999973,54.84489409400004],[-8.458258372999978,54.84566851100004],[-8.463479631999974,54.84859473800003],[-8.455012819999979,54.85021524500007]]],[[[-8.532936037999946,54.87032874700003],[-8.531421318999946,54.869706234000034],[-8.537948072999939,54.86903320700003],[-8.537697211999955,54.870456948000026],[-8.532091786999956,54.871672912000065],[-8.532936037999946,54.87032874700003]]],[[[-8.399354641999935,54.94785040600004],[-8.394319785999926,54.94730135700007],[-8.39413503399993,54.94505129700008],[-8.399979506999955,54.94637414200008],[-8.399354641999935,54.94785040600004]]],[[[-8.428624137999975,54.95153160800004],[-8.42168795899994,54.95083747800004],[-8.420627123999964,54.94803253900005],[-8.424963463999973,54.94617141200007],[-8.428428589999953,54.94790250800003],[-8.42835060799996,54.94545255500003],[-8.431444172999932,54.94703811900007],[-8.431480201999932,54.95021846100008],[-8.429141018999928,54.94976006100006],[-8.428624137999975,54.95153160800004]]],[[[-8.430782618999956,54.95312022100006],[-8.43355835799997,54.95286542700006],[-8.433529010999962,54.95533411300005],[-8.430782618999956,54.95312022100006]]],[[[-8.497255123999935,54.95884972400006],[-8.490876688999947,54.95818708400003],[-8.490936422999937,54.95460222100007],[-8.498866834999944,54.95604128600007],[-8.499755639999933,54.958239795000054],[-8.497255123999935,54.95884972400006]]],[[[-8.450835147999953,54.95950028100003],[-8.455268015999934,54.95912608900005],[-8.452486577999935,54.96120390700003],[-8.450835147999953,54.95950028100003]]],[[[-8.441182786999946,54.961411628000064],[-8.438167740999972,54.960604266000075],[-8.43781849499993,54.958003037000026],[-8.434123198999941,54.95561586200006],[-8.437204875999953,54.951067453000064],[-8.445207481999944,54.94882380900003],[-8.454982086999962,54.950505656000075],[-8.455701114999954,54.95189842600007],[-8.452877042999944,54.953070714000035],[-8.456998666999937,54.952208288000065],[-8.456878959999926,54.95401502200008],[-8.454236881999975,54.954389407000065],[-8.45843065899993,54.954647547000036],[-8.45767669299994,54.95574716600004],[-8.44274282799995,54.96209075500008],[-8.441182786999946,54.961411628000064]]],[[[-8.422456071999932,54.967230131000065],[-8.422233366999933,54.964492405000044],[-8.424585314999945,54.96710761500003],[-8.422456071999932,54.967230131000065]]],[[[-8.436168332999955,54.97320533900006],[-8.43243838899997,54.969271330000026],[-8.433700151999972,54.96808099900005],[-8.434922594999932,54.97057922500005],[-8.437593318999973,54.97006524200003],[-8.436168332999955,54.97320533900006]]],[[[-8.57342521499993,54.98258451500004],[-8.571348071999978,54.98143129200008],[-8.574436170999945,54.97883306600005],[-8.575641262999966,54.98115472900008],[-8.57342521499993,54.98258451500004]]],[[[-8.46367309599998,54.98298596800004],[-8.455727714999966,54.980787838000026],[-8.45375125499993,54.978141778000065],[-8.448838312999953,54.97638780700004],[-8.446480815999962,54.970463393000045],[-8.455066762999934,54.96912063100007],[-8.467267049999975,54.974094312000034],[-8.46367309599998,54.98298596800004]]],[[[-8.456886151999981,54.98354950000004],[-8.454130048999957,54.983294982000075],[-8.45353524899997,54.98088314700004],[-8.456886151999981,54.98354950000004]]],[[[-8.461887396999941,54.99134943800004],[-8.454555204999963,54.98873951200005],[-8.453149142999962,54.98479388700008],[-8.460003461999975,54.983419740000045],[-8.462130911999964,54.98435060800006],[-8.465734555999973,54.99093850700007],[-8.461887396999941,54.99134943800004]]],[[[-8.450078596999958,54.99156137600005],[-8.441783087999966,54.988776931000075],[-8.445273113999974,54.98707188600008],[-8.452803451999955,54.991797424000026],[-8.450078596999958,54.99156137600005]]],[[[-8.476154727999926,54.994325771000035],[-8.468026209999948,54.99208441700006],[-8.465518475999943,54.987649170000054],[-8.468955387999927,54.98810172900005],[-8.47180913099993,54.99169551800003],[-8.478738911999926,54.99250398300006],[-8.479062475999967,54.993949763000046],[-8.476154727999926,54.994325771000035]]],[[[-8.471934934999979,54.995321413000056],[-8.470317689999945,54.99423586300003],[-8.473343260999968,54.99428694000005],[-8.473699203999956,54.996742795000046],[-8.471934934999979,54.995321413000056]]],[[[-8.456038513999943,54.99684632800006],[-8.452381522999929,54.996299443000055],[-8.452916354999957,54.99331161900005],[-8.458450544999948,54.99574752700005],[-8.456038513999943,54.99684632800006]]],[[[-8.458881718999976,55.00135858300007],[-8.45276367899993,54.999485306000054],[-8.46043229299994,54.99811213500004],[-8.46224222799998,55.000748876000046],[-8.458881718999976,55.00135858300007]]],[[[-8.447405603999925,55.01133003400008],[-8.446371529999965,55.00916167100007],[-8.45236209099994,55.00655501500006],[-8.454301639999926,55.00959482900004],[-8.451748413999951,55.01120088400006],[-8.448390353999969,55.00965893600005],[-8.447405603999925,55.01133003400008]]],[[[-8.542005694999943,55.02209507800006],[-8.53665719999998,55.02149752500003],[-8.535068133999971,55.01806343900006],[-8.529697769999927,55.016808008000055],[-8.53084649899995,55.01472248600004],[-8.52881666199994,55.014163041000074],[-8.53098939499995,55.01209126500004],[-8.521610672999941,55.01181788900004],[-8.512999738999952,55.00421960700004],[-8.509774575999927,55.00466963200006],[-8.51085767799998,55.007455262000065],[-8.50873795299998,55.00745212100003],[-8.507231776999959,55.006004106000034],[-8.503456142999937,55.00660235300006],[-8.50459458599994,55.00583110300005],[-8.501594237999939,55.00571364500007],[-8.500032565999959,55.00316720100005],[-8.496837229999926,55.00371081000003],[-8.495196936999946,55.002411160000065],[-8.498138507999954,55.00021445900006],[-8.496368493999967,54.99772921400006],[-8.49991924099993,54.995128245000046],[-8.495523868999953,54.98980161000003],[-8.49713139499994,54.987220594000064],[-8.493974137999942,54.98584240800005],[-8.490944870999954,54.98684968600003],[-8.48837490699998,54.98489513100003],[-8.486992739999948,54.973565431000054],[-8.491421503999959,54.97425059100004],[-8.494862019999971,54.97303544600004],[-8.494734297999969,54.974864610000054],[-8.497099563999939,54.975053778000074],[-8.500575724999976,54.97436177700007],[-8.502655007999977,54.97160424600003],[-8.518148734999954,54.97359351500006],[-8.52257015899994,54.97176988700005],[-8.520031176999964,54.96932867900006],[-8.522901753999975,54.96854181700007],[-8.527217633999953,54.97003864800007],[-8.528231391999952,54.973425915000064],[-8.545885276999968,54.97301034900005],[-8.554604925999968,54.97421925300006],[-8.554604995999966,54.97526369800005],[-8.558906811999975,54.97463421100008],[-8.558925063999936,54.97646346000005],[-8.561595950999958,54.975178018000065],[-8.56162795199998,54.97644584400007],[-8.564841446999935,54.97565329000008],[-8.568022793999944,54.97687696100007],[-8.56520259599995,54.97822330000008],[-8.566005034999932,54.97998139100008],[-8.569403529999931,54.97878388100003],[-8.567790403999936,54.98162815500007],[-8.56312124599998,54.98398274200008],[-8.558966686999952,54.98321468900008],[-8.558181010999931,54.984738449000076],[-8.562415315999942,54.98720187100008],[-8.560179302999927,54.98806448500005],[-8.562649226999952,54.98881012100003],[-8.563894155999947,54.99387414500006],[-8.558834550999961,54.99585141600005],[-8.557307201999947,54.99981129200006],[-8.554019990999961,54.99798287400006],[-8.551116629999967,55.000538239000036],[-8.548545850999972,54.99996847300008],[-8.546893078999972,55.002227350000055],[-8.550069116999964,55.00303132300007],[-8.545884968999928,55.00586724400006],[-8.556798736999951,55.00830984600003],[-8.556741667999972,55.010180372000036],[-8.559017059999974,55.01042236200004],[-8.556968638999933,55.011417066000035],[-8.560012988999972,55.01133070600008],[-8.562440064999976,55.014458991000026],[-8.554258926999978,55.01489110300008],[-8.551156567999953,55.012260756000046],[-8.551252081999962,55.01492475100008],[-8.545546231999936,55.012239048000026],[-8.541386314999954,55.015138938000064],[-8.541034664999927,55.01868116300005],[-8.538421866999954,55.01947412800007],[-8.543122208999932,55.021383780000065],[-8.542005694999943,55.02209507800006]]],[[[-8.423060354999961,55.02423347900003],[-8.42574385599994,55.02299436000004],[-8.422911881999937,55.02547405200005],[-8.423060354999961,55.02423347900003]]],[[[-8.410140223999974,55.04531059200008],[-8.410884052999961,55.04289396000007],[-8.41473345299994,55.04366125300004],[-8.413923594999972,55.04510711100005],[-8.410140223999974,55.04531059200008]]],[[[-8.429521114999943,55.052529004000064],[-8.426823782999975,55.05264641900004],[-8.421521631999951,55.04892779900007],[-8.419292756999937,55.04437524600007],[-8.420688750999943,55.04258652900006],[-8.416369742999962,55.038972013000034],[-8.41553156599997,55.030451837000044],[-8.408904164999967,55.027748848000044],[-8.407600951999939,55.02221623400004],[-8.412007221999943,55.01301540500003],[-8.418422887999952,55.01565746600005],[-8.42026681799996,55.01933123500004],[-8.423006854999926,55.019654735000074],[-8.42195922299993,55.02635477500007],[-8.43181870199993,55.02542320100008],[-8.438414570999953,55.02749788700004],[-8.43620354899997,55.02830757100003],[-8.436388539999939,55.03070535400008],[-8.435923799999955,55.029661737000026],[-8.433050806999972,55.03018516800006],[-8.431961418999947,55.027361099000075],[-8.429981029999965,55.02762848200007],[-8.428955952999956,55.03080289500008],[-8.423568246999935,55.03254973800006],[-8.421108895999964,55.03550195400004],[-8.424339767999982,55.04003615000005],[-8.42760037599993,55.041164870000046],[-8.427755880999939,55.04434576800003],[-8.431759683999928,55.04643564300005],[-8.429933652999978,55.051293919000045],[-8.432078840999964,55.05246873400006],[-8.429521114999943,55.052529004000064]]],[[[-7.599088755999958,55.04833475500004],[-7.601864448999947,55.04868801200007],[-7.60066444399996,55.052160092000065],[-7.59461467899996,55.05614323400005],[-7.593720855999948,55.05333118000004],[-7.599088755999958,55.04833475500004]]],[[[-8.448793388999945,55.06149741200005],[-8.44616848499993,55.060908460000064],[-8.447194680999928,55.05889975300005],[-8.440603300999953,55.055011242000035],[-8.439630030999979,55.05213351700007],[-8.448299777999978,55.04892957100003],[-8.449569494999935,55.050205032000065],[-8.451522734999969,55.048063005000074],[-8.455468743999973,55.04842333600004],[-8.458332828999971,55.05077453300004],[-8.456196226999964,55.05333202500003],[-8.46033280699993,55.053291209000065],[-8.457853499999942,55.05552907200007],[-8.46227859399994,55.057077365000055],[-8.455813502999945,55.05943121900003],[-8.454204948999973,55.05877011600006],[-8.454176299999972,55.06054349300007],[-8.452346442999954,55.05919083100008],[-8.452441213999975,55.06091416400005],[-8.448793388999945,55.06149741200005]]],[[[-8.381234314999972,55.06598889300005],[-8.378231230999972,55.06419392600003],[-8.377616233999959,55.06081665100004],[-8.381870032999927,55.06098151100008],[-8.381851816999927,55.06281065200005],[-8.385401290999937,55.06317230600007],[-8.385214704999953,55.06577643700007],[-8.381234314999972,55.06598889300005]]],[[[-8.342676584999936,55.07404935800008],[-8.342670833999932,55.07270767300008],[-8.34436741299993,55.07413241200004],[-8.342676584999936,55.07404935800008]]],[[[-8.338377948999948,55.07691675900003],[-8.333211569999946,55.07637451900007],[-8.332935438999925,55.07202795500007],[-8.338666394999962,55.07186900500005],[-8.341540848999955,55.07644820000007],[-8.338377948999948,55.07691675900003]]],[[[-8.36391188899995,55.07983029900004],[-8.361808531999941,55.07867115600004],[-8.36328322099996,55.077520367000034],[-8.36391188899995,55.07983029900004]]],[[[-8.368548671999974,55.095910900000035],[-8.358868435999966,55.09493462000006],[-8.356124196999929,55.091033019000065],[-8.358607888999927,55.09059547100003],[-8.35684265499998,55.08603076300005],[-8.34910104599993,55.08424015800006],[-8.352892336999957,55.08429289600008],[-8.360306116999936,55.08106247400008],[-8.367220545999942,55.085226471000055],[-8.370685428999934,55.08368619600003],[-8.378656546999935,55.08493482800003],[-8.37972370999995,55.08764118700003],[-8.371759037999936,55.08721163900003],[-8.372824951999974,55.088471792000064],[-8.369884919999947,55.08997130700004],[-8.378047874999936,55.09014898000004],[-8.38036074699994,55.09201627200008],[-8.377705706999961,55.09242493000005],[-8.377227345999927,55.094404789000066],[-8.373584862999962,55.09410337600008],[-8.372885613999927,55.095921915000076],[-8.370213112999977,55.09434826000006],[-8.368548671999974,55.095910900000035]]],[[[-8.367239130999963,55.10450534800003],[-8.362447550999946,55.10091862300004],[-8.36934987799998,55.10146687300005],[-8.37008686799993,55.103475039000045],[-8.368269431999977,55.102975670000035],[-8.367239130999963,55.10450534800003]]],[[[-8.339903239999956,55.108448589000034],[-8.336960618999967,55.10744416400007],[-8.333548767999957,55.108341375000066],[-8.330790123999975,55.10449891800005],[-8.336248413999954,55.10021405900005],[-8.343153622999978,55.10146832800007],[-8.343913404999967,55.10463591700005],[-8.340567523999937,55.105757451000045],[-8.339903239999956,55.108448589000034]]],[[[-7.691451078999933,55.122411373000034],[-7.689740644999972,55.122006887000055],[-7.692737905999934,55.12169190800006],[-7.691451078999933,55.122411373000034]]],[[[-8.345587318999947,55.12378354600003],[-8.338223386999971,55.122367937000035],[-8.332830679999972,55.11728598900004],[-8.327940715999944,55.11635123100007],[-8.328316850999954,55.11431047100007],[-8.33491825799996,55.11488219200004],[-8.339310479999938,55.118376811000076],[-8.338393284999938,55.11964839700005],[-8.348763505999955,55.12250327100003],[-8.345587318999947,55.12378354600003]]],[[[-8.345116361999942,55.124918027000035],[-8.344389671999977,55.12401493100003],[-8.347646741999938,55.12386204200004],[-8.345116361999942,55.124918027000035]]],[[[-7.885654736999982,55.14026173000008],[-7.886944812999957,55.14187538900006],[-7.88481995199993,55.14264287300006],[-7.885654736999982,55.14026173000008]]],[[[-8.131829224999933,55.14515759200003],[-8.129701797999928,55.14277151300007],[-8.132307638999976,55.14217778300008],[-8.131829224999933,55.14515759200003]]],[[[-7.874396702999945,55.17633873800003],[-7.872095778999949,55.17332169100007],[-7.875972626999953,55.17262297000008],[-7.878099003999978,55.176057462000074],[-7.874396702999945,55.17633873800003]]],[[[-8.180312489999949,55.18450403300005],[-8.176557568999954,55.18174991600006],[-8.178247111999951,55.18025837400006],[-8.176539256999945,55.17823250600003],[-8.170918754999946,55.177260328000045],[-8.167243713999937,55.17946631700005],[-8.163826082999947,55.17721758500005],[-8.162307098999975,55.17529139200008],[-8.164681580999968,55.16960351900008],[-8.173747903999981,55.16837155600007],[-8.17879652199997,55.17082738600004],[-8.176565086999972,55.17647932800003],[-8.185991549999926,55.17764089000008],[-8.181659116999981,55.179843481000034],[-8.183554853999965,55.18044759600008],[-8.182450880999966,55.18186831500003],[-8.185248344999934,55.18223133600003],[-8.184523541999965,55.18377626800003],[-8.180312489999949,55.18450403300005]]],[[[-7.786629719999951,55.19337646000008],[-7.783301044999973,55.19232406100008],[-7.786024551999958,55.18833301800004],[-7.796301171999971,55.18682169400006],[-7.800023347999968,55.18964584100007],[-7.79604711199994,55.19160099800007],[-7.793729344999974,55.191546179000056],[-7.792634177999958,55.18962411500007],[-7.786624741999958,55.19078491000005],[-7.786618604999944,55.19193595300004],[-7.789688884999975,55.19138384400003],[-7.787853154999937,55.19315346800005],[-7.789297074999979,55.19553311200008],[-7.786629719999951,55.19337646000008]]],[[[-8.162622644999942,55.19670933000003],[-8.163672549999944,55.19564655500005],[-8.161439431999952,55.19612250200004],[-8.162328618999936,55.19404327500007],[-8.159989908999933,55.19336311900008],[-8.161623804999977,55.186596043000065],[-8.168445469999938,55.19242983400005],[-8.168016923999971,55.19557132600005],[-8.162622644999942,55.19670933000003]]],[[[-7.796788557999946,55.197921516000065],[-7.794955221999942,55.196693321000055],[-7.79695748499995,55.19559009000005],[-7.799553163999974,55.19703480600003],[-7.796788557999946,55.197921516000065]]],[[[-7.791217187999962,55.19937217000006],[-7.790052525999954,55.19842262900005],[-7.79282256099998,55.197977895000065],[-7.791217187999962,55.19937217000006]]],[[[-8.161449146999928,55.20575782800006],[-8.159471283999949,55.20513188900003],[-8.160118817999944,55.20286201200008],[-8.163218514999926,55.20191948300004],[-8.164605501999972,55.20406610800006],[-8.161449146999928,55.20575782800006]]],[[[-7.708740033999959,55.21460483200008],[-7.704613686999949,55.21290574400007],[-7.706038335999949,55.21131498900007],[-7.709877340999981,55.21332455700008],[-7.708740033999959,55.21460483200008]]],[[[-7.838249204999954,55.23710756100007],[-7.836262376999969,55.23705212100003],[-7.839581104999979,55.236310623000065],[-7.838249204999954,55.23710756100007]]],[[[-7.760081527999944,55.24817426200008],[-7.757992158999969,55.247176154000044],[-7.759631878999926,55.24485825100004],[-7.762716108999939,55.24622350900006],[-7.760081527999944,55.24817426200008]]],[[[-8.242227793999973,55.274495880000075],[-8.241223783999942,55.27351271100008],[-8.238814293999951,55.27474397000003],[-8.240474541999959,55.27276862800005],[-8.23498934099996,55.274411685000075],[-8.23794987499997,55.27044296300005],[-8.229855932999953,55.27023874400004],[-8.229137543999968,55.26770249000003],[-8.22773204799995,55.26908507300004],[-8.225628911999934,55.268028084000036],[-8.223316189999935,55.27065179400006],[-8.22320194599996,55.26854911100003],[-8.220231296999941,55.269556382000076],[-8.222891341999969,55.267351329000064],[-8.218010358999948,55.26795663900003],[-8.217562156999975,55.264894463000076],[-8.214312253999935,55.26323842700003],[-8.212914700999931,55.26484325400003],[-8.210502375999965,55.26429830300003],[-8.211201439999968,55.26256131000008],[-8.206770222999978,55.26142299400004],[-8.207343178999963,55.25955724200003],[-8.201237582999966,55.26045604700005],[-8.195299642999942,55.257241960000044],[-8.196076697999956,55.26033531600007],[-8.193668798999965,55.262514536000026],[-8.191566249999937,55.26102497000005],[-8.190570088999948,55.264133095000034],[-8.191609282999934,55.260454279000044],[-8.194043501999943,55.25934676700007],[-8.191970330999936,55.25734091800007],[-8.195467578999967,55.25571034500007],[-8.193754076999937,55.25471524200003],[-8.202448543999935,55.25332861600003],[-8.213366322999946,55.25397851900004],[-8.213541715999952,55.25644580000005],[-8.216284236999968,55.255748622000056],[-8.218330219999928,55.26011554000007],[-8.225941766999938,55.26489439100004],[-8.225882791999936,55.263071119000074],[-8.228141474999973,55.26422422100006],[-8.232111421999946,55.26127175700003],[-8.236183643999937,55.26308277500004],[-8.247730412999942,55.263907747000076],[-8.25171819999997,55.26779152100005],[-8.25139563099998,55.27304072600003],[-8.247941842999978,55.27503494600006],[-8.246194489999937,55.27345066500004],[-8.242227793999973,55.274495880000075]]],[[[-7.39823641299995,55.31807121400004],[-7.400586002999944,55.318745327000045],[-7.399474282999961,55.320333170000026],[-7.39823641299995,55.31807121400004]]],[[[-7.281208423999942,55.36921198600004],[-7.282667063999952,55.36820906400004],[-7.282239128999947,55.37004655900006],[-7.281208423999942,55.36921198600004]]],[[[-8.184949074999963,54.466128636000064],[-8.185776373999943,54.46666368800004],[-8.18605413499995,54.466652802000056],[-8.195654907999938,54.46732433200003],[-8.198079638999957,54.46915368900005],[-8.205972205999956,54.46982662000005],[-8.211373551999941,54.47212919200007],[-8.22101076399997,54.47292837400005],[-8.224155382999982,54.46986706700005],[-8.231968821999942,54.47044953000005],[-8.231374565999943,54.46708376600003],[-8.236206166999978,54.46115734300008],[-8.253826613999934,54.462216613000066],[-8.25994712399995,54.45906268400006],[-8.270640539999931,54.45978766700006],[-8.282882902999972,54.464763653000034],[-8.287809748999962,54.46261721700006],[-8.299068551999937,54.463654037000026],[-8.304469468999969,54.46812833200005],[-8.304251945999965,54.471417356000075],[-8.310055338999973,54.47190475100007],[-8.312940348999973,54.47434467100004],[-8.319734575999973,54.47233219600008],[-8.321756057999949,54.47346434100007],[-8.312235311999927,54.47906539500008],[-8.299934883999981,54.479222864000064],[-8.28796641699995,54.47686009900008],[-8.282452210999963,54.477869224000074],[-8.278306948999955,54.483451923000075],[-8.28354931499996,54.48521236000005],[-8.27979282299998,54.48510027000003],[-8.283168821999936,54.48771501400006],[-8.265819901999976,54.49094664200004],[-8.264553086999967,54.50170146600004],[-8.256907901999966,54.50933472200006],[-8.251712335999969,54.50923661300004],[-8.258119544999943,54.504229631000044],[-8.256710381999937,54.50188000500003],[-8.251740724999934,54.500202957000056],[-8.238857634999931,54.49998420000003],[-8.222122608999939,54.50312128000007],[-8.210458597999946,54.500389822000045],[-8.206021516999954,54.501095623000026],[-8.20327223399994,54.49936963500005],[-8.20340342299994,54.50030529500003],[-8.196610029999931,54.50047822100004],[-8.196373949999952,54.501650203000054],[-8.199273532999939,54.50134828300003],[-8.202382192999949,54.50329753700004],[-8.205873051999959,54.50278599300003],[-8.20503873299998,54.50451030500005],[-8.207253911999942,54.50522978300006],[-8.20437790099993,54.507458299000064],[-8.207020181999951,54.508451871000034],[-8.212063961999945,54.50633997600005],[-8.238480710999966,54.50775966600003],[-8.240500255999962,54.509080607000044],[-8.242372382999974,54.50718481900003],[-8.24733813599994,54.508734308000044],[-8.249605344999964,54.51098490000004],[-8.254008252999938,54.51177007800004],[-8.256945188999964,54.51595570200004],[-8.263556105999953,54.51855143300003],[-8.269384231999936,54.52508273900003],[-8.264375922999932,54.52836730700005],[-8.25227769099996,54.53015380700003],[-8.250323308999953,54.53483277000004],[-8.233416906999935,54.53980504000003],[-8.223311567999929,54.54593716100004],[-8.210177830999953,54.548716306000074],[-8.213122535999958,54.55937930600004],[-8.221131984999943,54.56786197900004],[-8.221371465999937,54.57162025400004],[-8.218051234999962,54.574550025000065],[-8.210175425999978,54.57172869200008],[-8.199663933999943,54.576972123000075],[-8.195394221999948,54.57699972100005],[-8.195384900999954,54.57592426600007],[-8.193749615999934,54.57747234800007],[-8.197196013999928,54.57891149500006],[-8.193021422999948,54.58373667400008],[-8.177765541999975,54.58642059300007],[-8.171858893999968,54.593868445000055],[-8.16551358299995,54.59514908700004],[-8.163263252999968,54.60512588200004],[-8.16829830499995,54.61859369300004],[-8.165616942999975,54.62448061900005],[-8.153643622999937,54.62643483700003],[-8.153908336999962,54.623785207000026],[-8.149264994999953,54.62322634700007],[-8.150896443999954,54.62300489300003],[-8.149321395999948,54.62099978100008],[-8.151057256999934,54.62285215400004],[-8.157483486999979,54.621862615000055],[-8.15310834099995,54.62020333700008],[-8.156339010999943,54.61927588200007],[-8.154636008999944,54.61758247800003],[-8.150045906999935,54.618293864000066],[-8.148722120999935,54.620559273000026],[-8.14808383199994,54.61845792000008],[-8.153664710999976,54.61671643500006],[-8.155454151999947,54.61419705800006],[-8.143147573999954,54.609007949000045],[-8.15165692599993,54.60409637600003],[-8.149314949999962,54.602347948000045],[-8.14531999299993,54.603759697000044],[-8.13483810899993,54.603340048000064],[-8.132352338999965,54.607009136000045],[-8.13399901899993,54.61037896900007],[-8.128415809999979,54.612752862000036],[-8.135600616999966,54.61406671800006],[-8.131396224999946,54.61890304900004],[-8.125367134999976,54.61791482600006],[-8.127080828999965,54.612617958000044],[-8.124968494999962,54.61385822200003],[-8.124303219999945,54.61278234700006],[-8.121748170999979,54.61684244600008],[-8.114578459999962,54.615637839000044],[-8.11361865799995,54.61257989900008],[-8.119337249999944,54.61200955500004],[-8.11945822599995,54.61070859200004],[-8.116561622999939,54.611785791000045],[-8.109779576999927,54.61113990600006],[-8.111124325999981,54.61226276100007],[-8.10702875499993,54.61299981700006],[-8.11324596999998,54.61462231100006],[-8.110759813999948,54.61628323700006],[-8.10528925799997,54.616387186000054],[-8.105950922999966,54.619444489000045],[-8.108082885999977,54.618062965000036],[-8.109212398999944,54.61974510600004],[-8.116032881999956,54.619556474000035],[-8.118182266999952,54.62396070900007],[-8.129524412999956,54.61997172200006],[-8.132044035999968,54.62340021700004],[-8.124241402999928,54.62607121700006],[-8.118419292999931,54.626119989000074],[-8.119363217999933,54.62735784300003],[-8.12795426699995,54.626484048000066],[-8.124340050999933,54.629291755000054],[-8.117873607999968,54.63111065700008],[-8.115971525999953,54.63007069200006],[-8.10755538199993,54.632773823000036],[-8.114114083999937,54.63317530900008],[-8.122216599999945,54.63064232200003],[-8.128547004999973,54.63132841400005],[-8.122624464999944,54.633928928000046],[-8.124211498999955,54.63441617600006],[-8.132956888999956,54.63082438300006],[-8.136810622999974,54.63198928300005],[-8.143900513999938,54.63044399300003],[-8.124634924999953,54.63553381500003],[-8.121501921999936,54.63841471200004],[-8.122164776999966,54.64099691500007],[-8.117064684999946,54.64309419400007],[-8.124054476999959,54.643719187000045],[-8.11581836299996,54.64812371900007],[-8.115007915999968,54.651261333000036],[-8.112367612999947,54.65177560400008],[-8.10985446099994,54.655260131000034],[-8.111706305999974,54.65546626000008],[-8.113626193999949,54.65247081900003],[-8.122777472999928,54.65109430500007],[-8.128518368999949,54.647797712000056],[-8.126426950999928,54.65245615900005],[-8.13010542099994,54.65280478100004],[-8.131784996999954,54.65071909000005],[-8.135155076999979,54.65025875200007],[-8.13635512899998,54.647624001000054],[-8.133276278999972,54.64633887400004],[-8.133777803999976,54.64364724700005],[-8.145328435999943,54.63956551900003],[-8.152735364999955,54.63484925700004],[-8.161171628999966,54.63431805700003],[-8.162058113999933,54.62842892000003],[-8.162067252999975,54.634646333000035],[-8.159761446999937,54.637503948000074],[-8.167177100999936,54.64184336000005],[-8.16258896599993,54.644260089000056],[-8.155643629999929,54.64340783000006],[-8.15415180499997,54.64616188400004],[-8.147090556999956,54.64929983500008],[-8.157874823999975,54.64638911700007],[-8.158627820999925,54.649028918000056],[-8.162738752999928,54.648105119000036],[-8.164007777999927,54.649430866000046],[-8.164028652999946,54.64784640900007],[-8.169353979999926,54.64513494200003],[-8.173956098999952,54.64444637000008],[-8.173642493999978,54.641788063000035],[-8.178231024999945,54.63960808100006],[-8.180894588999934,54.640067327000054],[-8.177603230999978,54.63893595500008],[-8.17317143699995,54.63927904900004],[-8.171716136999976,54.63605035000006],[-8.187302150999926,54.64031868300003],[-8.195860004999929,54.63455284200006],[-8.203813102999959,54.63271754200008],[-8.206019850999951,54.63052037800003],[-8.20457876599994,54.629731915000036],[-8.214626948999978,54.62959165500007],[-8.230235624999978,54.623729866000076],[-8.234009421999929,54.61825268800004],[-8.246806941999978,54.617769277000036],[-8.272138232999964,54.60681380800003],[-8.29272347799997,54.60411620900004],[-8.29856217799994,54.60133849300007],[-8.29644559899998,54.60593134700008],[-8.30064464399993,54.609105931000045],[-8.28886044199993,54.618896945000074],[-8.290652602999955,54.62280055000008],[-8.284471215999929,54.62505724700003],[-8.280335412999932,54.63174759600008],[-8.272004652999954,54.63541604900007],[-8.27769494499995,54.64268150200007],[-8.283452500999942,54.646399236000036],[-8.28777170099994,54.64682149200007],[-8.297529305999944,54.64331299200006],[-8.30289892899998,54.63862594500006],[-8.31007885699995,54.63765072800004],[-8.30933719099994,54.63668299700004],[-8.317824366999957,54.63572112600008],[-8.32833979999998,54.63210649200005],[-8.33288527999997,54.632559868000044],[-8.339156275999926,54.62971139000007],[-8.342049086999964,54.63079509000005],[-8.35403154599993,54.614259409000056],[-8.37820208599993,54.60437101400004],[-8.378260350999938,54.60166381000005],[-8.385639831999981,54.59926791300006],[-8.39274788399996,54.593490931000076],[-8.429929689999938,54.58668424800004],[-8.429281542999945,54.58285996300003],[-8.439858952999941,54.58110765600003],[-8.439329802999964,54.577783398000065],[-8.435150427999929,54.57763328600004],[-8.43900559499997,54.573730029000046],[-8.450967254999966,54.568664081000065],[-8.461518462999948,54.567186296000045],[-8.462834040999951,54.569275979000054],[-8.457136060999972,54.57064460500004],[-8.45447960699994,54.57646462000008],[-8.443115985999952,54.581763256000045],[-8.44563425399997,54.587052465000056],[-8.448350011999935,54.58767879100003],[-8.41584831299997,54.593481790000055],[-8.39847320499996,54.59847158500003],[-8.39524247299994,54.60073238900003],[-8.39552606899997,54.603275659000076],[-8.399253557999941,54.60220473600003],[-8.376335043999973,54.613606891000074],[-8.38131403799997,54.614689534000036],[-8.378350477999959,54.617845963000036],[-8.378954703999966,54.618904447000034],[-8.381137318999947,54.61834089100006],[-8.378052258999958,54.620827864000034],[-8.379242788999932,54.62387497700007],[-8.387609919999932,54.625810330000036],[-8.385684571999946,54.62674074500006],[-8.387687512999946,54.628275306000035],[-8.390151379999963,54.627884522000045],[-8.38494331399994,54.63634860800005],[-8.39168196199995,54.63546488800006],[-8.390150388999928,54.63307555600005],[-8.393442723999954,54.63066792400008],[-8.39720236599993,54.63156481500005],[-8.396809147999932,54.635316388000035],[-8.406881960999954,54.63139381800005],[-8.409440134999954,54.62716793700008],[-8.415538768999966,54.62619401000006],[-8.418676804999961,54.62377866800006],[-8.41951157099993,54.61855548800003],[-8.42522127999996,54.61703245600006],[-8.425568030999955,54.61914175600003],[-8.427730818999976,54.61722449800004],[-8.427889427999958,54.61992421000008],[-8.430539396999961,54.62046724700008],[-8.436843904999932,54.61692842200006],[-8.435977264999963,54.61401387600006],[-8.438129062999963,54.614327839000055],[-8.437779718999934,54.61632604200008],[-8.43391913399995,54.620405703000074],[-8.437297182999941,54.62221920600007],[-8.429127612999935,54.625854497000034],[-8.43139813299996,54.63187825000006],[-8.421161974999961,54.64415283300008],[-8.422567061999928,54.64727649000008],[-8.41985131599995,54.65081845800006],[-8.424335739999947,54.64727973200007],[-8.42391575299996,54.64917541300008],[-8.428196705999937,54.65092169500008],[-8.429877527999963,54.64505299600006],[-8.43574779499994,54.63799800100003],[-8.444133633999968,54.635423185000036],[-8.445532270999934,54.63292246000003],[-8.443777780999937,54.633225104000076],[-8.44377726099998,54.63161824100007],[-8.44158957899998,54.63225055600003],[-8.443444406999959,54.62903381400008],[-8.438780939999958,54.629385754000054],[-8.44189393399995,54.623573914000076],[-8.444712232999962,54.62080764400008],[-8.453530691999958,54.61858687600005],[-8.454326324999954,54.61473842000004],[-8.457946492999952,54.614610807000076],[-8.459073363999948,54.610246063000034],[-8.465382316999978,54.605429420000064],[-8.476192889999936,54.60464434900007],[-8.477460400999973,54.603468683000074],[-8.483833138999955,54.60491353200007],[-8.482729810999956,54.60750128800004],[-8.48474618399996,54.60891157100008],[-8.479155484999978,54.61484309100007],[-8.482153419999975,54.61768295100006],[-8.48619331599997,54.617159498000035],[-8.486278002999939,54.62053793900003],[-8.481789822999929,54.62407653400004],[-8.47426754299994,54.62614936800003],[-8.480602758999964,54.628324915000064],[-8.478925367999977,54.62883320800006],[-8.480407232999937,54.63123376400006],[-8.475883157999931,54.634537581000075],[-8.477626032999979,54.63692018800003],[-8.483561805999955,54.63606975500005],[-8.477894895999952,54.63577273800007],[-8.477922270999954,54.63322518600006],[-8.48907014799994,54.635152867000045],[-8.491921503999947,54.63317874000006],[-8.506309979999969,54.629649279000034],[-8.508301115999927,54.627088393000065],[-8.520168169999977,54.62543248700007],[-8.533079355999973,54.62014486400005],[-8.54134266099993,54.61943007800005],[-8.542310597999972,54.61787809200007],[-8.546133270999974,54.61789299800006],[-8.549465550999969,54.620737158000054],[-8.557489068999928,54.61978200600004],[-8.564996322999946,54.61453670900005],[-8.571245079999926,54.61292839100008],[-8.577007574999925,54.614344688000074],[-8.57845260099998,54.60982712900005],[-8.587944854999932,54.60648141000007],[-8.592572717999928,54.609175950000065],[-8.587981836999973,54.61071217300008],[-8.584366498999941,54.61670611900007],[-8.602220602999978,54.61810551500008],[-8.606966093999972,54.61723619900005],[-8.61645012699995,54.61931608700007],[-8.617481974999976,54.620649065000066],[-8.605080956999927,54.62285617400005],[-8.60297320199993,54.62680550600004],[-8.612705755999968,54.62289912500006],[-8.62401489499996,54.62324183700008],[-8.628010238999934,54.63045908500004],[-8.631245598999953,54.62985882100003],[-8.631769948999931,54.62825869300008],[-8.635460111999976,54.63100700100006],[-8.634086022999952,54.635700203000056],[-8.630859767999937,54.63649159000005],[-8.637571314999946,54.64390126500007],[-8.642837544999963,54.64666298100008],[-8.642928892999976,54.649670753000066],[-8.644233146999966,54.64381129600008],[-8.639982550999946,54.640001676000054],[-8.638928952999947,54.629951824000045],[-8.63410672599997,54.62409511900006],[-8.632189942999958,54.62339780900004],[-8.631155447999959,54.62456533100004],[-8.628739659999951,54.621876979000035],[-8.635926643999937,54.62290252400004],[-8.638960064999935,54.621170591000066],[-8.649094463999973,54.61975297200007],[-8.65855361399997,54.62253341400003],[-8.66250716199994,54.61965613500007],[-8.670358796999949,54.62145676000006],[-8.68017687799994,54.61919193500006],[-8.681928110999934,54.62035816000008],[-8.679738487999941,54.620237203000045],[-8.678880987999946,54.62277172900008],[-8.686223454999947,54.62774854000003],[-8.677745252999955,54.63208901000007],[-8.677357668999946,54.63390592800005],[-8.686280893999935,54.63551596100007],[-8.693037765999975,54.64260040200003],[-8.69719433299997,54.64158748500006],[-8.697373166999967,54.64304271300006],[-8.700719916999958,54.64370691100004],[-8.706770266999968,54.64141810800004],[-8.710448664999944,54.644332090000034],[-8.725507023999967,54.64601966600003],[-8.724431391999929,54.64914877700005],[-8.73382197199993,54.64977324300003],[-8.73985606499997,54.652456964000066],[-8.74449545999994,54.65122567100008],[-8.743709968999951,54.65252804200003],[-8.747220208999977,54.653749994000066],[-8.761901534999936,54.656576434000044],[-8.76935003899996,54.65605755400003],[-8.773253311999952,54.65740976100005],[-8.771771548999936,54.664205269000036],[-8.778838724999957,54.66410968200006],[-8.78051593899994,54.65970883400007],[-8.780331330999957,54.66187774500003],[-8.782663863999971,54.66203281600008],[-8.782610473999966,54.663583714000026],[-8.784479991999945,54.663044496000055],[-8.785452297999939,54.665563915000064],[-8.786897346999979,54.66112005100007],[-8.788644559999966,54.65990774200003],[-8.788719779999951,54.66188575500007],[-8.79147239699995,54.65988044100004],[-8.794671343999937,54.66869649100005],[-8.789379475999965,54.67222805800003],[-8.790203153999926,54.675002894000045],[-8.78693347999996,54.67303912400007],[-8.784257964999938,54.67422317300003],[-8.785632831999976,54.67689034000006],[-8.783823673999962,54.67920905200003],[-8.787603280999974,54.68421961700005],[-8.781865511999968,54.68891673200005],[-8.782640516999948,54.68991635400005],[-8.790948811999954,54.688374209000074],[-8.795701643999962,54.68939073400003],[-8.796196616999964,54.69149332500007],[-8.799926220999964,54.69215380600008],[-8.798690189999945,54.69374584900004],[-8.803412483999978,54.694884941000055],[-8.802021711999942,54.69779158800003],[-8.805742959999975,54.69858738000005],[-8.802850860999968,54.70293384400003],[-8.79795923699993,54.70205348500008],[-8.79734098199998,54.705135434000056],[-8.793536810999967,54.70638593800004],[-8.789698424999926,54.705654139000046],[-8.789265773999944,54.702184756000065],[-8.783321873999967,54.703542318000075],[-8.77993491999996,54.70135374500006],[-8.773226941999951,54.705264499000066],[-8.760543389999953,54.70668230700005],[-8.761820936999982,54.70928644500003],[-8.758805516999928,54.708290531000046],[-8.756874817999972,54.71012193000007],[-8.745427276999976,54.70731757600004],[-8.740919048999956,54.70849911200003],[-8.740180093999982,54.71201121200005],[-8.731007778999981,54.71150962100006],[-8.732088678999958,54.71297942400008],[-8.736870995999936,54.71322256500008],[-8.734582169999953,54.71440074600008],[-8.737298382999938,54.71423983100004],[-8.738419473999954,54.71215185600005],[-8.746925086999966,54.71182263000003],[-8.748746518999951,54.712794133000045],[-8.747969441999942,54.71673701000003],[-8.751537818999964,54.71704011400004],[-8.750008807999961,54.719437594000055],[-8.747447893999947,54.71891142700008],[-8.744129989999976,54.72106677100004],[-8.750222458999929,54.72280542900006],[-8.747931173999973,54.72550483900005],[-8.749621677999926,54.72779520700004],[-8.740360523999925,54.73195473000004],[-8.740096346999962,54.73505841900004],[-8.745710591999966,54.73610430100007],[-8.74541794299995,54.73859796200003],[-8.741756945999953,54.738727261000065],[-8.738220443999978,54.73679863700005],[-8.725455957999941,54.74241408700004],[-8.70894992999996,54.74491366800004],[-8.704807761999973,54.74437285800008],[-8.702156030999959,54.746958214000074],[-8.706473830999926,54.74859374700003],[-8.703534140999977,54.75055735500007],[-8.705232706999936,54.75170155600006],[-8.696395476999953,54.75551199100005],[-8.696862593999981,54.75712480800007],[-8.689369322999937,54.75778952400003],[-8.691361177999966,54.76233464300003],[-8.679365511999947,54.76012417900006],[-8.673065545999975,54.76104932700008],[-8.668879309999966,54.76323111100004],[-8.670497484999942,54.766094673000055],[-8.665224545999934,54.767359885000076],[-8.668308648999925,54.768774019000034],[-8.66771972999993,54.770419952000054],[-8.655964006999966,54.769075275000034],[-8.646347223999953,54.77287749100003],[-8.635742195999967,54.77133254900008],[-8.633123429999955,54.773334652000074],[-8.621620524999969,54.77449717300004],[-8.617057449999947,54.77680121600008],[-8.609693425999978,54.776127071000076],[-8.602072479999947,54.77691096900003],[-8.598184896999953,54.77863085800004],[-8.594664358999978,54.77746146900006],[-8.594074476999936,54.77847223500004],[-8.588901034999935,54.776257602000044],[-8.582610172999978,54.77697866300008],[-8.57568127199994,54.77579078400004],[-8.575072725999973,54.77418811700005],[-8.569362256999966,54.77441314100008],[-8.562708763999979,54.77228085400003],[-8.558790416999955,54.77327566200006],[-8.536833530999957,54.76467773400003],[-8.533543967999947,54.76462008900006],[-8.522311441999932,54.76976733600003],[-8.514805856999942,54.77030086500008],[-8.51064135699994,54.76409402500008],[-8.516202395999926,54.76126813800005],[-8.519132849999949,54.76279439900003],[-8.521858037999948,54.76105563300007],[-8.519049707999955,54.76202342600004],[-8.514155660999961,54.75894987000004],[-8.513472125999954,54.76121518700006],[-8.50256886099993,54.76052918900007],[-8.504829474999951,54.762352357000054],[-8.497845992999942,54.762414705000026],[-8.49437833299993,54.759927092000055],[-8.473274036999953,54.75765747400004],[-8.470984872999963,54.755817999000044],[-8.454403257999957,54.75658694200007],[-8.433767220999925,54.75530043600003],[-8.433496541999943,54.75800804000005],[-8.451721017999944,54.75697997800006],[-8.45554827799998,54.757201887000065],[-8.458551822999937,54.75943188000008],[-8.468153597999958,54.75970525400004],[-8.467418621999968,54.76382499600004],[-8.474150213999962,54.76413490700003],[-8.466228712999964,54.76707584400003],[-8.469044265999969,54.76626759900006],[-8.483022486999971,54.77035824500007],[-8.484018403999926,54.77182435700007],[-8.493023003999951,54.77095731000003],[-8.50418814699998,54.775033919000066],[-8.50980074399996,54.77262392400007],[-8.515885350999952,54.772119685000064],[-8.527161442999954,54.774570303000075],[-8.534466751999958,54.77991595100008],[-8.547345967999945,54.78258325300004],[-8.552702396999962,54.78603603200003],[-8.551926027999968,54.787476377000075],[-8.546930886999974,54.786964555000054],[-8.548003218999952,54.789273894000075],[-8.533373538999967,54.79030230400008],[-8.51680056999993,54.78437838600007],[-8.514234182999928,54.785020073000055],[-8.51411337999997,54.787475578000056],[-8.507761045999928,54.78707239000005],[-8.501418059999935,54.78958312900005],[-8.494144411999969,54.78757823400008],[-8.488355335999927,54.78766486100005],[-8.484771511999952,54.79184208000004],[-8.473011371999974,54.790394208000066],[-8.47078438699998,54.787789101000044],[-8.471182085999942,54.78159439700005],[-8.469686603999946,54.780878261000055],[-8.469622600999969,54.782186068000044],[-8.465887125999927,54.782698993000054],[-8.460219562999953,54.78081964000006],[-8.459588843999938,54.77590789900006],[-8.454566666999938,54.77311039300008],[-8.456557055999951,54.77145884000004],[-8.452023592999979,54.76965184000005],[-8.450728370999968,54.771701707000034],[-8.444383056999925,54.770099877000064],[-8.43689362899994,54.76688969300005],[-8.437982121999937,54.765357350000045],[-8.431886801999951,54.76487975200007],[-8.43108134299996,54.762479359000054],[-8.420215234999944,54.76334852400004],[-8.424624472999938,54.769288489000076],[-8.411413740999933,54.77461344900007],[-8.42588281999997,54.77748592000006],[-8.429045132999931,54.77370724700006],[-8.440238749999935,54.77673198300005],[-8.442391105999945,54.778526276000036],[-8.437802099999942,54.77797960600003],[-8.44014640499995,54.77878765100007],[-8.438624731999937,54.782658465000054],[-8.444115373999978,54.784324843000036],[-8.445733617999963,54.782422143000076],[-8.448466426999971,54.78516250000007],[-8.445060152999929,54.78925386700007],[-8.440951333999976,54.78774721100007],[-8.450514793999957,54.79133692200003],[-8.453285322999932,54.79041758900007],[-8.459485404999953,54.79139147300003],[-8.457246950999945,54.79376872100005],[-8.447291135999933,54.79307940000007],[-8.454957075999971,54.79403303600003],[-8.453218123999932,54.79531376400007],[-8.45693216199993,54.79922184600008],[-8.462183597999967,54.80124001000007],[-8.462668848999954,54.79913309400007],[-8.475242464999951,54.79806029000008],[-8.486868433999973,54.800975866000044],[-8.490079095999931,54.79875156500003],[-8.499050107999949,54.799366203000034],[-8.501177360999975,54.80110432600003],[-8.496800503999964,54.80106409100006],[-8.495719512999926,54.80281962200007],[-8.497575193999978,54.80858039900005],[-8.504032948999964,54.80846847000004],[-8.505120322999971,54.810199580000074],[-8.509712185999945,54.81017701500008],[-8.511409962999949,54.81218209200006],[-8.515628341999957,54.812561466000034],[-8.511300647999974,54.812712128000044],[-8.514051226999982,54.81405581200005],[-8.517329580999956,54.81351977500003],[-8.517874486999972,54.811393182000074],[-8.530149746999939,54.81264186100003],[-8.525486076999925,54.81410254600007],[-8.53126051399994,54.81671737500005],[-8.523867190999965,54.82087448200008],[-8.524539140999934,54.82411128700005],[-8.529683801999965,54.82291342800005],[-8.531237628999975,54.82516218200004],[-8.531967896999959,54.82335403900004],[-8.535403798999937,54.82414869300004],[-8.541161798999951,54.82237261900008],[-8.54932226699998,54.82426679200006],[-8.549370240999963,54.825848654000026],[-8.559454972999958,54.82473762600006],[-8.559738639999978,54.826023056000054],[-8.564700778999963,54.82619115700004],[-8.563213616999974,54.82738776700006],[-8.565242044999934,54.82793097100006],[-8.555052820999947,54.83024593600004],[-8.553199270999926,54.833810862000064],[-8.546485392999955,54.83294613500004],[-8.546654089999947,54.83418363800007],[-8.540396563999934,54.834706606000054],[-8.535685899999976,54.83361472800004],[-8.533847333999972,54.834560949000036],[-8.532492394999963,54.832269534000034],[-8.528520381999954,54.833591917000035],[-8.529113687999939,54.83175868400008],[-8.52061293099996,54.83164572800007],[-8.510733091999953,54.82810044800004],[-8.510134566999966,54.83069749200007],[-8.503590150999969,54.831465809000065],[-8.51082841799996,54.834782260000054],[-8.509383320999973,54.83591906100003],[-8.51099977299998,54.83522167800004],[-8.511612145999948,54.83682185400005],[-8.514930754999966,54.83681721500005],[-8.504996688999938,54.837625279000065],[-8.50857343599995,54.84024614100008],[-8.502543225999943,54.84006952100003],[-8.503854007999962,54.841192265000075],[-8.500663006999957,54.842923357000075],[-8.50294802999997,54.84404805500003],[-8.493425842999955,54.84793046200008],[-8.47804812499993,54.84749414200007],[-8.46370623699994,54.84076995000004],[-8.448562876999972,54.83854130600008],[-8.443724411999938,54.84189407800005],[-8.431391575999953,54.84449772900007],[-8.424833916999944,54.85154266600006],[-8.419283759999928,54.851303518000066],[-8.42395531699998,54.84899294500008],[-8.421356574999947,54.84671924200006],[-8.417966423999928,54.847472577000076],[-8.41096304499996,54.84613400500007],[-8.40589799199995,54.847487423000075],[-8.399856159999956,54.85251348600008],[-8.380230298999948,54.85142416300005],[-8.385368519999929,54.85705541800007],[-8.386215671999935,54.86883304700007],[-8.383659676999969,54.87501297300008],[-8.389819615999954,54.87616603600003],[-8.39000920799998,54.87871060300006],[-8.38082357099995,54.879379733000064],[-8.370135105999964,54.87610142500006],[-8.36534618199994,54.878583512000034],[-8.361912091999955,54.87841561600004],[-8.360438446999979,54.88264304900008],[-8.351504146999957,54.88308815500005],[-8.332752672999959,54.87727222400008],[-8.335660595999968,54.87582266000004],[-8.328989728999943,54.87648406800008],[-8.32033961999997,54.87287793200005],[-8.322933760999945,54.87639655300006],[-8.320372426999938,54.87672193100008],[-8.32271375099998,54.87776964500006],[-8.320295035999948,54.87848882700007],[-8.325131071999976,54.879772065000054],[-8.318446214999938,54.88306208600005],[-8.30951844699996,54.88398902400007],[-8.310869325999931,54.88679579700005],[-8.304503705999934,54.888238528000045],[-8.309223680999935,54.887560215000065],[-8.310880758999929,54.88907627100008],[-8.308229279999978,54.889220339000076],[-8.312939165999978,54.889381290000074],[-8.31295786499993,54.89086460800007],[-8.313529574999961,54.88893882800005],[-8.315474388999974,54.89007206000008],[-8.315271029999963,54.88868897800006],[-8.326618211999971,54.88736337200004],[-8.33841786599993,54.88997937100004],[-8.34268001199996,54.89273620100005],[-8.338433031999955,54.893915615000026],[-8.34229454399997,54.89841486100005],[-8.339440490999948,54.90334601200004],[-8.344648073999963,54.90776949700006],[-8.348016074999975,54.90726003000003],[-8.349861037999972,54.90481068500003],[-8.361391957999956,54.90249548000003],[-8.360275324999975,54.90056265700008],[-8.362961662999965,54.898800634000054],[-8.369866616999957,54.90034052000004],[-8.366716467999936,54.900661951000075],[-8.369156346999944,54.90234285200006],[-8.36825263999998,54.90461778500003],[-8.37516304899998,54.90252832800007],[-8.379851222999946,54.90451949800007],[-8.379512967999972,54.90602037200006],[-8.382860168999969,54.902466469000046],[-8.379547594999963,54.90076666700003],[-8.381198568999935,54.899663098000076],[-8.377610749999974,54.89929013300008],[-8.37766328999993,54.892570842000055],[-8.374337816999969,54.88816478000007],[-8.378955282999925,54.883851450000066],[-8.385304151999946,54.88322709000005],[-8.38896402399996,54.88876667800008],[-8.400406071999953,54.89358835300004],[-8.409238395999978,54.89477537100004],[-8.410972295999954,54.89601956700005],[-8.409658409999963,54.89814013700004],[-8.414926358999935,54.898244014000056],[-8.432407047999959,54.90354412600004],[-8.441399358999945,54.90431280800004],[-8.449153940999963,54.90759386500008],[-8.450582575999931,54.91089986000003],[-8.454265110999927,54.91061122900004],[-8.453076125999928,54.911635122000064],[-8.456428603999939,54.91306182400007],[-8.454787118999946,54.91525386600006],[-8.458553026999937,54.91857040300005],[-8.456017903999964,54.92187222600006],[-8.458056151999926,54.92372239100007],[-8.449386901999958,54.923944722000044],[-8.44425434699997,54.92780894500004],[-8.444194676999928,54.93102646400007],[-8.449257100999944,54.93465670200004],[-8.457351150999955,54.93617932700005],[-8.458779668999966,54.94200427100003],[-8.45332620399995,54.944932204000054],[-8.442760388999943,54.943702349000034],[-8.43570755199994,54.94657288600007],[-8.436521930999959,54.94432820500003],[-8.433247781999967,54.944263583000065],[-8.43365997199993,54.940960662000066],[-8.437059636999948,54.940837771000076],[-8.435918412999968,54.94010466200007],[-8.44184295599996,54.937385265000046],[-8.44853276899994,54.937217813000075],[-8.444175413999972,54.935590639000054],[-8.445857063999938,54.93462238200004],[-8.440348145999963,54.935100470000066],[-8.436747942999943,54.93724778200004],[-8.438110826999946,54.93530131800003],[-8.436099601999956,54.93420080800007],[-8.430698440999947,54.93635121600005],[-8.425930695999966,54.934684771000036],[-8.427877730999967,54.93608480900008],[-8.425877170999968,54.93668401900004],[-8.419555471999956,54.93491257000005],[-8.420527948999961,54.938640460000045],[-8.41429678999998,54.93840307900007],[-8.410288023999954,54.93664059400004],[-8.40983155799995,54.93771373800007],[-8.40876941099998,54.93613434100007],[-8.401947821999954,54.93844939300004],[-8.398372843999937,54.94165323800007],[-8.390369074999967,54.94174865000008],[-8.38778365099995,54.94419822800006],[-8.384747785999934,54.94414015500007],[-8.381019283999933,54.93923192200003],[-8.378010159999974,54.93985240200004],[-8.379549986999962,54.94264051200008],[-8.374391254999978,54.94201999300003],[-8.367345315999955,54.948225137000065],[-8.363453947999972,54.94785720600004],[-8.365747214999942,54.95082019200004],[-8.369621260999963,54.950302942000064],[-8.367392991999964,54.95132356900007],[-8.37511528799996,54.952284244000055],[-8.374843448999968,54.95371763700007],[-8.378654025999936,54.95189673200008],[-8.39761097099995,54.95737932600008],[-8.404408946999979,54.95800984600004],[-8.402159155999925,54.958698464000065],[-8.406115573999955,54.95876464000003],[-8.407090947999961,54.96137854300008],[-8.40858249799993,54.95944898100004],[-8.410344520999956,54.96111839400004],[-8.40981884799993,54.95897339900006],[-8.41357501999994,54.959135649000075],[-8.415588512999932,54.96178359500004],[-8.41341003599996,54.962719046000075],[-8.417390732999934,54.96301459000006],[-8.418072715999926,54.966537634000076],[-8.420414264999977,54.967323745000044],[-8.41801778799993,54.96906371000006],[-8.423475949999954,54.96971824900004],[-8.424610038999958,54.97221283300007],[-8.43231828599994,54.97641330500005],[-8.430899609999926,54.97817126400008],[-8.440134691999958,54.979107498000076],[-8.44087987699993,54.982205831000044],[-8.44320807899993,54.982406989000026],[-8.441435375999959,54.98334865600003],[-8.444566710999936,54.98508892700005],[-8.443202417999942,54.98654468700005],[-8.433955005999962,54.98860756300007],[-8.439496995999946,54.98817420800003],[-8.43901676799993,54.990577908000034],[-8.442790098999978,54.991043019000074],[-8.443738025999949,54.99337110100004],[-8.448025152999946,54.99525345500007],[-8.447542384999963,54.99682328600005],[-8.45238375799994,54.997124549000034],[-8.453905599999928,54.99865354900004],[-8.450714890999961,54.999271803000056],[-8.452083047999963,55.00039482600005],[-8.446784699999967,54.99994863900008],[-8.451566467999953,55.001674481000066],[-8.450473586999976,55.00638137800007],[-8.43359488599998,55.00696116200004],[-8.432650769999952,55.00947079000008],[-8.430139117999943,55.00760733000004],[-8.425286272999926,55.007093231000056],[-8.42265036599997,55.008151860000055],[-8.424125255999968,55.01130343800003],[-8.415913107999927,55.00993308300008],[-8.423991184999977,55.00652744900003],[-8.419892088999973,55.00472443600006],[-8.411484074999976,55.00604442300005],[-8.406998676999933,55.000971191000076],[-8.399346870999977,55.00213478400008],[-8.404926477999936,55.00905565800008],[-8.401584654999965,55.01291936800004],[-8.407542254999953,55.01225188800004],[-8.408761183999957,55.014752472000055],[-8.40655338199997,55.01563814700006],[-8.408680562999962,55.01698415100003],[-8.407577094999965,55.01865616400005],[-8.403246928999977,55.01980537500003],[-8.39915058899993,55.018874734000065],[-8.40048688099995,55.02100762900005],[-8.39469659499997,55.02216481600004],[-8.39578550899995,55.024429241000064],[-8.393303643999957,55.025407673000075],[-8.399555246999967,55.02613222400004],[-8.400597989999937,55.02935559900004],[-8.403703312999937,55.029551524000055],[-8.401935063999929,55.032066101000055],[-8.405339804999926,55.03230875700007],[-8.40739461499993,55.034466302000055],[-8.40403817899994,55.03433951400007],[-8.402846911999973,55.03713587100003],[-8.40049062199995,55.035893601000055],[-8.400422989999981,55.04115731600007],[-8.39795038899996,55.04111132000003],[-8.395481092999944,55.043475827000066],[-8.391921496999942,55.04313597500004],[-8.387185553999927,55.03532582100007],[-8.385081141999933,55.03636747000007],[-8.379472799999974,55.03281022800007],[-8.370830242999943,55.03651982700006],[-8.371056099999976,55.03978476200007],[-8.368159556999956,55.04011801200005],[-8.368728919999967,55.041161773000056],[-8.367575195999962,55.040349770000034],[-8.367890708999937,55.041416807000076],[-8.36036680799998,55.039683428000046],[-8.359123452999938,55.040841208000074],[-8.35721839799993,55.03876860300005],[-8.350036473999978,55.03922779900006],[-8.342667726999935,55.04841869900008],[-8.345649758999969,55.051024486000074],[-8.343249485999934,55.051493220000054],[-8.343381415999943,55.055581379000046],[-8.345475269999952,55.05723572200003],[-8.34713871799994,55.056442591000064],[-8.350710032999928,55.06010198700005],[-8.350368210999932,55.06176008300008],[-8.346983247999958,55.060671315000036],[-8.349065116999952,55.063671009000075],[-8.342909669999926,55.06092201000007],[-8.34062730599993,55.06486452900003],[-8.335072413999967,55.06466443100004],[-8.332298910999953,55.06720129200005],[-8.324686275999966,55.06540266600007],[-8.317845036999927,55.06904213400003],[-8.31933640799997,55.07046835800003],[-8.314637584999957,55.076380362000066],[-8.322645002999934,55.080348],[-8.326120531999948,55.08410675400006],[-8.32361472699995,55.08537832800005],[-8.325987569999938,55.089734700000065],[-8.315599772999974,55.09094867400006],[-8.306249167999965,55.089239099000054],[-8.310091547999946,55.085506844000065],[-8.309141576999934,55.08403872500003],[-8.303760284999953,55.08205389800003],[-8.302073142999973,55.083860223000045],[-8.303711226999951,55.08679877000003],[-8.299181684999951,55.086556243000075],[-8.297370585999943,55.083193906000076],[-8.293657762999942,55.08222502000007],[-8.29267884899997,55.08584553000003],[-8.299488337999946,55.08716217600005],[-8.301299939999979,55.08824363000008],[-8.299737605999951,55.08893431100006],[-8.302602812999964,55.08861031300006],[-8.305451888999926,55.09242343900007],[-8.307662593999964,55.09135368900007],[-8.31460145899996,55.09352276700008],[-8.313611329999958,55.09990879700007],[-8.316799163999974,55.10229947600004],[-8.315032241999972,55.102491058000055],[-8.31727822399995,55.105692530000056],[-8.314409402999956,55.106672943000035],[-8.315434041999936,55.10960291500004],[-8.313071309999941,55.11041555000003],[-8.31679367199996,55.11261575900005],[-8.310729899999956,55.11565818100007],[-8.310011108999959,55.12006164300004],[-8.303566718999946,55.11760651600008],[-8.301539830999957,55.11813645700005],[-8.30508323099997,55.12247670800008],[-8.303575394999939,55.125437145000035],[-8.295995597999934,55.12593577600006],[-8.294130475999964,55.13078700400007],[-8.296169926999937,55.137150433000045],[-8.299555709999936,55.13930676900003],[-8.287817202999975,55.14653305200005],[-8.292983852999953,55.147640902000035],[-8.296983343999955,55.15065103400008],[-8.29040566499998,55.15262553800005],[-8.284661969999945,55.15865236900004],[-8.281793776999962,55.15885067500005],[-8.273344166999948,55.15450496900007],[-8.269691541999975,55.155170930000054],[-8.25650560799994,55.152822522000065],[-8.251213835999977,55.15496191700004],[-8.24680779299996,55.15457130600004],[-8.244673807999959,55.15155383700005],[-8.24008839499993,55.151974720000055],[-8.234227183999963,55.14968855300003],[-8.228710390999936,55.149264765000055],[-8.225151618999973,55.152201511000044],[-8.219661109999947,55.15270940700003],[-8.21768712499994,55.14900611200005],[-8.212401454999963,55.14691605100006],[-8.208424014999935,55.14862943800006],[-8.199449508999976,55.14722831800003],[-8.196760433999941,55.149332009000034],[-8.176660463999951,55.14757298900008],[-8.173483972999975,55.14572810900006],[-8.165746687999956,55.14502406100007],[-8.159018668999977,55.14684418300004],[-8.153818619999981,55.15058748800004],[-8.148555794999936,55.163698553000074],[-8.134510509999927,55.16331327900008],[-8.130621338999958,55.16108855200008],[-8.12991044599994,55.15560238900008],[-8.13334821799998,55.156587337000076],[-8.135676033999971,55.153184672000066],[-8.142111271999966,55.152058185000044],[-8.141878843999962,55.15007285100006],[-8.147362649999934,55.150775570000064],[-8.144295152999973,55.148712551000074],[-8.160490593999953,55.144093328000054],[-8.160789573999978,55.142516783000076],[-8.17128573399998,55.14451742800003],[-8.169947672999967,55.14202381900003],[-8.164813502999948,55.14220753500007],[-8.15580334699996,55.13839139400005],[-8.161556455999971,55.13721625800008],[-8.15710857299996,55.13399063300005],[-8.164711194999938,55.12704117800007],[-8.157636398999955,55.126989792000074],[-8.157459139999958,55.124488711000026],[-8.15332009499997,55.12427610200007],[-8.147543062999944,55.13148046400005],[-8.145232888999942,55.131618649000075],[-8.141759501999957,55.128051163000066],[-8.136162425999942,55.127600434000044],[-8.13704175099997,55.12194955700005],[-8.140426128999934,55.120585970000036],[-8.138932570999941,55.11952994500007],[-8.132252585999936,55.12372432700005],[-8.13414972299995,55.127484379000066],[-8.13306225499997,55.13315565400006],[-8.13819701899996,55.138877481000065],[-8.136168080999937,55.14245297800005],[-8.12723832599994,55.13967482400005],[-8.12458460399995,55.136066464000066],[-8.12101288699995,55.13613076900003],[-8.122994722999977,55.14946440600005],[-8.117600527999969,55.15054585100006],[-8.116652167999973,55.152136763000044],[-8.12155119199997,55.15537728500004],[-8.121637925999948,55.154072564000046],[-8.124493944999926,55.15395933700006],[-8.122215746999927,55.15822270500007],[-8.11483102099993,55.16008763900004],[-8.090019349999977,55.16120489700006],[-8.083429726999952,55.161114342000076],[-8.08152669499998,55.159394785000075],[-8.081024839999941,55.16120928300006],[-8.068359045999955,55.16288],[-8.067020325999977,55.16532753700005],[-8.062699228999975,55.16559741200007],[-8.059373636999965,55.169930187000034],[-8.051572262999969,55.173816542000054],[-8.047975922999967,55.17450366500003],[-8.045702509999956,55.17121173400005],[-8.039939979999929,55.175136775000055],[-8.037144147999982,55.17075393200008],[-8.024354138999968,55.173634424000056],[-8.018021534999946,55.17917072400007],[-8.015661512999941,55.18414410500003],[-8.01606441599995,55.18568930300006],[-8.023767025999973,55.18686209600003],[-8.02419681799995,55.19057404400007],[-8.020337747999974,55.19116847500004],[-8.021105245999934,55.19300439300008],[-8.013082615999963,55.19626673800008],[-8.02453273599997,55.19895344400004],[-8.019489458999942,55.20482640900008],[-8.018940706999956,55.207193879000044],[-8.021184578999964,55.207727455000054],[-8.016158572999927,55.211431771000036],[-8.018188055999929,55.21187755700004],[-8.016801610999948,55.21399135300004],[-8.012723565999977,55.21525144700007],[-8.00655330099994,55.214832700000045],[-8.00370606699994,55.216384117000075],[-8.00282064199996,55.21427462300005],[-8.00131270199995,55.21471539200007],[-7.996560014999943,55.21768906800003],[-7.991783666999936,55.21848384500004],[-7.996285714999942,55.21908011700003],[-7.993886715999963,55.222437986000045],[-7.986129314999971,55.22348418000007],[-7.98243593899997,55.22678599400007],[-7.981450821999942,55.22433156000005],[-7.975172659999942,55.22364790300003],[-7.975774770999976,55.21852449900007],[-7.967656034999948,55.212766902000055],[-7.962100436999947,55.212372723000044],[-7.955979420999938,55.21471146500005],[-7.946125535999954,55.214059820000045],[-7.944763726999952,55.212704674000065],[-7.943090693999977,55.214477497000075],[-7.943780269999934,55.21279213400004],[-7.939582284999972,55.20861730300004],[-7.941665918999945,55.20795461400007],[-7.939701820999971,55.203944801000034],[-7.943808908999927,55.20156248700005],[-7.941663281999979,55.201000959000055],[-7.944806187999973,55.196528458000046],[-7.955596777999972,55.19449035100007],[-7.959454388999973,55.19087759200005],[-7.970415475999971,55.18974134500007],[-7.972056617999954,55.19179517900005],[-7.97445675199998,55.191514348000055],[-7.984546646999945,55.18700228300003],[-7.986313793999955,55.18419673800008],[-7.988349467999967,55.18530972900004],[-7.995847307999952,55.18321052400006],[-8.003691927999967,55.17295556500005],[-8.007831375999956,55.17121152000004],[-7.994411042999957,55.16972508400005],[-7.984413758999949,55.170383224000034],[-7.98939053099997,55.172567177000076],[-7.990092265999976,55.17750591400005],[-7.994725631999927,55.18099827200007],[-7.992787844999953,55.18307884400008],[-7.984292763999974,55.18274859700006],[-7.975630592999948,55.18497258000008],[-7.972303908999947,55.18358301600006],[-7.965198032999979,55.18398409000008],[-7.960504812999943,55.18556898700007],[-7.957507642999929,55.18879532600005],[-7.945770643999936,55.18156314100003],[-7.93635878799995,55.182289222000065],[-7.936265841999955,55.178589489000046],[-7.93068373899996,55.17839302300007],[-7.926300380999976,55.18039176000008],[-7.927309726999965,55.18169852200003],[-7.929397646999973,55.18104883500007],[-7.927565280999943,55.18416543200004],[-7.918542379999963,55.184583271000065],[-7.915284091999979,55.18628965200003],[-7.918716062999977,55.18683862100005],[-7.914563844999975,55.18784163300006],[-7.913932164999949,55.19142915900005],[-7.914103797999928,55.18988789400004],[-7.912156333999974,55.19069181100008],[-7.907963037999934,55.18838192700008],[-7.905360983999969,55.19133784700006],[-7.904537198999947,55.18967519700004],[-7.901474776999976,55.189441240000065],[-7.904097399999955,55.18783539700007],[-7.897296160999929,55.18850406800004],[-7.895710663999978,55.18724150700007],[-7.898896977999925,55.18659627800008],[-7.896825769999964,55.185955051000064],[-7.896521116999963,55.18239988000005],[-7.901311395999926,55.180255670000065],[-7.902300929999967,55.177754390000075],[-7.898682545999975,55.17367513100004],[-7.889614334999976,55.17216193200005],[-7.881736425999975,55.17597592800007],[-7.877748044999976,55.17319447800003],[-7.881461882999929,55.171960805000026],[-7.882295791999979,55.16958875200004],[-7.886350370999935,55.16985347200006],[-7.894132141999933,55.164325768000026],[-7.911460317999968,55.15781843000008],[-7.91506220399998,55.154971792000026],[-7.912095698999963,55.15648725800003],[-7.911125388999949,55.15504086900006],[-7.903051261999963,55.15673306500008],[-7.891825686999937,55.16124244800005],[-7.886772706999977,55.16052687700005],[-7.885499981999942,55.16301241900004],[-7.874629639999966,55.16787812000007],[-7.872059562999937,55.16628423100008],[-7.866610833999971,55.166271582000036],[-7.858637121999948,55.16897098600003],[-7.861261340999931,55.16648560900006],[-7.85814404599995,55.16503451400007],[-7.853424267999969,55.166106857000045],[-7.853277504999937,55.16465959400006],[-7.864268898999967,55.15673330700008],[-7.862471629999959,55.15480016100008],[-7.865496426999925,55.15001833000008],[-7.869633218999979,55.15078338400008],[-7.878272789999926,55.14727437100004],[-7.876655788999926,55.14979452000006],[-7.87944476399997,55.15041202000003],[-7.893693596999981,55.146415715000046],[-7.892981898999949,55.14508114900008],[-7.897498955999936,55.14316466900004],[-7.902310393999926,55.13617067700005],[-7.907571036999968,55.13348522800004],[-7.894530392999968,55.135047703000055],[-7.89263124699994,55.13878592600008],[-7.889313569999956,55.140135815000065],[-7.886364599999979,55.136787566000066],[-7.88325462499995,55.137688523000065],[-7.882723243999976,55.13667015200008],[-7.879731473999925,55.139022124000064],[-7.876767909999955,55.13848875300005],[-7.877522083999963,55.14226043300005],[-7.874620505999928,55.14475663800005],[-7.873748106999926,55.141155267000045],[-7.866745107999975,55.13892077200006],[-7.863289400999975,55.135338509000064],[-7.869453373999932,55.13085883600007],[-7.865410872999973,55.129950146000056],[-7.860788630999934,55.13115910500005],[-7.869593336999969,55.12592729100004],[-7.865474927999969,55.12814928600005],[-7.855738667999958,55.128656740000054],[-7.849911892999955,55.13350144700007],[-7.857494302999953,55.13283807600004],[-7.856624944999965,55.13569460700006],[-7.859673782999948,55.13537473100007],[-7.859792304999928,55.14001590600003],[-7.857561359999977,55.14264095900006],[-7.854486017999932,55.14270337900007],[-7.838362730999961,55.15068282100003],[-7.849229956999977,55.15524508200008],[-7.831672911999931,55.16329522800004],[-7.827038051999978,55.16968536500008],[-7.825196564999942,55.17719443900006],[-7.826548740999954,55.18265327700004],[-7.829591593999965,55.182314973000075],[-7.831707771999959,55.18426073200004],[-7.832946939999943,55.18860555900005],[-7.830331479999927,55.18957674100005],[-7.83424363599994,55.19298076100006],[-7.839292593999971,55.19454218300007],[-7.84336271899997,55.19290370700003],[-7.842088600999944,55.18961133300007],[-7.84361116499997,55.190346799000054],[-7.845859406999978,55.189080008000076],[-7.848087483999961,55.191148345000045],[-7.849808911999958,55.18912760100005],[-7.851470208999956,55.193718345000036],[-7.858560960999966,55.19407768600007],[-7.860749028999976,55.19292697800006],[-7.864556556999958,55.194935659000066],[-7.867128,55.19944697200003],[-7.873429098999964,55.20249214000006],[-7.871528847999969,55.20306726900003],[-7.874439823999978,55.20476053200008],[-7.873397846999978,55.20767370600004],[-7.869637391999959,55.20918921600003],[-7.871415663999926,55.21417272600007],[-7.865176343999963,55.215396988000066],[-7.866494214999932,55.218446322000034],[-7.870674661999942,55.22036756000006],[-7.866861550999943,55.22234737000008],[-7.867350374999944,55.22587645100003],[-7.865358448999928,55.224687576000065],[-7.866338308999957,55.22995192500008],[-7.864373443999966,55.22752193500003],[-7.860211188999926,55.22747537200007],[-7.858800119999955,55.22596317600005],[-7.856543861999967,55.22583519800003],[-7.853475089999961,55.22872837300008],[-7.853962764999949,55.227115222000066],[-7.852294097999959,55.227665072000036],[-7.852114847999928,55.22605418200004],[-7.848924341999975,55.22578194500005],[-7.847652494999977,55.22989270000005],[-7.842227002999948,55.23206161500008],[-7.834745424999937,55.23016387300004],[-7.836234505999926,55.22901207700005],[-7.830424893999975,55.22712161000004],[-7.828127944999949,55.22441709600008],[-7.817144734999943,55.22550880300008],[-7.813790540999946,55.23112347000006],[-7.820508454999981,55.23298200800008],[-7.819241100999932,55.23500614400007],[-7.822213859999977,55.23578779800005],[-7.822144291999962,55.23785216400006],[-7.818959623999945,55.23839165800007],[-7.812186259999976,55.236444997000035],[-7.807480687999941,55.237164687000075],[-7.806729252999958,55.24381259000006],[-7.803294838999932,55.24268148600004],[-7.809113876999959,55.245540463000054],[-7.803856649999943,55.24785343900004],[-7.805471893999936,55.251121400000045],[-7.802388888999928,55.248849645000064],[-7.793285032999961,55.25033045600003],[-7.793166912999936,55.247351336000065],[-7.789235762999965,55.247238303000074],[-7.789938124999935,55.25363519100006],[-7.787478405999934,55.25745703200005],[-7.783051531999945,55.25193516200005],[-7.790491338999971,55.24151130200005],[-7.787192480999977,55.237758332000055],[-7.788627666999957,55.23166065500004],[-7.791376603999936,55.231877051000026],[-7.793348820999938,55.22945877300003],[-7.788620571999957,55.22484917500003],[-7.794058149999955,55.224851079000075],[-7.796624527999938,55.22226369400005],[-7.800643905999948,55.221455098000035],[-7.806898045999958,55.217137308000076],[-7.805061174999935,55.216487924000035],[-7.806587238999953,55.21298179300004],[-7.806369551999978,55.21616472800008],[-7.808273343999929,55.21600249800008],[-7.807305364999934,55.20437241900004],[-7.816892861999975,55.198983869000074],[-7.81006197499994,55.195391544000074],[-7.800679933999959,55.186756381000066],[-7.801338256999941,55.18539833600005],[-7.80404614899993,55.18550133600007],[-7.806936486999973,55.17764904500007],[-7.796538940999937,55.177190523000036],[-7.794327309999971,55.18457519100008],[-7.788019470999927,55.17979019900008],[-7.78578695799996,55.18030607900005],[-7.787899335999953,55.182102298000075],[-7.784815944999934,55.18451916100008],[-7.767773552999927,55.18295332100007],[-7.765404800999931,55.18504625600008],[-7.768865314999971,55.186077322000074],[-7.764551787999949,55.18847447200005],[-7.759781252999971,55.187628688000075],[-7.759508308999955,55.18519885100005],[-7.755802919999951,55.18603718000003],[-7.755183335999959,55.18331431800004],[-7.750243764999937,55.18154473800007],[-7.753346002999933,55.18014033400004],[-7.753414051999926,55.17782790000007],[-7.742667551999943,55.173143097000036],[-7.745223915999929,55.18024311800008],[-7.740856589999964,55.18135360900004],[-7.72921694799993,55.165979400000026],[-7.727124489999937,55.166648535000036],[-7.718695578999927,55.159081901000036],[-7.713718742999959,55.16118385100003],[-7.720278641999926,55.165604220000034],[-7.723188300999936,55.165232022000055],[-7.727918863999946,55.16785400800006],[-7.729092385999934,55.17522203200008],[-7.725524800999949,55.17491965000005],[-7.71922520499993,55.16922361300004],[-7.712022497999953,55.16693140600006],[-7.707937070999947,55.162591303000056],[-7.707312864999949,55.15723531200007],[-7.699497575999942,55.155870090000064],[-7.697914658999935,55.15264706500005],[-7.694000935999952,55.15123151900008],[-7.696398153999951,55.14361368600004],[-7.693228341999941,55.14277283600006],[-7.689478836999967,55.14454712600008],[-7.688732564999953,55.14328835800006],[-7.696090585999968,55.136462367000036],[-7.69592258299997,55.13255397200004],[-7.697915543999954,55.128390781000064],[-7.700413279999964,55.127716117000034],[-7.706630876999952,55.11305700400004],[-7.707747576999964,55.11593639300003],[-7.708843049999928,55.11346497800008],[-7.705532629999936,55.111402534000035],[-7.706890597999973,55.106381559000056],[-7.717681927999934,55.096894432000056],[-7.705873500999928,55.10297372400004],[-7.702204862999963,55.107042189000026],[-7.699123007999958,55.10629934900004],[-7.701331577999952,55.104261989000065],[-7.69932332999997,55.105595652000034],[-7.699719871999946,55.10284931100006],[-7.695981281999934,55.10587631300007],[-7.692995885999949,55.10448665000007],[-7.697249015999944,55.09925124000006],[-7.695193481999979,55.09883731800005],[-7.686406685999941,55.10646358200006],[-7.691983620999963,55.11236063800004],[-7.688447604999965,55.11423743000006],[-7.688730085999964,55.117591126000036],[-7.677613650999945,55.13044663100004],[-7.683637130999955,55.13261704700005],[-7.67545568099996,55.13547754500007],[-7.674519975999942,55.14026265200005],[-7.669595433999973,55.14258119400006],[-7.669186365999963,55.14169219400003],[-7.669190027999946,55.15143781000006],[-7.664570969999943,55.15872008200006],[-7.680155614999933,55.165150510000046],[-7.681835287999945,55.169233742000074],[-7.679488556999956,55.174043795000046],[-7.683435448999944,55.18232567600006],[-7.685607373999972,55.17973329900008],[-7.689031782999962,55.181824325000036],[-7.691619687999946,55.177278959000034],[-7.697372145999964,55.17848924100008],[-7.697869584999978,55.18096124300007],[-7.701494827999966,55.18008681400005],[-7.701444418999927,55.18349077500005],[-7.697186637999948,55.18431891800003],[-7.695891592999942,55.18710779200006],[-7.693444153999963,55.18668491400007],[-7.695103738999933,55.193019184000036],[-7.698267252999926,55.18891551100006],[-7.703498776999936,55.188470523000035],[-7.712102425999944,55.19107479300004],[-7.71412201499993,55.19610273200004],[-7.716518181999959,55.19629126900003],[-7.713204109999936,55.19868399900008],[-7.712929712999937,55.20186494200004],[-7.70851821399998,55.20237491700004],[-7.702588759999969,55.20077365700007],[-7.702808110999968,55.197929428000066],[-7.696384411999929,55.196193711000035],[-7.698132340999962,55.200083075000066],[-7.699822797999957,55.19845318300003],[-7.701390754999977,55.19937743500003],[-7.69667930199995,55.203080783000075],[-7.700504618999958,55.208713199000044],[-7.69918006499995,55.21096665700003],[-7.705904116999932,55.21399064500008],[-7.707862080999973,55.217473658000074],[-7.703327659999957,55.21513394100003],[-7.704795829999966,55.218673867000064],[-7.700658782999938,55.22547869300007],[-7.706040008999935,55.22457940700008],[-7.70937384399997,55.230242976000056],[-7.714521898999976,55.22714637100006],[-7.714184091999925,55.223818840000035],[-7.718921450999972,55.22508366200003],[-7.723274165999953,55.22042813300004],[-7.721946812999931,55.21985550200003],[-7.72060208399995,55.221766288000026],[-7.722942779999926,55.21843189200007],[-7.720431744999928,55.21478868500003],[-7.721349134999969,55.210083602000054],[-7.71895739699994,55.208360594000055],[-7.720226693999962,55.205696182000054],[-7.717412664999927,55.20515025900005],[-7.71455539699997,55.20787049300003],[-7.711703021999938,55.20589828200008],[-7.716016707999927,55.20238736500005],[-7.716294619999928,55.19965012600005],[-7.722235049999938,55.19930027000004],[-7.715900083999941,55.18789709100008],[-7.719013590999964,55.18756354100003],[-7.71648728599996,55.18480379400006],[-7.714867070999958,55.18747782200006],[-7.710197644999937,55.18666901000006],[-7.706183407999958,55.18086979100008],[-7.705222638999942,55.18198947600007],[-7.704259599999943,55.18117797200006],[-7.712642636999931,55.17577384400005],[-7.70945839999996,55.172994594000045],[-7.708621741999934,55.16957000100007],[-7.710537903999978,55.16892250700005],[-7.718443253999965,55.17613075100007],[-7.73904177299994,55.18342227900007],[-7.746518908999974,55.18790633000003],[-7.748343137999939,55.19332877900007],[-7.742925788999969,55.19019333800003],[-7.738054443999943,55.18954526600004],[-7.734009972999957,55.193197447000045],[-7.735094147999973,55.19593461100004],[-7.74580911299995,55.19929078300004],[-7.752272048999941,55.19664385500005],[-7.750195447999943,55.194406152000056],[-7.751984162999975,55.19286355100007],[-7.75733448699998,55.19344068500004],[-7.762444779999953,55.19035819900006],[-7.770896271999959,55.19121795400008],[-7.777994556999943,55.19877410600003],[-7.779951653999944,55.20426922400003],[-7.783478308999975,55.20534552100003],[-7.786982530999978,55.20367936000008],[-7.795321441999931,55.206233619000045],[-7.79889843899997,55.21550380800005],[-7.794035900999972,55.22056565400004],[-7.782933014999969,55.223795288000076],[-7.781040261999976,55.222498829000074],[-7.779135185999962,55.22501559800003],[-7.767973457999972,55.22948093300005],[-7.764881653999964,55.232048717000055],[-7.766412919999937,55.23342252700007],[-7.757686233999948,55.23427683800003],[-7.756911590999948,55.23606658700004],[-7.759996477999948,55.23752334100004],[-7.752291562999972,55.23663434800005],[-7.752304909999964,55.238152297000056],[-7.760013760999925,55.24232658800008],[-7.756142027999942,55.24256181800007],[-7.753634961999978,55.24529060300006],[-7.755513685999972,55.24779455000004],[-7.749810028999946,55.24928496500007],[-7.752485153999942,55.25058315000007],[-7.750695795999945,55.25130642100004],[-7.758514454999954,55.254388204000065],[-7.758798196999976,55.256942682000044],[-7.754366068999957,55.25753987600007],[-7.751776252999946,55.25348577600005],[-7.746643283999958,55.25103766400008],[-7.743170484999951,55.25296592400008],[-7.741648616999953,55.249127678000036],[-7.738309300999958,55.249854431000074],[-7.73972217499994,55.25079927400003],[-7.737550916999965,55.252110635000065],[-7.733319027999926,55.25157252400004],[-7.730554810999934,55.25507352400007],[-7.727205487999981,55.24770633300005],[-7.717906139999968,55.24657132800007],[-7.70659644899996,55.248384345000034],[-7.702189197999928,55.247689010000045],[-7.694270636999931,55.251535139000055],[-7.691510782999956,55.25508351500008],[-7.694343905999972,55.25598756100004],[-7.692852594999977,55.257574454000064],[-7.69461055499994,55.25971662300003],[-7.692223610999974,55.25981856400006],[-7.694214195999962,55.26446481500005],[-7.689744483999959,55.264136301000065],[-7.685342033999973,55.26179589700007],[-7.676104639999949,55.26380507700003],[-7.673279186999935,55.26553587400008],[-7.672794129999943,55.26897140600005],[-7.666464141999938,55.27041177800004],[-7.66215320699996,55.274816686000065],[-7.659198416999971,55.27468180900007],[-7.659329657999933,55.277476928000056],[-7.655007057999967,55.27674641500005],[-7.649280656999963,55.27895631600006],[-7.643486152999969,55.275844283000026],[-7.640954506999947,55.277346238000064],[-7.632228157999975,55.27756890300003],[-7.633874305999939,55.275913580000065],[-7.630969019999952,55.27616929000004],[-7.635454941999967,55.274363305000065],[-7.636792156999945,55.27173350100003],[-7.626186441999948,55.26974763800007],[-7.62764444499993,55.266547856000045],[-7.624074424999947,55.258939386000065],[-7.616569474999949,55.255920736000064],[-7.619003673999941,55.24986103600003],[-7.615958019999937,55.24522575200007],[-7.614047055999947,55.24555956800003],[-7.614675691999935,55.23670842200005],[-7.610881789999951,55.23371754100003],[-7.608116209999935,55.23576347000005],[-7.609820188999947,55.23311059500003],[-7.60552187899998,55.23410835000004],[-7.603254592999974,55.23122409700005],[-7.608382334999931,55.22318614400007],[-7.607336747999966,55.216948726000055],[-7.614866770999981,55.20957728500008],[-7.625932101999979,55.20425310200005],[-7.614273121999929,55.192023610000035],[-7.615316640999936,55.19054002400003],[-7.607171558999937,55.18974198600006],[-7.59730058599996,55.18547983500008],[-7.593582237999954,55.18829491500003],[-7.587849049999932,55.18786026300006],[-7.580553074999955,55.182862724000074],[-7.578496075999965,55.18332938100008],[-7.576176138999926,55.180864272000065],[-7.572614897999927,55.18065477500005],[-7.573319079999976,55.17932146000004],[-7.57167855299997,55.18027087100006],[-7.570516048999934,55.17516750100003],[-7.576733025999943,55.17200180700007],[-7.577218959999925,55.16966290900007],[-7.572752428999934,55.16787720500008],[-7.573717601999931,55.166283115000056],[-7.568338247999975,55.16546069800006],[-7.565733746999967,55.16234236500003],[-7.561001500999964,55.16201186600006],[-7.561351156999933,55.15865988000007],[-7.554802109999969,55.15562771200007],[-7.551003022999964,55.155771867000055],[-7.54807539199993,55.151283583000065],[-7.544089766999946,55.14931556200003],[-7.541653868999958,55.14159137000007],[-7.535447918999978,55.14061761200003],[-7.532143782999981,55.14316496300006],[-7.532901400999947,55.14167287500004],[-7.531296911999959,55.14252695700003],[-7.528263379999942,55.141469047000044],[-7.530095238999934,55.13902467400004],[-7.524597829999948,55.13642135400005],[-7.521852837999973,55.13897883800007],[-7.522691388999931,55.13403099300007],[-7.520024176999925,55.13309749300004],[-7.518022445999975,55.12282545200003],[-7.524705467999979,55.115953939000065],[-7.531584473999942,55.11494466800008],[-7.531137948999969,55.11044320500008],[-7.526588729999958,55.10718406500007],[-7.525719176999928,55.10354279500007],[-7.530381493999926,55.09492503100006],[-7.549144471999966,55.092631923000056],[-7.558345868999936,55.087293371000044],[-7.571748064999952,55.08632980800007],[-7.578450020999981,55.08275973900004],[-7.585354077999966,55.08177888300003],[-7.591291931999933,55.07741505700005],[-7.592779898999936,55.07375841800007],[-7.599796802999947,55.07438429800004],[-7.597176589999947,55.07380656000004],[-7.598867924999979,55.07007145600005],[-7.595771980999928,55.06692372500004],[-7.597130117999939,55.06176674500006],[-7.620148253999957,55.05523125000008],[-7.624192768999933,55.05782611400008],[-7.628727657999946,55.05456420500008],[-7.627075241999933,55.057225868000046],[-7.63284824699997,55.05825305400003],[-7.636660488999951,55.054405788000054],[-7.63138827399996,55.05479111400007],[-7.629495252999959,55.05222049300005],[-7.632095755999956,55.04851520200003],[-7.64156778499995,55.04554441600004],[-7.638475313999948,55.043744323000055],[-7.638484665999954,55.040852071000074],[-7.643976943999974,55.040367239000034],[-7.652001145999975,55.03701637900008],[-7.645942620999961,55.037500366000074],[-7.64370052299995,55.03942110500003],[-7.639001291999932,55.03868540500008],[-7.635110315999952,55.04268151400004],[-7.631042367999953,55.04308279000003],[-7.632320430999926,55.04162807700004],[-7.626871914999981,55.043427112000074],[-7.623405222999963,55.04714250200004],[-7.620536745999971,55.04615439000003],[-7.615376803999936,55.04722067900008],[-7.607359003999932,55.04301550200006],[-7.606328131999931,55.045192780000036],[-7.587919763999935,55.04843347900004],[-7.581088988999966,55.05222977300008],[-7.583846233999964,55.052480407000076],[-7.577814783999941,55.05471834100007],[-7.568084388999978,55.053672376000065],[-7.559547597999938,55.044708498000034],[-7.560719588999973,55.04004034900004],[-7.558240591999947,55.03551188000006],[-7.581937109999956,55.02351196200004],[-7.582392384999935,55.01932610400007],[-7.590327962999936,55.01658492400003],[-7.59898536299994,55.01083516300008],[-7.602197475999958,55.010915228000044],[-7.620140148999951,55.00454605400006],[-7.634003010999947,54.99723282700006],[-7.640499305999981,54.99654284200005],[-7.637181113999929,54.992057257000056],[-7.644805081999948,54.985412163000035],[-7.650892720999934,54.98290629300004],[-7.651204635999932,54.980209520000074],[-7.656172067999933,54.97603442600007],[-7.657051336999928,54.97029691100005],[-7.659476874999939,54.96910448800003],[-7.646436277999953,54.96352330600007],[-7.641263910999953,54.96458282900005],[-7.63943115099994,54.97040836600007],[-7.635808740999948,54.97232649300008],[-7.623168762999967,54.96692223300005],[-7.626526843999955,54.96421897600004],[-7.631357194999964,54.96410934000005],[-7.640982016999942,54.95954820000003],[-7.641120068999953,54.95656329600007],[-7.635923900999956,54.95564839600007],[-7.637185756999941,54.95366351300004],[-7.633322281999938,54.951851514000055],[-7.637742585999945,54.94857919200007],[-7.637410329999966,54.947385301000054],[-7.639904635999926,54.94728599500007],[-7.637866301999964,54.947145298000066],[-7.637085102999947,54.94745457200003],[-7.637400663999927,54.94857889200006],[-7.633636610999929,54.950156622000065],[-7.632852681999964,54.95174697200008],[-7.636588571999937,54.953838681000036],[-7.635580791999928,54.95578308000006],[-7.640290879999952,54.95679866800003],[-7.639525181999943,54.958896363000065],[-7.635371275999944,54.961944095000035],[-7.625122337999926,54.962485306000076],[-7.610269199999948,54.976373326000044],[-7.606176317999939,54.984482927000045],[-7.59688387999995,54.993572458000074],[-7.590771067999981,54.996394819000045],[-7.582681247999972,54.99772089500004],[-7.56935367899996,55.00713857400007],[-7.556373167999936,55.01114724200005],[-7.539660374999926,55.02385539200003],[-7.533683399999973,55.02452263200007],[-7.527230239999938,55.01976859300004],[-7.515749736999965,55.02496906700003],[-7.518165978999946,55.03278557500005],[-7.51327490999995,55.04014578700003],[-7.494511834999969,55.04050884500003],[-7.488892838999959,55.043929871000046],[-7.481228054999974,55.04515526300003],[-7.480212024999958,55.04702843900003],[-7.476292248999926,55.04294080600005],[-7.469794853999929,55.049980739000034],[-7.475305374999948,55.05127937800006],[-7.496418837999954,55.04735292700008],[-7.504122834999976,55.05045496100007],[-7.506340036999973,55.054542980000065],[-7.511063164999939,55.057304180000074],[-7.524465022999948,55.05812955300007],[-7.529381787999966,55.06260773200006],[-7.533184226999936,55.07232945100003],[-7.529648994999945,55.07600778800003],[-7.525270327999976,55.07680183400004],[-7.515267440999935,55.08447419600003],[-7.513771258999952,55.08322466200008],[-7.499863335999976,55.084843928000055],[-7.490317501999925,55.08438056300008],[-7.487134956999967,55.08017492700003],[-7.480027967999945,55.07728355000006],[-7.479517034999958,55.07402852600006],[-7.466844446999971,55.07204066400004],[-7.46994622699998,55.070429371000046],[-7.462298354999973,55.061556875000065],[-7.454627530999971,55.063075748000074],[-7.456305159999943,55.07736308200003],[-7.472871189999978,55.08716960900006],[-7.478001172999939,55.08697720600003],[-7.476869122999972,55.08875643500005],[-7.479610006999962,55.09163679900007],[-7.474175599999967,55.110080022000034],[-7.462339936999967,55.11574621200003],[-7.457560499999943,55.12159754400005],[-7.460558542999934,55.127746925000054],[-7.45812815499994,55.12949381400006],[-7.464863496999953,55.12655073800005],[-7.461709265999957,55.13954861500008],[-7.46389374599994,55.13770550300006],[-7.474917803999972,55.14010470100004],[-7.475913761999948,55.14534990700008],[-7.479607443999953,55.14668315200004],[-7.484792356999947,55.15232829000007],[-7.484722493999925,55.156189393000034],[-7.48874597799994,55.159660529000064],[-7.493341486999952,55.158721093000054],[-7.496854722999956,55.160884046000035],[-7.502253117999942,55.16756504800003],[-7.508182396999928,55.170997268000065],[-7.509025072999975,55.17387810300005],[-7.512975211999958,55.175790240000026],[-7.512377238999932,55.17927369300003],[-7.51851490699994,55.184440531000064],[-7.523502694999934,55.18685336000004],[-7.526598500999967,55.18646950600004],[-7.528120412999954,55.18893865700005],[-7.536717117999956,55.19092707400006],[-7.536859320999952,55.193306574000076],[-7.541332946999944,55.193706630000065],[-7.54104131899993,55.194816984000056],[-7.54616812699993,55.19394171200008],[-7.554618452999932,55.19626687900006],[-7.553674278999949,55.19873860600006],[-7.547983258999977,55.199990143000036],[-7.548317091999934,55.20221773800006],[-7.545024157999933,55.19978908100006],[-7.541656133999936,55.20122441900003],[-7.540082183999971,55.20049891100007],[-7.538983232999954,55.20287827400006],[-7.544872141999974,55.20613270900003],[-7.54832689999995,55.20549377800006],[-7.548994291999975,55.20721645000003],[-7.545126120999953,55.20799485800006],[-7.547097311999948,55.20906561900006],[-7.544257647999927,55.21032431000003],[-7.545075203999943,55.21714558800005],[-7.540482642999962,55.218014062000066],[-7.536340129999928,55.228735947000075],[-7.526949565999928,55.23101431200007],[-7.523875885999928,55.23570109800005],[-7.517961171999957,55.23867721200003],[-7.521909717999961,55.24387428800003],[-7.532990957999971,55.24271053100006],[-7.530406586999959,55.24452532200007],[-7.53424401999996,55.24758060500005],[-7.529353520999962,55.248750149000045],[-7.526562299999966,55.252027672000054],[-7.519015869999976,55.25284341200006],[-7.518490211999961,55.254803664000065],[-7.516133608999951,55.254326872000036],[-7.508734716999982,55.265639778000036],[-7.508633896999982,55.27167409600003],[-7.520719308999958,55.27404309700006],[-7.524296771999957,55.27983186800003],[-7.526396710999961,55.279697991000035],[-7.522081472999957,55.28514491700008],[-7.524733586999957,55.284751475000064],[-7.525027646999945,55.285885302000054],[-7.506542870999965,55.28954554000006],[-7.499016726999969,55.28959694300005],[-7.490017345999945,55.283795748000045],[-7.478623781999943,55.28123298100007],[-7.471114779999937,55.28137299800005],[-7.465131944999939,55.284864500000026],[-7.47208343899996,55.29162029200006],[-7.469294970999954,55.296579646000055],[-7.466741438999975,55.296959936000064],[-7.462415742999951,55.29602379200003],[-7.456078950999938,55.29169630000007],[-7.450656354999978,55.290860519000034],[-7.452607213999954,55.28626705200003],[-7.449438368999949,55.282149307000054],[-7.437743907999959,55.28012006200004],[-7.436990495999964,55.27816797600008],[-7.430904760999965,55.27964379900004],[-7.427334712999937,55.27774934200005],[-7.432159457999944,55.28519192600004],[-7.434420130999968,55.285135979000074],[-7.43367404299994,55.287521826000045],[-7.403925398999945,55.29271084000004],[-7.398803620999956,55.29190320500004],[-7.393987349999975,55.29311765700004],[-7.391137405999928,55.29092571500007],[-7.383592492999981,55.29274240400008],[-7.379598504999933,55.29606143500007],[-7.374594466999952,55.306514682000056],[-7.375711261999982,55.31629022100003],[-7.363388829999963,55.31847459900007],[-7.355806728999937,55.31617361200006],[-7.349296741999979,55.316319812000074],[-7.334524008999949,55.31195869600003],[-7.332595565999952,55.308008623000035],[-7.325945487999945,55.306036480000046],[-7.325437474999944,55.30252398500005],[-7.312687646999962,55.30493133300007],[-7.316447958999959,55.30060051300006],[-7.314439450999942,55.298981179000066],[-7.308858613999973,55.29832210700005],[-7.303977893999956,55.29230216600007],[-7.320187596999972,55.28866881000005],[-7.334154737999938,55.29155832300006],[-7.335231277999981,55.29060337000004],[-7.347541396999929,55.29094640500006],[-7.346058311999968,55.290396446000045],[-7.350034643999948,55.28929667600005],[-7.348384728999974,55.28442601800003],[-7.339385524999955,55.28372187300005],[-7.336794280999925,55.28673364600007],[-7.333894484999973,55.285767934000035],[-7.333449442999949,55.28318485600005],[-7.329584970999974,55.28272967400005],[-7.327299620999952,55.28519202200005],[-7.322285964999935,55.28490436900006],[-7.322501689999967,55.285889377000046],[-7.312908458999971,55.284866640000075],[-7.304647364999937,55.27987428200004],[-7.299206529999935,55.27870945400008],[-7.298215075999963,55.276693324000064],[-7.290109351999945,55.27515703800003],[-7.282805199999927,55.27635557000008],[-7.270976865999955,55.28230526400006],[-7.265942375999941,55.280542800000035],[-7.26988412299994,55.27983656500004],[-7.271251637999967,55.277893033000055],[-7.269212125999957,55.27654341600004],[-7.26313965199995,55.279290167000056],[-7.245054338999978,55.27782173500003],[-7.257384022999929,55.28352593800008],[-7.255603114999928,55.28386823100004],[-7.258002422999937,55.28629308300003],[-7.267219121999972,55.28919577000005],[-7.267332005999947,55.29123378300005],[-7.260329555999931,55.29217519100007],[-7.260638363999931,55.29435844200003],[-7.26399700199994,55.29448935100004],[-7.266539390999981,55.29282176600003],[-7.277627380999945,55.29279262600005],[-7.288286662999951,55.29640948300005],[-7.29604302599995,55.302009128000066],[-7.315184123999927,55.310276928000064],[-7.330426461999934,55.31166656500005],[-7.335209985999938,55.326017773000046],[-7.346150616999978,55.32836624200007],[-7.348339131999978,55.33101708400005],[-7.353577044999952,55.331871824000075],[-7.350488083999949,55.336811606000026],[-7.351533865999954,55.347363174000066],[-7.348249719999956,55.35850715200007],[-7.358750003999944,55.361519903000044],[-7.369792869999969,55.35986779000007],[-7.37310870999994,55.36055778400004],[-7.375880114999973,55.363674883000044],[-7.387488617999963,55.36710854800003],[-7.388083682999934,55.369801675000076],[-7.384799547999933,55.37134654600004],[-7.387388131999955,55.372903816000075],[-7.389803266999934,55.371958551000034],[-7.389206958999978,55.37544756400007],[-7.392854930999931,55.37618864500007],[-7.39548412399995,55.374635768000076],[-7.399648423999963,55.374746962000074],[-7.39575251499997,55.37615063100003],[-7.399803383999938,55.37606329500005],[-7.398070917999974,55.377044642000044],[-7.390820006999945,55.378163364000045],[-7.392308540999977,55.37935988300006],[-7.387356973999943,55.38111565400004],[-7.38837214299997,55.379562504000035],[-7.383154245999947,55.38083908100003],[-7.38169187099993,55.38286761900008],[-7.37609677599994,55.38185060200004],[-7.375128964999931,55.38292493400007],[-7.369689170999948,55.38264151800007],[-7.363377828999944,55.37926319800005],[-7.357161202999976,55.37980676800004],[-7.349729483999965,55.37500110700006],[-7.339329653999926,55.375727924000046],[-7.334243905999926,55.37175261400006],[-7.336883406999959,55.371312911000075],[-7.336227998999959,55.36994979000008],[-7.331988066999941,55.36808131500004],[-7.317345012999965,55.36936669800008],[-7.312298252999938,55.36798559400006],[-7.311294893999957,55.36915373100004],[-7.308968972999935,55.36705648600008],[-7.305899223999972,55.36916674500003],[-7.305316575999939,55.36677885800003],[-7.301712900999973,55.366093996000075],[-7.291295687999934,55.36871778500006],[-7.290004342999964,55.36602603700004],[-7.282233898999948,55.36681012500003],[-7.279229682999926,55.36488830300004],[-7.276901489999943,55.36604917900007],[-7.269385820999958,55.35976316000006],[-7.263686638999957,55.36036825100007],[-7.256851386999926,55.357743345000074],[-7.250664722999943,55.35932677200003],[-7.243996396999933,55.35879187100005],[-7.242479304999961,55.36023589600006],[-7.239684688999944,55.35473399300008],[-7.231328590999965,55.35177364200007],[-7.223494341999981,55.35004106500003],[-7.215699292999943,55.35046231000007],[-7.211732975999951,55.34868841100007],[-7.206590086999938,55.34895394900008],[-7.191444188999981,55.34516858200004],[-7.189793021999947,55.34581067600004],[-7.186975392999955,55.34246588700006],[-7.176227850999965,55.340042536000055],[-7.176233000999957,55.33759968500004],[-7.170747449999965,55.336127401000056],[-7.172855561999938,55.33069066500008],[-7.168907492999949,55.32866397400005],[-7.168901784999946,55.32556376100007],[-7.177140072999975,55.320607849000055],[-7.167992881999965,55.31694467700004],[-7.167986195999958,55.31511980100004],[-7.164198304999957,55.31463004900007],[-7.162835,55.311795147000055],[-7.157496082999955,55.31080025700004],[-7.159340204999978,55.30656197300004],[-7.157086278999941,55.30351762400005],[-7.152598729999966,55.30217722400005],[-7.156810475999976,55.296922976000076],[-7.151614437999967,55.29458784500008],[-7.136444421999954,55.291272985000035],[-7.12475219199996,55.294684835000055],[-7.122337232999939,55.29339397000007],[-7.122757773999979,55.29079625500003],[-7.116312079999943,55.28738964200005],[-7.105223535999926,55.28829880200004],[-7.102994531999968,55.28678608000007],[-7.092756506999933,55.28566850900006],[-7.092427318999967,55.28160489100003],[-7.081797816999938,55.27893048900006],[-7.076811888999941,55.274337639000066],[-7.069716324999945,55.27169138200003],[-7.063303961999964,55.27149467000004],[-7.06324146299994,55.27260688900003],[-7.061760177999929,55.27176342800004],[-7.058744830999956,55.273161077000054],[-7.057588623999948,55.27207667200008],[-7.052201727999943,55.27454872100003],[-7.050168920999965,55.27347100500003],[-7.048125782999932,55.27548059800006],[-7.040190240999948,55.27498370900008],[-7.041740048999941,55.27282202400005],[-7.038530800999979,55.27229730200003],[-7.036497654999948,55.269307311000034],[-7.03087144899996,55.26956734700008],[-7.027210955999976,55.266720544000066],[-7.020442254999978,55.26755223300006],[-7.009194258999969,55.265168636000055],[-7.012439512999947,55.25846555900006],[-7.004894280999963,55.25520248400005],[-6.995249969999975,55.25396789800004],[-6.973821187999931,55.25654686100006],[-6.965448812999966,55.25296467700008],[-6.960704241999963,55.25459622300008],[-6.952375939999968,55.25298201600003],[-6.947520050999969,55.249211642000034],[-6.938321923999979,55.24677055500007],[-6.933656438999947,55.240344347000075],[-6.927549892999934,55.23715348300004],[-6.921960159999969,55.237228050000056],[-6.928337075999934,55.231195411000044],[-6.927790628999958,55.226898031000076],[-6.924783794999939,55.22676057600006],[-6.929895018999957,55.22520784800008],[-6.93057908399993,55.22282287500008],[-6.932988273999968,55.223768075000066],[-6.93192363999998,55.22272275800003],[-6.941696723999939,55.21678839800006],[-6.952671427999974,55.21410275800008],[-6.949621536999928,55.210863508000045],[-6.951381529999935,55.20975592600007],[-6.95890701899998,55.20971105600006],[-6.962957843999959,55.20698040700006],[-6.98526637599997,55.201589213000034],[-6.982005525999966,55.20304730300006],[-6.983765127999959,55.20332205300008],[-7.022652728999958,55.189776976000076],[-7.035704399999929,55.18877809600008],[-7.042144105999967,55.18602295900007],[-7.046841362999942,55.187486327000045],[-7.057660643999952,55.18243154900006],[-7.056320980999942,55.18110196300006],[-7.060809886999948,55.18125522200006],[-7.079785320999974,55.172639537000066],[-7.098080449999941,55.16834937600004],[-7.117620828999975,55.15918752400006],[-7.121827475999964,55.15867429500008],[-7.12098167299996,55.15789637900008],[-7.137592247999976,55.15610889100003],[-7.158751228999961,55.14909384300006],[-7.177348349999932,55.137602840000056],[-7.178990630999976,55.13494008100008],[-7.18526443099995,55.13275499000008],[-7.188675213999943,55.128844437000055],[-7.188326561999929,55.12518540600007],[-7.203904302999945,55.118969062000076],[-7.212136405999956,55.10823207100003],[-7.212886283999978,55.10402915200007],[-7.219903299999942,55.10052285100005],[-7.222017577999964,55.09661957000003],[-7.236935776999928,55.08735346800006],[-7.242013756999938,55.08174063200005],[-7.245546994999927,55.08102821400007],[-7.258097374999977,55.06638610200008],[-7.264907533999974,55.06662474900003],[-7.272723310999936,55.06344817400003],[-7.277270997999949,55.05427847200008],[-7.285685705999981,55.04881059500008],[-7.289089433999948,55.04741255400006],[-7.299431876999961,55.056125027000064],[-7.318330440999944,55.04507801400007],[-7.321707689999926,55.04516074900005],[-7.333509209999931,55.05016936800007],[-7.345277847999967,55.05078608700006],[-7.344607424999936,55.04881391400005],[-7.35621413399997,55.045690903000036],[-7.363449094999964,55.038227524000035],[-7.366528223999978,55.038597362000075],[-7.376544065999951,55.028681824000046],[-7.391465779999976,55.02232196500006],[-7.391226345999939,55.02015253500008],[-7.396448069999963,55.016444671000045],[-7.398564467999961,55.00905963100007],[-7.402995051999937,55.00730899000007],[-7.401394105999941,55.00677595700006],[-7.405588554999952,55.00333011600003],[-7.398361052999974,54.998764220000055],[-7.393960038999978,54.99948380200004],[-7.391390909999927,54.99781550400007],[-7.392035528999941,54.99460711900008],[-7.39963239399998,54.99082899200005],[-7.401752293999948,54.98553291800005],[-7.407052979999946,54.98297878100004],[-7.403788609999935,54.979520352000065],[-7.406026305999944,54.97803970400008],[-7.40034049999997,54.972170565000056],[-7.402049467999973,54.967436356000064],[-7.407467690999965,54.96365242600007],[-7.402062356999977,54.959591113000045],[-7.406395721999957,54.95411469800007],[-7.396939174999943,54.94604908300005],[-7.392051238999954,54.94544048400007],[-7.405173834999971,54.942158790000065],[-7.425135010999952,54.94317594600005],[-7.442256465999947,54.93809779600008],[-7.447258068999929,54.93516794100003],[-7.448198661999982,54.92432407200005],[-7.445097553999972,54.91120706000004],[-7.452501292999955,54.89809684900007],[-7.451575151999975,54.893391776000044],[-7.441996587999938,54.87938204800008],[-7.44413273999993,54.86953353300004],[-7.455154272999948,54.86016451000006],[-7.456026648999966,54.853786240000034],[-7.461383112999954,54.853455428000075],[-7.460989821999931,54.849862630000075],[-7.469947618999981,54.83965583400004],[-7.470944943999939,54.83478670800008],[-7.481092976999946,54.831243493000045],[-7.483967332999953,54.82383901500003],[-7.501169770999979,54.81738851700004],[-7.517472423999948,54.80822901800008],[-7.528260350999972,54.807724492000034],[-7.529530462999958,54.80504620900007],[-7.527675392999981,54.80285927500006],[-7.538944667999942,54.80092438200006],[-7.54924273499995,54.78937022900004],[-7.544504838999956,54.78658418400005],[-7.543082114999947,54.779658753000035],[-7.548163061999958,54.77244435300008],[-7.546141248999959,54.76836971000006],[-7.547580514999936,54.75536666100004],[-7.538808377999942,54.75146383800006],[-7.534224115999962,54.74705423100005],[-7.537997967999956,54.74725320400006],[-7.543348447999961,54.74263434300008],[-7.549151456999937,54.74049691500005],[-7.55775882699993,54.74527124600007],[-7.578239411999959,54.74178568700006],[-7.575361329999964,54.748576283000034],[-7.578091872999948,54.75042316200006],[-7.586650142999929,54.749867703000064],[-7.588567592999937,54.743693746000076],[-7.600835913999958,54.74598947700008],[-7.605978841999956,54.74420901900004],[-7.617571190999968,54.74335497800007],[-7.636666170999945,54.75148709500007],[-7.671242523999979,54.73604444100005],[-7.677323543999933,54.73087735200005],[-7.687635773999943,54.73003050700004],[-7.697409336999954,54.72632516600004],[-7.697033595999926,54.72377159300004],[-7.701767308999933,54.725600298000074],[-7.711605351999935,54.72606798800007],[-7.727067553999973,54.71872092700005],[-7.735354123999969,54.71688749300006],[-7.73530468499996,54.71462613700004],[-7.739798766999968,54.71281721400004],[-7.744910132999962,54.70518746800008],[-7.749880296999947,54.70427795400008],[-7.754714819999947,54.70621612100007],[-7.756817640999941,54.70553963400005],[-7.753761487999952,54.70748225500006],[-7.75955870699994,54.70666201500006],[-7.778000178999946,54.71036708100007],[-7.776145008999947,54.71222039000003],[-7.778791288999969,54.715872053000055],[-7.788746527999933,54.71963690900003],[-7.795231195999975,54.71989528100005],[-7.80049870299996,54.718346533000044],[-7.808083305999958,54.71999229000005],[-7.807198981999932,54.72233615500005],[-7.812292174999925,54.72423524700008],[-7.812201397999956,54.72631327100004],[-7.816743666999969,54.72912933900005],[-7.817744541999957,54.733798773000046],[-7.824704803999964,54.73592640900006],[-7.836680068999954,54.73639622300004],[-7.854971743999954,54.726862098000026],[-7.879436366999926,54.70285107400008],[-7.890322268999967,54.70345311300008],[-7.895159656999965,54.70046639700007],[-7.906947397999943,54.70361993700004],[-7.91090350099995,54.70097872800005],[-7.917959448999966,54.70270857500003],[-7.920894665999981,54.69596401100006],[-7.912573899999927,54.694311896000045],[-7.907442912999954,54.68922207700007],[-7.898956068999951,54.69094725600007],[-7.897798684999941,54.68786597900004],[-7.898653483999965,54.684949681000035],[-7.913890644999981,54.675893819000066],[-7.910509918999935,54.66904541500003],[-7.904545968999969,54.66577519600003],[-7.90400028199997,54.66267324100005],[-7.899851462999948,54.66161064400006],[-7.893317301999957,54.65657616700008],[-7.87732097199995,54.655722912000044],[-7.864488878999964,54.651452421000045],[-7.856612192999933,54.65047856600006],[-7.856229807999966,54.644433605000074],[-7.853993831999958,54.64269920700008],[-7.857130499999926,54.638950556000054],[-7.850654357999929,54.635507234000045],[-7.854637756999978,54.63189480900007],[-7.851123572999938,54.630553563000035],[-7.844717169999967,54.63361804700003],[-7.839125311999965,54.634171139000046],[-7.828273563999971,54.63305397200003],[-7.818487176999952,54.64050366600003],[-7.815690343999961,54.640647769000054],[-7.81324740499997,54.64391812400004],[-7.813340429999926,54.64120173200007],[-7.808340371999975,54.63963269100003],[-7.804920444999937,54.63489271000003],[-7.801329306999946,54.63343631600003],[-7.783597498999939,54.63316057800006],[-7.772543327999927,54.62153089200007],[-7.757804958999941,54.62501645700007],[-7.754321984999933,54.61852335300006],[-7.743336427999964,54.62027578500005],[-7.74157151299994,54.61795826600007],[-7.738516673999925,54.618896782000036],[-7.737847404999968,54.62276565900004],[-7.725014715999976,54.62761641000003],[-7.716457066999965,54.62888492800005],[-7.708420752999928,54.634929287000034],[-7.704970421999974,54.63259315400006],[-7.703420804999951,54.62740766400003],[-7.706345494999937,54.61961260100003],[-7.703173188999926,54.61851760400003],[-7.693488326999955,54.61910916900007],[-7.697301244999949,54.61006841500006],[-7.701693359999979,54.61009725000008],[-7.708487034999962,54.60670472800007],[-7.72828278999998,54.60411820100006],[-7.741054044999942,54.599379413000065],[-7.745954044999962,54.60011087400005],[-7.751474592999955,54.59880683700004],[-7.760271537999927,54.594235999000034],[-7.763112937999949,54.59007727900007],[-7.758863159999976,54.58755600600006],[-7.762152802999935,54.58586392600006],[-7.766608151999947,54.58616269100003],[-7.787045512999953,54.580201542000054],[-7.793375705999949,54.58189510600005],[-7.796971156999973,54.57973648500007],[-7.795492346999936,54.57828247200007],[-7.799543997999933,54.57662302800003],[-7.796681837999927,54.571565305000036],[-7.805660057999944,54.56600436700006],[-7.808786003999955,54.566616245000034],[-7.811681410999938,54.56412404000008],[-7.818366887999957,54.56313935600008],[-7.824368448999962,54.556959377000055],[-7.827894021999953,54.55664472500007],[-7.827168529999938,54.55546824900006],[-7.83324900599996,54.55233996700008],[-7.830568471999925,54.54810281200008],[-7.824208933999955,54.54655702000008],[-7.823895955999944,54.54441204600005],[-7.82998275999995,54.54081617600008],[-7.844260966999968,54.53740719900003],[-7.850503591999939,54.53296726000008],[-7.85664326899996,54.53653947300006],[-7.869434698999953,54.53459419600006],[-7.889870127999927,54.536780993000036],[-7.895179510999981,54.53500603200007],[-7.907541031999926,54.53751380500006],[-7.912994435999963,54.53586860200005],[-7.919447149999939,54.53677353300003],[-7.937523006999982,54.53292963900003],[-7.944467129999964,54.535963534000075],[-7.949883802999977,54.53368749400005],[-7.953300648999971,54.53434178100008],[-7.956833716999938,54.538167488000056],[-7.959500556999956,54.538175272000046],[-7.960363424999969,54.540898249000065],[-7.96879427999994,54.54393839200003],[-7.970610496999939,54.54721559300003],[-7.991468816999941,54.54297821800003],[-8.005980275999946,54.545893748000026],[-8.014110451999954,54.535869379000076],[-8.012887993999925,54.53310882300008],[-8.01722499899995,54.53192572100005],[-8.017389493999929,54.529670777000035],[-8.029026337999937,54.52090628700006],[-8.041793617999929,54.50646494500006],[-8.038272774999939,54.50294621300003],[-8.042668882999976,54.487731464000035],[-8.065080077999937,54.48664598900007],[-8.078523550999932,54.48826622400003],[-8.08060039999998,54.48699513000008],[-8.08902468499997,54.487078489000055],[-8.098683711999968,54.484252652000066],[-8.095491827999979,54.48177449500008],[-8.097273121999933,54.47944648600003],[-8.094334106999952,54.47950385000007],[-8.091113788999962,54.47635493700005],[-8.097811819999947,54.47727492900003],[-8.113150661999953,54.47639169800004],[-8.11536414099993,54.473016046000055],[-8.111535150999941,54.47030433300006],[-8.11473680399996,54.46907565400005],[-8.14879523299993,54.469918617000076],[-8.165095557999962,54.46900859300007],[-8.173804445999963,54.467295758000034],[-8.17745707599994,54.46476411200007],[-8.184949074999963,54.466128636000064]]],[[[-7.371734065999931,55.38402640600003],[-7.368203034999965,55.38284026600007],[-7.375331269999947,55.38318013600008],[-7.371734065999931,55.38402640600003]]],[[[-7.314040229999932,55.38277523800008],[-7.314719886999967,55.38404829600006],[-7.312324989999979,55.384431050000046],[-7.314040229999932,55.38277523800008]]],[[[-7.235684865999929,55.435102132000054],[-7.233398690999934,55.43376717900003],[-7.23604409099994,55.43178597700006],[-7.221871479999947,55.43301168100004],[-7.226817409999967,55.43108176000004],[-7.23451833799993,55.43161321900004],[-7.23987982899996,55.42934906100004],[-7.23907742199998,55.43101246400005],[-7.243955746999973,55.42976932700003],[-7.244782690999955,55.431070109000075],[-7.238654289999943,55.433838570000034],[-7.242311674999939,55.43375018300003],[-7.235684865999929,55.435102132000054]]]]}},{"type":"Feature","properties":{"shapeName":"Leinster","shapeISO":"IE-L","shapeID":"36931253B83705839043930","shapeGroup":"IRL","shapeType":"ADM1"},"geometry":{"type":"MultiPolygon","coordinates":[[[[-6.604987772999948,52.120390788000066],[-6.605079405999959,52.11756217300007],[-6.615686905999951,52.11514900200007],[-6.619874067999945,52.10984423000008],[-6.62252962499997,52.109216092000054],[-6.62516237899996,52.11054557400007],[-6.623845304999975,52.11727278200004],[-6.604291140999976,52.12234319600003],[-6.604987772999948,52.120390788000066]]],[[[-6.584264750999978,52.13442675300007],[-6.587143913999967,52.13245112000004],[-6.591341993999947,52.13496092100007],[-6.588394593999965,52.139665258000036],[-6.581603926999946,52.142056076000074],[-6.584264750999978,52.13442675300007]]],[[[-6.640757178999934,52.207116005000046],[-6.63944614199994,52.20560581400008],[-6.642142980999949,52.20631283000006],[-6.640757178999934,52.207116005000046]]],[[[-6.086747555999978,53.27378277100007],[-6.081865142999959,53.272503596000035],[-6.083093747999953,53.27006918300003],[-6.08635105999997,53.271496987000035],[-6.086747555999978,53.27378277100007]]],[[[-6.059098399999925,53.39985273000008],[-6.062970432999975,53.40004617200003],[-6.067581166999958,53.40326638200003],[-6.066024305999974,53.40405916000003],[-6.070327808999934,53.408757809000065],[-6.060166035999941,53.40802262200003],[-6.059098399999925,53.39985273000008]]],[[[-6.007540349999942,53.49884820300008],[-6.007891421999943,53.49629244100004],[-6.00007637799996,53.49578136500003],[-5.996277799999973,53.49405631900004],[-6.006049889999929,53.492452110000045],[-6.010864455999979,53.48823957900004],[-6.007385634999935,53.485831361000066],[-6.011964656999965,53.482579600000065],[-6.018686281999976,53.48278579000004],[-6.019656281999971,53.48413824100004],[-6.024159702999953,53.48325142500005],[-6.02541668899994,53.486734381000076],[-6.028120674999968,53.48657792600005],[-6.031311502999927,53.489312237000036],[-6.035449552999978,53.489285315000075],[-6.03130387899995,53.49136306100007],[-6.030646396999941,53.493056902000035],[-6.032691625999973,53.49344369700003],[-6.030961230999935,53.49415817200003],[-6.032554107999943,53.49380136700006],[-6.027086684999972,53.49886202600004],[-6.025619632999963,53.49822805800005],[-6.027348932999928,53.49669572800008],[-6.023234725999941,53.49696029300003],[-6.021450484999946,53.49487258500005],[-6.012594451999973,53.49859488700008],[-6.007540349999942,53.49884820300008]]],[[[-7.610290101999965,53.938363534000075],[-7.606239402999961,53.93740785300008],[-7.603131832999964,53.93122041600003],[-7.595765956999969,53.92831825600007],[-7.593384053999955,53.921025634000046],[-7.58331693699995,53.914563902000054],[-7.58547271499998,53.90868427000004],[-7.580200111999943,53.90313843500007],[-7.576640600999951,53.901740532000076],[-7.574921690999929,53.90749173800003],[-7.561130692999939,53.905672967000044],[-7.55719858599997,53.90394283900008],[-7.556457275999946,53.89813834300003],[-7.549858961999973,53.89291893800004],[-7.555262162999952,53.89066700800004],[-7.556838253999956,53.88795854000006],[-7.556015301999935,53.87859794700006],[-7.558556992999968,53.87770664300007],[-7.572069460999955,53.88006463200003],[-7.57178018999997,53.87393064400004],[-7.57637664899994,53.865009745000066],[-7.580578316999947,53.86283129800006],[-7.585069701999942,53.85691132100004],[-7.583509893999974,53.851121265000074],[-7.57817431899997,53.85000367500004],[-7.570825058999958,53.85451733800005],[-7.543238317999965,53.85349036800005],[-7.541236965999929,53.85767720700005],[-7.527964317999931,53.86366484100006],[-7.515014149999956,53.857192464000036],[-7.514651691999973,53.86011019100005],[-7.50517010599998,53.860256787000026],[-7.500641020999979,53.85722836900004],[-7.498278662999951,53.85978924200003],[-7.49446070099998,53.86034822400006],[-7.487495843999966,53.85227596700008],[-7.476755499999967,53.853624377000074],[-7.473450922999973,53.84795936000006],[-7.476375273999963,53.843025484000066],[-7.471472098999925,53.83849692900003],[-7.470201764999956,53.82938817200005],[-7.465833591999967,53.82337837800003],[-7.466397789999974,53.81869489700006],[-7.472836178999955,53.815898565000055],[-7.475377273999925,53.812083639000036],[-7.469718203999946,53.810717373000045],[-7.468845558999931,53.80735985300004],[-7.46600893599998,53.806455983000035],[-7.462152097999933,53.80129806100007],[-7.456109814999934,53.802331364000054],[-7.44949788699995,53.80113339300004],[-7.439948652999931,53.798247728000035],[-7.437585845999934,53.796053449000055],[-7.431490817999929,53.79601753900005],[-7.411565528999972,53.790014556000074],[-7.412537404999966,53.78575180400003],[-7.409972725999978,53.77904919800005],[-7.397837541999934,53.778815027000064],[-7.382793664999951,53.78529556700005],[-7.377927553999939,53.78454804800003],[-7.307957861999967,53.81276905200008],[-7.288487611999926,53.798635355000044],[-7.284002224999938,53.79712241700008],[-7.279822407999973,53.79256462700005],[-7.278349871999978,53.781785745000036],[-7.273003778999964,53.77917780700005],[-7.265106041999957,53.77815896700008],[-7.262507315999926,53.77902792900005],[-7.257081562999929,53.776397667000026],[-7.256835673999944,53.77411957400005],[-7.253877642999953,53.77388489700007],[-7.247712940999975,53.77791729100005],[-7.24072302899998,53.77813423400005],[-7.229019366999978,53.77155494200008],[-7.224279946999957,53.77226538200006],[-7.214095254999961,53.77088665900004],[-7.214432881999926,53.77345411400006],[-7.219553461999965,53.77424306300003],[-7.210350344999938,53.780639904000054],[-7.213454500999944,53.78255599600004],[-7.212671074999946,53.785581172000036],[-7.206075974999976,53.786652169000035],[-7.193890884999973,53.79474574200003],[-7.184948242999951,53.78879725200005],[-7.17844241399996,53.79127097200006],[-7.174939088999963,53.791001992000076],[-7.176178623999931,53.79521637200003],[-7.156718325999975,53.794105097000056],[-7.157302380999965,53.79778072600004],[-7.152088504999938,53.801177120000034],[-7.155032282999969,53.80478932800003],[-7.153958655999929,53.80627698300003],[-7.141325516999927,53.79929787700007],[-7.13581230099993,53.79397048900006],[-7.127803565999955,53.79052226200008],[-7.123357665999947,53.79376271600006],[-7.11514650099997,53.79345177300007],[-7.110719281999934,53.79146245700008],[-7.105460273999938,53.78627136700004],[-7.105013601999929,53.77657416300008],[-7.09652202999996,53.776346972000056],[-7.091131288999975,53.77415169600005],[-7.080870389999973,53.77572137700008],[-7.066665158999967,53.77243327700006],[-7.058345777999932,53.771989381000026],[-7.056588178999959,53.773104484000044],[-7.050231418999942,53.77170826400004],[-7.04296758199996,53.77645508000006],[-7.038242096999966,53.77677486400006],[-7.032640791999938,53.77327356600006],[-7.027600164999967,53.77321276600003],[-7.020920857999954,53.769077510000045],[-7.012528377999956,53.769260150000036],[-7.002192571999956,53.765574138000034],[-7.000386410999965,53.76683967800005],[-7.000971902999936,53.772905421000075],[-6.995435416999953,53.78112228500004],[-6.990724639999939,53.77545591300003],[-6.98146798099998,53.77265745300008],[-6.971182003999957,53.77769396600007],[-6.972907250999981,53.785109884000065],[-6.96316599599993,53.79107818400007],[-6.954638907999936,53.78637156500008],[-6.951424270999951,53.78162854300007],[-6.940724124999974,53.78073670800006],[-6.931708656999945,53.78348142100003],[-6.929659436999941,53.78576612200004],[-6.941930418999959,53.789334309000026],[-6.940126031999966,53.79172325600007],[-6.941525809999973,53.793376917000046],[-6.938740037999935,53.79541629200003],[-6.940100471999926,53.798469139000076],[-6.931135580999978,53.80380729800004],[-6.921319517999962,53.80109679800006],[-6.912844939999957,53.80885811300004],[-6.91497736599996,53.81212383800005],[-6.918359473999942,53.81317908600005],[-6.917379966999931,53.81700065100006],[-6.925222298999927,53.819856909000066],[-6.927344042999948,53.822792279000055],[-6.930145136999954,53.82277785200006],[-6.93405818399998,53.82798827500005],[-6.953196348999938,53.835756264000054],[-6.952481750999937,53.83884924900008],[-6.955435683999951,53.840145893000056],[-6.952541997999958,53.842291233000026],[-6.955140731999961,53.84516617600008],[-6.959755153999936,53.84333021500004],[-6.962995083999942,53.84371460800003],[-6.966359967999949,53.84806747200008],[-6.964484346999939,53.84916739200003],[-6.972423694999975,53.85703020900007],[-6.967746367999951,53.85923003800008],[-6.966555884999934,53.862085526000044],[-6.972262296999929,53.86583499900007],[-6.974700644999928,53.870881068000074],[-6.972516245999941,53.872362947000056],[-6.969086652999977,53.87129449200006],[-6.956555307999963,53.86367520600004],[-6.954918777999978,53.865443682000034],[-6.946324303999972,53.86657536100006],[-6.930554767999979,53.872169556000074],[-6.924243210999975,53.87529465400007],[-6.928578171999959,53.880193518000056],[-6.932576700999959,53.88104812700004],[-6.93568107699997,53.89145292300003],[-6.921143365999967,53.892168827000035],[-6.92072531599996,53.89204386700004],[-6.916517798999962,53.89077506400008],[-6.916377731999944,53.89071972700003],[-6.909446911999964,53.888684108000064],[-6.90298689499997,53.88344811300004],[-6.896711769999968,53.88096671800008],[-6.884216799999933,53.88011122200004],[-6.884065057999976,53.87998772800006],[-6.880635588999951,53.87824815300007],[-6.881320265999932,53.87525674400007],[-6.881339867999941,53.87521061800004],[-6.873874740999952,53.877919589000044],[-6.862127406999946,53.875683379000066],[-6.85185334099998,53.87885090700007],[-6.845126830999959,53.87873835000005],[-6.845083989999978,53.87873104500005],[-6.840081493999946,53.88244959100007],[-6.845720621999931,53.88608340500008],[-6.846332996999934,53.88858860000005],[-6.842049521999968,53.89124808300005],[-6.837305040999979,53.89189136600004],[-6.835445491999963,53.89521736000006],[-6.825536468999928,53.89393580800004],[-6.823564970999939,53.897381307000046],[-6.815643571999942,53.89836270700005],[-6.809193881999931,53.89609975600007],[-6.81528048499996,53.89108107900006],[-6.800584472999958,53.890735035000034],[-6.796558706999974,53.88914657600003],[-6.799193762999948,53.886970269000074],[-6.793713511999954,53.88671377600008],[-6.78829671799997,53.88989606400003],[-6.785346680999965,53.889933803000076],[-6.787508822999939,53.893272901000046],[-6.783948830999975,53.89831305400003],[-6.78399783499998,53.89834947000003],[-6.789823217999981,53.900174949000075],[-6.779276890999938,53.91631614900007],[-6.769212785999969,53.910680084000035],[-6.767384367999966,53.91314870400004],[-6.762569526999926,53.91383719500004],[-6.76200963499997,53.917480314000045],[-6.744746075999956,53.91242755700006],[-6.739065828999969,53.91287229400007],[-6.730588601999955,53.91766839600007],[-6.727777653999965,53.911416521000035],[-6.71471140899996,53.90352934600003],[-6.699850579999975,53.90067942200005],[-6.69507292399993,53.901950613000054],[-6.694698614999936,53.90791853800005],[-6.689217317999976,53.90915283000004],[-6.686373568999954,53.91195075700006],[-6.68233795499998,53.912453338000034],[-6.674000626999941,53.90884190400004],[-6.665395682999929,53.91339270000003],[-6.659327764999944,53.91333706100005],[-6.647268876999931,53.91609852400006],[-6.647309303999975,53.92185275000003],[-6.644789088999971,53.923812929000064],[-6.630583420999926,53.92660280200005],[-6.628638351999939,53.92832660400006],[-6.633434616999978,53.932918405000066],[-6.644743968999933,53.93445578400008],[-6.660287144999927,53.941637462000074],[-6.659145252999963,53.94384413100005],[-6.651819959999955,53.94301651500007],[-6.647992838999926,53.945865301000026],[-6.66002210399995,53.95354748700004],[-6.662152834999972,53.95759134600007],[-6.660104504999936,53.95829738800006],[-6.650551260999976,53.95333452400007],[-6.647205737999968,53.95362646600006],[-6.647970254999962,53.95708529400008],[-6.661297372999968,53.962503061000064],[-6.656027302999973,53.96610027300005],[-6.652179434999937,53.96368808700004],[-6.637614633999931,53.96461980000004],[-6.635549270999945,53.968623603000026],[-6.643021856999951,53.971506641000076],[-6.639938659999927,53.975434921000044],[-6.635746366999967,53.97681703400008],[-6.626474368999936,53.97552562300007],[-6.624831509999979,53.981062793000035],[-6.627162145999932,53.98231201100003],[-6.618602289999956,53.98395184300006],[-6.608206707999955,53.98085281300007],[-6.59314397199995,53.97459663600006],[-6.59436973399994,53.97255959000006],[-6.590787772999931,53.97047817100008],[-6.57618526899995,53.970498916000054],[-6.572562208999955,53.96899136600007],[-6.565658822999978,53.97088743100005],[-6.566802938999956,53.974085339000055],[-6.562328826999931,53.97873210500006],[-6.568251775999954,53.980109999000035],[-6.567887449999944,53.98177164500004],[-6.558555045999981,53.98774804400006],[-6.554793907999965,53.98569697000005],[-6.552814977999958,53.98655639800006],[-6.555923201999974,53.991069622000055],[-6.554555214999937,53.994356690000075],[-6.562954660999935,53.99902011900008],[-6.551064502999964,54.00274246500004],[-6.549729477999961,54.005853201000036],[-6.558207054999968,54.00971058400006],[-6.558319988999926,54.01544890500003],[-6.569348429999934,54.01733815000006],[-6.563631172999976,54.02028834300006],[-6.571611702999974,54.02250615500003],[-6.571228006999945,54.026792183000055],[-6.579236899999955,54.03018921800003],[-6.572834284999942,54.03302603700007],[-6.573499851999941,54.03405356300004],[-6.583789734999925,54.03962173600007],[-6.588219336999941,54.03892792900007],[-6.586078789999931,54.04064423300008],[-6.594915785999945,54.04459350800005],[-6.592966346999958,54.04630809500003],[-6.59567470099995,54.05199309200003],[-6.586580416999936,54.05756372800005],[-6.575090436999972,54.05303752700007],[-6.569033765999961,54.053546476000065],[-6.569450781999933,54.05091116300008],[-6.558011692999969,54.049292139000045],[-6.552269064999962,54.05181450500004],[-6.549263533999977,54.05040624000003],[-6.547079598999971,54.05202615800005],[-6.545409372999927,54.051488060000054],[-6.532083722999971,54.05964481900003],[-6.528346341999963,54.05913980300005],[-6.515743560999965,54.05251514400004],[-6.510518850999972,54.052682394000044],[-6.508434458999943,54.05347240800006],[-6.509839788999955,54.05746332600006],[-6.503511636999974,54.05991853100005],[-6.496552152999925,54.05924587100003],[-6.484338194999964,54.06675468700007],[-6.471316467999941,54.066317655000034],[-6.481540396999947,54.07199792000006],[-6.48151599199997,54.07472551400008],[-6.477764554999965,54.07713324800005],[-6.471355682999956,54.073693140000046],[-6.466597276999948,54.073927870000034],[-6.462080952999941,54.070574314000055],[-6.456124750999948,54.07254242600004],[-6.450034674999927,54.06798383000006],[-6.448430559999963,54.06089385300004],[-6.443515100999946,54.05646513000005],[-6.437376908999966,54.05746461000007],[-6.433481471999926,54.061016883000036],[-6.429694535999943,54.058354447000056],[-6.427244063999979,54.060985118000076],[-6.422926931999939,54.06110456400006],[-6.421423433999962,54.05945974500003],[-6.418153004999965,54.06236713900006],[-6.414702741999974,54.06172018600006],[-6.411955393999961,54.063039014000026],[-6.395192647999977,54.06152036800006],[-6.391169636999962,54.05885998800005],[-6.38274944099993,54.06848242700005],[-6.367332787999942,54.070215672000074],[-6.363552371999958,54.07260849000005],[-6.362292944999979,54.07930681400006],[-6.366122442999938,54.093890947000034],[-6.362166062999961,54.09739020000006],[-6.366611469999953,54.10208040300006],[-6.368385201999956,54.110950768000066],[-6.366433359999974,54.11362051200007],[-6.363074493999932,54.11382953900005],[-6.354814733999945,54.11048419000008],[-6.349042213999951,54.11395092300006],[-6.345890667999981,54.11367525800006],[-6.344732908999958,54.111652141000036],[-6.339936213999977,54.11190943000008],[-6.338338058999966,54.10834917200003],[-6.335760969999967,54.107952082000054],[-6.336373333999973,54.09471227600005],[-6.318482140999947,54.090976545000046],[-6.310487599999931,54.100189657000044],[-6.309040094999943,54.10672145900003],[-6.29608583199996,54.109227092000026],[-6.290898049999953,54.11266360400003],[-6.281282911999938,54.11122344000006],[-6.268003725999961,54.10214471100005],[-6.268408978999958,54.099543450000056],[-6.260415514999977,54.09061060800008],[-6.252947022999933,54.08718242200007],[-6.243776086999958,54.07618258400004],[-6.23370663299994,54.07319386100005],[-6.228032599999949,54.06935811300008],[-6.213355143999934,54.066049269000075],[-6.196523489999947,54.05731617300006],[-6.189318109999931,54.04640131500008],[-6.184661143999961,54.04327168300006],[-6.186666900999967,54.04252025100004],[-6.185011689999953,54.040896115000066],[-6.181819936999943,54.04090147000005],[-6.180388563999941,54.042079132000026],[-6.182137591999947,54.04312320200006],[-6.177884285999937,54.04240215400006],[-6.173553294999977,54.04018927100003],[-6.172795920999931,54.03741521100005],[-6.16474083199995,54.03517467000006],[-6.155093624999949,54.02896479700007],[-6.148564819999933,54.027309030000026],[-6.141615590999947,54.02831183300003],[-6.13128278399995,54.03450666700007],[-6.12632681499997,54.01712102100004],[-6.115056127999935,54.00979696600007],[-6.110552929999926,54.008785078000074],[-6.109812710999961,54.00533480800004],[-6.104656779999971,54.00290886400006],[-6.103009755999949,54.000146689000076],[-6.132529514999931,53.987159732000066],[-6.141199111999981,53.980929702000026],[-6.140187585999968,53.97933955800005],[-6.141767142999981,53.98118371100003],[-6.148024250999981,53.98169968900004],[-6.164400308999973,53.97699148800007],[-6.170565367999927,53.977565553000034],[-6.175465309999936,53.98009768400004],[-6.186937542999942,53.97853447300008],[-6.200225087999968,53.97995605700004],[-6.205111830999954,53.98218439500005],[-6.228813373999969,53.98678976900004],[-6.239932231999944,53.98433767600005],[-6.239921058999926,53.987123170000075],[-6.250941725999951,53.98801412700004],[-6.255059107999955,53.992167005000056],[-6.269534828999952,53.99481710100008],[-6.286215134999964,54.001913685000034],[-6.294930403999956,54.008260319000044],[-6.30732828999993,54.01195151600007],[-6.320931019999932,54.014116803000036],[-6.340660792999927,54.01278905100003],[-6.346094801999925,54.010937253000066],[-6.352378453999961,54.01140819400007],[-6.352119506999941,54.013258955000026],[-6.348257464999961,54.01404081600003],[-6.351625509999963,54.017475356000034],[-6.358961420999947,54.01953660100003],[-6.365328345999956,54.03122574900004],[-6.371125936999931,54.029459218000056],[-6.364283382999929,54.02444972900008],[-6.365904476999958,54.02011908600008],[-6.360044467999955,54.01650948100007],[-6.360687780999967,54.01395629000007],[-6.355992790999949,54.013435865000076],[-6.38893050799993,54.01336321800005],[-6.391183240999965,54.01205159500006],[-6.398233509999955,54.01273479100007],[-6.399541900999964,54.01128425700006],[-6.392139338999925,54.01164842400004],[-6.390695247999929,54.00924849000006],[-6.385503315999927,54.007672023000055],[-6.36281943399996,54.00702734100008],[-6.348789085999954,54.00832066600003],[-6.345996170999967,54.00521620200004],[-6.341584712999975,54.004329288000065],[-6.33963736499993,53.99722543400003],[-6.342653779999978,53.99296291400003],[-6.350132538999958,53.98719338800004],[-6.358456194999974,53.98627568900008],[-6.360237333999976,53.982820943000036],[-6.361963178999929,53.98359585000003],[-6.365576863999934,53.98059086000006],[-6.359976421999932,53.97333720800003],[-6.36212523699993,53.97053044100005],[-6.36101920699997,53.96822997800007],[-6.366818839999951,53.96123027200008],[-6.365661956999929,53.95827440000005],[-6.36756103099998,53.95693915100003],[-6.376233361999937,53.957065173000046],[-6.37944667599993,53.951447263000034],[-6.379400251999925,53.94400649600004],[-6.376599322999937,53.94280181500005],[-6.373002041999939,53.94379635300004],[-6.371943115999954,53.93970251600007],[-6.373944371999926,53.93489733300004],[-6.371698558999981,53.930493682000076],[-6.37604725999995,53.920227956000076],[-6.369467219999933,53.904332830000044],[-6.356963074999953,53.89100148800003],[-6.351739522999935,53.88669272800007],[-6.344937124999944,53.88506904600007],[-6.330592143999979,53.875711341000056],[-6.317114808999975,53.87566788400005],[-6.304080695999971,53.87870207700007],[-6.296973732999959,53.87646826300005],[-6.289751815999978,53.87148000700006],[-6.279062948999979,53.869385469000065],[-6.271306618999972,53.86938218600005],[-6.268216204999931,53.87096709000008],[-6.256787362999944,53.86392295100006],[-6.250320631999955,53.86335576300007],[-6.246613128999968,53.86450352900005],[-6.237816710999937,53.86048901500004],[-6.246277895999981,53.85517284200006],[-6.25255391099995,53.84610694200006],[-6.253957681999964,53.838478431000055],[-6.260771614999953,53.826618385000074],[-6.260960716999932,53.81031919600008],[-6.259896371999957,53.80617030600007],[-6.253356565999979,53.80366123500005],[-6.249318871999947,53.80405439500004],[-6.24929177599995,53.80230819500008],[-6.244728455999962,53.79964445600007],[-6.237953008999966,53.80084393300007],[-6.23763116799995,53.79938545300007],[-6.23136010099995,53.80022626900006],[-6.231551228999933,53.798777134000034],[-6.223307377999959,53.797455598000056],[-6.221714536999968,53.79909648700004],[-6.216318007999973,53.79590274700007],[-6.222597512999926,53.78987886800007],[-6.233453157999975,53.788942571000064],[-6.237314474999948,53.785039909000034],[-6.239570803999925,53.775971869000045],[-6.248548902999971,53.759027993000075],[-6.25154060899996,53.73114960700008],[-6.248956720999956,53.723922764000065],[-6.24654994399998,53.723395750000066],[-6.247585570999945,53.72169637200005],[-6.243493579999949,53.72127738700004],[-6.245279350999965,53.72135877800008],[-6.243399867999926,53.71928711500004],[-6.244484217999968,53.70297530800008],[-6.231509246999963,53.66417911500008],[-6.224663379999981,53.655246731000034],[-6.220973643999969,53.654290841000034],[-6.213164438999968,53.63368513800003],[-6.19532350399993,53.62974508500008],[-6.187496636999981,53.63025229600004],[-6.186865893999936,53.628911446000075],[-6.189749964999976,53.62820452600005],[-6.188821503999975,53.62081679500005],[-6.185554519999926,53.616696183000045],[-6.182655193999949,53.61616234400003],[-6.183256926999945,53.613028977000056],[-6.180178233999925,53.61134415300006],[-6.178579179999929,53.61256477500007],[-6.17999784999995,53.61060902400004],[-6.177734530999942,53.61227284000006],[-6.178371455999979,53.61300158600005],[-6.177596596999933,53.61226477200006],[-6.178409945999931,53.61106847800005],[-6.173735109999939,53.60857681400006],[-6.168444188999956,53.608877128000074],[-6.164877712999953,53.60753722700008],[-6.164012987999968,53.60269366600005],[-6.155249261999927,53.590828903000045],[-6.149508434999973,53.58665745800005],[-6.134800561999953,53.58664066100005],[-6.11236848599998,53.58153111000007],[-6.105746617999955,53.58275165600003],[-6.105302324999968,53.58505644400003],[-6.108109677999948,53.585092658000065],[-6.105839939999953,53.586079373000075],[-6.099527780999949,53.58543620800003],[-6.104866458999936,53.58123595900008],[-6.098999187999937,53.56598441300008],[-6.082956664999926,53.55987494200008],[-6.079266959999927,53.55321053600005],[-6.080417910999927,53.54789422400006],[-6.078403833999971,53.547023109000065],[-6.079450839999936,53.54549301600008],[-6.079490851999935,53.54678090900006],[-6.083323218999965,53.54624305500005],[-6.084726707999948,53.54283457300005],[-6.076792344999944,53.541061322000076],[-6.077687438999931,53.53928937500007],[-6.08381869599998,53.53790538900006],[-6.083410108999942,53.53514106200004],[-6.086020937999933,53.53401254100004],[-6.083324068999957,53.53299256500003],[-6.08709896199997,53.532093101000044],[-6.085989025999936,53.52712321400003],[-6.08118425899994,53.52264267100003],[-6.078788681999981,53.523150462000046],[-6.074992472999952,53.52135979500008],[-6.084165480999957,53.51678892000007],[-6.093506935999926,53.51776489500003],[-6.108419015999971,53.50941117700006],[-6.120074913999929,53.510873237000055],[-6.122020960999976,53.514243813000064],[-6.123929674999943,53.51413037600008],[-6.133583490999968,53.51232860300007],[-6.141130506999957,53.50902856700003],[-6.14736639299997,53.50943651700004],[-6.148851055999955,53.50229858700004],[-6.162769658999935,53.50548387100008],[-6.161491455999965,53.503151727000045],[-6.164686486999926,53.50077739300008],[-6.171064807999926,53.503617347000045],[-6.172020605999933,53.50242321600007],[-6.169737744999964,53.50225248400005],[-6.172581843999978,53.50133514400005],[-6.172142361999931,53.50045964000003],[-6.170947986999977,53.50168324100008],[-6.172212168999977,53.499521782000045],[-6.179817803999981,53.50112757900007],[-6.181829293999954,53.498321213000054],[-6.184471792999943,53.49930490600008],[-6.181655123999974,53.498221699000055],[-6.179766431999951,53.50084921900003],[-6.175235976999943,53.49871160500004],[-6.171633096999926,53.498992687000055],[-6.169737811999937,53.50144688800003],[-6.164493291999975,53.49955303200005],[-6.154198238999925,53.49901745400007],[-6.149137613999926,53.50175145500003],[-6.148360025999978,53.50014796500005],[-6.144459834999964,53.50118645800006],[-6.129036265999957,53.49851138900004],[-6.120116842999948,53.49860274100007],[-6.126194318999978,53.50216254800006],[-6.13019619399995,53.509909969000034],[-6.12007218499997,53.508797214000026],[-6.118954211999949,53.50973035700008],[-6.112838232999934,53.50376091100003],[-6.108305525999981,53.49350606000007],[-6.09894524799995,53.49328169200004],[-6.097122124999942,53.49176563700007],[-6.096318254999971,53.489464430000055],[-6.101224133999949,53.48592711600003],[-6.110925669999972,53.48281966800005],[-6.11309754499996,53.47936543000003],[-6.118263092999939,53.476836889000026],[-6.135131126999966,53.452364024000076],[-6.140642126999978,53.45354009600004],[-6.138174535999951,53.45499332000003],[-6.146009920999973,53.454485903000034],[-6.137268227999925,53.45772993700007],[-6.147290202999955,53.455296598000075],[-6.143958686999952,53.457792390000066],[-6.142474801999981,53.46249579200003],[-6.132242302999941,53.46844715000003],[-6.145632706999947,53.475072871000066],[-6.152540169999952,53.476187210000035],[-6.152948846999948,53.472498030000054],[-6.156391065999969,53.474583479000046],[-6.157225880999931,53.47366210100006],[-6.151003375999949,53.47157062600007],[-6.148859578999975,53.472213053000075],[-6.148483080999938,53.47142209900005],[-6.153691549999962,53.46902998500008],[-6.155211665999957,53.459344378000026],[-6.154930597999964,53.468964775000074],[-6.172549778999951,53.46955252100008],[-6.182487912999932,53.46602402800005],[-6.186787395999943,53.46704215300008],[-6.192194656999959,53.463885],[-6.192048018999969,53.46506825100005],[-6.19703956799998,53.46506001300003],[-6.205971541999929,53.46786496500005],[-6.204470467999954,53.46502957400003],[-6.177118643999961,53.45625376400005],[-6.172885960999963,53.45618637000007],[-6.175130882999952,53.45434370600003],[-6.167981961999942,53.45611511900006],[-6.157603012999971,53.45247057100005],[-6.154539666999938,53.45753788500008],[-6.152477331999933,53.45264056500008],[-6.13776146999993,53.45126445900007],[-6.133403216999966,53.44658966500003],[-6.12438912999994,53.44361578400003],[-6.121629889999952,53.437137319000044],[-6.123952361999955,53.43365176100008],[-6.123335915999974,53.42377978400003],[-6.11297415599995,53.40458561100007],[-6.114570683999943,53.40010620700008],[-6.121977742999945,53.400623934000066],[-6.122354333999965,53.402593671000034],[-6.120095109999966,53.40194660800006],[-6.124484011999925,53.40487721800008],[-6.129730207999955,53.41860960500003],[-6.136163649999958,53.41938398100007],[-6.142470039999978,53.41783395300007],[-6.139286854999966,53.41662667200006],[-6.135496192999938,53.417690907000065],[-6.135332668999979,53.407366069000034],[-6.122624827999971,53.39444450500008],[-6.113619361999952,53.39210436600007],[-6.114738668999962,53.396225909000066],[-6.106947134999928,53.39304666500004],[-6.08514871899996,53.392265440000074],[-6.075678274999973,53.389459816000056],[-6.068421619999981,53.393084990000034],[-6.071654536999972,53.38995957600008],[-6.068714530999955,53.38880814800007],[-6.068285077999974,53.39164697600006],[-6.066331097999978,53.38844244500007],[-6.063345351999942,53.390169925000066],[-6.066594927999972,53.391037589000064],[-6.062905703999945,53.391727238000044],[-6.066728721999937,53.39416463900005],[-6.062493838999956,53.39180804500006],[-6.062382558999957,53.386388012000054],[-6.045144065999978,53.38490602300004],[-6.043929467999931,53.37877982200007],[-6.046042547999946,53.37389846500008],[-6.054877558999976,53.36668904700008],[-6.051838059999966,53.36111605000008],[-6.057465541999932,53.36409463500007],[-6.061149115999967,53.36310397400007],[-6.069289732999948,53.36440322000004],[-6.076421628999981,53.35997471700006],[-6.081504236999933,53.36076867600008],[-6.09096359199998,53.36770208200005],[-6.096250395999959,53.36920995200006],[-6.102326950999952,53.37719975500005],[-6.102840988999958,53.38597908000003],[-6.116402383999969,53.388636235000035],[-6.12713403999993,53.38799131500008],[-6.144343996999964,53.384137717000044],[-6.16168872999998,53.37547886900006],[-6.161490198999957,53.37327224200004],[-6.152999152999939,53.37229520100004],[-6.147676342999944,53.376798965000035],[-6.14894187699997,53.375492172000065],[-6.147003045999952,53.37495941700007],[-6.137311875999956,53.37944296900008],[-6.113094513999954,53.38283341700003],[-6.116835145999971,53.37969240400008],[-6.141486200999964,53.37001310000005],[-6.153064546999929,53.36295855900005],[-6.164936950999959,53.353035066000075],[-6.162017257999935,53.35074134700005],[-6.179375584999946,53.35925071500003],[-6.173447816999953,53.35945802700007],[-6.171925626999951,53.36235618300003],[-6.170346971999948,53.36339051200008],[-6.168907100999945,53.36255944100003],[-6.169497544999956,53.364062998000065],[-6.166877355999929,53.36353276500006],[-6.168855403999942,53.36450202600008],[-6.166737487999967,53.36589674700008],[-6.166074488999925,53.36394274000003],[-6.16447431399996,53.368674370000065],[-6.159183379999945,53.37090398600003],[-6.157649576999972,53.37004433100003],[-6.158531712999945,53.37145230700003],[-6.156604184999935,53.37075783300003],[-6.153756849999979,53.37134026000007],[-6.156592239999952,53.37083049800003],[-6.160135565999951,53.37268176300006],[-6.165118563999954,53.37256320500006],[-6.181157045999953,53.36014819300004],[-6.191565513999933,53.35777948100008],[-6.212158041999942,53.360065500000076],[-6.220577404999972,53.36257857500004],[-6.23387164199994,53.35801937900004],[-6.231088943999964,53.357323292000046],[-6.227009340999928,53.35918861500005],[-6.210427731999971,53.35669165000007],[-6.21077979699993,53.35362231100004],[-6.195936979999942,53.353209510000056],[-6.195642871999951,53.35040608400004],[-6.18919843499998,53.35035261000007],[-6.18978354799998,53.34647793500005],[-6.193325733999927,53.34828466000005],[-6.192890257999977,53.345156047000046],[-6.197589788999949,53.34496354100003],[-6.198642855999935,53.34811917600007],[-6.200332264999929,53.345113078000054],[-6.212423789999946,53.345447093000075],[-6.21592764899998,53.34860766000003],[-6.221803730999966,53.34891608500004],[-6.218852681999977,53.34779808800005],[-6.221509921999939,53.34797398900008],[-6.223138505999941,53.34949220300007],[-6.224101171999962,53.34696746100008],[-6.216339273999949,53.34573652000006],[-6.22724244099993,53.34650154700006],[-6.227056313999981,53.34491433000005],[-6.197940177999953,53.34236511300003],[-6.198905270999944,53.34068855500004],[-6.203560264999965,53.34127648900005],[-6.198885966999967,53.34058750600008],[-6.195277370999975,53.341912437000076],[-6.193383976999939,53.33977474000005],[-6.192521935999935,53.34119891600005],[-6.151192249999951,53.342221703000064],[-6.179129002999957,53.340553327000066],[-6.18263441199997,53.337573718000044],[-6.192466544999945,53.33743616600003],[-6.19447833199996,53.33508899600008],[-6.209651349999945,53.33722742600003],[-6.212975332999974,53.33438927800006],[-6.208973557999968,53.33027659800007],[-6.203585043999965,53.31572457400006],[-6.19050557199995,53.30768713300006],[-6.154588167999975,53.29575742900005],[-6.147035145999951,53.29713998400007],[-6.139657370999942,53.302786550000064],[-6.134630469999934,53.304159757000036],[-6.130581369999959,53.30318216300003],[-6.137604909999936,53.30308799000005],[-6.135727722999945,53.30025672800008],[-6.137668971999972,53.30306753500008],[-6.139250303999972,53.30258599700005],[-6.146815368999967,53.29633641700008],[-6.143217536999941,53.29628710800006],[-6.142365212999948,53.29884272000004],[-6.13482070699996,53.29630196800008],[-6.133702637999932,53.297041860000036],[-6.134250723999969,53.297891280000044],[-6.137997457999973,53.29968899200003],[-6.134973975999969,53.29849919600008],[-6.132048586999929,53.29673495700007],[-6.133174385999951,53.29573336100003],[-6.129798281999967,53.29313584100004],[-6.124709648999954,53.297908634000066],[-6.126020866999966,53.30249259700008],[-6.124122826999951,53.29773812600007],[-6.129409682999949,53.292657235000036],[-6.128299939999977,53.29150918200003],[-6.120142011999974,53.28780191700008],[-6.114982699999928,53.28780341400005],[-6.113576793999925,53.28968065300006],[-6.107371653999962,53.284675668000034],[-6.106327993999969,53.28585564300005],[-6.103074874999947,53.284325136000064],[-6.09138424799994,53.272202969000034],[-6.09129851199998,53.27033891000008],[-6.095396561999962,53.27042426600008],[-6.10658091099998,53.26592763100007],[-6.111838568999929,53.258091637000064],[-6.111831798999958,53.24059608300007],[-6.103131754999936,53.21159597700006],[-6.101816158999952,53.20923840200004],[-6.099217951999947,53.209479808000026],[-6.103392691999943,53.208835271000055],[-6.10968446499993,53.20558954000006],[-6.10322358999997,53.20842938100003],[-6.100550474999977,53.20765441300006],[-6.098727230999941,53.209366542000055],[-6.100533138999936,53.20729292400006],[-6.093271266999977,53.19731907500005],[-6.091504719999932,53.19618340300008],[-6.087907462999965,53.19678458200008],[-6.076731890999952,53.18946056200008],[-6.07491642399998,53.17841572100008],[-6.07189969999996,53.17547921000005],[-6.074648111999977,53.17435466200004],[-6.076741237999954,53.169826827000065],[-6.07547270699996,53.162439032000066],[-6.067757021999967,53.151798582000026],[-6.065367672999969,53.15031672300006],[-6.063643232999937,53.15123651600004],[-6.062538361999941,53.14842542200006],[-6.05995913299995,53.14800862000004],[-6.060262363999925,53.14439340900003],[-6.04206443399994,53.12018883300004],[-6.034436486999937,53.06979209500008],[-6.048322733999953,53.02929781700004],[-6.049913477999951,53.00622036000004],[-6.047727549999934,52.99322883500008],[-6.040569394999977,52.98312381100004],[-6.036491651999938,52.983463595000046],[-6.039373329999933,52.98273654700006],[-6.034588802999963,52.98137258200006],[-6.04137121399998,52.98087649300004],[-6.033772805999945,52.980488354000045],[-6.034348013999931,52.983362498000076],[-6.027846226999941,52.97792379800006],[-6.022133135999979,52.97681341900005],[-6.020958578999966,52.97287036400007],[-6.007493609999926,52.97264848600008],[-6.004189111999949,52.96830653500007],[-5.998045525999942,52.96550332800007],[-5.99997740699996,52.96454064200003],[-5.999823395999954,52.96105239100007],[-6.006497965999927,52.95836575000004],[-6.008879927999942,52.95334052000004],[-6.009239608999962,52.95442831100007],[-6.012389997999946,52.95402785500005],[-6.015288134999935,52.95208065300005],[-6.014115000999936,52.94759682400007],[-6.017202198999939,52.94453357900005],[-6.014422624999952,52.94159736900008],[-6.017002049999974,52.93473342600004],[-6.022844975999931,52.93042051000003],[-6.020925664999936,52.92537155000008],[-6.03154675299993,52.921015469000054],[-6.037843125999927,52.91537009800004],[-6.037345224999967,52.91134874100004],[-6.040690591999976,52.90645240200007],[-6.039836984999965,52.903458931000046],[-6.03644871299997,52.90287969600007],[-6.038917848999972,52.897816324000075],[-6.042461345999925,52.89731935700007],[-6.043048883999973,52.898592],[-6.043936905999942,52.89875113800008],[-6.047758516999977,52.89786559400005],[-6.04719653099994,52.89626051400006],[-6.049946852999938,52.89598880200003],[-6.046965207999961,52.89625798600008],[-6.047566481999979,52.89788731800007],[-6.043166495999969,52.898423120000075],[-6.05202090399996,52.890396406000036],[-6.059439238999971,52.88000494700003],[-6.06464774799997,52.86638044500006],[-6.058645791999936,52.86211290000006],[-6.056954166999958,52.85860072100007],[-6.060716578999973,52.856038142000045],[-6.088580437999951,52.84677073900008],[-6.096878021999942,52.842045926000026],[-6.10200797899995,52.84256287200003],[-6.099785954999959,52.841059374000054],[-6.109845862999975,52.83439995200007],[-6.11614769199997,52.82606206100007],[-6.120568632999948,52.81537947800007],[-6.132235400999946,52.808173182000075],[-6.141816361999929,52.799553409000055],[-6.141669701999945,52.794386204000034],[-6.138041425999972,52.793768029000034],[-6.139079103999961,52.79282741000003],[-6.136736952999968,52.793468672000074],[-6.143630336999934,52.78721097500005],[-6.146118865999938,52.78221600300003],[-6.143115940999962,52.78139993000008],[-6.145766391999928,52.78122975300005],[-6.144922095999959,52.77941901200006],[-6.140816548999965,52.778606610000054],[-6.141824781999958,52.776001146000056],[-6.136868902999936,52.77703758900003],[-6.143015312999978,52.773830443000065],[-6.144786333999946,52.76352040100005],[-6.142909043999964,52.75998270100007],[-6.137771677999979,52.75796879600006],[-6.147186140999963,52.743198017000054],[-6.14090796499994,52.733661426000026],[-6.157218644999944,52.72451256800008],[-6.159439784999961,52.715279201000044],[-6.16960335899995,52.710748428000045],[-6.187405153999975,52.69889504100007],[-6.188663797999936,52.694397492000064],[-6.197152790999951,52.688096941000026],[-6.201285776999953,52.679418690000034],[-6.207099725999967,52.67334983200004],[-6.209292399999981,52.666355587000055],[-6.22643489099994,52.64605540500003],[-6.22377899199995,52.642870542000026],[-6.228117207999958,52.63470855700007],[-6.229427329999965,52.62504157200004],[-6.224834870999928,52.61830310800008],[-6.221586632999959,52.61727151900004],[-6.220790492999981,52.612021362000064],[-6.209290738999925,52.60199505300005],[-6.212589888999958,52.59575657900007],[-6.212616667999953,52.58892140300003],[-6.207556365999949,52.58282290100004],[-6.203318296999953,52.58190881000007],[-6.203442686999949,52.56991805700005],[-6.19992205899996,52.56974971000005],[-6.19337993399995,52.56335531600007],[-6.204622007999944,52.54391098200006],[-6.214543563999939,52.53138413100004],[-6.236169514999972,52.51585177900006],[-6.251649599999951,52.49786682400003],[-6.293838339999979,52.46479442400005],[-6.321591896999962,52.43485299000008],[-6.35085313999997,52.41148232200004],[-6.360350681999932,52.393433807000065],[-6.363970128999938,52.37684982700006],[-6.363208996999958,52.36431576600006],[-6.357429013999933,52.34488621100007],[-6.369655579999971,52.34353936900004],[-6.374113794999971,52.34570495300005],[-6.373934824999935,52.34853948800003],[-6.378263046999962,52.352876612000045],[-6.38531228599993,52.355459446000054],[-6.435523306999926,52.356149636000055],[-6.443399994999936,52.35355742000007],[-6.453530979999925,52.34402320800007],[-6.455384010999978,52.340386126000055],[-6.454307746999973,52.33870574000008],[-6.446968466999976,52.33654243700005],[-6.453773569999953,52.33828285100003],[-6.454461373999948,52.338710726000045],[-6.456614402999946,52.34150935400004],[-6.456503651999981,52.34817608000003],[-6.466345590999936,52.349651186000074],[-6.468362624999941,52.34885974300005],[-6.470241408999925,52.353725301000054],[-6.467716915999972,52.35770057900004],[-6.471584925999935,52.36672012900004],[-6.46679388299998,52.37123670700004],[-6.459576157999948,52.37304896900008],[-6.45969919099997,52.37487704900008],[-6.456029365999939,52.37651317400008],[-6.458394668999972,52.375529260000064],[-6.461021474999939,52.377826123000034],[-6.458717261999936,52.379261247000045],[-6.460107488999938,52.38044571300003],[-6.461800289999928,52.380002872000034],[-6.46038858999998,52.38140874100003],[-6.462346755999931,52.382138532000056],[-6.459579130999941,52.38295091900005],[-6.461571147999962,52.385281881000026],[-6.459772120999958,52.38295],[-6.462537112999939,52.38213716100006],[-6.460780753999927,52.38136680000008],[-6.462023734999946,52.37999005800003],[-6.459523641999965,52.379502460000026],[-6.461632816999952,52.37764903900006],[-6.459367199999974,52.37628537000006],[-6.461377493999976,52.37397820100006],[-6.463832780999951,52.377647840000066],[-6.466945748999933,52.378708721000066],[-6.474422440999945,52.376409970000054],[-6.477993085999969,52.37302384100008],[-6.48518525999998,52.37346877700003],[-6.483855274999939,52.365408856000045],[-6.494647526999927,52.35993109200007],[-6.499724973999946,52.35988645200007],[-6.50479934699996,52.35377177300006],[-6.511408652999933,52.35084706300006],[-6.505085382999937,52.35018230400004],[-6.493913480999936,52.35438407200007],[-6.476261903999955,52.35226004200007],[-6.477143672999944,52.34768599600005],[-6.46325096399994,52.34349455000006],[-6.45914178299995,52.337546916000065],[-6.458199549999961,52.33917682100008],[-6.453585238999949,52.333686138000076],[-6.449588170999959,52.33328705400004],[-6.45089913299995,52.33184555000008],[-6.447402920999934,52.33024603600006],[-6.44549610699994,52.32596818500008],[-6.448902866999958,52.316347234000034],[-6.447022726999933,52.30781238900005],[-6.429583067999943,52.306736122000075],[-6.412897507999958,52.29954534400008],[-6.410544868999978,52.296637212000064],[-6.407394564999947,52.29615219000004],[-6.410643969999967,52.29597132600003],[-6.413189948999957,52.29711430000003],[-6.415786751999974,52.292836273000034],[-6.412962089999951,52.29763831300005],[-6.414864806999958,52.29909804600004],[-6.413432588999967,52.29728498800006],[-6.416879515999938,52.29258605700005],[-6.41437773399997,52.292429612000035],[-6.40950914299998,52.288350104000074],[-6.399760782999977,52.28834582300004],[-6.39769806299995,52.30282034800007],[-6.39006373999996,52.30612627700003],[-6.38998,52.30888361400008],[-6.387793233999957,52.30981683400006],[-6.386356802999956,52.30761480400008],[-6.38952487399996,52.30322262400006],[-6.390668646999927,52.29547033000006],[-6.388921874999937,52.28047262800004],[-6.382140571999969,52.267476421000026],[-6.373849312999937,52.257386807000046],[-6.363127111999972,52.25138392100007],[-6.348461660999931,52.25224564400003],[-6.351183627999944,52.25294350200005],[-6.34121104899998,52.254183874000034],[-6.338814695999929,52.25272615800003],[-6.336934563999932,52.25360198000004],[-6.338831690999939,52.25527411200005],[-6.336679560999926,52.25361412800004],[-6.334714682999959,52.25487509100003],[-6.337959696999974,52.25723565100003],[-6.334705994999979,52.25553520500006],[-6.328928450999967,52.247677844000066],[-6.313720512999964,52.23993711500003],[-6.323250369999926,52.23388006600004],[-6.325723215999972,52.224934113000074],[-6.342894530999956,52.213568182000074],[-6.345133235999981,52.20714332400007],[-6.350992450999968,52.20120516700007],[-6.349683988999971,52.19803066800006],[-6.34712484299996,52.19868080200007],[-6.348403248999944,52.19254310000008],[-6.344963922999966,52.189853345000074],[-6.357820395999966,52.18361930100008],[-6.357863822999946,52.17748345900003],[-6.363076295999974,52.17322360700007],[-6.369773434999956,52.175650775000065],[-6.387576486999933,52.17751601500004],[-6.398434146999932,52.18273086500005],[-6.418286449999925,52.18745575600008],[-6.448564662999956,52.190256559000034],[-6.47845117199995,52.19117476900004],[-6.539436380999973,52.185341246000064],[-6.561917306999931,52.17768041700003],[-6.578078872999981,52.17626079100006],[-6.587407169999949,52.17375959000003],[-6.58689327999997,52.17113914000004],[-6.587730670999974,52.17299576100004],[-6.589254791999963,52.172266954000065],[-6.587284925999938,52.17061720600003],[-6.590945522999959,52.171995664000065],[-6.595733010999936,52.170237332000056],[-6.593563768999957,52.172356112000045],[-6.595639023999979,52.17659804300007],[-6.605480003999958,52.18403932400008],[-6.61804686499994,52.19100713200004],[-6.643144971999959,52.201275673000055],[-6.678203237999981,52.21162638800007],[-6.714616953999951,52.216419888000075],[-6.706762072999936,52.21813385300004],[-6.698514734999947,52.216158997000036],[-6.684324648999961,52.21665306600005],[-6.677814267999963,52.21412597600005],[-6.665022987999976,52.21304160400007],[-6.657094355999959,52.21077308200006],[-6.645660764999946,52.20477156700008],[-6.630788498999948,52.203023649000045],[-6.629501111999957,52.20600716600006],[-6.647911517999944,52.209046210000054],[-6.647624434999955,52.213061991000075],[-6.650582196999949,52.21718264300006],[-6.64809232999994,52.21894463600006],[-6.650505237999937,52.22231985500008],[-6.652761092999981,52.22310005300005],[-6.652449217999958,52.22521619400004],[-6.655855754999948,52.22598226400004],[-6.656776984999965,52.22791477000004],[-6.65636750799996,52.22581050000008],[-6.653666444999942,52.22537741200006],[-6.65299440299998,52.222916980000036],[-6.65160038099998,52.22251677000003],[-6.651969149999957,52.220058006000045],[-6.656663814999945,52.215512240000066],[-6.651132724999968,52.21366672600004],[-6.658059144999982,52.213823508000075],[-6.663315888999932,52.21629685900007],[-6.67001266099993,52.21473113300004],[-6.677289284999972,52.21568637900003],[-6.681618156999946,52.218852981000055],[-6.692987953999932,52.21770096300003],[-6.705870352999966,52.21913909400007],[-6.717093707999936,52.21570833100003],[-6.729985582999973,52.21515136900007],[-6.740573921999953,52.21180615800006],[-6.755154546999961,52.213772696000035],[-6.767248900999959,52.20687441300004],[-6.781977514999937,52.20609264500007],[-6.785360698999966,52.20430371600003],[-6.796324213999981,52.21021162300008],[-6.804330802999971,52.211317406000035],[-6.808250701999953,52.217914138000026],[-6.806858897999973,52.21961920000007],[-6.796996110999942,52.224155479000046],[-6.798673900999972,52.21641717700004],[-6.795978814999955,52.21475632900007],[-6.788821465999945,52.21474116500008],[-6.78964068199997,52.22012266100006],[-6.786803311999961,52.22903123700007],[-6.780500309999979,52.23153629800004],[-6.762298657999963,52.24450019100004],[-6.753596917999971,52.24754517000008],[-6.755064722999975,52.25523833300008],[-6.759209595999948,52.25818517600004],[-6.761486949999949,52.26395258000008],[-6.758240932999968,52.26624542900004],[-6.755852210999933,52.26581352300008],[-6.754876416999934,52.26426400500003],[-6.753424711999969,52.264452756000026],[-6.75129601499998,52.26758085200004],[-6.754058567999948,52.26676340900008],[-6.754168190999962,52.26451545600003],[-6.755500393999966,52.266063605000056],[-6.757880015999945,52.267000222000036],[-6.759798944999943,52.26637468100006],[-6.763533190999965,52.266638055000044],[-6.765898653999955,52.265967525000065],[-6.77121299199996,52.26638245700008],[-6.773202287999936,52.26743321300006],[-6.77202215899996,52.266414068000074],[-6.770343396999976,52.26600693600005],[-6.765616746999967,52.265610561000074],[-6.76376042499993,52.26637767400007],[-6.760778659999971,52.26601065400007],[-6.76403819899997,52.264374126000064],[-6.76188897399993,52.26186621000005],[-6.765700600999935,52.25903851800007],[-6.762082795999959,52.25620950100006],[-6.765829077999967,52.251874705000034],[-6.776767354999947,52.24485694700007],[-6.788309658999935,52.24220309700007],[-6.795631896999964,52.24507615300007],[-6.799523559999955,52.24380696500003],[-6.802057690999959,52.245092604000035],[-6.796578567999973,52.240773439000066],[-6.797354844999973,52.24274801400003],[-6.795043165999971,52.24290761900005],[-6.796820681999975,52.240048743000045],[-6.809686634999935,52.23398461200003],[-6.812104179999949,52.230946191000044],[-6.817122831999939,52.23041056900007],[-6.817607189999933,52.22871025200004],[-6.824116009999955,52.229163060000076],[-6.830813107999973,52.22689695000008],[-6.828878540999938,52.22296485800007],[-6.836715202999926,52.21778543700003],[-6.839668193999955,52.212141581000026],[-6.842629450999937,52.210954282000046],[-6.84476422299997,52.21176535200004],[-6.849601571999926,52.20681196700008],[-6.852239132999955,52.20679038700007],[-6.84877086399996,52.20656857600005],[-6.844787994999933,52.20949009000003],[-6.838065695999944,52.21060836100003],[-6.835568319999936,52.212486614000056],[-6.833484650999935,52.21182397000007],[-6.829757212999937,52.21427284300006],[-6.823506704999943,52.21483985100008],[-6.819220188999964,52.21029201200008],[-6.81533733599997,52.21324712300003],[-6.817087930999946,52.21503604600008],[-6.812225484999942,52.21465766300008],[-6.822645112999965,52.20687931400005],[-6.829377032999957,52.19848243600006],[-6.830690065999931,52.19366749500006],[-6.82877978099998,52.19091910900005],[-6.830532743999981,52.18979022700006],[-6.830984074999947,52.19193623100006],[-6.832343012999956,52.19195912600003],[-6.831252095999957,52.19076057900003],[-6.832351062999976,52.19008887800004],[-6.832608626999956,52.19133741300004],[-6.83752644499998,52.19181266700008],[-6.833032118999938,52.19080695500003],[-6.833760275999964,52.19083769800005],[-6.834678332999943,52.190462213000046],[-6.83555658399996,52.189706888000046],[-6.836406987999965,52.19028587300005],[-6.836529612999925,52.18944776500007],[-6.837152726999932,52.18980513200006],[-6.838419211999962,52.18926624100004],[-6.837615128999971,52.18849738100005],[-6.835532364999949,52.18946947000006],[-6.836127236999971,52.18949664400003],[-6.834730314999945,52.189832902000035],[-6.833742253999958,52.19067123800005],[-6.833121934999951,52.19043676200005],[-6.833632125999941,52.190090862000034],[-6.833158223999931,52.19031885100003],[-6.832630089999952,52.189781046000064],[-6.83001595099995,52.18953438700004],[-6.822677428999953,52.193040292000035],[-6.819685901999947,52.19176999900003],[-6.831654164999975,52.18334779800006],[-6.83018235399993,52.17605433300008],[-6.82437349099996,52.17537509300007],[-6.831310565999956,52.172097343000075],[-6.834013656999957,52.17285812100005],[-6.834765466999954,52.17510017800004],[-6.843252899999925,52.17480537200004],[-6.847745890999931,52.17019239000007],[-6.850006028999928,52.17037099200007],[-6.853355142999931,52.16794428400004],[-6.881803970999954,52.161661751000054],[-6.883234757999958,52.15782306600005],[-6.889246924999952,52.155185868000046],[-6.889356970999927,52.15135868100003],[-6.894978849999973,52.14803465500006],[-6.898894680999945,52.14812466500007],[-6.903275361999931,52.14615867100008],[-6.901825594999934,52.14358887800006],[-6.905516042999977,52.141570355000056],[-6.90529662199998,52.139672261000044],[-6.91074004799998,52.13443152200006],[-6.907842141999936,52.133392979000064],[-6.908210856999972,52.13091297100004],[-6.915259873999958,52.12880699400006],[-6.917577171999937,52.125938860000076],[-6.922103027999981,52.12488052900005],[-6.924336705999963,52.12578231500004],[-6.924780147999968,52.12354911500006],[-6.928150993999964,52.124114777000045],[-6.929878507999945,52.12289759300006],[-6.93161813599994,52.123654670000064],[-6.930140141999971,52.12997227800008],[-6.934695442999953,52.13036311600007],[-6.932985449999933,52.132706807000034],[-6.92637326199997,52.139393202000065],[-6.914192216999936,52.14579953700007],[-6.912841382999943,52.150498765000066],[-6.901149851999946,52.15540622000003],[-6.89937036699996,52.158137872000054],[-6.900419720999935,52.16985977600007],[-6.897630773999936,52.17377894800006],[-6.913014426999951,52.19121542600004],[-6.902485334999938,52.19588698100006],[-6.904643242999953,52.19780839600003],[-6.903664870999933,52.200618501000065],[-6.908011151999972,52.20198413500003],[-6.912943284999926,52.20988328800007],[-6.919142683999951,52.21177797300004],[-6.921589577999953,52.21558939600004],[-6.920254141999976,52.21883867000008],[-6.938065248999976,52.22034755800007],[-6.93797628599998,52.22218522900005],[-6.934875365999972,52.22265429600003],[-6.936309790999928,52.226961396000036],[-6.946597137999959,52.23670997100004],[-6.953951023999934,52.24002427900007],[-6.952453633999937,52.242259181000065],[-6.955733575999943,52.24290335000006],[-6.965713191999953,52.24050845800008],[-6.985156931999938,52.24834868000005],[-6.990768720999938,52.25365577100007],[-6.991050273999974,52.26019570400007],[-6.983697183999936,52.26637210400003],[-6.985068339999941,52.27201720100004],[-6.988673190999975,52.274680157000034],[-7.000172085999964,52.27569984200005],[-7.021175016999962,52.27127836600005],[-7.027416255999981,52.26846057800003],[-7.037940257999935,52.25634784300007],[-7.040354213999933,52.255999978000034],[-7.046307704999947,52.25590358100004],[-7.048937609999939,52.25611417400006],[-7.066098874999966,52.25653731800003],[-7.069926061999979,52.25676992400008],[-7.073417018999976,52.25620742600006],[-7.07397861499993,52.25607215300005],[-7.074640081999974,52.25587334900007],[-7.075075047999974,52.25574963500003],[-7.075363318999962,52.25566330400005],[-7.075659904999952,52.25556699300006],[-7.076061212999946,52.25543992200005],[-7.076871207999943,52.25518881700003],[-7.077217952999945,52.25507539500006],[-7.078034298999967,52.254824373000076],[-7.079550628999925,52.25428762200005],[-7.081136193999953,52.25364329200005],[-7.081696782999927,52.253371694000066],[-7.081904773999952,52.25328327400007],[-7.081958727999961,52.25325729000008],[-7.082054462999963,52.253211607000026],[-7.082269543999928,52.25309439700004],[-7.082829864999951,52.252815471000076],[-7.083298608999939,52.25257079800008],[-7.083462550299856,52.2524905586566],[-7.083702809999977,52.25237961300007],[-7.083962741999926,52.252267774000074],[-7.084239688999958,52.252177662000065],[-7.084513300999959,52.25208780000003],[-7.084897926999929,52.251977081000064],[-7.085393917999966,52.25185891900003],[-7.085678469999948,52.25180303700006],[-7.085879310999928,52.25175820900006],[-7.091466071999946,52.252413524000076],[-7.09208096499998,52.25263890400004],[-7.096542928999952,52.257131694000066],[-7.10057388499996,52.266364328000066],[-7.096007709999981,52.26667364800005],[-7.09921247799997,52.26904124600003],[-7.099243520999948,52.26912168100006],[-7.099780899999928,52.269992098000046],[-7.099998705999951,52.27016847400006],[-7.100299387999939,52.27038678500003],[-7.104224414999976,52.26895368500004],[-7.104267480999965,52.268940384000075],[-7.104342988999974,52.26891745100005],[-7.104378718999953,52.268919907000054],[-7.104579248999926,52.26888540900006],[-7.10477266099997,52.26881150400004],[-7.104888891999963,52.268765716000075],[-7.10508529699996,52.26862532400003],[-7.105176881999967,52.26673273400007],[-7.108872958999939,52.266809659000046],[-7.110153826999976,52.26684907200007],[-7.115810214999954,52.26700713500003],[-7.122862042999941,52.26806650900005],[-7.124159648999978,52.26826413400005],[-7.125007171999926,52.26825033600005],[-7.129752340999971,52.26859485500006],[-7.12991930499993,52.26861305600005],[-7.130256475999943,52.26865158500004],[-7.132886836999944,52.268964614000026],[-7.137444125999934,52.271680375000074],[-7.140320757999973,52.27309343300004],[-7.14214831299995,52.27402496800005],[-7.144013745999928,52.275070061000065],[-7.145846593999977,52.276149092000026],[-7.147714568999959,52.27730077800004],[-7.151462606999928,52.27938990900003],[-7.158451313999933,52.27947742300006],[-7.165659625999979,52.27638880600006],[-7.167603291999967,52.27526241100003],[-7.17043984399993,52.27364503700005],[-7.181024463999961,52.26457635400004],[-7.182393858999944,52.26360014200003],[-7.19115305899993,52.25798446500005],[-7.194425176999971,52.254745265000054],[-7.198589518999938,52.24990384500006],[-7.21245438099993,52.24310489800007],[-7.219318,52.24315856900006],[-7.227714320999951,52.24664464500006],[-7.239769455999976,52.26145650500007],[-7.25890374599993,52.26451843700005],[-7.265000247999978,52.267403311000066],[-7.276292913999953,52.28306112800004],[-7.283204287999979,52.288941255000054],[-7.284700646999966,52.297186347000036],[-7.301164064999966,52.30414309500003],[-7.299838815999976,52.311070191000056],[-7.30256116399994,52.31557701600008],[-7.317978370999981,52.324237964000076],[-7.323929259999943,52.33086127100006],[-7.355951338999944,52.33607146700007],[-7.35813526499993,52.34194600600006],[-7.372160730999951,52.343009263000056],[-7.372899666999956,52.34707125500006],[-7.37589455899996,52.34792376900003],[-7.37734482999997,52.35125464100008],[-7.393802871999981,52.360426294000035],[-7.397066073999952,52.36405170200004],[-7.396417097999972,52.36695350600007],[-7.389626027999952,52.37777841900004],[-7.392154479999931,52.38045781500006],[-7.388237794999952,52.38390745800007],[-7.394450543999938,52.39526613100003],[-7.390459564999958,52.39996058400004],[-7.389139497999963,52.407472392000045],[-7.385478790999969,52.41040467400006],[-7.385491982999952,52.415511070000036],[-7.38321278799998,52.41650882500005],[-7.382449862999977,52.42032897900003],[-7.384697186999972,52.42466177400007],[-7.389323947999969,52.42555345900007],[-7.390805168999975,52.42850434200005],[-7.399872603999938,52.42791082700006],[-7.403518903999952,52.43445520900008],[-7.408367878999968,52.43539781700008],[-7.409745978999979,52.43802509200003],[-7.418694340999934,52.44198920300005],[-7.422768926999936,52.45183521100006],[-7.424863085999959,52.45236974200003],[-7.424883265999938,52.45237353400006],[-7.431954775999941,52.45481704700006],[-7.431971723999936,52.45482404000006],[-7.441050078999979,52.459619288000056],[-7.441065760999948,52.46595906500005],[-7.460992344999966,52.46588061400007],[-7.462763549999977,52.46933772300008],[-7.467889709999952,52.47221743600005],[-7.459510941999952,52.47680413300003],[-7.45952429099998,52.48231489700004],[-7.443929534999938,52.49131334300006],[-7.432014245999937,52.49521623600003],[-7.429533525999943,52.50314619400007],[-7.425208392999934,52.50446537000005],[-7.420065496999939,52.51091001800006],[-7.432440010999926,52.51856094900006],[-7.443424446999927,52.51038942900004],[-7.44842443999994,52.50915340600005],[-7.453230155999961,52.510661033000076],[-7.450274813999954,52.516398569000046],[-7.454064602999949,52.52149527700004],[-7.458827836999944,52.521421436000026],[-7.457139974999961,52.52953572300004],[-7.458566989999952,52.53571518600006],[-7.456309378999947,52.54340368700008],[-7.452767655999935,52.54554254400006],[-7.454503799999941,52.54932599800003],[-7.451503833999936,52.55419156700003],[-7.453157972999975,52.55786111500004],[-7.459416620999946,52.55885131800005],[-7.455649756999946,52.56350158300006],[-7.457598071999939,52.56726976500005],[-7.455119613999955,52.570231481000064],[-7.455262422999965,52.573967270000026],[-7.458465554999975,52.574087528000064],[-7.45136107299993,52.58187285400004],[-7.475575318999972,52.59068836400007],[-7.479954593999935,52.59611661000008],[-7.481115582999962,52.60385345900005],[-7.476301106999927,52.60738216900006],[-7.474674166999932,52.611119975000065],[-7.475963663999948,52.617119040000034],[-7.510787591999929,52.64250750700006],[-7.512302629999965,52.64701715700005],[-7.521180862999927,52.654694981000034],[-7.519809264999935,52.661780288000045],[-7.526716945999965,52.66863895100005],[-7.527469194999981,52.672849152000026],[-7.531441288999929,52.67381666300008],[-7.538588817999937,52.680337558000076],[-7.533593159999953,52.68324578200003],[-7.536232017999964,52.689232666000066],[-7.541702244999954,52.69331032100007],[-7.547029103999932,52.69479569300006],[-7.547682337999959,52.70041393500003],[-7.55347895899996,52.70268471700007],[-7.560552675999929,52.70275428800005],[-7.561011280999935,52.70574664500003],[-7.576720357999932,52.712511920000054],[-7.580947796999965,52.71127369100003],[-7.587112705999971,52.71321164700004],[-7.592857332999927,52.71623930000004],[-7.594619402999967,52.72034808900003],[-7.60349817599996,52.71962385000006],[-7.608711639999967,52.72098162700007],[-7.611106116999963,52.724421635000056],[-7.626174449999951,52.73368920200005],[-7.647826675999966,52.73213105100007],[-7.646183353999959,52.73507395900003],[-7.654126374999976,52.746732706000046],[-7.669873870999936,52.75565854700005],[-7.667368791999934,52.760945786000036],[-7.671263697999962,52.77747869800004],[-7.678946808999967,52.794261464000044],[-7.680366797999966,52.80524825600003],[-7.689624229999936,52.80808839300005],[-7.688571840999941,52.81582477500007],[-7.694747008999968,52.82472370600004],[-7.694323734999955,52.82932231400008],[-7.697348981999937,52.83186064500006],[-7.716426919999947,52.837475245000064],[-7.732173508999949,52.851975021000044],[-7.734651399999962,52.85836204800006],[-7.717401688999928,52.86519062700006],[-7.725282524999955,52.887929350000036],[-7.708734130999972,52.891473725000026],[-7.705819174999931,52.90227522300006],[-7.699950073999958,52.90469950900007],[-7.692133678999937,52.911370126000065],[-7.684299826999961,52.91490242000003],[-7.675961154999925,52.91541062700003],[-7.66581518299995,52.92126701400008],[-7.66290509199996,52.92459573200006],[-7.664161308999951,52.92693805300007],[-7.66103267699998,52.93532333700006],[-7.678822741999966,52.93482516100005],[-7.685403324999982,52.933131625000044],[-7.692965762999961,52.93457216200005],[-7.70218486899995,52.93406828500008],[-7.711250302999929,52.94218079900003],[-7.725312943999938,52.94537749500006],[-7.725517694999951,52.94937071000004],[-7.730172172999971,52.95277352200003],[-7.730447563999974,52.95765678500004],[-7.747356900999932,52.962545300000045],[-7.759400261999929,52.96085702000005],[-7.761116010999956,52.963674162000075],[-7.759651838999957,52.96622664300003],[-7.770344909999949,52.97065825400006],[-7.781910970999945,52.97147120500006],[-7.791074583999944,52.970245453000075],[-7.793117778999942,52.97812462600007],[-7.79860537199994,52.98186207200007],[-7.802038874999937,52.981856855000046],[-7.812531373999946,52.97844551000003],[-7.815420423999967,52.97481769600006],[-7.825421478999942,52.97472973400005],[-7.824101786999961,52.96834572400007],[-7.827670510999951,52.96558704800003],[-7.840479115999926,52.96463315900007],[-7.83745059499995,52.962818638000044],[-7.844664828999953,52.95907722600003],[-7.845114777999981,52.95532687800005],[-7.864563920999956,52.956320204000065],[-7.86268215299998,52.95183910900005],[-7.864462711999977,52.94695924000007],[-7.867205659999968,52.94576780300008],[-7.856013497999982,52.940394095000045],[-7.849964992999958,52.93989217200004],[-7.847320178999951,52.93577463300005],[-7.843380132999926,52.93383052100006],[-7.860905254999977,52.92626328700004],[-7.871364460999928,52.92376621600005],[-7.860694128999967,52.91615790000003],[-7.863739968999937,52.91371766200007],[-7.873948130999963,52.91369173900006],[-7.879065644999969,52.910060283000064],[-7.89379667299994,52.90775409100007],[-7.884342530999959,52.89958242500006],[-7.887475501999972,52.89760504100008],[-7.89374685699994,52.89685963100004],[-7.894496466999954,52.89332552400003],[-7.908637606999946,52.89369633300004],[-7.912217300999941,52.89666671500004],[-7.917360821999978,52.89697740300005],[-7.918928981999954,52.89315203400008],[-7.914939557999958,52.890390369000045],[-7.912350425999932,52.88426545000004],[-7.915090507999935,52.88304257000004],[-7.914138223999942,52.88212305300004],[-7.920044859999962,52.88061536600003],[-7.925198070999954,52.877090302000056],[-7.932459190999964,52.876262101000066],[-7.935127533999946,52.884618818000035],[-7.939347362999968,52.88828070100004],[-7.956433249999975,52.89413926200007],[-7.961166245999948,52.89305013000006],[-7.961304705999964,52.890979249000054],[-7.944987030999926,52.87981774700006],[-7.944376212999941,52.87057572000003],[-7.944999454999959,52.86654487700008],[-7.950765616999945,52.86600971200005],[-7.954603548999955,52.86136293100003],[-7.96367743199994,52.85782616200004],[-7.960215198999947,52.85380861400006],[-7.966259726999965,52.849099918000036],[-7.97154644699998,52.84817183200005],[-7.978695989999949,52.84944966200004],[-7.98189089899995,52.85312506500003],[-7.988619827999969,52.85513647000005],[-7.988367750999942,52.858595980000075],[-7.998451125999964,52.86515767700007],[-7.998047059999976,52.86629893200006],[-7.994573489999937,52.865050205000045],[-7.993723994999925,52.87349550000005],[-7.987318432999928,52.87919983000006],[-8.01154547699997,52.88384707400007],[-8.011616556999968,52.88557391300003],[-8.018569064999951,52.88755575400006],[-8.024277927999947,52.88705231600005],[-8.02563702699996,52.89049248300006],[-8.031603350999944,52.89102135100006],[-8.03962968199994,52.88915102100003],[-8.041737687999955,52.89781968900007],[-8.047494287999939,52.90010553800005],[-8.045966679999935,52.90274044100005],[-8.042958097999929,52.90290585200006],[-8.03791640399993,52.91179184900005],[-8.047554171999934,52.91922014200003],[-8.055110470999978,52.92810598800003],[-8.051489617999948,52.93044038800008],[-8.045882314999972,52.939869162000036],[-8.027907266999932,52.93308811700007],[-8.017767280999976,52.93120667900007],[-8.012963064999951,52.92846730800005],[-7.99390025699995,52.930740453000055],[-7.984249641999952,52.93865193600004],[-7.986522709999974,52.94204072600007],[-7.985921355999949,52.94625948700008],[-7.979571763999957,52.94655263800007],[-7.975245136999945,52.94853150800003],[-7.987974093999981,52.96555199800008],[-7.987468047999926,52.972574949000034],[-8.004487208999933,52.981536436000056],[-8.007945264999933,52.98506801000008],[-8.00453561699993,52.992316403000075],[-7.997214054999972,52.99466035100005],[-7.99639922199998,52.99744566900006],[-7.992779817999974,52.99881877800004],[-7.97634157899995,52.99727100800004],[-7.968835093999928,52.99496667300008],[-7.965857841999934,52.99581012900006],[-7.959698210999932,52.992499628000076],[-7.94995165499995,52.99542791400006],[-7.952774154999929,53.00219088800003],[-7.960131819999958,53.006422877000034],[-7.962767038999971,53.011510361000035],[-7.963427739999929,53.01651955800003],[-7.959861787999955,53.021846108000034],[-7.963660370999946,53.02507952800005],[-7.962166177999961,53.03100456900006],[-7.955420315999959,53.03274630100003],[-7.963534250999942,53.04188613700006],[-7.954597809999939,53.04658537100005],[-7.943246109999961,53.04367898300006],[-7.936323379999976,53.04483281200004],[-7.936063650999927,53.04921987200004],[-7.939185977999955,53.05161267300008],[-7.935232586999973,53.053983550000055],[-7.933997011999963,53.060871804000044],[-7.927046795999956,53.06578799200008],[-7.928507299999978,53.07838025600006],[-7.922076782999966,53.082555841000044],[-7.921761206999975,53.08300536000007],[-7.920338409999943,53.088844047000066],[-7.928246127999955,53.09705328000007],[-7.925701304999961,53.09935219000005],[-7.920865596999931,53.100075625000045],[-7.919857865999973,53.10307704200005],[-7.925777444999937,53.10705448600004],[-7.92634263399998,53.107294843000034],[-7.92999365299994,53.10943684800003],[-7.936210281999934,53.109818930000074],[-7.940484415999947,53.11792901000007],[-7.948039330999961,53.12183321100008],[-7.951556453999956,53.12208287700008],[-7.955118849999963,53.12532063300006],[-7.974286897999946,53.12911940500004],[-7.973301713999945,53.13071537900004],[-7.977718574999926,53.13432041800007],[-7.99255444299996,53.13904443700005],[-8.004520359999958,53.13905762500008],[-8.008835953999949,53.143886243000054],[-8.014959268999974,53.14429800200003],[-8.020076165999967,53.14811900600006],[-8.03316497399993,53.15033803700004],[-8.033768906999967,53.14929269800007],[-8.037526130999936,53.15053365300008],[-8.039314570999977,53.14962148400008],[-8.04565851999996,53.15249513200007],[-8.054964994999978,53.15390096400006],[-8.06181879099995,53.15966066400006],[-8.074522584999954,53.163249859000075],[-8.077174009999965,53.16733671900005],[-8.081454331999964,53.16689478200004],[-8.083874477999927,53.170043331000045],[-8.08199837799998,53.17201927700006],[-8.074287521999963,53.17597983100006],[-8.061682674999929,53.18796476500006],[-8.050251923999951,53.19349019400005],[-8.037168660999953,53.19507138600005],[-8.030209768999953,53.194039031000045],[-8.02330945999995,53.19580468700008],[-8.001938691999953,53.19263471800008],[-7.993989326999952,53.19298233200004],[-7.974249482999937,53.209416402000045],[-7.97034271299998,53.21507166100008],[-7.967336821999936,53.22646330400005],[-7.971848416999933,53.233119585000054],[-7.981377126999973,53.23917622100004],[-7.999480904999928,53.24470189200008],[-8.00678979099996,53.250632127000074],[-8.027609782999946,53.253320778000045],[-8.029344862999949,53.26314469500005],[-8.034947188999979,53.26394470400004],[-8.042809400999943,53.27152310000008],[-8.055806357999927,53.27429102800005],[-8.048894827999959,53.28095531300005],[-8.04624314299997,53.28880146400007],[-8.03734043399993,53.29147913600008],[-8.031800257999976,53.29502014900004],[-8.029549670999927,53.30031893300003],[-8.024122649999981,53.30410563700008],[-8.027924169999949,53.31302828100007],[-8.027097798999932,53.32122006900005],[-8.021070632999965,53.323954436000065],[-8.012316490999979,53.324463595000054],[-8.00412576399998,53.32195656400006],[-7.995904874999951,53.324408136000045],[-7.986191187999964,53.329143722000026],[-7.98955826599996,53.330862558000035],[-7.988827205999939,53.33365133900003],[-7.982905354999957,53.33755515000007],[-7.975998197999957,53.33546199800003],[-7.969000396999945,53.33536850300004],[-7.943578160999948,53.34115577600005],[-7.941310549999969,53.34400159100005],[-7.943669186999955,53.35003352100006],[-7.937028011999928,53.358003394000036],[-7.93124241199996,53.36187825900004],[-7.925272438999968,53.36172818400007],[-7.918390984999974,53.36735456500003],[-7.91198038899995,53.368235094000056],[-7.910372070999927,53.37095350200008],[-7.913885340999968,53.37915318800003],[-7.923289886999953,53.38821729000006],[-7.924138636999942,53.39496402600008],[-7.942176416999928,53.40562164900007],[-7.943707358999973,53.41064606500004],[-7.940501582999957,53.41241194200006],[-7.972956196999974,53.42227561800007],[-7.955759637999961,53.43124039700007],[-7.952516555999978,53.43144333200007],[-7.957232696999938,53.433514296000055],[-7.959898056999975,53.44287474500004],[-7.966197704999956,53.446838299000035],[-7.966835313999979,53.44970995800003],[-7.955048608999959,53.48146977000005],[-7.980712731999972,53.55190470500003],[-8.01505661699997,53.58091569900006],[-8.035979353999949,53.607686227000045],[-8.035949044999938,53.630923385000074],[-8.034654286999967,53.64338612800003],[-8.026554579999981,53.653370324000036],[-8.014788471999964,53.662396527000055],[-8.003794693999964,53.66220948200004],[-7.99947991099998,53.66902875100004],[-7.984092591999968,53.68036428400006],[-7.982471463999957,53.69032010600006],[-7.987281812999981,53.69978069500007],[-7.97688306799995,53.701746495000066],[-7.96521410899993,53.711249398000064],[-7.954249646999926,53.71040144300008],[-7.949250648999964,53.71378351900006],[-7.944140089999962,53.72824418300007],[-7.947116930999925,53.73745201500003],[-7.941236988999947,53.738723521000054],[-7.930757167999957,53.733299387000045],[-7.920768430999942,53.733927977000064],[-7.917003530999978,53.73587505200004],[-7.917622374999951,53.74693426500005],[-7.908700025999963,53.74919736900006],[-7.906272024999964,53.752423614000065],[-7.89881911599997,53.756132947000026],[-7.886334761999933,53.759395194000035],[-7.886765622999974,53.76258854300005],[-7.88194264699996,53.767361520000065],[-7.883451363999939,53.77150122000006],[-7.880450157999974,53.77619318600006],[-7.875847707999981,53.77739585200004],[-7.881201607999969,53.78563255000006],[-7.894090477999953,53.78628609300006],[-7.909465459999979,53.79426088000008],[-7.910852141999953,53.81023506900004],[-7.918770170999949,53.821485374000076],[-7.911753518999944,53.82135090000003],[-7.89695216299998,53.824015606000046],[-7.89687689799996,53.821766841000056],[-7.888597594999965,53.82375814200003],[-7.883767397999975,53.829332484000076],[-7.881835287999934,53.82713194200005],[-7.881835511999952,53.82705228000003],[-7.881945648999931,53.82600995200005],[-7.881951772999969,53.825971389000074],[-7.88194185499998,53.82596039900005],[-7.881966131999945,53.82592081100006],[-7.88232594699997,53.82309564900004],[-7.882343803999959,53.823064583000075],[-7.882569649999937,53.821260849000055],[-7.882552769999961,53.82124168300004],[-7.885205827999926,53.82023444300006],[-7.883052728999928,53.81536403400003],[-7.879076178999981,53.818305199000065],[-7.875548556999945,53.81532587600003],[-7.871258044999934,53.816937961000065],[-7.870518243999925,53.813931910000065],[-7.875640744999941,53.810904469000036],[-7.876444624999976,53.80844602900004],[-7.868409972999928,53.805967140000064],[-7.863780812999948,53.80799278100005],[-7.861119156999962,53.81244696300007],[-7.865291705999937,53.825318165000056],[-7.857057374999954,53.831460665000066],[-7.853147028999956,53.830001579000054],[-7.846394893999957,53.81849099500005],[-7.843298029999971,53.81764718200003],[-7.83710797699996,53.81083121100005],[-7.827915274999953,53.81170410400006],[-7.815227319999963,53.81994164500003],[-7.810919248999937,53.82037762900006],[-7.803114180999955,53.81516071600004],[-7.788284319999946,53.81636252100003],[-7.787662386999955,53.82312330800005],[-7.780250652999939,53.828911779000066],[-7.782149825999966,53.83725220000008],[-7.771667663999949,53.84678235300004],[-7.776824762999979,53.86757861500007],[-7.766986671999973,53.867105525000056],[-7.759846139999979,53.86350659900006],[-7.754520449999973,53.86913844500003],[-7.758162837999976,53.87363506200006],[-7.750579369999969,53.875527368000064],[-7.751169475999973,53.87924696300007],[-7.747099767999941,53.880224948000034],[-7.737753860999931,53.87618173200008],[-7.73054736499995,53.87882624900004],[-7.726255478999974,53.88818275300008],[-7.713645442999962,53.89081346900008],[-7.710733240999957,53.89340016600005],[-7.711398961999976,53.90028121600005],[-7.702839538999967,53.90037536900007],[-7.698836962999962,53.90468698500007],[-7.693298211999945,53.90452492900005],[-7.690618270999948,53.90587101300008],[-7.691253123999957,53.91836131200006],[-7.688207745999932,53.919128846000035],[-7.67839661499994,53.91704260300003],[-7.667371873999969,53.92141217200003],[-7.668216213999926,53.92823912600005],[-7.660731909999981,53.929318125000066],[-7.657676801999969,53.93738778900007],[-7.653168539999967,53.93831206900006],[-7.649514691999968,53.941912700000046],[-7.646731354999929,53.94155307500006],[-7.644134900999973,53.937923957000066],[-7.634539986999926,53.93941459700005],[-7.619761112999981,53.93538578300007],[-7.611785214999941,53.93628885800007],[-7.610290101999965,53.938363534000075]],[[-6.217030445999967,53.55469498700006],[-6.214551387999961,53.55525492700008],[-6.21740196199994,53.55693521100005],[-6.217030445999967,53.55469498700006]]]]}},{"type":"Feature","properties":{"shapeName":"Munster","shapeISO":"IE-M","shapeID":"36931253B96342403647060","shapeGroup":"IRL","shapeType":"ADM1"},"geometry":{"type":"MultiPolygon","coordinates":[[[[-9.466858159999958,51.453319359000034],[-9.463581079999926,51.45254507100003],[-9.465042701999948,51.450564444000065],[-9.46047503799997,51.44871360700006],[-9.46414103799998,51.44536149100003],[-9.466500746999941,51.44613828700005],[-9.471948933999954,51.440613463000034],[-9.478870043999962,51.43813498800006],[-9.48084163599998,51.43603427700003],[-9.479685995999944,51.43383704300004],[-9.483644488999971,51.431995795000034],[-9.484641902999954,51.43279408300003],[-9.48829057599994,51.42973436500006],[-9.490784129999952,51.43037882600004],[-9.493718823999927,51.42706918500005],[-9.49456265699996,51.42839085300005],[-9.498408351999956,51.42569948400006],[-9.50121332599997,51.430224501000055],[-9.499656067999979,51.43477738400003],[-9.503007611999976,51.43589893600006],[-9.504933386999937,51.43372022800003],[-9.503695791999974,51.429905431000066],[-9.509724208999955,51.42660846200005],[-9.513612946999956,51.42002960100007],[-9.512658061999957,51.42205969200006],[-9.520429103999959,51.422030609000046],[-9.518756549999978,51.42397897400008],[-9.520912259999932,51.423350017000075],[-9.52108304799998,51.42490453600004],[-9.519192397999973,51.42572604500003],[-9.521395281999958,51.42583489100008],[-9.51936917699993,51.42700476500005],[-9.522437339999954,51.42795011800007],[-9.519364889999963,51.42954485100006],[-9.52774474599994,51.42732165400008],[-9.517458746999978,51.43391141700005],[-9.517297552999935,51.435867159000054],[-9.513408548999962,51.43777173700005],[-9.51580083899995,51.438323205000074],[-9.50973673599998,51.44010871800003],[-9.509484296999972,51.44168293000007],[-9.50518234499998,51.44273827600006],[-9.504235338999933,51.43951670100006],[-9.501476490999949,51.44303931800005],[-9.498479778999979,51.443273057000056],[-9.498244492999959,51.44470228400007],[-9.489412324999932,51.44776626100003],[-9.486710949999974,51.45031568200005],[-9.477276532999952,51.452898824000044],[-9.466858159999958,51.453319359000034]]],[[[-9.34147137399998,51.46403909700007],[-9.339924048999933,51.464425971000026],[-9.343527477999942,51.46186753300003],[-9.347465972999942,51.46177430700004],[-9.34147137399998,51.46403909700007]]],[[[-9.81926262099995,51.46119253200004],[-9.821041382999965,51.45966536000003],[-9.81892129299996,51.46252877500007],[-9.81926262099995,51.46119253200004]]],[[[-9.514583451999954,51.47712523300004],[-9.513420684999971,51.47491188300006],[-9.515683311999965,51.47244305900006],[-9.522028691999935,51.47169791600004],[-9.519876437999926,51.47349520200004],[-9.522825695999927,51.47306108200007],[-9.521614714999941,51.474593447000075],[-9.514583451999954,51.47712523300004]]],[[[-9.501749615999927,51.48203184100004],[-9.501376008999955,51.47825394800003],[-9.503847847999964,51.47562209900008],[-9.506734033999976,51.47558873100007],[-9.505293222999967,51.47642600100005],[-9.507385737999925,51.478536029000054],[-9.511389547999954,51.47907678900003],[-9.501749615999927,51.48203184100004]]],[[[-9.484981931999926,51.486451629000044],[-9.484826081999927,51.484138733000066],[-9.481327272999977,51.48164044300006],[-9.485141040999963,51.48034401100006],[-9.487243429999978,51.481706487000054],[-9.486182261999943,51.48029065700007],[-9.48946254699996,51.47971073100007],[-9.492385429999956,51.481370757000036],[-9.490644378999946,51.483568037000055],[-9.492805938999936,51.483599524000056],[-9.489322474999938,51.486000398000044],[-9.484981931999926,51.486451629000044]]],[[[-9.601626826999961,51.48540298900008],[-9.602959732999977,51.483189613000036],[-9.604253004999975,51.48472957600006],[-9.601626826999961,51.48540298900008]]],[[[-9.402599332999955,51.49104236200003],[-9.39907573499994,51.489632501000074],[-9.398038503999942,51.485736075000034],[-9.402016206999974,51.48327076700008],[-9.399886140999968,51.48168784600006],[-9.40099351799995,51.47824041200005],[-9.399219590999962,51.47604637300003],[-9.395299830999932,51.475569061000044],[-9.393647618999978,51.47224949300005],[-9.397706532999962,51.471036086000026],[-9.397538825999959,51.47299752300006],[-9.400566884999932,51.473519416000045],[-9.402088590999938,51.47226165200004],[-9.398690035999948,51.47038250700007],[-9.399187251999933,51.46789146700007],[-9.403243632999931,51.467581144000064],[-9.40462772099994,51.46539935700008],[-9.406853989999945,51.46595019000006],[-9.409623311999951,51.463168729000074],[-9.417131191999943,51.46015704200005],[-9.420490341999937,51.460767746000045],[-9.42350919699993,51.455764600000066],[-9.428541372999973,51.454983757000036],[-9.431876276999958,51.45266815700006],[-9.433052402999976,51.45451626400006],[-9.434519337999973,51.45213418600008],[-9.437811857999975,51.45500686300005],[-9.434738509999931,51.45847574600003],[-9.438251683999965,51.45788616100003],[-9.43413234299993,51.461085688000026],[-9.438156452999976,51.46023288200007],[-9.436012968999933,51.46179002100007],[-9.439223801999958,51.46184879800006],[-9.424051310999971,51.46567286700008],[-9.425371969999958,51.46614041300006],[-9.422600941999974,51.46764807500006],[-9.425495060999936,51.46803157100004],[-9.420406604999926,51.47164945800006],[-9.423745874999952,51.47123087400007],[-9.421885570999962,51.472720037000045],[-9.424927039999943,51.474517957000046],[-9.433121609999944,51.47343684200007],[-9.430749956999932,51.47589775900008],[-9.434527566999975,51.47555863100007],[-9.434742956999969,51.476946112000064],[-9.42034784599997,51.479658749000066],[-9.42027526399994,51.478223341000046],[-9.416274202999944,51.47724257800007],[-9.419023329999959,51.47541780500006],[-9.41851668199996,51.47276002500007],[-9.40929510899997,51.47297509300006],[-9.412599646999979,51.47086516100006],[-9.40962508399997,51.47103671600007],[-9.407035967999946,51.47319317200004],[-9.408056320999947,51.47421748000005],[-9.405213787999969,51.47511107200006],[-9.415775948999965,51.47786393400003],[-9.413763719999963,51.47989527400006],[-9.415796040999965,51.48064961700004],[-9.41489136599995,51.48215595400006],[-9.411497202999954,51.48348871500008],[-9.41719349799996,51.48569962900007],[-9.40912583599993,51.49081744100005],[-9.407033123999952,51.48991033900006],[-9.402599332999955,51.49104236200003]]],[[[-9.597341566999944,51.48968060200008],[-9.597222531999932,51.48777381800005],[-9.60133751099994,51.487278298000035],[-9.601284284999963,51.48833909200005],[-9.601713864999965,51.48595701200003],[-9.604484767999963,51.48522257600007],[-9.604466421999973,51.48833766000007],[-9.597341566999944,51.48968060200008]]],[[[-9.289109045999965,51.49375522500003],[-9.290619437999965,51.49224828600006],[-9.293079029999944,51.49415583500007],[-9.290215729999943,51.495367128000055],[-9.289109045999965,51.49375522500003]]],[[[-9.424666178999928,51.50076985600003],[-9.423580304999973,51.49834224600005],[-9.432147931999964,51.494182495000075],[-9.428518027999928,51.49016902000005],[-9.430976406999946,51.48733311800004],[-9.436477885999977,51.48743294900004],[-9.434744535999926,51.49196531700005],[-9.439004466999961,51.49199903200008],[-9.440079774999958,51.493320366000034],[-9.443944615999953,51.492773182000064],[-9.447815936999973,51.48998280100005],[-9.451820690999966,51.489259348000076],[-9.453737202999946,51.49082187300007],[-9.453384650999965,51.48922870100006],[-9.456126808999954,51.48900439100004],[-9.454725529999962,51.493851378000045],[-9.449199423999971,51.49644727100008],[-9.445225455999946,51.49757359500006],[-9.444398106999927,51.493940413000075],[-9.443394225999953,51.49339976500005],[-9.444486827999981,51.49588813200006],[-9.440588523999963,51.49777130200005],[-9.438946769999973,51.49777118500003],[-9.437930295999934,51.499621836000074],[-9.424666178999928,51.50076985600003]]],[[[-9.57185362499996,51.50240361400006],[-9.571007823999935,51.501309466000066],[-9.573563303999947,51.50038355200007],[-9.574326834999965,51.50160134500004],[-9.57185362499996,51.50240361400006]]],[[[-9.454595334999965,51.505083710000065],[-9.458118126999977,51.50178598000008],[-9.46629070399996,51.50096659500008],[-9.454595334999965,51.505083710000065]]],[[[-9.535693376999973,51.50431410700003],[-9.53397911299993,51.50419221000004],[-9.546766968999975,51.498018890000026],[-9.552679959999978,51.49787960500004],[-9.555076239999948,51.49382424600003],[-9.560514145999946,51.493033026000035],[-9.560113762999947,51.49439478700003],[-9.565139664999947,51.49407193500008],[-9.566849253999976,51.49058062700004],[-9.573088177999978,51.48995976900005],[-9.571223780999958,51.49074645200005],[-9.574094858999956,51.49055778600007],[-9.574447953999936,51.49199976500006],[-9.576899432999937,51.489331080000056],[-9.581621343999927,51.48807422500005],[-9.583139926999934,51.48990286900005],[-9.581454236999946,51.49077012400005],[-9.585908178999944,51.49084747100005],[-9.579578822999963,51.49335184000006],[-9.573990049999964,51.49336020800007],[-9.561329451999939,51.49912687800003],[-9.556079849999946,51.49896099500006],[-9.553078378999942,51.50083093300003],[-9.535693376999973,51.50431410700003]]],[[[-9.181802648999962,51.50938767200006],[-9.179654546999927,51.50903975600005],[-9.182114806999948,51.50660332900003],[-9.187970420999932,51.50564750400008],[-9.18449005399998,51.509218744000066],[-9.181802648999962,51.50938767200006]]],[[[-9.444643028999963,51.50748709800007],[-9.443698937999955,51.505730577000065],[-9.439935742999978,51.50622232300003],[-9.44097463099996,51.50415327400003],[-9.449642509999933,51.503963095000074],[-9.445563250999953,51.505467956000075],[-9.446514090999926,51.50618546000004],[-9.451792490999935,51.50500793900005],[-9.444643028999963,51.50748709800007]]],[[[-9.124161166999954,51.514766776000045],[-9.122642990999964,51.51483514900008],[-9.125340051999956,51.513177419000044],[-9.124161166999954,51.514766776000045]]],[[[-9.492208222999977,51.513178003000064],[-9.494518581999955,51.50979351500007],[-9.497149668999953,51.50898884900005],[-9.49780739299996,51.510344469000074],[-9.500419344999955,51.51031404100007],[-9.50241413499998,51.509032829000034],[-9.504051497999967,51.50321722800004],[-9.508859800999971,51.502668406000055],[-9.506939254999963,51.503999960000044],[-9.51257364099996,51.50420901500007],[-9.509645255999942,51.50859707700005],[-9.492208222999977,51.513178003000064]]],[[[-9.129290694999952,51.516118703000075],[-9.13126512499997,51.514372964000074],[-9.12869849499998,51.51751772700004],[-9.129290694999952,51.516118703000075]]],[[[-9.772238867999931,51.514467317000026],[-9.769760108999947,51.51430620800005],[-9.773992527999951,51.51291179200007],[-9.772238867999931,51.514467317000026]]],[[[-9.458060295999928,51.520102542000075],[-9.459533076999946,51.51704276300006],[-9.465815660999965,51.51354261100005],[-9.47008558999994,51.51271552800006],[-9.473193354999978,51.51389543300007],[-9.477365137999925,51.51142910800007],[-9.480103268999926,51.51190661600003],[-9.48039229799997,51.515105179000045],[-9.475381499999969,51.51634361400005],[-9.47401397599998,51.51548466700007],[-9.46948714399997,51.51783730100004],[-9.458060295999928,51.520102542000075]]],[[[-9.12365364599998,51.53135283100005],[-9.117161511999939,51.53051949300004],[-9.123685146999946,51.52901028700006],[-9.125485233999939,51.53027432600004],[-9.12365364599998,51.53135283100005]]],[[[-9.10032365799998,51.54120708500005],[-9.099553876999948,51.54025778700003],[-9.102961300999937,51.54060627100006],[-9.10032365799998,51.54120708500005]]],[[[-9.41644910499997,51.53843171600005],[-9.420812212999977,51.53599037100008],[-9.420566916999974,51.537604928000064],[-9.41644910499997,51.53843171600005]]],[[[-9.420498107999947,51.55144962500003],[-9.417325304999963,51.548106216000065],[-9.42204118199993,51.54960798800005],[-9.420498107999947,51.55144962500003]]],[[[-9.656630954999969,51.55997868000003],[-9.65446177299998,51.559756926000034],[-9.655875631999947,51.55819001000003],[-9.66130071799995,51.55924097700006],[-9.656630954999969,51.55997868000003]]],[[[-9.66558542699994,51.563720267000065],[-9.665350080999929,51.56169731700004],[-9.667438672999936,51.560944635000055],[-9.674471198999981,51.56140713100007],[-9.66558542699994,51.563720267000065]]],[[[-10.163672988999963,51.58318966100006],[-10.16159909199996,51.58154699900007],[-10.166056738999941,51.58037643100005],[-10.163672988999963,51.58318966100006]]],[[[-10.159587690999956,51.60279263800004],[-10.159217745999968,51.601420777000044],[-10.161041527999942,51.60130489900007],[-10.16019573799997,51.602360359000045],[-10.162445601999934,51.60091175700006],[-10.159587690999956,51.60279263800004]]],[[[-10.162702069999966,51.61138450200008],[-10.16083595799995,51.60811832200005],[-10.156863107999982,51.607648217000076],[-10.157634124999959,51.60493962700008],[-10.161723876999929,51.602565706000064],[-10.168484284999977,51.60242156600003],[-10.17849969599996,51.59609941900004],[-10.182966033999946,51.59593912200006],[-10.184106768999982,51.59464747100003],[-10.184894923999934,51.59569989600004],[-10.190663530999927,51.59550231800006],[-10.194116970999971,51.592177966000065],[-10.198814505999962,51.59249764800006],[-10.199926459999972,51.59025882200007],[-10.20592235099997,51.589101593000066],[-10.21135007099997,51.58993214100008],[-10.222180875999982,51.58409435900006],[-10.235379107999961,51.57993958800006],[-10.233459310999933,51.58283421300007],[-10.237174633999928,51.58231549300007],[-10.23787809199996,51.58335245300003],[-10.235433435999937,51.58520990900007],[-10.231692751999958,51.58524763100007],[-10.230471258999955,51.58771652000007],[-10.22600637599993,51.58973439700003],[-10.227059362999967,51.59242307200003],[-10.215413810999962,51.59464772700005],[-10.207390994999969,51.60280939100005],[-10.206817906999959,51.60146670200004],[-10.203500578999979,51.601330449000045],[-10.201499931999933,51.60511288600003],[-10.193301474999942,51.60644607000006],[-10.188376545999972,51.60520048800004],[-10.185866508999936,51.60914530700006],[-10.172824362999961,51.60898572800005],[-10.165334559999962,51.61212750200008],[-10.162702069999966,51.61138450200008]]],[[[-10.131683255999974,51.621090037000045],[-10.129776885999945,51.62014117800004],[-10.132471112999951,51.618942091000065],[-10.131683255999974,51.621090037000045]]],[[[-10.132617503999938,51.622294184000054],[-10.134105767999927,51.62054880900007],[-10.134485566999956,51.62228096600006],[-10.132617503999938,51.622294184000054]]],[[[-9.88714190199994,51.64137579700008],[-9.886141186999964,51.64033200800003],[-9.88939559499994,51.640496952000035],[-9.88714190199994,51.64137579700008]]],[[[-9.782589843999972,51.647103394000055],[-9.786725300999933,51.64124840100004],[-9.793110656999943,51.63955138600005],[-9.79215262899993,51.63794262000005],[-9.798005460999946,51.63652287300005],[-9.795644293999942,51.637553009000044],[-9.796603302999927,51.63853887600004],[-9.802770755999973,51.636182735000034],[-9.80029792199997,51.63525522400005],[-9.801803380999957,51.63444478800005],[-9.795990205999942,51.63518483900003],[-9.798531197999978,51.63282468300008],[-9.797292828999957,51.631693029000076],[-9.803756131999933,51.63136944400003],[-9.80252152199995,51.633423710000045],[-9.810723606999943,51.63265787300003],[-9.821267119999959,51.62892868500006],[-9.818721334999964,51.62616471100006],[-9.830418236999947,51.62135154600003],[-9.83691633099994,51.62040928400006],[-9.837858551999943,51.62329123900008],[-9.842507763999947,51.62171936300007],[-9.84235333199996,51.62419229300008],[-9.848650053999961,51.622581635000074],[-9.850659142999973,51.620414709000045],[-9.855801680999946,51.62095060400003],[-9.862483937999968,51.61972365500003],[-9.865441559999965,51.61722505200004],[-9.869407599999931,51.617857926000056],[-9.876101179999978,51.61535884300008],[-9.878665385999966,51.615907193000055],[-9.88505192699995,51.61013029500003],[-9.88917390399996,51.61218730400003],[-9.883638292999933,51.615743363000036],[-9.886182150999957,51.61760441600006],[-9.89585509099993,51.61589507700006],[-9.906436156999973,51.61618956400008],[-9.909631788999945,51.614342528000066],[-9.908556775999955,51.61603335600006],[-9.912512300999936,51.61478221100003],[-9.909974972999976,51.61776609100008],[-9.918974299999945,51.61791752000005],[-9.917312176999928,51.621605990000035],[-9.918533553999964,51.620260460000054],[-9.919230967999965,51.62382205700004],[-9.909604495999929,51.63089540100003],[-9.910510311999928,51.63409371800003],[-9.901631038999938,51.636527569000066],[-9.903302702999952,51.63700980800007],[-9.901435808999963,51.63883326000007],[-9.893739806999974,51.63824157600004],[-9.891230347999965,51.640140822000035],[-9.885734610999975,51.639110876000075],[-9.881929261999971,51.64180472600003],[-9.871711889999972,51.64054049600003],[-9.862800252999932,51.642534958000056],[-9.851126310999973,51.641537854000035],[-9.837177949999955,51.64466192400005],[-9.828247941999962,51.64271819500004],[-9.827779944999975,51.640567959000066],[-9.825681245999931,51.640821577000054],[-9.826606510999966,51.63882465300003],[-9.823539118999975,51.63820246100005],[-9.830161962999966,51.63212836000008],[-9.824900791999937,51.634285179000074],[-9.82285595999997,51.63406087000004],[-9.82449362999995,51.63270704300004],[-9.819894976999933,51.633903229000055],[-9.821833368999933,51.63423614800007],[-9.819478980999975,51.63458157100007],[-9.819560554999953,51.63796614900008],[-9.811894437999968,51.64136929700004],[-9.808396723999977,51.64140609200007],[-9.80830165599997,51.64284814000007],[-9.782589843999972,51.647103394000055]]],[[[-9.896314161999953,51.64939745700008],[-9.902397682999947,51.64613963800008],[-9.906141100999946,51.646573422000074],[-9.906487883999944,51.64843057500008],[-9.903490868999938,51.649757642000054],[-9.898585427999933,51.650790020000045],[-9.896314161999953,51.64939745700008]]],[[[-8.516669011999966,51.677521916000046],[-8.514628347999974,51.676811574000055],[-8.521748922999961,51.67493218700008],[-8.521217538999963,51.67637552000008],[-8.516669011999966,51.677521916000046]]],[[[-9.469627868999964,51.693951748000075],[-9.470755634999932,51.69198921800006],[-9.477609660999974,51.68930742800006],[-9.469627868999964,51.693951748000075]]],[[[-9.592598279999947,51.696097499000075],[-9.591331097999955,51.69477372400007],[-9.594554830999925,51.69470096600003],[-9.592598279999947,51.696097499000075]]],[[[-9.479937374999963,51.706660111000076],[-9.480343620999975,51.69811826100005],[-9.494815458999938,51.68518571200008],[-9.495782106999968,51.683105271000045],[-9.493499261999943,51.68176214200008],[-9.496560286999966,51.680019962000074],[-9.494776396999953,51.67919850200008],[-9.502095881999935,51.679097125000055],[-9.505021435999936,51.68156359100004],[-9.51142976799997,51.68268806000003],[-9.523378807999961,51.68015038100003],[-9.52653128399993,51.68102816600003],[-9.526811453999926,51.683046071000035],[-9.53521873699998,51.678813278000064],[-9.530982626999958,51.68398924500008],[-9.523362875999965,51.686217542000065],[-9.518754099999967,51.68951022500005],[-9.508220757999936,51.69215397700003],[-9.501997399999937,51.69687858900005],[-9.503713605999963,51.69730419700005],[-9.494364675999975,51.70020199100003],[-9.493561013999965,51.69886129900004],[-9.490607787999977,51.69915842000006],[-9.479937374999963,51.706660111000076]]],[[[-10.031154796999942,51.70732286900005],[-10.035116745999971,51.70684206100003],[-10.033048145999942,51.708180653000056],[-10.031154796999942,51.70732286900005]]],[[[-10.012330618999954,51.71416004200006],[-10.011194676999935,51.71309903100007],[-10.015092240999934,51.71012631500008],[-10.028784998999981,51.70779855600006],[-10.024937741999963,51.71056521400004],[-10.028191366999977,51.70983733400004],[-10.025993752999966,51.71132612100007],[-10.012330618999954,51.71416004200006]]],[[[-9.539620834999937,51.73829500700003],[-9.541847722999933,51.73752545200006],[-9.539140090999979,51.73606680700004],[-9.546210994999967,51.73399561900004],[-9.546998642999938,51.73648042200006],[-9.539620834999937,51.73829500700003]]],[[[-10.246181171999979,51.736951341000065],[-10.236319770999955,51.73427963900008],[-10.24341962699998,51.729836198000044],[-10.24544369399996,51.72605065000005],[-10.246472530999938,51.72677979300005],[-10.246559425999976,51.72549846000004],[-10.251122961999954,51.72449384200007],[-10.250309818999938,51.726008809000064],[-10.257140386999936,51.72489904100007],[-10.257722177999938,51.72589319000008],[-10.262087803999975,51.725274625000054],[-10.26092749199995,51.72631953300004],[-10.263989312999968,51.725615118000064],[-10.261129981999943,51.72892102700007],[-10.262858364999943,51.72998015300004],[-10.257708617999981,51.73424190600008],[-10.246181171999979,51.736951341000065]]],[[[-10.169825569999944,51.74069449000007],[-10.170908895999958,51.73849576100008],[-10.175336404999939,51.737234182000066],[-10.171291088999965,51.73926007000006],[-10.173056969999948,51.74021671200006],[-10.169825569999944,51.74069449000007]]],[[[-10.21881873999996,51.742458757000065],[-10.216329788999928,51.74168880500008],[-10.219119595999928,51.738214122000045],[-10.214106468999944,51.73575743500004],[-10.21520112099995,51.73321643700007],[-10.226050993999934,51.73173031600004],[-10.22136452999996,51.73801672500008],[-10.222767707999935,51.73936599700005],[-10.21881873999996,51.742458757000065]]],[[[-10.147920100999954,51.75852639400006],[-10.14192804299995,51.75692069100006],[-10.146339099999977,51.751629957000034],[-10.152124061999928,51.75286934300004],[-10.149534796999944,51.75545222000005],[-10.151512321999974,51.755135421000034],[-10.152402759999973,51.756772401000035],[-10.147920100999954,51.75852639400006]]],[[[-10.152680884999938,51.762131243000056],[-10.148753573999954,51.76063760100004],[-10.148501002999978,51.759477090000075],[-10.151345326999945,51.75920500400008],[-10.149980719999974,51.76018589600005],[-10.152318700999956,51.76050020800005],[-10.151773353999943,51.76161039400006],[-10.153734902999929,51.76108078800007],[-10.152680884999938,51.762131243000056]]],[[[-10.001963187999934,51.77560813700006],[-10.000323417999937,51.774276185000076],[-10.002184478999936,51.77322938100008],[-10.001963187999934,51.77560813700006]]],[[[-9.983241924999959,51.784622512000055],[-9.983726889999957,51.78245173500005],[-9.990483530999938,51.77962209000003],[-9.983241924999959,51.784622512000055]]],[[[-10.536308309999981,51.774486006000075],[-10.537005482999973,51.770420243000046],[-10.54228274299993,51.76795482600005],[-10.54123160699993,51.769478322000055],[-10.544627692999939,51.769435943000076],[-10.543412785999976,51.77201892000005],[-10.540492687999972,51.77157622400006],[-10.540036981999947,51.77356754700003],[-10.536308309999981,51.774486006000075]]],[[[-10.225007494999943,51.78367777600005],[-10.227095535999979,51.781005409000045],[-10.227374045999966,51.78338856400006],[-10.225007494999943,51.78367777600005]]],[[[-9.89608779799994,51.79224908800006],[-9.896422911999935,51.78992979000003],[-9.899697317999937,51.78989913000004],[-9.899426460999962,51.78859389400003],[-9.907843531999958,51.78559035900008],[-9.911662563999926,51.78604805500004],[-9.907769974999951,51.78901],[-9.910024890999978,51.78828533800004],[-9.90160683399995,51.791989957000055],[-9.89608779799994,51.79224908800006]]],[[[-10.50938728999995,51.78306862900007],[-10.503359106999937,51.78259698800008],[-10.509295373999976,51.780307151000045],[-10.511132113999963,51.78289710400003],[-10.50938728999995,51.78306862900007]]],[[[-9.894396127999926,51.79495323400005],[-9.890393675999974,51.79371135900004],[-9.893023134999964,51.791982622000035],[-9.895624570999928,51.79293644400008],[-9.894396127999926,51.79495323400005]]],[[[-9.939422288999936,51.79715662400008],[-9.941237287999968,51.79492094300008],[-9.944051051999963,51.79470941000005],[-9.939422288999936,51.79715662400008]]],[[[-9.891868914999975,51.799632158000065],[-9.889260372999956,51.79788313500006],[-9.89326258799997,51.79624998300005],[-9.892556929999955,51.798185130000036],[-9.894306556999936,51.79806070500007],[-9.891868914999975,51.799632158000065]]],[[[-9.89907536499993,51.80939317600007],[-9.899726036999937,51.806852692000064],[-9.894235682999977,51.809459047000075],[-9.89876038999995,51.80406140600007],[-9.90257024799996,51.80289434200006],[-9.907224048999979,51.80378075500005],[-9.89907536499993,51.80939317600007]]],[[[-9.899550665999982,51.81122943400004],[-9.89826588099993,51.810312503000034],[-9.90162111199993,51.808398588000045],[-9.899550665999982,51.81122943400004]]],[[[-9.885271328999977,51.81320124400003],[-9.886239067999952,51.811439334000056],[-9.88330925699995,51.813218334000055],[-9.886135211999942,51.810227663000035],[-9.889746879999961,51.810759165000036],[-9.885271328999977,51.81320124400003]]],[[[-9.87775604899997,51.816528781000045],[-9.880816521999975,51.81274777300007],[-9.88108925399996,51.81469457000003],[-9.87775604899997,51.816528781000045]]],[[[-10.260270359999936,51.811783596000055],[-10.262030227999958,51.81073161100005],[-10.259646714999974,51.809963724000056],[-10.26042327099998,51.80878347100003],[-10.265598187999956,51.807227444000034],[-10.26825823799993,51.80808981800004],[-10.266067862999932,51.81085576800007],[-10.260270359999936,51.811783596000055]]],[[[-8.289988874999949,51.83608928900003],[-8.284326711999938,51.837051452000026],[-8.279325902999972,51.835163023000064],[-8.283767765999926,51.83137141800006],[-8.28914573399993,51.83086272400004],[-8.292187645999945,51.83478078300004],[-8.290731695999966,51.83729058700004],[-8.289988874999949,51.83608928900003]]],[[[-9.74831082999998,51.82666986500004],[-9.744064322999975,51.826195142000074],[-9.749933304999956,51.82626181100005],[-9.751098584999966,51.82488196600008],[-9.756381782999938,51.82439190000008],[-9.753183723999939,51.82638676900007],[-9.74831082999998,51.82666986500004]]],[[[-8.300518522999937,51.84353842300004],[-8.294019073999948,51.841781394000066],[-8.293875699999944,51.83956698900005],[-8.301439991999928,51.838700180000046],[-8.30902145999994,51.839867422000054],[-8.30638627199994,51.84261851900004],[-8.30199530599998,51.84357334900005],[-8.299638812999945,51.838960823000036],[-8.29786838299998,51.84102336400008],[-8.300518522999937,51.84353842300004]]],[[[-9.787738814999955,51.83276737500006],[-9.787218939999946,51.830533950000074],[-9.792972948999932,51.827834101000064],[-9.791794941999967,51.82508788800004],[-9.811967079999931,51.81660053000007],[-9.805624987999977,51.821064783000054],[-9.810614990999966,51.81984156500005],[-9.809891277999952,51.82105203300006],[-9.813333039999975,51.82138514600007],[-9.80880674599996,51.82797209900008],[-9.80544419399996,51.828440199000056],[-9.806568614999946,51.826565677000076],[-9.798704420999968,51.82993871200006],[-9.80476716399994,51.82888778100005],[-9.803713049999942,51.82997877200006],[-9.787738814999955,51.83276737500006]]],[[[-9.652056715999947,51.84954090800005],[-9.654857253999978,51.845937897000056],[-9.659643208999967,51.84691965500008],[-9.652056715999947,51.84954090800005]]],[[[-10.403664903999982,51.84342118500007],[-10.402928348999978,51.84220271800007],[-10.400941505999981,51.842651972000056],[-10.402769047999982,51.83951695400003],[-10.401100569999926,51.83692254200008],[-10.404988720999938,51.834963764000065],[-10.406319831999951,51.837164520000044],[-10.408920449999925,51.833369719000075],[-10.41509451099995,51.830976633000034],[-10.411724925999977,51.83596843600003],[-10.408324663999963,51.83661834700007],[-10.411582047999957,51.836950139000066],[-10.410820762999947,51.83961192600003],[-10.40902153199994,51.84044594100004],[-10.406594871999971,51.83905777500007],[-10.403664903999982,51.84342118500007]]],[[[-9.636934654999948,51.86368933700004],[-9.645691859999943,51.85987342800007],[-9.649323742999968,51.86103578600006],[-9.64754378999993,51.86320681400008],[-9.645833104999952,51.863206210000044],[-9.646618323999974,51.862098280000055],[-9.636934654999948,51.86368933700004]]],[[[-9.662800539999978,51.86323168600006],[-9.663371438999945,51.860407019000036],[-9.66688622099997,51.85951051200004],[-9.668846103999954,51.86051879300004],[-9.662800539999978,51.86323168600006]]],[[[-9.630686787999934,51.86518274600007],[-9.629725967999946,51.863800807000075],[-9.632769437999968,51.86247652800006],[-9.636697911999931,51.86374978100008],[-9.630686787999934,51.86518274600007]]],[[[-7.851149175999979,51.88381429800006],[-7.855483652999965,51.88099045900003],[-7.854916015999947,51.883731340000054],[-7.851149175999979,51.88381429800006]]],[[[-10.400461486999973,51.87907686800003],[-10.402128670999957,51.87899610100004],[-10.399218491999932,51.88037658600007],[-10.400461486999973,51.87907686800003]]],[[[-10.402279052999972,51.87938750200004],[-10.408248155999956,51.87793665200007],[-10.39984631599998,51.88069911500003],[-10.402279052999972,51.87938750200004]]],[[[-10.350407333999954,51.935665019000055],[-10.34277441699993,51.93062467500005],[-10.337555254999927,51.931352814000036],[-10.331598535999944,51.92776282700004],[-10.320995495999966,51.93428585800007],[-10.321957208999947,51.93287859800006],[-10.31702461599997,51.92401635500005],[-10.296166692999975,51.928373761000046],[-10.286210833999974,51.92724457700007],[-10.28779157699995,51.92690036100004],[-10.285824421999962,51.92630548800008],[-10.288922568999965,51.91613113300008],[-10.307434612999941,51.905928618000075],[-10.314668339999969,51.905230405000054],[-10.343433994999941,51.89675063700008],[-10.345358058999977,51.897473569000056],[-10.348761593999939,51.89288879800006],[-10.354345714999965,51.89074095900003],[-10.359293929999978,51.89268135400005],[-10.369228689999943,51.88818030400006],[-10.373995261999937,51.88957138900008],[-10.382527336999942,51.887000905000036],[-10.38823255799997,51.88888087600003],[-10.38829515599997,51.89018476600006],[-10.392224799999951,51.889479437000034],[-10.389264724999975,51.891374158000076],[-10.391095162999932,51.892584544000044],[-10.40158533999994,51.88958278400003],[-10.414848964999976,51.88317394100005],[-10.421774070999959,51.88151805100006],[-10.42490947999994,51.88312482100008],[-10.42626007299998,51.880659594000065],[-10.43008249299993,51.88009172900007],[-10.428869704999954,51.88189275500008],[-10.431163743999946,51.88305587800005],[-10.425150309999935,51.88741782100004],[-10.424919742999975,51.89621032900004],[-10.421595890999981,51.89932836500003],[-10.416126769999948,51.89865525000005],[-10.415728404999982,51.90211340900004],[-10.412314396999932,51.90492205900006],[-10.409593980999944,51.90490029600005],[-10.407026990999952,51.908448332000034],[-10.41090890199996,51.90978060600003],[-10.410072255999978,51.91138113100004],[-10.396285788999933,51.91437866700005],[-10.391827638999928,51.91387556500007],[-10.39177635699997,51.91508098500003],[-10.385787603999972,51.914810412000065],[-10.386608321999972,51.91246302600007],[-10.373579886999948,51.91653268400006],[-10.369236479999927,51.91637635600006],[-10.366306623999947,51.91958167400003],[-10.350301682999941,51.92521123100005],[-10.351944836999962,51.93125370900003],[-10.349348685999928,51.93124329500006],[-10.354013154999961,51.93392208700004],[-10.350407333999954,51.935665019000055]]],[[[-10.306692273999943,51.94205798400003],[-10.29908387599994,51.93773975300007],[-10.289186228999938,51.94006802200005],[-10.287993334999953,51.93686287200006],[-10.295111868999982,51.93722114700006],[-10.303960285999949,51.93144724600006],[-10.306382250999945,51.932175535000056],[-10.305393619999961,51.933806505000064],[-10.307855605999976,51.93548462500007],[-10.315262402999963,51.93468451500007],[-10.316428624999958,51.936774193000076],[-10.312372911999944,51.94126116800004],[-10.306692273999943,51.94205798400003]]],[[[-10.297907505999945,51.94354944500003],[-10.297840720999943,51.94214008400007],[-10.301016361999928,51.94180459300003],[-10.297907505999945,51.94354944500003]]],[[[-10.247090373999981,51.94586946700008],[-10.252600832999974,51.94379068900008],[-10.25105730599995,51.94600687700006],[-10.247090373999981,51.94586946700008]]],[[[-10.605368762999944,52.03853936100006],[-10.606647476999967,52.03691847300007],[-10.607511570999975,52.03794915200007],[-10.605368762999944,52.03853936100006]]],[[[-10.61368252799997,52.04988850600006],[-10.613679895999951,52.04800228700003],[-10.611252001999958,52.04726235100003],[-10.606268602999933,52.04749889800007],[-10.60439869499993,52.04625819800003],[-10.601204327999938,52.047253080000075],[-10.602620559999934,52.04596437600003],[-10.597559707999949,52.043627128000026],[-10.59895770199995,52.041062871000065],[-10.60254976699997,52.04157844900004],[-10.604132192999941,52.039529353000034],[-10.605081011999971,52.041900514000076],[-10.60594354899996,52.04094753500004],[-10.611179319999962,52.042582623000044],[-10.611423007999974,52.04145923800007],[-10.612194569999929,52.042508147000035],[-10.614872681999941,52.041947245000074],[-10.613316745999953,52.04505259800004],[-10.615117091999934,52.04487923000005],[-10.614985187999935,52.04653105300008],[-10.618647836999969,52.04609216700004],[-10.616988990999971,52.04974220500003],[-10.61368252799997,52.04988850600006]]],[[[-10.604896191999956,52.06356480200003],[-10.603090718999965,52.05807139500007],[-10.616526232999945,52.052352935000044],[-10.614302597999938,52.05728394800008],[-10.611938954999971,52.05735248500008],[-10.61091023299997,52.06006670900007],[-10.60839531399995,52.05978047200006],[-10.608010311999976,52.06302352900008],[-10.604896191999956,52.06356480200003]]],[[[-10.653315278999969,52.077821621000055],[-10.650200414999972,52.07653224400008],[-10.652287023999975,52.07499330400003],[-10.657442444999958,52.073836105000055],[-10.659539545999962,52.07584974400004],[-10.662592935999953,52.07506478300007],[-10.659709989999953,52.07772425300004],[-10.658700433999968,52.07640775500005],[-10.653315278999969,52.077821621000055]]],[[[-10.517177200999981,52.11103128600007],[-10.512951710999971,52.10603772800005],[-10.50715742799997,52.10450717600003],[-10.51413811599997,52.09984956100004],[-10.516089662999946,52.09528665100004],[-10.52331643399998,52.094814873000075],[-10.527412113999958,52.09152368300005],[-10.533765958999936,52.09056487500004],[-10.538034204999974,52.08690643600005],[-10.54205888499996,52.08913591800007],[-10.54570551699993,52.086067882000066],[-10.55142197899994,52.08591254400005],[-10.564554297999962,52.07873254200007],[-10.563687433999974,52.07654568800007],[-10.567471668999929,52.07677294100006],[-10.57981942799995,52.072515973000066],[-10.576083542999982,52.07876809700008],[-10.572385567999959,52.079192653000064],[-10.567473869999958,52.08604015900005],[-10.547808461999978,52.09541710700006],[-10.540814909999938,52.09753286100005],[-10.534524605999934,52.09760365100004],[-10.530183008999927,52.100350407000064],[-10.529043066999975,52.09959944500008],[-10.524574491999942,52.10376121200005],[-10.522510632999968,52.103362995000055],[-10.521817073999955,52.10892045600008],[-10.519877182999949,52.10965596700004],[-10.521640179999963,52.109387096000034],[-10.517177200999981,52.11103128600007]]],[[[-10.52290970599995,52.11266935500004],[-10.523087553999972,52.11131398300006],[-10.52542034499993,52.11127497200005],[-10.52290970599995,52.11266935500004]]],[[[-10.507634927999959,52.11741883000008],[-10.502810426999929,52.11688703800007],[-10.502532071999951,52.11525562400004],[-10.504534431999957,52.114519580000035],[-10.504740064999964,52.11591738700008],[-10.507796853999935,52.11338677100008],[-10.510354702999962,52.115125369000054],[-10.507634927999959,52.11741883000008]]],[[[-10.573385048999967,52.137411661000044],[-10.572578196999928,52.12735469100005],[-10.577220889999978,52.127514165000036],[-10.579118022999978,52.12416775100007],[-10.585093195999946,52.12491374700005],[-10.585699918999978,52.123996540000064],[-10.585183064999967,52.125809108000055],[-10.592209182999966,52.12558989300004],[-10.586199608999948,52.130481590000045],[-10.582293641999968,52.130388037000046],[-10.582798684999943,52.13269743700005],[-10.575955773999965,52.13483487600007],[-10.577948081999978,52.13497623300003],[-10.577735707999977,52.136482063000074],[-10.573385048999967,52.137411661000044]]],[[[-9.75780877799997,52.25716007400007],[-9.755437417999929,52.25272533700007],[-9.761568114999932,52.25530160400007],[-9.76131158499993,52.257011703000046],[-9.75780877799997,52.25716007400007]]],[[[-10.069998924999936,52.32569291300007],[-10.07290390399993,52.32600475700008],[-10.07021803899994,52.32751115700006],[-10.069998924999936,52.32569291300007]]],[[[-10.019662267999934,52.32590352100004],[-10.025653194999961,52.32425184600004],[-10.023825853999938,52.32912086300007],[-10.02007875199996,52.328162614000064],[-10.019662267999934,52.32590352100004]]],[[[-10.016387591999944,52.330508817000066],[-10.016727833999937,52.32918088400004],[-10.019713225999965,52.329358021000075],[-10.016387591999944,52.330508817000066]]],[[[-10.025860246999969,52.32992268100003],[-10.027381591999927,52.32998238300007],[-10.026207005999936,52.33189222500005],[-10.025860246999969,52.32992268100003]]],[[[-10.045389476999958,52.33530281800006],[-10.047015895999948,52.331697372000065],[-10.05273944499993,52.332190996000065],[-10.050039123999966,52.334610241000064],[-10.045389476999958,52.33530281800006]]],[[[-10.052351784999928,52.33807850000005],[-10.05194828599997,52.336444914000026],[-10.056638057999976,52.33471648600005],[-10.052351784999928,52.33807850000005]]],[[[-9.730349736999926,52.65267973200008],[-9.733990782999967,52.65098052800005],[-9.736939932999974,52.65196036400005],[-9.730349736999926,52.65267973200008]]],[[[-9.691618750999965,52.67481907900003],[-9.69236282199995,52.673958826000046],[-9.694215134999979,52.675114877000055],[-9.691618750999965,52.67481907900003]]],[[[-9.608602815999973,52.74348056100007],[-9.609955774999946,52.74213583300008],[-9.612821795999935,52.742412942000044],[-9.608602815999973,52.74348056100007]]],[[[-9.52390855799996,52.79106484700003],[-9.524621340999943,52.78966838500003],[-9.527149660999953,52.78997922500008],[-9.52390855799996,52.79106484700003]]],[[[-9.510099175999926,52.81673356600004],[-9.505804724999962,52.81537825000004],[-9.510365393999962,52.814104490000034],[-9.513678048999964,52.810471938000035],[-9.519026660999941,52.81127169100006],[-9.524214017999952,52.80837819100003],[-9.532467886999939,52.80754260200007],[-9.53043976999993,52.80796782600004],[-9.536130782999976,52.81474340200003],[-9.515900727999963,52.81245751100005],[-9.510849813999926,52.81459693800008],[-9.513651356999958,52.815599391000035],[-9.510099175999926,52.81673356600004]]],[[[-9.508894545999965,52.82469607200005],[-9.505572278999978,52.82407372200004],[-9.511722534999933,52.82410631700003],[-9.508894545999965,52.82469607200005]]],[[[-9.411603422999974,53.016778946000045],[-9.411899981999966,53.015615797000066],[-9.41362229799995,53.01614760500007],[-9.411603422999974,53.016778946000045]]],[[[-9.177932734999956,53.13437198400004],[-9.175945489999947,53.133879540000066],[-9.179686990999926,53.133220754000035],[-9.177932734999956,53.13437198400004]]],[[[-9.090270120999946,53.14183590700003],[-9.08952011599996,53.14058756800006],[-9.092008334999946,53.14119491200006],[-9.090270120999946,53.14183590700003]]],[[[-9.110828979999951,53.14693116900003],[-9.11183148799995,53.14583635000008],[-9.10904894999993,53.14411916800003],[-9.117273607999948,53.13994294200006],[-9.117995140999938,53.146783027000026],[-9.110109102999957,53.14836517300006],[-9.110828979999951,53.14693116900003]]],[[[-7.085879310999928,52.25175820900006],[-7.085678469999948,52.25180303700006],[-7.085393917999966,52.25185891900003],[-7.084897926999929,52.251977081000064],[-7.084513300999959,52.25208780000003],[-7.084239688999958,52.252177662000065],[-7.083962741999926,52.252267774000074],[-7.083702809999977,52.25237961300007],[-7.083462550299856,52.2524905586566],[-7.083298608999939,52.25257079800008],[-7.082829864999951,52.252815471000076],[-7.082269543999928,52.25309439700004],[-7.082054462999963,52.253211607000026],[-7.081958727999961,52.25325729000008],[-7.081904773999952,52.25328327400007],[-7.081696782999927,52.253371694000066],[-7.081136193999953,52.25364329200005],[-7.079550628999925,52.25428762200005],[-7.078034298999967,52.254824373000076],[-7.077217952999945,52.25507539500006],[-7.076871207999943,52.25518881700003],[-7.076061212999946,52.25543992200005],[-7.075659904999952,52.25556699300006],[-7.075363318999962,52.25566330400005],[-7.075075047999974,52.25574963500003],[-7.074640081999974,52.25587334900007],[-7.07397861499993,52.25607215300005],[-7.073417018999976,52.25620742600006],[-7.069926061999979,52.25676992400008],[-7.066098874999966,52.25653731800003],[-7.048937609999939,52.25611417400006],[-7.046307704999947,52.25590358100004],[-7.040354213999933,52.255999978000034],[-7.037940257999935,52.25634784300007],[-7.027416255999981,52.26846057800003],[-7.021175016999962,52.27127836600005],[-7.000172085999964,52.27569984200005],[-6.988673190999975,52.274680157000034],[-6.985068339999941,52.27201720100004],[-6.983697183999936,52.26637210400003],[-6.991050273999974,52.26019570400007],[-6.990768720999938,52.25365577100007],[-6.985156931999938,52.24834868000005],[-6.965713191999953,52.24050845800008],[-6.970069104999936,52.23934852200006],[-6.971410341999956,52.23721795500006],[-6.968676731999949,52.22661140400004],[-6.976592007999955,52.213534827000046],[-6.971131431999936,52.207060891000026],[-6.980477175999965,52.19791761400006],[-6.983367847999943,52.18914070000005],[-6.981865789999972,52.18597180300003],[-6.972935909999933,52.18461154000005],[-6.974582264999981,52.18151808300007],[-6.969787691999954,52.17751444600003],[-6.953787044999956,52.18017796400005],[-6.950217191999968,52.179808353000055],[-6.950276616999929,52.17813840600007],[-6.962233536999975,52.17590491200008],[-6.97186396099994,52.172057712000026],[-6.97674189199995,52.16185107500007],[-6.98344527699993,52.15964663700004],[-6.98740635799993,52.15495165800007],[-6.991420000999938,52.155900677000034],[-6.994450933999929,52.15501517900003],[-6.991845854999951,52.152095237000026],[-6.993739127999959,52.14911264400007],[-6.990850321999972,52.14887962200004],[-6.992299914999933,52.147134118000054],[-6.990039971999977,52.14972643400006],[-6.988963972999954,52.14884886900006],[-6.990020281999932,52.145419454000034],[-7.00891848699996,52.138434561000054],[-7.013530881999941,52.13808762800005],[-7.016468948999943,52.13970742500004],[-7.016094442999929,52.13751078300004],[-7.023831148999932,52.13322489500007],[-7.027106337999953,52.13484028900007],[-7.034762642999965,52.13265817800004],[-7.034271303999958,52.134425339000074],[-7.039700614999958,52.135295116000066],[-7.041087040999969,52.13757243600003],[-7.04309632899998,52.13586273700008],[-7.049466370999937,52.138916],[-7.054655448999938,52.13779853300008],[-7.056035362999978,52.13971241000007],[-7.057128906999935,52.13707071400006],[-7.063982822999947,52.136916460000066],[-7.074313828999948,52.13422654200008],[-7.078942846999951,52.13509351000005],[-7.08179798599997,52.13378974500006],[-7.082104357999981,52.135010875000035],[-7.097011424999948,52.127319157000045],[-7.099156841999957,52.12908280400006],[-7.108392445999925,52.12782929400004],[-7.105774956999937,52.132319550000034],[-7.107977803999972,52.13378729000004],[-7.091982040999937,52.14299263200007],[-7.093297054999937,52.14683004700004],[-7.087656870999979,52.149416905000066],[-7.077520110999956,52.15852306000005],[-7.074086877999946,52.15786456400008],[-7.062445374999925,52.16059498300007],[-7.073573903999943,52.158910967000054],[-7.077736763999951,52.160283321000065],[-7.070504898999957,52.171586382000044],[-7.074063033999948,52.16636728900005],[-7.083532800999933,52.16160458600007],[-7.098587117999955,52.168920040000046],[-7.107404343999974,52.170171466000056],[-7.123058372999935,52.16932381500004],[-7.12385590599996,52.16720597700004],[-7.12012107299995,52.16157054200005],[-7.123904177999975,52.16684784600005],[-7.127062504999969,52.16667742100003],[-7.124316116999978,52.16825523500006],[-7.131398661999981,52.16900416200008],[-7.135663335999936,52.16180756500006],[-7.130744193999931,52.16233897400008],[-7.129205534999926,52.16114116000006],[-7.135125160999962,52.15973387100007],[-7.121227097999963,52.15754031800003],[-7.120855135999932,52.15916149000003],[-7.118415241999969,52.15830801300007],[-7.118773873999942,52.156742103000056],[-7.118152307999935,52.15809300800004],[-7.117372282999952,52.15721264300004],[-7.119445599999949,52.160729453000044],[-7.113455952999971,52.15419699100005],[-7.098262587999955,52.15472049400006],[-7.09188422099993,52.15233680500006],[-7.090950837999969,52.153428406000046],[-7.090196585999934,52.15170683700006],[-7.088683987999957,52.152090318000035],[-7.09000619699998,52.149646018000055],[-7.103024785999935,52.150229280000076],[-7.135020118999932,52.15874689200007],[-7.151703724999948,52.15903855600004],[-7.161924038999928,52.15080384500004],[-7.163063275999946,52.145920568000065],[-7.170316743999933,52.13938189500004],[-7.170523240999955,52.13653520100007],[-7.175169581999967,52.138204434000045],[-7.178107706999981,52.13593346200008],[-7.179394615999968,52.13653339600006],[-7.180456485999969,52.13426476600006],[-7.182889316999933,52.135191217000056],[-7.185423273999959,52.13343106500008],[-7.186244271999954,52.13461013800003],[-7.189310528999954,52.133536451000055],[-7.191108249999957,52.13581792200006],[-7.195509394999931,52.133816093000064],[-7.197042774999943,52.13498375900008],[-7.200922655999932,52.133766413000046],[-7.200921559999927,52.134951855000054],[-7.207537612999943,52.13617215000005],[-7.210007539999935,52.134346348000065],[-7.215976637999972,52.13389748700007],[-7.218384697999966,52.13147082300003],[-7.236867532999952,52.13483684000005],[-7.242515333999961,52.134083822000036],[-7.244298316999959,52.132514479000065],[-7.245954247999975,52.13488401700005],[-7.266610888999935,52.13813722400005],[-7.270480139999961,52.137490943000046],[-7.274275404999969,52.14012631200006],[-7.281984243999943,52.13894358300007],[-7.283570558999941,52.14047259500006],[-7.291961202999971,52.14109627400006],[-7.302939819999949,52.13904157800005],[-7.303988554999933,52.137245473000064],[-7.302230318999932,52.13669824700003],[-7.307410579999953,52.13261406100003],[-7.308769327999926,52.135975993000045],[-7.312804437999944,52.135858960000064],[-7.314579537999975,52.13746270400003],[-7.318236300999956,52.13668589800005],[-7.319619418999935,52.13943702700004],[-7.322343823999972,52.13881513700005],[-7.323697412999934,52.135526318000075],[-7.328806505999978,52.13757329300006],[-7.333100435999938,52.13630859600005],[-7.34036387499998,52.138314818000026],[-7.361343172999966,52.13727951200008],[-7.361045923999939,52.13894669300004],[-7.367887047999943,52.138751221000064],[-7.371520759999953,52.13787690100003],[-7.374368147999974,52.13388685400008],[-7.382163741999932,52.13240919500004],[-7.382109754999931,52.130287063000026],[-7.385060778999957,52.13114179100006],[-7.390890885999966,52.12911780300004],[-7.39267059499997,52.130099321000046],[-7.393387978999954,52.127741825000044],[-7.395480010999961,52.129710792000026],[-7.39635192999998,52.128422681000075],[-7.39684288199993,52.129548114000045],[-7.398989133999976,52.12882405800008],[-7.402281401999971,52.13173371500005],[-7.409421934999955,52.12977022600006],[-7.415794062999964,52.13033602200005],[-7.418672636999929,52.12865809600004],[-7.419547431999945,52.13007625900008],[-7.422542309999926,52.12872831800007],[-7.425818744999958,52.13049183700008],[-7.435051840999961,52.12708538800007],[-7.443061773999943,52.12722129600007],[-7.44758679399996,52.12279540700007],[-7.453166149999959,52.12228865800006],[-7.458558308999955,52.119582911000066],[-7.460158786999955,52.12527722300007],[-7.462646789999951,52.119885787000044],[-7.468745157999933,52.11756519700003],[-7.467364617999976,52.11587596900006],[-7.469210138999927,52.11371459600008],[-7.471248266999964,52.114145206000046],[-7.471279895999942,52.11264044400008],[-7.475852418999978,52.11087200500003],[-7.480428352999979,52.112330849000045],[-7.485191035999947,52.10696844900008],[-7.492003419999946,52.10655157100007],[-7.491502041999979,52.10413008200004],[-7.493563178999977,52.10300850900006],[-7.49591867099997,52.10453967800004],[-7.498848135999935,52.10258646400007],[-7.503072940999971,52.104472842000064],[-7.504029945999946,52.10327185500006],[-7.510546217999945,52.106409659000064],[-7.519137106999949,52.105999635000046],[-7.539441287999978,52.09852869300005],[-7.546997872999953,52.09156950200003],[-7.547620830999961,52.084471147000045],[-7.553599660999964,52.07778621600005],[-7.570171551999977,52.08251399200003],[-7.572035312999958,52.08452892400004],[-7.570293943999957,52.08833311300003],[-7.574405235999961,52.09259597600004],[-7.579884678999974,52.09412598800003],[-7.58368454999993,52.09862346800003],[-7.587602249999975,52.09821970300004],[-7.583815331999972,52.098883142000034],[-7.585732887999939,52.104668083000035],[-7.581482508999954,52.10760749200006],[-7.589174402999959,52.103135413000075],[-7.592762659999948,52.10599780200005],[-7.594345459999943,52.10561582000008],[-7.595413503999964,52.10809062900006],[-7.593757946999972,52.10409238500006],[-7.591388735999942,52.10369921400007],[-7.593645902999981,52.10395215900007],[-7.592545380999979,52.10290848300008],[-7.585063383999966,52.10086221900008],[-7.594631843999935,52.09695641500008],[-7.587905597999963,52.098238921000075],[-7.593488445999981,52.09693392500003],[-7.59688345099994,52.09192258200005],[-7.611358315999951,52.08736707600008],[-7.62102047999997,52.08613239400006],[-7.622659080999938,52.08218273300008],[-7.632116232999977,52.08464698100005],[-7.635412501999951,52.08199112300008],[-7.635361942999964,52.079406317000064],[-7.630819079999981,52.07700102000007],[-7.634833765999929,52.076662328000054],[-7.632122532999972,52.07304796100004],[-7.634267429999966,52.07091782700007],[-7.627769671999943,52.06634502000003],[-7.634508094999944,52.066635191000046],[-7.639655535999964,52.063370389000056],[-7.648688231999927,52.064584385000046],[-7.647891380999965,52.06651905700005],[-7.650350958999979,52.066666085000065],[-7.648699573999977,52.06883767900007],[-7.656305615999941,52.06958236200006],[-7.66067351199996,52.06707908300007],[-7.665424336999934,52.06846991900005],[-7.660608456999967,52.06697582900006],[-7.656144084999937,52.06945780800004],[-7.649404038999933,52.06834959300005],[-7.650871599999959,52.06656529800006],[-7.648921736999966,52.06608046000008],[-7.649933760999943,52.062676983000074],[-7.648183487999972,52.063963570000055],[-7.649188364999929,52.06249702000008],[-7.648095946999945,52.063723089000064],[-7.643318803999932,52.06365753700004],[-7.645275056999935,52.062694435000026],[-7.642234286999951,52.062230269000054],[-7.640120196999931,52.05975575200006],[-7.638248180999938,52.06122215600004],[-7.631554685999959,52.06009970200006],[-7.632686354999976,52.06385575300004],[-7.623742565999976,52.06192019800005],[-7.620539121999968,52.06468193400008],[-7.619485625999971,52.060373190000064],[-7.617687950999937,52.06282039800004],[-7.611480127999926,52.06276486200005],[-7.610802346999947,52.064304965000076],[-7.608409141999971,52.06360869200006],[-7.609093326999925,52.06465090200004],[-7.606090318999975,52.06256739100007],[-7.606159343999934,52.06882790800006],[-7.610769446999939,52.07760567400004],[-7.610604768999963,52.08522073800003],[-7.604271362999953,52.06343021300006],[-7.601253658999951,52.05909591300008],[-7.59534156899997,52.057447065000076],[-7.588737871999967,52.05153767300004],[-7.566280383999981,52.05055204700005],[-7.565718854999943,52.05183188600006],[-7.560171037999964,52.051593797000066],[-7.551841414999956,52.05408591500003],[-7.544409070999961,52.05447668100004],[-7.54612812299996,52.05522843600005],[-7.537298564999958,52.05427605800003],[-7.53666802999993,52.052200302000074],[-7.540355104999946,52.05152847700003],[-7.539614599999936,52.048520222000036],[-7.545809651999946,52.046934057000044],[-7.546887879999929,52.04470664000007],[-7.559894259999965,52.042570829000056],[-7.560823481999932,52.04100524200004],[-7.567071182999939,52.04086732400003],[-7.568717210999978,52.03783231500006],[-7.575659110999936,52.03432094600004],[-7.577768359999936,52.03140720000005],[-7.57688363799997,52.02763211900003],[-7.57521352699996,52.02765500900006],[-7.576403379999931,52.02426931700006],[-7.581870971999933,52.02356419000006],[-7.585805333999929,52.01897850300003],[-7.577666619999945,52.00841261900007],[-7.580152174999967,52.00623170500006],[-7.579033237999965,52.00272991800006],[-7.58333470499997,52.00167087700004],[-7.582421084999964,51.99666170900008],[-7.58629226599993,51.99149642900005],[-7.58994415199993,51.99223279100005],[-7.595828230999928,51.988486186000046],[-7.598915303999945,51.98956835900003],[-7.603166646999966,51.98677560500005],[-7.604775849999953,51.98779132200008],[-7.607023666999964,51.98673347000005],[-7.606424165999954,51.98508751400004],[-7.60903017399994,51.98593418000007],[-7.613120023999954,51.98141290500007],[-7.632936962999963,51.98119656600005],[-7.639439312999968,51.97692832400003],[-7.648778185999959,51.97865858600005],[-7.667080650999935,51.97486088000005],[-7.689293319999933,51.97553022500006],[-7.70161423899998,51.97231514200007],[-7.709780025999976,51.96649534100004],[-7.710028030999979,51.96066125900006],[-7.718214795999927,51.95929085800003],[-7.722120140999948,51.952474160000065],[-7.719480813999951,51.94990123100007],[-7.707647820999966,51.94794474500003],[-7.708431394999934,51.94159203700008],[-7.711866426999961,51.94177865800003],[-7.712059237999938,51.940748161000045],[-7.71381456499995,51.94277224600006],[-7.717171620999977,51.94236850500005],[-7.721242423999968,51.93923038400004],[-7.729309016999935,51.94124546900008],[-7.731810334999977,51.93824319000004],[-7.735695566999937,51.93919294600005],[-7.737017807999962,51.938000798000076],[-7.755205376999982,51.94075855400007],[-7.757933408999975,51.94200742100003],[-7.758749914999953,51.94542288200006],[-7.764434259999973,51.945234259000074],[-7.764595456999928,51.94910977400008],[-7.774872196999979,51.95175442900006],[-7.793018279999956,51.948889945000076],[-7.795452510999951,51.94176509600004],[-7.801747077999948,51.942083308000065],[-7.811595372999932,51.93912869500008],[-7.81852074699998,51.93876294900008],[-7.822300471999938,51.94099007900007],[-7.829610221999928,51.940902031000064],[-7.833083175999946,51.94355780500007],[-7.832084424999948,51.95329193200007],[-7.840069504999974,51.95464672400004],[-7.845944249999945,51.95399569500006],[-7.841121552999937,51.946712252000054],[-7.842869198999949,51.946143575000065],[-7.84278300099993,51.94053100500008],[-7.865883913999937,51.93027260300005],[-7.885098883999945,51.91169913900006],[-7.906106023999939,51.90582472700004],[-7.906626958999937,51.89916405000008],[-7.903376739999942,51.89397111400007],[-7.887859960999947,51.89465274300005],[-7.886198534999949,51.89209566800008],[-7.871335061999957,51.88808993600003],[-7.864418817999933,51.88407029100006],[-7.86613398399993,51.880266160000076],[-7.869668,51.880943039000044],[-7.872242166999968,51.877497894000044],[-7.887593531999926,51.87755708600008],[-7.890650720999929,51.87890392800006],[-7.896278418999941,51.87753253000005],[-7.898093089999975,51.87527581900008],[-7.911609065999926,51.87454204900007],[-7.917941433999943,51.87241561600007],[-7.929085712999949,51.87313948600007],[-7.935682100999941,51.870477824000034],[-7.964171596999961,51.86940974500004],[-7.996733412999959,51.86067335800004],[-8.02084341899996,51.846408214000064],[-8.022776259999944,51.840671789000055],[-8.020962087999976,51.83260547800006],[-8.001388387999953,51.82825204200003],[-8.003360147999956,51.82780461600004],[-8.001530813999977,51.827010976000054],[-8.000718562999964,51.828406321000045],[-8.001644587999976,51.825594323000075],[-8.011512534999952,51.82286803200003],[-8.014753077999956,51.82323079100007],[-8.02556827199993,51.81871715800003],[-8.032677049999961,51.820185079000055],[-8.037312358999941,51.81887127700003],[-8.03850205499998,51.81503434000007],[-8.048748977999935,51.81766611900008],[-8.05209868199995,51.813161996000076],[-8.061651475999952,51.80877312900003],[-8.070585592999976,51.80986332300006],[-8.084632861999978,51.80799622100005],[-8.08766901599995,51.809746708000034],[-8.105673684999942,51.807496266000044],[-8.112551314999962,51.80860106700004],[-8.131807067999944,51.80534791400004],[-8.145163295999964,51.79940636500004],[-8.149512681999965,51.79386634700006],[-8.156190568999932,51.791080771000054],[-8.156652404999932,51.78892859200005],[-8.16265692099995,51.78748134800003],[-8.162281051999969,51.78643009100006],[-8.166842507999945,51.785653583000055],[-8.167350260999967,51.78659929300005],[-8.17377255799994,51.78455315900004],[-8.176125096999954,51.785699599000054],[-8.173856323999928,51.786594653000066],[-8.174222949999944,51.78863430800004],[-8.178778973999954,51.79223946400003],[-8.178219911999975,51.79531120400003],[-8.180030038999973,51.79621945900004],[-8.181954489999953,51.794928887000026],[-8.194947523999929,51.79438098500003],[-8.196909141999981,51.79300238800005],[-8.20358265599998,51.79397184700008],[-8.20891800499993,51.792306136000036],[-8.222004113999958,51.79512659100004],[-8.229358489999981,51.79425250500003],[-8.231120375999978,51.79260397500008],[-8.236230887999966,51.79491331400004],[-8.24358763899994,51.79227972500007],[-8.245513155999959,51.79360834200003],[-8.254365356999926,51.79220448800004],[-8.248803068999962,51.804566514000044],[-8.251453371999958,51.80871768900005],[-8.25963287199994,51.809722574000034],[-8.264101726999968,51.815611243000035],[-8.249802410999962,51.82283085000006],[-8.251226434999978,51.82634866200004],[-8.253760710999927,51.826585797000064],[-8.25317668599996,51.82932825100005],[-8.247792756999957,51.82984006800007],[-8.245624288999977,51.82828547300005],[-8.250159028999974,51.826159475000054],[-8.249637048999944,51.82507370900004],[-8.241443078999964,51.82360162600003],[-8.23435464499994,51.82423963000008],[-8.232298046999972,51.826383847000045],[-8.23278320199995,51.83023708700006],[-8.235015591999968,51.832459818000075],[-8.24155471599994,51.83446565600008],[-8.239372523999975,51.83788535800005],[-8.230849472999978,51.83764306200004],[-8.222654882999962,51.842446745000075],[-8.211343368999962,51.84358714800004],[-8.209667607999961,51.84590003800008],[-8.209149341999932,51.84367946900005],[-8.19119951099998,51.84471189000004],[-8.190845559999957,51.846330984000076],[-8.191877450999925,51.845254787000044],[-8.19534822299994,51.846037358000046],[-8.188619740999968,51.85726863800005],[-8.177211359999944,51.857571962000065],[-8.171899940999936,51.86189585600005],[-8.167566205999947,51.86187118500004],[-8.171490214999949,51.86221442900006],[-8.174928635999947,51.85976367500007],[-8.184145285999932,51.85864086400005],[-8.206572733999963,51.85789970500008],[-8.20966268999996,51.86020999500005],[-8.209542885999952,51.86522876500004],[-8.204172549999953,51.86907260300006],[-8.208806264999964,51.869771669000045],[-8.214549659999932,51.86705153400004],[-8.213239094999949,51.86064601600003],[-8.215379429999928,51.857222927000066],[-8.230280429999937,51.858255315000065],[-8.249235227999975,51.85628115700007],[-8.264651345999937,51.858755131000066],[-8.26908409799995,51.85406061200007],[-8.273502785999938,51.852482620000046],[-8.29376740899994,51.85025028700005],[-8.311635060999947,51.84579598700003],[-8.313002446999974,51.84312244200004],[-8.31891014799993,51.842788022000036],[-8.320676548999927,51.84626035300005],[-8.326102266999953,51.84641108200003],[-8.327561608999929,51.84874816100006],[-8.325684673999945,51.85052506300008],[-8.327606172999936,51.854552256000034],[-8.325599996999927,51.866458710000074],[-8.330887037999958,51.86626668400004],[-8.332935741999961,51.861941502000036],[-8.331042052999976,51.85004132900008],[-8.333075177999945,51.84703527600004],[-8.341502448999961,51.84059463600005],[-8.357008303999976,51.83853529900006],[-8.355360961999963,51.83940017400005],[-8.360013428999935,51.83775389900006],[-8.353841616999944,51.838296323000066],[-8.350432685999976,51.83641230900008],[-8.337548427999934,51.836941350000075],[-8.330181746999926,51.83914787200007],[-8.334304870999972,51.83704449600003],[-8.324744842999962,51.830726705000075],[-8.321990742999958,51.83147778800003],[-8.324152094999931,51.835383695000075],[-8.322723382999925,51.83639149000004],[-8.31714226899993,51.83424761900005],[-8.298709783999925,51.83531662100006],[-8.301711530999967,51.83087149800008],[-8.299587147999944,51.82634752200005],[-8.304733571999975,51.82304120400005],[-8.304134671999975,51.81916842600003],[-8.30944791199994,51.81962592000008],[-8.310945617999948,51.82314153600004],[-8.318745412999931,51.820677198000055],[-8.321752052999955,51.82242238100008],[-8.325404785999979,51.822276576000036],[-8.323126463999927,51.81781233900006],[-8.319800555999961,51.81713874700006],[-8.314024787999927,51.818953229000044],[-8.311165098999936,51.81299838400008],[-8.294951547999972,51.81288198000004],[-8.29380949199998,51.808663626000055],[-8.297009977999949,51.807307757000046],[-8.313081728999975,51.80700981000007],[-8.320537973999933,51.808264749000045],[-8.328983121999954,51.80281777000005],[-8.332985515999951,51.80594668800006],[-8.338035433999949,51.805471417000035],[-8.345814594999979,51.813134974000036],[-8.355951992999962,51.81440449300004],[-8.359537523999961,51.81832558900004],[-8.364563597999961,51.81603822300008],[-8.370963525999969,51.81587964900007],[-8.373812691999944,51.81359998200003],[-8.392348793999929,51.813133107000056],[-8.376665450999951,51.81239113000004],[-8.375152759999935,51.81054474200005],[-8.372999249999964,51.81248458200008],[-8.361004013999946,51.809983603000035],[-8.350782239999944,51.80989498800005],[-8.338021175999927,51.80437931900008],[-8.33316354599998,51.804351920000045],[-8.328043574999981,51.801276632000054],[-8.32185958399998,51.80556709700005],[-8.310402372999931,51.80348773600008],[-8.298191371999962,51.80459536300003],[-8.294887087999939,51.80252251700006],[-8.294045338999979,51.80526151000004],[-8.286475498999948,51.810015399000065],[-8.275722649999977,51.80977794800003],[-8.27766719999994,51.80521033200006],[-8.27374843299998,51.801075],[-8.273688199999981,51.79809546200005],[-8.280077940999945,51.795232834000046],[-8.278978593999966,51.79242971000008],[-8.282265226999925,51.78820201500008],[-8.290895556999942,51.78602551700004],[-8.295087659999979,51.78316861500008],[-8.293564877999927,51.77957132300003],[-8.298281903999964,51.77877582200006],[-8.301263075999941,51.776501745000076],[-8.310595110999941,51.775508427000034],[-8.31227290499993,51.773523942000054],[-8.319558507999943,51.771577980000075],[-8.319781072999945,51.76943974900007],[-8.320702078999943,51.771493656000075],[-8.325137262999931,51.76746220200005],[-8.331928379999965,51.76556396800004],[-8.344716343999949,51.76390111200004],[-8.345504773999949,51.76509326100006],[-8.345137679999937,51.76381209500005],[-8.346872498999971,51.76479479600005],[-8.349836232999962,51.76329098900004],[-8.353357015999961,51.76503132100004],[-8.364445632999946,51.76499283800007],[-8.372509156999968,51.76247414100004],[-8.363231579999933,51.76394371400005],[-8.367743563999966,51.76372043100008],[-8.364322801999947,51.76476192200005],[-8.354486770999927,51.76398716500006],[-8.350200188999963,51.76166336600005],[-8.347193605999962,51.76439688600004],[-8.344725092999965,51.76225549000003],[-8.339902435999932,51.76295985500008],[-8.339630415999977,51.76135960500005],[-8.32355337699994,51.76558204000003],[-8.321018890999937,51.76511004300005],[-8.31744952899993,51.769583201000046],[-8.306542743999955,51.77148260800004],[-8.305817434999938,51.769765730000074],[-8.299927427999933,51.76906750900008],[-8.296837652999955,51.76708],[-8.30027679899996,51.76208828700004],[-8.296077270999945,51.75779916700003],[-8.298056250999934,51.75694466900006],[-8.296689097999945,51.754781345000026],[-8.30190160099994,51.752092480000044],[-8.304960913999935,51.74791054700006],[-8.304782752999927,51.74643189300008],[-8.300171296999963,51.74464549400005],[-8.309049025999968,51.74170487600003],[-8.31282964199994,51.74511206200003],[-8.310677821999946,51.74127306400004],[-8.312899423999966,51.738208487000065],[-8.310877386999948,51.73730858300007],[-8.311371701999974,51.731516372000044],[-8.316945704999966,51.73058636600007],[-8.320526214999973,51.73481756000007],[-8.321075049999934,51.73384549200006],[-8.330400448999967,51.734105114000045],[-8.333039677999977,51.730249066000056],[-8.337840620999941,51.72784572900008],[-8.33888561699996,51.72379254700007],[-8.33630218299993,51.721683350000035],[-8.33988913099995,51.71982174400006],[-8.33792537599993,51.71853219900004],[-8.342850272999954,51.715653220000036],[-8.352746121999928,51.716355932000056],[-8.354928212999937,51.712930527000026],[-8.35559593499994,51.71576133800005],[-8.357780452999975,51.71471208300005],[-8.358503927999948,51.71664626100005],[-8.373267289999944,51.71581317600004],[-8.378069593999953,51.71357542100003],[-8.385798085999966,51.71434999500008],[-8.387462684999946,51.708113034000064],[-8.392810675999954,51.70494865300003],[-8.392865040999936,51.70208960900004],[-8.390025094999942,51.70135671000003],[-8.397316099999955,51.70140212000007],[-8.399715966999963,51.70372980900004],[-8.400070570999958,51.70243289300004],[-8.402686665999965,51.70241566800007],[-8.403033538999978,51.70381234400003],[-8.407698252999978,51.70517959800003],[-8.412330317999931,51.70405926400008],[-8.41510382499996,51.70485728500006],[-8.414758086999939,51.70312313800008],[-8.41910686999995,51.70364376800006],[-8.424635920999947,51.701168471000074],[-8.427752084999952,51.696204744000056],[-8.42339491399997,51.69283441300007],[-8.426326090999964,51.692890668000075],[-8.428841604999946,51.68742143500003],[-8.431561951999981,51.689038819000075],[-8.440219740999964,51.685452895000026],[-8.44720805399993,51.689243704000035],[-8.442135939999957,51.69361867300006],[-8.443695033999973,51.69512430100008],[-8.441887263999945,51.699324207000075],[-8.438045397999929,51.70175405400005],[-8.441862706999927,51.70501198200003],[-8.440949460999946,51.71260692900006],[-8.443216725999946,51.716833946000065],[-8.442023898999935,51.71101108800008],[-8.445861280999964,51.708417559000054],[-8.443787997999948,51.704576727000074],[-8.449673638999968,51.70191970700006],[-8.449006545999964,51.69932867800003],[-8.451978960999952,51.69737544900005],[-8.45620531399993,51.697870410000064],[-8.461001648999968,51.70298771800003],[-8.459100139999975,51.708568617000026],[-8.466760791999945,51.71016240600005],[-8.46693307399994,51.71192898400005],[-8.473114443999975,51.71066341100004],[-8.46194001699996,51.69802464700007],[-8.450846096999953,51.69269550100006],[-8.458923547999973,51.68669138900003],[-8.455543447999958,51.68708060300003],[-8.457720739999957,51.68278433200004],[-8.461459050999963,51.68327655500008],[-8.46164448999997,51.68221985300005],[-8.47276923499993,51.680162059000054],[-8.477062211999964,51.673736648000045],[-8.485090950999961,51.67658148400005],[-8.493895140999939,51.67455065300004],[-8.497287104999941,51.67819128900004],[-8.490667823999956,51.683977467000034],[-8.493279163999944,51.68696461500008],[-8.491664855999943,51.68913133400008],[-8.49539853899995,51.69093413300004],[-8.496809072999952,51.69514598300003],[-8.500560280999935,51.69616203100003],[-8.49987452199997,51.70009726500007],[-8.50738447699996,51.70469833400006],[-8.512703251999937,51.70534084800005],[-8.518793401999972,51.70383338800008],[-8.516205361999937,51.70666951800007],[-8.521850530999927,51.70526097800007],[-8.51747037499996,51.70147454700003],[-8.51825734199997,51.69856546600005],[-8.528454565999937,51.69431596900006],[-8.539042397999935,51.69976291100005],[-8.544757583999967,51.70045060800004],[-8.54975350799998,51.695486318000064],[-8.546816433999936,51.69519281600003],[-8.546371772999976,51.696573665000074],[-8.541099027999962,51.69454623200005],[-8.538855872999932,51.69119620500004],[-8.532955627999968,51.68973202400008],[-8.51712564199994,51.69439483300005],[-8.513587659999928,51.699898415000064],[-8.51001030499998,51.70077172400005],[-8.508297202999927,51.700002373000075],[-8.51344590399998,51.69524591100003],[-8.512344213999938,51.69088613900004],[-8.502293798999972,51.68616298100005],[-8.505477763999977,51.68297563700003],[-8.50907523899997,51.682321665000075],[-8.508212597999943,51.67904245100004],[-8.509980716999962,51.67823958100007],[-8.517728233999946,51.679264094000075],[-8.519107392999956,51.68356029200004],[-8.525044823999963,51.686944793000066],[-8.52993659699996,51.685747570000046],[-8.525645353999948,51.68556406300007],[-8.520239722999975,51.682456814000034],[-8.519883049999976,51.67880515400003],[-8.523668101999931,51.677163559000064],[-8.523079525999947,51.674140402000035],[-8.528590471999962,51.671007228000065],[-8.527050835999944,51.66645605400004],[-8.52896319499996,51.66630305700005],[-8.527745181999933,51.66538328400003],[-8.532902809999939,51.66099650500007],[-8.530040092999968,51.65908396000003],[-8.532880666999972,51.65743402100003],[-8.530148705999977,51.65701338200006],[-8.542082358999949,51.65248670700004],[-8.542094713999973,51.650711760000036],[-8.546343734999937,51.64859137800005],[-8.545085772999926,51.64734959000003],[-8.550163605999956,51.646183430000065],[-8.551348969999935,51.64320775400006],[-8.55174926799998,51.64154872700004],[-8.547688815999948,51.64101265200003],[-8.545699702999968,51.63881934500006],[-8.54293510499997,51.63904812700008],[-8.544094086999962,51.635388729000056],[-8.538575623999975,51.63344602400008],[-8.541623095999967,51.63156768200008],[-8.528124959999957,51.62777041100003],[-8.538789342999962,51.62365932400007],[-8.537824580999938,51.62208539800008],[-8.540618775999974,51.61836123200004],[-8.53902207799996,51.61443357400003],[-8.53120918899998,51.613356829000054],[-8.528010607999931,51.60933253400003],[-8.532995004999975,51.604108316000065],[-8.53477200499998,51.60416614800005],[-8.534082043999945,51.606007066000075],[-8.545017338999969,51.60988419100005],[-8.541854777999959,51.615385341000035],[-8.543179905999978,51.61854318300004],[-8.546529421999935,51.61872362300005],[-8.549198178999973,51.622421220000035],[-8.562976730999935,51.62418824400004],[-8.558557063999956,51.62643286200006],[-8.560436480999954,51.62758912700008],[-8.55842230299993,51.63081137200004],[-8.562121634999926,51.63233127400008],[-8.562860281999974,51.637366609000026],[-8.566252513999927,51.63988224000008],[-8.574201907999964,51.64063749600007],[-8.582896480999977,51.644383334000054],[-8.585811835999948,51.642731464000065],[-8.593304253999975,51.64254767800003],[-8.597772138999972,51.64093560600003],[-8.597613594999927,51.64191570000003],[-8.607671454999945,51.64002687000004],[-8.610458029999961,51.64073101400004],[-8.613678731999926,51.638279641000054],[-8.627710330999946,51.63557358000003],[-8.633011030999967,51.63734919700005],[-8.639440277999938,51.636931737000054],[-8.642360332999942,51.639699422000035],[-8.644291296999938,51.63615740600005],[-8.65190247199996,51.636299516000065],[-8.659325749999937,51.63454604900005],[-8.671100210999953,51.65125418800005],[-8.669493934999934,51.65432911600004],[-8.66445942799993,51.65473477000006],[-8.673874036999962,51.658017475000065],[-8.678172208999968,51.65338662500005],[-8.676447606999943,51.655058902000064],[-8.673472920999927,51.65190083300007],[-8.672589781999932,51.65315299400004],[-8.671708274999958,51.652318054000034],[-8.67906813899998,51.64851774400006],[-8.680530283999929,51.644665029000066],[-8.690113533999977,51.64450949700006],[-8.69620122799995,51.647016474000054],[-8.698889659999963,51.65106871000006],[-8.702445127999965,51.65150152100006],[-8.700516123999932,51.647513151000055],[-8.698297321999974,51.64853023300003],[-8.702113383999972,51.63797900600008],[-8.703941371999974,51.63892780200007],[-8.700451254999962,51.64729367700005],[-8.711612492999961,51.639252354000064],[-8.710524126999928,51.63536095900008],[-8.70236093699998,51.633105354000065],[-8.697252736999928,51.63611434400008],[-8.682788237999944,51.63641583000003],[-8.685041327999954,51.63523025500007],[-8.68787333299997,51.62708678100006],[-8.693770374999929,51.624031391000074],[-8.692798578999941,51.622452990000056],[-8.696781395999949,51.62088000800003],[-8.700518613999975,51.62157520300008],[-8.70200711299998,51.61841142500003],[-8.696982575999925,51.61410791900005],[-8.68669201399996,51.61346497800008],[-8.691743453999948,51.61172105500003],[-8.691084848999935,51.60990691400008],[-8.678489640999942,51.609011775000056],[-8.682146703999933,51.60662021600007],[-8.691083341999956,51.60568272000006],[-8.693487183999935,51.60313924600007],[-8.690949155999931,51.60248173400004],[-8.691271237999956,51.60036540600004],[-8.699149459999944,51.599117980000074],[-8.704535208999971,51.59455426900007],[-8.70570233999996,51.59001507000005],[-8.699625921999939,51.58776222800003],[-8.701692052999931,51.58551795100004],[-8.697471031999953,51.582856039000035],[-8.69829098899993,51.57969548300008],[-8.701765035999927,51.57824932600005],[-8.701603529999943,51.576219113000036],[-8.70830480199993,51.57676077100007],[-8.70653768699998,51.57256888400008],[-8.708163940999953,51.571197866000034],[-8.711923997999975,51.57181361800008],[-8.713452124999947,51.56925929100004],[-8.715836932999935,51.570701701000075],[-8.718374823999966,51.56971128600003],[-8.717583823999973,51.57124623400006],[-8.719834203999937,51.57266366500005],[-8.721105098999942,51.57177812600003],[-8.726910499999974,51.57279180000006],[-8.728793551999956,51.575230013000066],[-8.736677931999964,51.57146213900006],[-8.739087102999974,51.57306967000005],[-8.74182953199994,51.57232449000003],[-8.74042514699994,51.57299363300007],[-8.742323274999933,51.57283965700003],[-8.74085376499994,51.574109089000046],[-8.743701840999961,51.57723990800008],[-8.747685179999962,51.574838846000034],[-8.748912874999974,51.56984113300007],[-8.751532742999927,51.57078386900008],[-8.749545564999949,51.57242471300003],[-8.751433100999975,51.57376378500004],[-8.757807907999961,51.57248562700005],[-8.758056000999943,51.57643425600003],[-8.752396168999951,51.57835865200008],[-8.750578867999934,51.582437723000055],[-8.752326891999928,51.58468360900008],[-8.75551222599995,51.58468621700007],[-8.756533630999968,51.58687598900008],[-8.75405385299996,51.58903419400008],[-8.75897377399997,51.59259496700008],[-8.760971081999969,51.592247058000055],[-8.759732926999959,51.59104687800004],[-8.762877106999952,51.58621365500005],[-8.774915422999982,51.58196926100004],[-8.779386745999943,51.583607552000046],[-8.781261619999952,51.58837455400004],[-8.78649749699997,51.58817092100003],[-8.788632207999967,51.58994823000006],[-8.792597032999936,51.58839396700006],[-8.804720927999938,51.593115916000045],[-8.807201496999937,51.59552522400003],[-8.813947892999977,51.593426058000034],[-8.832857444999945,51.593151445000046],[-8.83525648999995,51.594273669000074],[-8.835835135999957,51.59316987900007],[-8.842047106999928,51.59429105700008],[-8.848694792999936,51.59277102500005],[-8.849129588999972,51.600735436000036],[-8.860288743999945,51.597852569000054],[-8.861524114999952,51.59506076900004],[-8.863442606999968,51.596688441000026],[-8.871634168999947,51.594431530000065],[-8.87087397299996,51.596968495000056],[-8.880247934999943,51.59909737300006],[-8.88563978999997,51.60276922500003],[-8.892192961999967,51.60424996000006],[-8.894691432999934,51.596555685000055],[-8.879157334999945,51.59390416800005],[-8.879310120999946,51.59258375500008],[-8.874129227999958,51.593514379000055],[-8.866740023999967,51.592124614000056],[-8.868000048999932,51.58519208700005],[-8.873029128999974,51.57959576500008],[-8.869040592999966,51.57598951400007],[-8.87301297199997,51.57479088200006],[-8.87823635199993,51.57564904600008],[-8.877855892999946,51.57447175600004],[-8.880772800999978,51.57379437800006],[-8.884383885999966,51.57439404100006],[-8.883813260999943,51.57200488400008],[-8.892150545999925,51.57064000200006],[-8.892530655999963,51.567383078000034],[-8.895266461999938,51.567886979000036],[-8.893788711999946,51.56592954600006],[-8.896071580999944,51.56057645100003],[-8.889622620999944,51.55930997200005],[-8.891962239999941,51.556755278000026],[-8.889668789999973,51.55154970400008],[-8.899021072999972,51.552390063000075],[-8.898087116999932,51.546956855000076],[-8.903020954999931,51.54619135200005],[-8.902940182999941,51.54791609800003],[-8.906007776999957,51.54731403100004],[-8.909027826999932,51.543618329000026],[-8.91622534499993,51.54212729900007],[-8.918710122999926,51.539466281000045],[-8.920697108999946,51.541521792000026],[-8.922472810999977,51.539617932000056],[-8.924282407999954,51.53994531700005],[-8.926050103999955,51.54708793400005],[-8.940134647999969,51.54635669100003],[-8.94449599799998,51.542126618000054],[-8.94108638299997,51.53892889400004],[-8.942018858999973,51.53702182300003],[-8.945749410999952,51.53477741900008],[-8.946867804999954,51.536046214000066],[-8.950956215999952,51.53508856500008],[-8.949443750999933,51.53307899600003],[-8.95313729999998,51.52895331000008],[-8.953621778999945,51.530292270000075],[-8.957231949999937,51.52959748400008],[-8.95488882199993,51.531323040000075],[-8.95803527499993,51.53085982700003],[-8.95190768699996,51.53460964800007],[-8.953579959999956,51.53459176200005],[-8.952414631999943,51.53584347100008],[-8.954791375999946,51.537593326000035],[-8.95427897299993,51.54107703600005],[-8.956328482999936,51.54120565300008],[-8.954210158999956,51.543693414000074],[-8.95715570699997,51.54343333700007],[-8.955208285999959,51.54620416300003],[-8.95773734599993,51.54743579400008],[-8.955420069999946,51.55424004200006],[-8.958581396999932,51.55327489000007],[-8.97610190699993,51.560404118000065],[-8.98064719499996,51.55879054300004],[-8.992838094999968,51.56510353500005],[-8.99839893799998,51.56525622100003],[-9.00212457899994,51.566941996000025],[-9.008743103999961,51.56410180900008],[-9.01325994299998,51.56611213100007],[-9.01706048099993,51.563655837000056],[-9.012063937999926,51.56152269800003],[-9.014878821999957,51.559094135000066],[-9.018278083999974,51.55864166300006],[-9.017937076999942,51.55982689400008],[-9.023040195999954,51.561036932000036],[-9.02668910999995,51.55946151900008],[-9.029218524999976,51.56018493600004],[-9.03150388499995,51.55702758800004],[-9.033906852999962,51.55742440300003],[-9.032052366999949,51.55519962200003],[-9.035375734999946,51.55295475100007],[-9.04005176399994,51.55342454100003],[-9.042609952999953,51.55800710900007],[-9.04561842499993,51.55788643000005],[-9.042653357999939,51.55530435700007],[-9.049345389999928,51.551371618000076],[-9.058157062999953,51.55297663700003],[-9.065477077999958,51.55937549300006],[-9.06967166499993,51.56002760200005],[-9.070708374999981,51.557001970000044],[-9.06462552599993,51.554761331000066],[-9.062268692999965,51.55157211300008],[-9.066047792999939,51.550435779000054],[-9.06645591299997,51.54859908600008],[-9.067872550999937,51.54953205100003],[-9.076860890999967,51.547114399000066],[-9.07798145299995,51.54813267700007],[-9.077917819999925,51.54716128600006],[-9.08582281899993,51.54588434200008],[-9.085678342999927,51.54747496600004],[-9.088389554999935,51.54730021700004],[-9.090986273999931,51.54964272900003],[-9.09734560499993,51.54835166400005],[-9.096895831999973,51.550454596000066],[-9.099733475999926,51.55000860300004],[-9.098342098999979,51.55079249600004],[-9.10094468099993,51.553069907000065],[-9.10555833799998,51.553256978000036],[-9.108134065999934,51.557169772000066],[-9.110897861999945,51.55792777700003],[-9.11048001599994,51.56115710600005],[-9.120647841999926,51.566224367000075],[-9.123491805999947,51.56574736500005],[-9.125792340999965,51.56287141900003],[-9.131834529999935,51.56278622700006],[-9.13572023699993,51.56620431400006],[-9.138192283999956,51.57472126300007],[-9.145373881999944,51.577434303000075],[-9.144560900999977,51.58012084300003],[-9.151694660999965,51.578063419000046],[-9.146621657999958,51.574439125000026],[-9.147873033999929,51.571499903000074],[-9.138474041999928,51.56939070900006],[-9.13811328199995,51.56202579300003],[-9.142633687999933,51.55852446500006],[-9.131741030999933,51.559462275000044],[-9.12370776399996,51.55867152600007],[-9.117244897999967,51.55624475800005],[-9.117628070999956,51.55386774500005],[-9.11345943699996,51.55231665900004],[-9.117464842999937,51.55071066200003],[-9.115795444999947,51.54995306200004],[-9.118945917999952,51.54969006500005],[-9.116790540999943,51.548814219000064],[-9.118594278999979,51.546690467000076],[-9.11549548499994,51.54497305700005],[-9.114537049999967,51.54168267600005],[-9.108804457999952,51.539672721000045],[-9.110013658999947,51.537588105000054],[-9.119010376999938,51.537231759000065],[-9.123848932999977,51.53999652600004],[-9.124576600999944,51.53875958500004],[-9.119952599999976,51.53575088500003],[-9.126253682999959,51.53278886900006],[-9.129238654999938,51.533400449000055],[-9.136361711999939,51.53148523800007],[-9.129950123999947,51.527909263000026],[-9.13082310699997,51.52660375900007],[-9.136123425999926,51.526932154000065],[-9.136596638999947,51.52511670100006],[-9.14146154499997,51.524541026000065],[-9.147806513999967,51.52104197600005],[-9.15241574199996,51.52227488300008],[-9.153798710999979,51.524528589000056],[-9.14885400999998,51.53043965300003],[-9.159573321999972,51.528132337000045],[-9.162061580999932,51.525058139000066],[-9.156871662999947,51.52413773900008],[-9.158003882999935,51.523073500000066],[-9.155187853999962,51.52206511800006],[-9.156933569999978,51.51908845200006],[-9.16306257399998,51.51999875900003],[-9.16750893099993,51.51645321700005],[-9.168906384999957,51.517551335000064],[-9.173736602999952,51.515957651000065],[-9.176258968999946,51.517670054000064],[-9.16515729799994,51.530042681000054],[-9.167499071999941,51.53249654600006],[-9.171283137999978,51.53256393000004],[-9.169335782999951,51.52996088400005],[-9.172547101999953,51.52928983000004],[-9.173429379999959,51.52585701800007],[-9.181072228999938,51.52394560000005],[-9.188117644999977,51.51975689300008],[-9.188664048999954,51.51781441000003],[-9.183220548999941,51.51535062000005],[-9.187484758999972,51.51434662400004],[-9.190559992999965,51.511239052000064],[-9.188349438999978,51.509911730000056],[-9.18948037399997,51.50721143200008],[-9.19281674399997,51.50684226100003],[-9.192761743999938,51.50777253000007],[-9.197265984999945,51.50623969900005],[-9.199649122999972,51.50929316200006],[-9.205428150999978,51.507921930000066],[-9.208089797999946,51.505638970000064],[-9.206140116999961,51.50471039200005],[-9.209095503999947,51.504101551000076],[-9.216310732999943,51.497769668000046],[-9.21347475899995,51.49701921700006],[-9.214937765999935,51.49610224500003],[-9.212061748999929,51.49437874300003],[-9.213984940999978,51.49144635400006],[-9.211701018999975,51.49089452900006],[-9.21190666299998,51.48881535900006],[-9.20896425199993,51.48851889000008],[-9.209427311999946,51.48722024400007],[-9.212049099999945,51.48617018700003],[-9.211619785999972,51.48761741000004],[-9.213664584999947,51.48582049000004],[-9.214869939999971,51.48736959300004],[-9.214350531999969,51.485885203000066],[-9.216370026999925,51.48541266700005],[-9.22010131899998,51.48670460200003],[-9.228150357999937,51.48088619500004],[-9.232778020999945,51.48158743100004],[-9.23506352499993,51.48354912900004],[-9.242821191999951,51.482341129000076],[-9.238251356999967,51.48696181200006],[-9.239662304999968,51.487447185000065],[-9.23141013299994,51.49135193800004],[-9.232244611999931,51.49283312300008],[-9.236350419999951,51.492416312000046],[-9.23584371499993,51.496466508000026],[-9.237925014999973,51.496245972000054],[-9.240639528999964,51.49233206100007],[-9.25134645999998,51.49238960300005],[-9.261622457999977,51.48772183300008],[-9.264921492999974,51.48803224000005],[-9.270897951999927,51.48393333000007],[-9.271115789999953,51.48634357000003],[-9.265145225999959,51.48890395800004],[-9.270081047999952,51.48971173700005],[-9.265249148999942,51.49492422900005],[-9.26724904599996,51.494671191000066],[-9.264913018999948,51.496888753000064],[-9.266102134999926,51.50152519900007],[-9.277673084999947,51.49785020200005],[-9.278419781999958,51.49882580500008],[-9.275676045999944,51.49492079200007],[-9.280353925999975,51.493320091000044],[-9.281362589999958,51.49567907800008],[-9.284173069999952,51.493917424000074],[-9.28272906099994,51.495110115000045],[-9.286893073999977,51.49453367500007],[-9.285302360999935,51.49843784300003],[-9.293691057999979,51.495511012000065],[-9.295437644999936,51.50110317800005],[-9.297895712999946,51.50195442200004],[-9.299798435999946,51.505816217000074],[-9.306562847999942,51.50646321700003],[-9.308307990999936,51.504673472000036],[-9.306718376999982,51.50111310200003],[-9.300764494999953,51.49514661900008],[-9.30230542299995,51.498177508000026],[-9.29590090399995,51.499932958000045],[-9.294859526999971,51.49647150200008],[-9.29663327399993,51.49420636000008],[-9.291783707999969,51.490203207000036],[-9.295843587999968,51.49032295500007],[-9.298582648999968,51.48757534300006],[-9.305001174999973,51.48530212500003],[-9.305470406999973,51.48657038700003],[-9.308639931999949,51.486372577000054],[-9.320766233999962,51.47849155400007],[-9.325676642999952,51.47815594900004],[-9.341768270999978,51.47077700500006],[-9.34257353299995,51.471696930000064],[-9.345792882999945,51.46795059600004],[-9.349571259999948,51.46859307600005],[-9.349706193999964,51.47152315100004],[-9.352916215999926,51.47039930300008],[-9.353526691999946,51.47170816600004],[-9.356284031999962,51.47034768100008],[-9.358030475999954,51.47145454200006],[-9.362483247999933,51.47086881200005],[-9.362887859999944,51.47475359900005],[-9.367005997999968,51.469765851000034],[-9.368070719999935,51.47050825500003],[-9.37160182599996,51.46865322900004],[-9.375685113999964,51.47039896000007],[-9.376685079999959,51.468843882000044],[-9.381717607999974,51.470302349000065],[-9.380903184999966,51.475660875000074],[-9.385277415999951,51.47297599600006],[-9.388333151999973,51.473050561000036],[-9.388922082999954,51.47469796000007],[-9.382573492999938,51.47800120800008],[-9.384914293999941,51.47825447900004],[-9.384631293999973,51.479754772000035],[-9.37932441299995,51.481211984000026],[-9.37961930199998,51.47920263900005],[-9.377330097999959,51.47924759400007],[-9.373911972999963,51.48289969600006],[-9.375119859999927,51.48370011700007],[-9.371352074999947,51.48580223100004],[-9.378900617999932,51.48795424100007],[-9.38070738099998,51.48685587500006],[-9.386314785999957,51.48990935300003],[-9.391094486999975,51.48782220600003],[-9.396604649999972,51.490093854000065],[-9.398059202999946,51.49286561000008],[-9.39254692399993,51.496785801000044],[-9.398226867999938,51.50020029800004],[-9.400369617999957,51.49925587200005],[-9.401956410999958,51.50035488200007],[-9.404712385999972,51.49706968700008],[-9.413585041999966,51.496626340000034],[-9.41411794499993,51.49875055100006],[-9.418218767999974,51.50021883800008],[-9.417190558999948,51.50438093100007],[-9.413439940999979,51.507198738000056],[-9.415466416999948,51.50812448800008],[-9.412456752999958,51.51002342900006],[-9.413937149999981,51.51200415400007],[-9.409598861999939,51.51316355200004],[-9.412896309999951,51.513562956000044],[-9.412202192999928,51.515459304000046],[-9.416196370999955,51.51465934600003],[-9.418381697999962,51.508954077000055],[-9.42168019899998,51.50829904700004],[-9.424924295999972,51.503997877000074],[-9.429281731999936,51.506085092000035],[-9.425501938999957,51.50994285500008],[-9.426482783999973,51.51113588000004],[-9.431136064999976,51.51062224800006],[-9.425394061999953,51.513819495000064],[-9.41867405399995,51.515186940000035],[-9.420298399999979,51.51702074900004],[-9.406598326999926,51.52180005800005],[-9.404863784999975,51.52716291100006],[-9.395309328999929,51.53529300900004],[-9.397340994999979,51.539258225000026],[-9.391847063999933,51.544154724000066],[-9.39449338299994,51.54971380400008],[-9.395782684999972,51.55053838900005],[-9.397548262999976,51.54933747900003],[-9.402426765999962,51.54254554000005],[-9.406139071999974,51.54435303300005],[-9.413789736999945,51.53988564900004],[-9.41944667699994,51.544585734000066],[-9.414891673999932,51.54627604700005],[-9.41328243199996,51.55276394900005],[-9.425613332999944,51.55153460900004],[-9.426860333999969,51.54829886300007],[-9.42435418499997,51.54460113500005],[-9.429186399999935,51.54352533000008],[-9.433049422999943,51.54833035900003],[-9.431932263999954,51.54989976300004],[-9.435493832999953,51.55275464300007],[-9.446182897999961,51.55288674500008],[-9.445570233999945,51.55519854800008],[-9.447956432999945,51.55557181800003],[-9.448795571999938,51.55932949600003],[-9.451724431999935,51.55867508500006],[-9.452568431999964,51.560964891000026],[-9.455595785999947,51.560567123000055],[-9.45559143099996,51.56232197700007],[-9.458307109999964,51.56325442700006],[-9.456114818999936,51.56045603500007],[-9.458169372999976,51.55811685300006],[-9.452774980999948,51.55655487800004],[-9.455334893999975,51.551409800000044],[-9.450222921999966,51.55352057300007],[-9.445569856999953,51.55114318400007],[-9.447146782999937,51.55075713700006],[-9.442622895999932,51.549607078000065],[-9.442272479999929,51.546645382000065],[-9.446499866999943,51.545559421000064],[-9.44743318899998,51.54271079600005],[-9.436006260999932,51.543806464000056],[-9.434375607999925,51.542187297000055],[-9.439148462999981,51.53882445000005],[-9.437744791999933,51.53454878700006],[-9.442644257999973,51.53365050300005],[-9.447035212999936,51.528287953000074],[-9.451853835999941,51.52874748800008],[-9.455205163999949,51.52519527800007],[-9.464781289999962,51.523888071000044],[-9.469943606999948,51.52729838800008],[-9.467204768999977,51.53113719500004],[-9.476271141999973,51.53063262400008],[-9.477106829999968,51.52943826000006],[-9.473446526999965,51.529530271000056],[-9.471836077999967,51.52739859900004],[-9.475315273999968,51.52313988600008],[-9.481946537999931,51.522260903000074],[-9.489347444999964,51.52420089000003],[-9.499043170999926,51.52206504800006],[-9.503254345999949,51.517726294000056],[-9.508233393999944,51.51758124400004],[-9.507587712999964,51.51930031400008],[-9.516580502999943,51.51850345500003],[-9.529733343999965,51.51293454200004],[-9.529463953999937,51.51520904300003],[-9.53114360099994,51.515109549000044],[-9.527178986999957,51.517481375000045],[-9.529842647999942,51.51937958900004],[-9.524995957999977,51.52938349400006],[-9.528525563999949,51.530707765000045],[-9.528048294999962,51.52917493100006],[-9.531697879999967,51.52752640600005],[-9.532591016999959,51.530361406000054],[-9.535235560999979,51.530343231000074],[-9.53602378599993,51.52911341400005],[-9.54067269099994,51.52897143200005],[-9.54461605399996,51.52548868400004],[-9.54267527199994,51.524846307000075],[-9.544364769999959,51.52462785800003],[-9.544306124999935,51.52180618700004],[-9.541184166999926,51.513673391000054],[-9.546502818999954,51.50948492800006],[-9.57307162799998,51.50356018300005],[-9.578074845999936,51.50499037900005],[-9.57798041999996,51.50644123300003],[-9.581296219999956,51.503837360000034],[-9.585342614999945,51.50347526300004],[-9.589468677999946,51.505146859000035],[-9.583038838999926,51.512746925000044],[-9.587220453999976,51.51684354300005],[-9.58711096299993,51.51055700400008],[-9.589217917999974,51.509675300000026],[-9.586990885999967,51.50895250200006],[-9.590638689999935,51.50509201300008],[-9.61164847799995,51.499142696000035],[-9.593143915999974,51.502570698000056],[-9.584246423999957,51.50045976900003],[-9.585166820999973,51.497617879000074],[-9.596297944999947,51.49564092400004],[-9.603564927999969,51.492717809000055],[-9.605118801999936,51.49379576100006],[-9.614984147999962,51.49175739100008],[-9.615862660999937,51.49268759800003],[-9.632997536999937,51.491654201000074],[-9.619993461999968,51.495717513000045],[-9.620427393999933,51.497672961000035],[-9.618053700999951,51.49835726500004],[-9.620342543999925,51.49947137200007],[-9.625704868999946,51.49747193500008],[-9.626098777999971,51.498902635000036],[-9.63032887199995,51.49856499600003],[-9.628620551999973,51.499668761000066],[-9.630890699999952,51.49930552200004],[-9.630111788999955,51.50311686100008],[-9.63209612999998,51.502083937000066],[-9.636337738999941,51.50482606300005],[-9.63414409099994,51.50870000700007],[-9.636012988999937,51.50921047200006],[-9.633538648999945,51.510606402000064],[-9.636109641999951,51.51093422200006],[-9.63311353499995,51.512196009000036],[-9.64383020899993,51.51103632500008],[-9.64247821899994,51.51178310700004],[-9.646474385999966,51.514274055000044],[-9.644550014999936,51.516495821000035],[-9.64666092799996,51.51799122600005],[-9.642895101999954,51.52010678400006],[-9.64749897799993,51.52198855100005],[-9.646380008999927,51.52093120500007],[-9.649252564999927,51.51968632900008],[-9.647550714999966,51.51605502000007],[-9.649998824999955,51.514627552000036],[-9.650033289999953,51.516359117000036],[-9.651308766999932,51.51378694600004],[-9.659853003999956,51.51422209300006],[-9.656878537999944,51.516455343000075],[-9.660378302999959,51.51611591200003],[-9.658316077999928,51.517382155000064],[-9.662738141999967,51.51639076600003],[-9.660364006999941,51.51840563500008],[-9.666779841999926,51.516871501000026],[-9.661722133999945,51.514793516000054],[-9.663418497999942,51.513051261000044],[-9.661853065999935,51.51117689900008],[-9.65896356199994,51.51177075600003],[-9.656216947999951,51.51017624100007],[-9.658476792999977,51.50786611900003],[-9.656678433999957,51.50698353300004],[-9.663434095999946,51.49960596300008],[-9.669483081999942,51.50011083700008],[-9.667625064999982,51.50168963600004],[-9.670055788999946,51.50229603000008],[-9.669849419999935,51.50375135500008],[-9.666593379999938,51.50598898700008],[-9.669825940999942,51.50692582000005],[-9.671787063999943,51.50354429600003],[-9.673899897999945,51.50315059400003],[-9.67428440499998,51.504757633000054],[-9.676911448999931,51.50329914000008],[-9.68053589799996,51.503985484000054],[-9.681917191999958,51.501502756000036],[-9.684668840999962,51.50247364200004],[-9.687265423999975,51.49907852900003],[-9.690300612999977,51.49965074800008],[-9.691352927999958,51.49790293600006],[-9.696394631999965,51.49630525200007],[-9.697157179999977,51.49717387100003],[-9.69879070899998,51.49512646000005],[-9.70390882299995,51.49467548300004],[-9.704260849999969,51.49540680000007],[-9.707587995999972,51.494590738000056],[-9.707894640999939,51.49615399000004],[-9.709876462999944,51.495618197000056],[-9.70791533199997,51.49446194500007],[-9.704524124999978,51.494183203000034],[-9.703990611999927,51.493304299000044],[-9.705892650999942,51.492412803000036],[-9.703739774999974,51.489733674000036],[-9.706315211999936,51.48398038400006],[-9.70053689499997,51.48430199200004],[-9.709532510999964,51.47961119100006],[-9.707325776999937,51.47776093200008],[-9.703148873999965,51.47873582700004],[-9.704406646999928,51.47633280100007],[-9.706771011999933,51.47681640300004],[-9.720279990999927,51.47283221100008],[-9.71784332599998,51.47496068500004],[-9.713067900999931,51.47586186500007],[-9.711233996999965,51.47808289400007],[-9.714116030999946,51.47828715600008],[-9.732077132999962,51.47138877300006],[-9.739100514999961,51.47064112500004],[-9.740126232999955,51.46710051600007],[-9.751682302999939,51.46403954600004],[-9.744050136999931,51.462296295000044],[-9.723440059999973,51.469946734000075],[-9.704200777999972,51.47244511400004],[-9.705609932999948,51.47137455500007],[-9.700633208999932,51.471953072000076],[-9.70072295999995,51.469605311000066],[-9.709852357999978,51.47018119900008],[-9.715262010999936,51.46767506500004],[-9.719695170999955,51.46790562600006],[-9.730328998999937,51.46157086900007],[-9.742799408999929,51.46169972300004],[-9.743918720999943,51.46055723000006],[-9.741168628999958,51.45950847800003],[-9.741463300999953,51.45807465400003],[-9.746263401999954,51.45688914800007],[-9.746545742999956,51.45966248900004],[-9.749371122999946,51.45836338100003],[-9.750073099999952,51.45921896300007],[-9.75819009199995,51.452051451000045],[-9.76434747999997,51.449261241000045],[-9.76915476399995,51.44839411300006],[-9.769590037999933,51.44934303700006],[-9.771937105999939,51.447543480000036],[-9.771603265999943,51.448579032000055],[-9.773258684999973,51.448259129000064],[-9.770791117999977,51.449274685000034],[-9.769333881999955,51.453058181000074],[-9.774816051999949,51.45232637400005],[-9.76989473599997,51.45391933800005],[-9.760397878999981,51.46082884700007],[-9.762604607999947,51.463339235000035],[-9.770751965999978,51.46339300100004],[-9.772680752999975,51.46781305500008],[-9.770850897999935,51.46883605900007],[-9.77085494399995,51.47016132500005],[-9.771507459999953,51.47069478700007],[-9.773316302999945,51.470687921000035],[-9.777157375999934,51.472241988000064],[-9.774029601999928,51.47482423100007],[-9.768367642999976,51.476775763000035],[-9.764061734999927,51.47623850400004],[-9.75794334799997,51.47919290900006],[-9.76386208699995,51.48032509900003],[-9.77779073399995,51.47436574800008],[-9.777629182999931,51.47153542600006],[-9.773283018999962,51.46957349000007],[-9.772983980999982,51.470223144000045],[-9.771823617999928,51.470513485000026],[-9.771429428999966,51.468881155000076],[-9.779753808999942,51.468181239000046],[-9.785765939999976,51.45721403300007],[-9.795491617999971,51.45045440200005],[-9.80210545899996,51.44923261200006],[-9.804447419999974,51.45039791700003],[-9.809950687999958,51.448200618000044],[-9.808374546999971,51.45069953600006],[-9.812818280999977,51.44979511500003],[-9.816724934999968,51.45138147900008],[-9.821530097999926,51.44907275300005],[-9.818067098999961,51.45088762600005],[-9.821192217999965,51.45072116000006],[-9.81531551699993,51.453305595000074],[-9.818316878999951,51.45571981900008],[-9.816479668999932,51.456917012000076],[-9.819862032999936,51.45650955500008],[-9.814702580999949,51.459151846000054],[-9.81685242499998,51.46043539400006],[-9.819660061999969,51.45929550300008],[-9.817550530999938,51.46051639500007],[-9.819270736999954,51.46025956300008],[-9.818392983999956,51.462601058000075],[-9.814210139999943,51.464717130000054],[-9.81604686999998,51.46470905500007],[-9.812932226999976,51.467502454000055],[-9.81483107899993,51.46725817500004],[-9.814062035999939,51.469001321000064],[-9.80663261999996,51.473329980000074],[-9.808848947999934,51.47323171800008],[-9.806877928999938,51.47470316600004],[-9.80909706899996,51.47391819400008],[-9.808392506999951,51.47473834300007],[-9.813040546999957,51.475159690000055],[-9.810845042999972,51.47627150100004],[-9.815689041999974,51.475587517000065],[-9.815509322999958,51.47819942000007],[-9.818263878999971,51.477938453000036],[-9.818336528999964,51.47924584700007],[-9.820746308999958,51.47740160300003],[-9.820880793999947,51.478468160000034],[-9.822321607999982,51.47732018800008],[-9.82296888999997,51.478511602000026],[-9.82642746099998,51.477719628000045],[-9.825354466999954,51.479106555000044],[-9.832621613999947,51.47800495100006],[-9.830859491999945,51.479245046000074],[-9.833840522999935,51.47871147600006],[-9.830058827999949,51.48171102900005],[-9.839048514999945,51.48140730400007],[-9.837030884999933,51.48299342000007],[-9.82823691599998,51.48680670300007],[-9.823079734999965,51.486168992000046],[-9.822511652999935,51.48804701800003],[-9.813832815999945,51.49206774500004],[-9.806100696999977,51.494037139000056],[-9.80342591799996,51.49347769000008],[-9.799261457999933,51.495466039000064],[-9.796848228999977,51.49476111000007],[-9.786725676999936,51.498874466000075],[-9.787979201999974,51.50070919400008],[-9.774464852999927,51.50662082800005],[-9.776857527999937,51.50829366900007],[-9.772434329999953,51.51223868100004],[-9.75781152199994,51.51640929400003],[-9.755838665999931,51.51835912900003],[-9.759079328999974,51.51756167100007],[-9.75934547199995,51.51869863200005],[-9.751025244999937,51.52270243100003],[-9.750755977999972,51.52137555500008],[-9.747946488999958,51.52326303500007],[-9.745144891999928,51.52113335000007],[-9.741950995999957,51.52106566900005],[-9.736309216999928,51.525079866000056],[-9.732915051999953,51.525465334000046],[-9.735765151999942,51.52649838800005],[-9.730429911999977,51.52634627200007],[-9.731552224999973,51.525056617000075],[-9.720774878999975,51.52495758600003],[-9.71531476499996,51.52804090800004],[-9.715302936999933,51.52710808000006],[-9.710615856999937,51.52746806200008],[-9.70994557499995,51.52554016100004],[-9.706042126999932,51.52767457200008],[-9.692219115999933,51.529763838000065],[-9.675379562999979,51.53817419400008],[-9.670804736999969,51.54316988000005],[-9.67233923699996,51.54326517900006],[-9.669221385999947,51.54440752900007],[-9.666400334999935,51.544333780000045],[-9.667614838999953,51.54198531000003],[-9.662888043999942,51.53925438300007],[-9.65710090899995,51.543390919000046],[-9.653669820999937,51.541280818000075],[-9.652725388999954,51.54448491100004],[-9.657017049999979,51.54489701000006],[-9.660433889999979,51.54291547200006],[-9.663344484999982,51.54367767700006],[-9.662927123999964,51.54541528800007],[-9.651989340999933,51.552156324000066],[-9.645314387999974,51.552718119000076],[-9.645953788999975,51.55711518000004],[-9.647917973999938,51.557816305000074],[-9.646900845999937,51.56445953100007],[-9.618651175999958,51.57187957100007],[-9.614690249999967,51.574227535000034],[-9.621792952999954,51.577626749000046],[-9.620080452999957,51.578639992000035],[-9.602716854999926,51.58183134600006],[-9.58829906699998,51.58900809000005],[-9.582747128999927,51.58826385900005],[-9.584116386999938,51.59152682300004],[-9.582312713999954,51.59248598500005],[-9.584847452999952,51.59302599800003],[-9.584960151999951,51.594926186000066],[-9.574744633999956,51.60086785800007],[-9.568544481999936,51.60140886100004],[-9.560447850999935,51.60485253000007],[-9.553526518999945,51.601800593000064],[-9.539218848999951,51.60522203100004],[-9.541509332999965,51.608112075000065],[-9.537079650999942,51.610299577000035],[-9.53451866499995,51.60990258500004],[-9.534327606999966,51.60834994600003],[-9.532500323999955,51.61116576900008],[-9.535612989999947,51.610337618000074],[-9.543878407999955,51.61471946300003],[-9.53737504999998,51.617927620000046],[-9.523684395999965,51.61964292600004],[-9.535244512999952,51.620181080000066],[-9.544607157999963,51.61641715400003],[-9.548803272999976,51.61749367300007],[-9.552269053999964,51.616135549000035],[-9.555693433999977,51.61093905300004],[-9.56218856199996,51.608847583000056],[-9.559878799999979,51.61096985900008],[-9.566660783999964,51.61305097200005],[-9.571939403999977,51.61281209100008],[-9.579551353999932,51.60992387500005],[-9.584984070999951,51.61145515900006],[-9.598027471999956,51.60781339500005],[-9.59905284499996,51.606138232000035],[-9.604733272999965,51.60596628800005],[-9.60534055599993,51.60050109300005],[-9.608073801999979,51.59985758800008],[-9.608845869999925,51.60188429500005],[-9.616063353999948,51.60103712600005],[-9.616325141999937,51.59924894200003],[-9.621552898999937,51.59768795400004],[-9.615482285999974,51.59810498300004],[-9.620720132999963,51.59602011900006],[-9.623960096999951,51.595526763000066],[-9.621726741999964,51.59717845600005],[-9.624592178999933,51.59882476400003],[-9.628277652999941,51.59834855100007],[-9.63412819399997,51.59996397200007],[-9.639218942999946,51.59715947400008],[-9.635134378999965,51.59689283400007],[-9.64038002899997,51.59210447800007],[-9.638646065999978,51.59229553700004],[-9.644591125999966,51.58850284400006],[-9.647405023999966,51.588080958000035],[-9.646653631999982,51.58928664100006],[-9.65065446899996,51.588030864000075],[-9.656947616999958,51.58250511700004],[-9.66186718299997,51.580990419000045],[-9.658466561999944,51.58385724200008],[-9.66027834099998,51.584702926000034],[-9.66865450399996,51.58414445600005],[-9.67270831999997,51.58237890800007],[-9.675912797999956,51.58301294800003],[-9.683124670999973,51.57691117200005],[-9.691836915999943,51.57984555100006],[-9.698084472999938,51.57248074800003],[-9.711930680999956,51.57031306200008],[-9.714412902999982,51.57216237100005],[-9.719456823999963,51.569678321000026],[-9.725596940999935,51.56970126200008],[-9.726657109999962,51.56697505400007],[-9.731142727999952,51.56483317500005],[-9.731367679999948,51.56383573100004],[-9.728882792999968,51.56414264000006],[-9.73105009099993,51.56062856800003],[-9.727684563999958,51.561003897000035],[-9.729965068999945,51.55973615500005],[-9.735344532999932,51.55943247400006],[-9.736379665999948,51.56076084700004],[-9.733157457999937,51.56357713300008],[-9.736578484999939,51.56243528700003],[-9.735621548999973,51.56369383500004],[-9.743414472999973,51.563198836000026],[-9.745229285999926,51.56117530300003],[-9.756846612999936,51.55736957900007],[-9.756012935999934,51.559898830000066],[-9.760500467999975,51.55959923100005],[-9.764057425999965,51.55556201100006],[-9.774926307999976,51.55011813900006],[-9.786590413999932,51.549583331000065],[-9.78859836099997,51.55077193900007],[-9.792012578999959,51.549910314000044],[-9.792726743999935,51.551170367000054],[-9.805350381999972,51.54423168400007],[-9.81175683999993,51.54410646900004],[-9.816283465999959,51.54182755100004],[-9.823175195999966,51.54360887400003],[-9.826191517999973,51.541917633000025],[-9.838851210999962,51.53986468100004],[-9.839774398999964,51.54093730200003],[-9.843427585999962,51.54023119200008],[-9.84301598899998,51.54192862900004],[-9.85136337199998,51.54093171000005],[-9.848789517999933,51.543608894000045],[-9.836299834999977,51.54838055700003],[-9.835346621999975,51.55038114600006],[-9.828812797999944,51.55317481700007],[-9.812044915999934,51.55816724700003],[-9.813922985999966,51.55827194200003],[-9.806663835999927,51.563702575000036],[-9.791183887999978,51.567122718000064],[-9.785609197999975,51.57167552400006],[-9.789371879999976,51.57185435800005],[-9.787207930999955,51.573218627000074],[-9.790637212999968,51.57289166000004],[-9.78800195399998,51.57439689800003],[-9.79206202499995,51.57412597000007],[-9.78475646399994,51.57610757900005],[-9.784566428999938,51.57974462200008],[-9.772272898999972,51.58313541100006],[-9.76955507699995,51.582672596000066],[-9.765658645999963,51.586036258000036],[-9.74903556399994,51.594010154000046],[-9.741487651999932,51.59358996600008],[-9.741973,51.59532683000003],[-9.737098405999973,51.59703238800006],[-9.727095635999945,51.59991837300004],[-9.71847435199993,51.600238611000066],[-9.719438661999959,51.60182734300008],[-9.716576868999937,51.60487341400005],[-9.70374831199996,51.609215935000066],[-9.69852717599997,51.61205832100006],[-9.701929055999926,51.61198938900003],[-9.699551234999944,51.61338839100006],[-9.69114962599997,51.613658626000074],[-9.68420075499995,51.61568947400008],[-9.683153256999958,51.617677608000065],[-9.672202238999944,51.622920297000064],[-9.65962206699993,51.62690490800003],[-9.634614276999969,51.62967297000006],[-9.610443372999953,51.63670012800003],[-9.61199801999993,51.636850121000066],[-9.60022515399993,51.64180004500008],[-9.581034977999934,51.64561439900007],[-9.568965772999945,51.64995066400007],[-9.572742946999938,51.65002317200003],[-9.569666951999977,51.65078748600007],[-9.570505069999967,51.65210816300004],[-9.574113937999925,51.65205688900005],[-9.56752301299997,51.65410604200008],[-9.56897093799995,51.65414687500004],[-9.564618222999968,51.65487584600004],[-9.562689163999949,51.65278669800006],[-9.539411848999976,51.65793204300007],[-9.52232009599993,51.65967980000005],[-9.519206112999939,51.66178802400003],[-9.50907912599996,51.66339901200007],[-9.507565363999959,51.66963646100004],[-9.493302753999956,51.67232142900008],[-9.486891153999977,51.67836781500006],[-9.472677473999966,51.67818138900003],[-9.471519284999943,51.67717069500003],[-9.463093844999946,51.67869759800004],[-9.461993168999982,51.68068932500006],[-9.455139204999966,51.68064571200006],[-9.46087577399993,51.68171664300007],[-9.459170408999967,51.685492546000035],[-9.455134852999947,51.68679833500005],[-9.456381997999927,51.68824853000007],[-9.459072810999942,51.687719653000045],[-9.45942318799996,51.68937286400006],[-9.448617094999975,51.69046531200007],[-9.439657428999965,51.695045296000046],[-9.44728940799996,51.69328531800005],[-9.45266811199997,51.69817270100003],[-9.45821024199995,51.69595424400006],[-9.46012634899995,51.69799621800007],[-9.453391754999927,51.704055407000055],[-9.453439998999954,51.70732949100005],[-9.456015829999956,51.70836550100006],[-9.451232511999933,51.71110120900005],[-9.445386722999956,51.71915414000006],[-9.438137400999949,51.72058848100005],[-9.438788190999958,51.72322129100007],[-9.446376498999939,51.72096755500007],[-9.446605142999942,51.71870967900003],[-9.450373731999946,51.71944750200004],[-9.458591370999955,51.71635062200005],[-9.458581857999945,51.720202921000066],[-9.454249280999932,51.72154043900008],[-9.449247601999957,51.72627618800004],[-9.449851808999938,51.72762116400003],[-9.45346663099997,51.72731975500005],[-9.456480942999974,51.728836794000074],[-9.482875461999981,51.715246483000044],[-9.491863471999977,51.714477051000074],[-9.492010388999972,51.71900760900007],[-9.501831296999967,51.71642441600005],[-9.505848488999959,51.71822960900005],[-9.505076839999958,51.723062791000075],[-9.503105653999967,51.724017874000026],[-9.50451286699996,51.725089825000055],[-9.509625164999932,51.72466973300004],[-9.509222001999944,51.726846099000056],[-9.514530213999933,51.72640067700007],[-9.512800095999978,51.72782859000006],[-9.515225701999952,51.72879588500007],[-9.522377929999948,51.726743817000056],[-9.524662798999941,51.729765945000054],[-9.532118030999982,51.729978120000055],[-9.526315139999951,51.734655333000035],[-9.52954456599997,51.73674146500008],[-9.527126816999953,51.74349405300006],[-9.530807720999974,51.74637876200006],[-9.53438638199998,51.74533411400006],[-9.530445133999933,51.749020088000066],[-9.538037145999965,51.74972446000004],[-9.53843809999995,51.752538351000055],[-9.54293768499997,51.75008553400005],[-9.541925957999979,51.74924976800003],[-9.545750545999965,51.74969110300003],[-9.548584130999927,51.747306465000065],[-9.548546292999958,51.74894548700007],[-9.55010936399998,51.74920585600006],[-9.548778810999977,51.748080808000054],[-9.554303961999949,51.74691614200003],[-9.549034168999981,51.74584895900006],[-9.550914040999942,51.74413065600004],[-9.546164030999932,51.74256514700005],[-9.544978500999946,51.74014663300005],[-9.547024208999972,51.73851100400003],[-9.548085991999926,51.73950143500008],[-9.555782066999939,51.738895496000055],[-9.552258207999955,51.738102636000065],[-9.559174739999946,51.73309757200008],[-9.553625899999929,51.73462383700007],[-9.55429195399995,51.73310976100004],[-9.550449967999953,51.73374776700007],[-9.550628951999954,51.73160648500004],[-9.554201457999966,51.729722028000026],[-9.54949458699997,51.728532261000055],[-9.54967002099994,51.72531058900006],[-9.543161230999942,51.72394830200005],[-9.544859027999962,51.72284478800003],[-9.542908952999937,51.72168101500006],[-9.549879011999963,51.71904799500004],[-9.549756677999937,51.71278866000006],[-9.560028543999977,51.71291391600005],[-9.564485739999952,51.70820714900003],[-9.574156465999977,51.70492241100004],[-9.573248750999937,51.707154399000046],[-9.580643933999966,51.70995761800003],[-9.584115890999954,51.70123265600006],[-9.589678593999963,51.69828375000003],[-9.595079962999932,51.69789519300008],[-9.598182821999956,51.69504507200003],[-9.596392392999974,51.693331873000034],[-9.608934121999937,51.68875036900005],[-9.61446413799996,51.68850039700004],[-9.622968329999935,51.68115206400006],[-9.634648331999927,51.67990862200003],[-9.638477199999954,51.67808982000008],[-9.637594049999961,51.67704389600004],[-9.644256121999945,51.67481174100004],[-9.650759108999978,51.67343280700004],[-9.650348270999928,51.67532787400006],[-9.656962756999974,51.674666122000076],[-9.67539826199993,51.67024528200005],[-9.668385902999944,51.67492402500005],[-9.673769500999981,51.676504297000065],[-9.668221930999948,51.679313800000045],[-9.66520997699996,51.685643897000034],[-9.66653441699998,51.68310457000007],[-9.670779323999966,51.68292358100007],[-9.678640099999939,51.677566342000034],[-9.682318488999954,51.67861643700007],[-9.684316979999949,51.67723043500007],[-9.687718528999937,51.67829269300006],[-9.698726569999963,51.67749828800004],[-9.699409532999937,51.67885575500003],[-9.703077434999955,51.679146898000056],[-9.70703092499997,51.67597099200003],[-9.718347359999939,51.676330740000026],[-9.717557970999962,51.67729519000005],[-9.72021658899996,51.677905501000055],[-9.716802837999978,51.67840497600008],[-9.716905806999932,51.68035939600003],[-9.714332019999972,51.681558393000046],[-9.716880885999956,51.68242483700004],[-9.715960671999937,51.684422709000046],[-9.719741288999955,51.686448004000056],[-9.719354173999932,51.68817256300008],[-9.725084770999956,51.68831526900004],[-9.722292306999975,51.69112128300003],[-9.72520648799997,51.69151325300004],[-9.72560210699993,51.69247272200005],[-9.721536181999966,51.694314993000035],[-9.725071108999941,51.693182267000054],[-9.726785119999931,51.691836256000045],[-9.72676994799997,51.692320100000074],[-9.730269547999967,51.68985207500003],[-9.732287880999934,51.68941380000007],[-9.735780603999956,51.68546263200005],[-9.737669351999955,51.68541738600004],[-9.730087373999936,51.68470931600007],[-9.73355773399993,51.68229865200004],[-9.727918547999934,51.68170967900005],[-9.728255824999962,51.67811913300005],[-9.724345588999938,51.67497174500005],[-9.725626503999933,51.67081785800008],[-9.731164643999932,51.66945726700004],[-9.731701182999927,51.66681979700007],[-9.734590082999944,51.66798034000004],[-9.737284692999935,51.66703836800008],[-9.737758864999932,51.67063088200007],[-9.744855453999946,51.668428807000055],[-9.743537128999947,51.669261188000064],[-9.746525725999959,51.671036308000055],[-9.749123863999955,51.66820551700005],[-9.754508296999973,51.66713080900007],[-9.764766417999965,51.66166797900007],[-9.773606086999962,51.66221836300008],[-9.780178315999933,51.658895776000065],[-9.785663731999932,51.660701981000045],[-9.794052896999972,51.660629275000076],[-9.791923654999948,51.658889947000034],[-9.800452966999956,51.65824823100007],[-9.800677692999955,51.65580616700004],[-9.80614378499996,51.656260392000036],[-9.812499,51.65456076600003],[-9.820202628999937,51.657819483000026],[-9.820565862999956,51.65947169900005],[-9.83866020299996,51.65876982100008],[-9.848148974999958,51.65363215100007],[-9.85267937599997,51.65352956100003],[-9.855072131999975,51.65590718200008],[-9.856992083999955,51.654940596000074],[-9.85504827099993,51.654288363000035],[-9.859836667999957,51.65400459300008],[-9.86076348599994,51.65254067700005],[-9.863578572999927,51.653885210000055],[-9.861150350999935,51.65551825500006],[-9.867119225999943,51.65694838200005],[-9.870427182999947,51.65530780900008],[-9.868013495999946,51.653615796000054],[-9.874170086999982,51.65318918100007],[-9.875342707999948,51.651107558000035],[-9.877577066999947,51.651592089000076],[-9.880194422999978,51.64944680900004],[-9.896772798999962,51.65227585700006],[-9.902713387999938,51.65099235400004],[-9.904064158999972,51.65483560800004],[-9.908801196999946,51.650541701000066],[-9.914764720999926,51.64919588500004],[-9.90903807099994,51.64861672400008],[-9.910414444999958,51.64518428200006],[-9.915889704999927,51.641756806000046],[-9.913759399999947,51.640289643000074],[-9.915688318999969,51.63768169300005],[-9.920436147999965,51.636961857000074],[-9.91938509399995,51.63770731200003],[-9.922122952999928,51.638316272000054],[-9.917477954999981,51.63947949900006],[-9.922223693999968,51.639292037000075],[-9.920685662999972,51.64016190500007],[-9.922382360999961,51.64056245800003],[-9.926154568999948,51.63987810900005],[-9.926579212999968,51.63712698100005],[-9.928987406999966,51.63649622200006],[-9.939649777999932,51.63642837000003],[-9.933311140999933,51.63505313600007],[-9.926510377999932,51.636355854000044],[-9.92658092299996,51.63422754100003],[-9.929667397999935,51.63410811000006],[-9.922982313999967,51.63336876800008],[-9.925869826999929,51.628951019000056],[-9.929668655999933,51.62765390700008],[-9.928270406999957,51.62494976700003],[-9.924296950999974,51.62400745900004],[-9.927028489999941,51.62198677200007],[-9.92513923499996,51.62118464000008],[-9.929374777999953,51.621498502000065],[-9.936660270999937,51.61446695700005],[-9.940135062999957,51.61685292900006],[-9.95378535499998,51.614893583000026],[-9.956189804999951,51.61513067100003],[-9.95595175099993,51.61650809500003],[-9.964890237999953,51.61498728400005],[-9.965959544999976,51.62147413200006],[-9.969159496999964,51.61988975500003],[-9.96945808299995,51.61652535800005],[-9.973889763999978,51.61632868800007],[-9.979586851999954,51.61162112000005],[-9.984513186999948,51.61140527100008],[-9.984937995999928,51.61243610200006],[-9.991464668999981,51.60604510600007],[-9.999898436999956,51.60417259400003],[-10.006427551999934,51.59863886200003],[-10.011431904999938,51.596935356000074],[-10.012217627999974,51.59856275300007],[-10.022077747999958,51.59438957000003],[-10.028324687999941,51.59558875000005],[-10.038320796999926,51.58897479600006],[-10.048087770999928,51.591520624000054],[-10.044713159999958,51.59423265000004],[-10.03729038299997,51.59471322400003],[-10.034959081999943,51.59769300600004],[-10.053640316999974,51.59317541100006],[-10.050792607999938,51.59667856300007],[-10.052363577999927,51.596863453000026],[-10.041965679999976,51.60090224600003],[-10.045502994999936,51.603729334000036],[-10.052252210999939,51.60197208400007],[-10.051897445999941,51.60341650000004],[-10.053590781999958,51.60233048400005],[-10.056282306999947,51.60394153500005],[-10.061669245999951,51.601228665000065],[-10.063929782999935,51.602638435000074],[-10.062479978999932,51.60371962100004],[-10.068119674999934,51.60332496700005],[-10.066818823999938,51.60425961900006],[-10.069690174999948,51.60368013000004],[-10.071141620999981,51.60515748100005],[-10.074563798999975,51.60281695000003],[-10.07693851299996,51.60345240100003],[-10.083001509999974,51.59913177800007],[-10.083646574999932,51.600362407000034],[-10.090632576999951,51.599901395000074],[-10.09185922599994,51.60143780200008],[-10.09657958799994,51.59993500100006],[-10.097243565999975,51.60081336700006],[-10.09796300499994,51.59932713900008],[-10.102480022999941,51.600317027000074],[-10.105895853999925,51.59751182700006],[-10.108729486999948,51.59780727100008],[-10.108866378999949,51.60007739000008],[-10.110746522999932,51.59953590900005],[-10.109715828999981,51.60148297400008],[-10.116768262999926,51.60221721400006],[-10.118469989999937,51.60055602400007],[-10.12086140599996,51.60242584900004],[-10.125684649999926,51.59652119800006],[-10.13005517099998,51.59517276000008],[-10.135395136999932,51.595893164000074],[-10.137803628999961,51.59378323300007],[-10.141714624999963,51.59482882200007],[-10.153072016999943,51.58410065100003],[-10.160650955999927,51.58114792500004],[-10.162185920999946,51.58409678000004],[-10.155765359999975,51.58927917200003],[-10.155704861999936,51.591348820000064],[-10.150956427999972,51.59363234400007],[-10.149806873999978,51.59617900500007],[-10.145583164999948,51.595603492000066],[-10.142874980999977,51.59686669100006],[-10.144883320999952,51.60260509700004],[-10.14082807799997,51.605775505000054],[-10.156225186999961,51.60971754800005],[-10.155554214999938,51.61141998100004],[-10.158626673999947,51.61344638500003],[-10.15672798099996,51.61470895700006],[-10.152712435999945,51.615735149000045],[-10.147893032999946,51.61489175100007],[-10.145289039999966,51.61919764000004],[-10.139925031999951,51.62120726200004],[-10.133538129999977,51.61913487600003],[-10.134936549999964,51.61767370100006],[-10.13194077199995,51.616809138000065],[-10.130615184999954,51.613369360000036],[-10.126583747999973,51.61265957400008],[-10.121428374999937,51.614869817000056],[-10.119287821999933,51.613204593000034],[-10.11618972399998,51.61611161800005],[-10.10437312299996,51.61919434300006],[-10.100943126999937,51.619287632000066],[-10.10004287199996,51.617797824000036],[-10.09629307399996,51.618708842000046],[-10.08670097199996,51.62474681800006],[-10.085998941999947,51.62276093000003],[-10.081345093999971,51.62127013300005],[-10.082310395999968,51.61998341200007],[-10.079455,51.619820522000055],[-10.062167004999935,51.62495068000004],[-10.063195632999964,51.626148801000056],[-10.061607031999927,51.62887189400004],[-10.058953121999934,51.629467641000076],[-10.058905509999931,51.63228879700006],[-10.060759411999982,51.63345927900008],[-10.06774538999997,51.63299774300003],[-10.066542081999955,51.63420201800005],[-10.069225228999926,51.634581995000076],[-10.064494218999926,51.63607245400004],[-10.05851217399993,51.64092070700008],[-10.060300177999977,51.64064599200003],[-10.061682953999934,51.643270278000045],[-10.062774238999964,51.642540901000075],[-10.059443930999976,51.647788484000046],[-10.055843701999947,51.64848389700006],[-10.05673921999994,51.652251361000026],[-10.059042187999978,51.65147384100004],[-10.057689958999958,51.654050303000076],[-10.064683886999944,51.653240347000065],[-10.067950313999972,51.654232636000074],[-10.071730855999931,51.65108997300007],[-10.072952778999934,51.653095241000074],[-10.075452219999931,51.65292477600008],[-10.073341176999975,51.65442338100007],[-10.077318065999975,51.65310035400006],[-10.07823033699998,51.65416980100008],[-10.078303752999943,51.65607628300006],[-10.074794666999935,51.65829972700004],[-10.078850307999971,51.65838948600003],[-10.081442369999934,51.65688658900007],[-10.084027209999931,51.66054213100006],[-10.087758994999945,51.659198126000035],[-10.097024630999954,51.66023395600007],[-10.100276982999958,51.65913619200006],[-10.098278982999943,51.66229419300004],[-10.10080292799995,51.66187966700005],[-10.101215184999944,51.66367365000008],[-10.106033292999939,51.66402851300006],[-10.102025968999953,51.66736005400003],[-10.096124629999963,51.66750760100007],[-10.094824280999944,51.669797705000065],[-10.09701810699994,51.67087225100005],[-10.093202227999939,51.673589563000064],[-10.087259908999954,51.67482152400004],[-10.077288694999936,51.67128769700008],[-10.072150181999973,51.676903983000045],[-10.07060340299995,51.67308069400008],[-10.060286792999932,51.67104373900003],[-10.056198955999946,51.66804429500007],[-10.045428542999957,51.67108737700005],[-10.039186929999971,51.67434025700004],[-10.039494051999952,51.67611487500005],[-10.035027954999975,51.67761405600004],[-10.030314719999978,51.67840999900005],[-10.027715470999965,51.675594183000044],[-10.022765264999975,51.675380215000075],[-10.017178973999933,51.67242163100008],[-10.01069847399998,51.67293424700006],[-10.00545614799995,51.676428427000076],[-9.998870223999972,51.67572147700008],[-9.99973597199994,51.67758782400006],[-10.003764598999965,51.67834777000007],[-9.998582044999978,51.68492631000004],[-9.993406895999954,51.68593231500006],[-9.98640959599993,51.68266049600004],[-9.981780758999946,51.68241628900006],[-9.97255626599997,51.68499852300005],[-9.97124862399994,51.68791569800004],[-9.968520008999974,51.68800421000003],[-9.967780585999947,51.686700141000074],[-9.968590389999974,51.68841110800008],[-9.97468015499993,51.68875611800007],[-9.966303685999947,51.69300353800003],[-9.972012613999937,51.69538583500008],[-9.963271005999957,51.70034879700006],[-9.963109220999968,51.702652768000064],[-9.965336898999965,51.70336434500007],[-9.963929747999941,51.704679920000046],[-9.957765347999953,51.708430374000045],[-9.953463949999957,51.70809512000005],[-9.94802206199995,51.712016918000074],[-9.951552196999955,51.711657467000066],[-9.951216731999978,51.71296583600008],[-9.944779738999955,51.714915862000055],[-9.95170490299995,51.71470429000004],[-9.949601498999925,51.71659515400006],[-9.95521761799995,51.715350674000035],[-9.957957633999968,51.71699149700004],[-9.960857888999954,51.71314555400005],[-9.97002791899996,51.71411573900008],[-9.972467667999979,51.71241054400008],[-9.984001838999973,51.71038113000003],[-9.982919962999972,51.71497253900003],[-9.985774765999963,51.714101080000034],[-9.986227076999967,51.715499915000066],[-9.993000001999974,51.71453134800004],[-9.994423898999969,51.715648592000036],[-9.999989593999942,51.714227580000056],[-10.006699251999976,51.71578537700003],[-10.002616927999952,51.72008844700008],[-9.980684311999937,51.72969713600003],[-9.982826706999958,51.73067449300004],[-9.981199854999943,51.731204373000025],[-9.983221467999954,51.73095299400006],[-9.979430105999938,51.732496050000066],[-9.981628505999936,51.73279579600006],[-9.973976041999947,51.73586695300003],[-9.973835496999982,51.73479244400005],[-9.96668955399997,51.733785897000075],[-9.957944804999954,51.73702927100004],[-9.959379947999935,51.737676898000075],[-9.955602817999932,51.73936801900004],[-9.952796993999925,51.73974736800005],[-9.955931188999955,51.73801363900003],[-9.948166089999972,51.74115955700006],[-9.947018672999945,51.74001202200003],[-9.94254161899994,51.74177077600007],[-9.94343241699994,51.739834047000045],[-9.93981341999995,51.74038798600003],[-9.939097979999929,51.73868646100004],[-9.930563794999955,51.739877310000054],[-9.92348936899998,51.74319746800006],[-9.925830375999965,51.743263779000074],[-9.925077028999965,51.74433213800006],[-9.929462236999939,51.74330125500006],[-9.925427035999974,51.74492847300007],[-9.930583265999928,51.74403643800008],[-9.918575786999952,51.74663131500006],[-9.916807665999954,51.748962461000076],[-9.914240485999926,51.74896612100008],[-9.91551399399998,51.747688984000035],[-9.906115979999981,51.75003385300005],[-9.90362367199998,51.75190781900005],[-9.906923182999947,51.75159288300006],[-9.901756595999927,51.75360412900005],[-9.902559438999958,51.75476886300004],[-9.883444316999942,51.763697930000035],[-9.881425774999968,51.76366115500008],[-9.88287283699998,51.760539761000075],[-9.88067201499996,51.759308227000076],[-9.871543171999974,51.75827218400008],[-9.870098034999955,51.75711754800005],[-9.872046139999952,51.75616841300007],[-9.871429146999958,51.75751801900003],[-9.87784573099998,51.758512816000064],[-9.881559377999963,51.75559614700006],[-9.87972793299997,51.75550085900005],[-9.881973168999934,51.750347598000076],[-9.88550715699995,51.74692054800005],[-9.883006459999933,51.74718978200008],[-9.898068180999928,51.73832659000004],[-9.889133672999947,51.74161949100005],[-9.881419068999946,51.74086985900004],[-9.87573808899998,51.74697436100007],[-9.861699944999941,51.74878244700005],[-9.845477821999964,51.75929076600005],[-9.85158421999995,51.75871604000008],[-9.850025523999932,51.76004984900004],[-9.85337113299994,51.760717913000065],[-9.851487984999949,51.763505991000045],[-9.855144765999967,51.76349166400007],[-9.856332103999932,51.76726412000005],[-9.854554889999974,51.76660438400006],[-9.849714929999948,51.76975610000005],[-9.850838867999926,51.77132430700004],[-9.854269589999944,51.77137357300006],[-9.84898812299997,51.77441796900007],[-9.84805220499993,51.77764763500005],[-9.840624723999952,51.777796942000066],[-9.839390123999976,51.77658128500008],[-9.84305596799993,51.77364443400006],[-9.840925155999969,51.77488400100003],[-9.834895416999927,51.77459693900005],[-9.83408977299996,51.771671378000065],[-9.846125582999946,51.76674381000004],[-9.846485687999973,51.765341840000076],[-9.818935643999964,51.76752402500006],[-9.80992841799997,51.76960229500003],[-9.815823725999962,51.76532077400003],[-9.82149908499997,51.76446156900005],[-9.820859816999928,51.76602104300008],[-9.823122299999966,51.76461040800007],[-9.821268335999946,51.76512868200007],[-9.822655224999949,51.76406796200007],[-9.82007460099993,51.76221247500007],[-9.817727475999959,51.76443943100003],[-9.80996448999997,51.764273453000044],[-9.810026880999942,51.76606016800008],[-9.803658945999928,51.76797049700008],[-9.796297916999947,51.76649594300005],[-9.793106447999946,51.76727924700003],[-9.792263084999945,51.76591446400005],[-9.79967307399994,51.76457349900005],[-9.804593150999949,51.76088445600004],[-9.79155351399993,51.76230665200006],[-9.788913645999969,51.76487563200004],[-9.786475438999958,51.762384721000046],[-9.78517962999996,51.76465986900007],[-9.78198727299997,51.764853747000075],[-9.78078519099995,51.762796122000054],[-9.785464012999967,51.762026192000064],[-9.786574573999928,51.75831698800005],[-9.78074189199998,51.75574014400007],[-9.781234087999962,51.75355207900003],[-9.78008175499997,51.75568419200005],[-9.784297,51.75804689000006],[-9.77928878199998,51.75851319700007],[-9.781617672999971,51.76130249500005],[-9.779052993999926,51.76307153400006],[-9.780009571999926,51.76508460800005],[-9.775343840999938,51.76556111600007],[-9.782612444999927,51.76667656300003],[-9.78391643499998,51.76573061700003],[-9.783642819999955,51.76769081000003],[-9.787973319999935,51.77039237400004],[-9.78438538699993,51.77144960600003],[-9.779972743999963,51.77047139200005],[-9.780490080999925,51.77192073700007],[-9.78651111299996,51.772026391000054],[-9.784927654999933,51.77377291100004],[-9.790338854999959,51.77363679000007],[-9.790401490999955,51.77539233500005],[-9.79641595299995,51.77469803500003],[-9.79177574099998,51.77744002700007],[-9.80594075099998,51.77567651700008],[-9.80398136499997,51.777671542000064],[-9.805704274999925,51.78040598000007],[-9.807362004999959,51.77926540800007],[-9.806657953999945,51.78061069000006],[-9.81355720199997,51.77915066800006],[-9.82108481299997,51.779537583000035],[-9.822158495999929,51.78394526100004],[-9.825135197999941,51.78370626000003],[-9.822228561999964,51.78663938100004],[-9.805508864999979,51.79386367300003],[-9.788138403999938,51.79876374600008],[-9.788884669999959,51.79739392000005],[-9.786940714999957,51.79693025900008],[-9.782845790999943,51.79879479500005],[-9.781369237999968,51.79864662400007],[-9.782841079999969,51.79715449400004],[-9.77665845599995,51.79793056200003],[-9.774453371999925,51.79983116200003],[-9.777030683999953,51.80074969700007],[-9.779440207999926,51.79963810800007],[-9.780250056999932,51.80286509800004],[-9.776708571999961,51.805600165000044],[-9.77747113099997,51.80781339400005],[-9.77637984699993,51.80582065700003],[-9.77371196699994,51.80652563500007],[-9.77588088999994,51.80656912100005],[-9.774827431999938,51.808702278000055],[-9.778206215999944,51.80771730100008],[-9.778500592999933,51.80874687600004],[-9.76965411599997,51.811007938000046],[-9.771197275999953,51.812183391000076],[-9.762016416999927,51.81627929900003],[-9.74560336299993,51.82062683100003],[-9.743267486999969,51.82372722800005],[-9.739910316999953,51.823750388000065],[-9.742939186999934,51.82882595700005],[-9.73340320699998,51.83488126000003],[-9.729325800999959,51.835563559000036],[-9.731871871999942,51.83336469200003],[-9.717015731999936,51.83978480600007],[-9.71541134399996,51.83838081300007],[-9.711361261999969,51.83852871700003],[-9.691801557999952,51.84224543200003],[-9.686574806999943,51.84116729600004],[-9.67322179499996,51.84299727200005],[-9.675438121999946,51.84212835000005],[-9.668489113999954,51.84160325700003],[-9.66948771999995,51.843118107000066],[-9.665171204999979,51.844553362000056],[-9.660576330999959,51.844055181000044],[-9.662379150999925,51.84277888100007],[-9.652286714999946,51.845156452000026],[-9.64514421399997,51.84447187200004],[-9.640127924999945,51.847438631000045],[-9.643515217999948,51.84769081400003],[-9.643893870999932,51.84955709600007],[-9.630991325999958,51.85208609600005],[-9.629388179999978,51.85530225200006],[-9.623125136999931,51.85846364400004],[-9.610738260999938,51.861171874000036],[-9.603832981999972,51.865401579000036],[-9.598772744999962,51.86519664600007],[-9.590205018999939,51.86899372200003],[-9.581523574999949,51.870485005000035],[-9.585872966999943,51.87414308400008],[-9.58910321299993,51.87213906300008],[-9.590653116999931,51.87358825000007],[-9.59661547899998,51.87299952500007],[-9.597955953999929,51.874115575000076],[-9.600912617999938,51.87228305600007],[-9.601747072999956,51.87405882100006],[-9.604056576999938,51.87354480400006],[-9.60462099199998,51.87097072900008],[-9.609819062999975,51.87179658900004],[-9.608045663999974,51.87114614300003],[-9.609767061999946,51.869258753000054],[-9.61074814799997,51.87078149300004],[-9.61457229299998,51.86855149400003],[-9.613282616999982,51.87082786000008],[-9.616328126999974,51.86817437900004],[-9.624268589999929,51.86719674600005],[-9.626717526999926,51.86763418100003],[-9.625166966999927,51.86904375600005],[-9.62762000999993,51.86918080400005],[-9.626655096999968,51.86800081300004],[-9.63077573299995,51.86629043600004],[-9.633468166999933,51.86855137500004],[-9.630884563999928,51.87063915500005],[-9.63589219499994,51.87036755300005],[-9.636610797999936,51.869014750000076],[-9.637936373999935,51.86991966800008],[-9.635131960999956,51.87118447600005],[-9.639455125999973,51.869751155000074],[-9.641354332999981,51.87125587400004],[-9.642322963999959,51.86966776500003],[-9.65210140499994,51.86894712000003],[-9.652715540999964,51.86788234000005],[-9.651514817999953,51.87084862900008],[-9.653184,51.87113401800008],[-9.661042685999973,51.868369019000056],[-9.663558206999937,51.868777806000026],[-9.66344554799997,51.86754140200003],[-9.665920290999964,51.86790292300003],[-9.669712704999938,51.86558262500006],[-9.678830871999935,51.86514275300004],[-9.680513316999964,51.863675304000026],[-9.676093325999943,51.86469996900007],[-9.676692518999971,51.86253158400007],[-9.681167520999963,51.86356978800006],[-9.68884006299993,51.86019945900006],[-9.696849593999957,51.86018799100003],[-9.730968926999935,51.852790510000034],[-9.75179948899995,51.84563218100004],[-9.77466121599997,51.84124736600006],[-9.77782188699996,51.83734250400005],[-9.791214902999968,51.832541665000065],[-9.802860281999926,51.83173837500004],[-9.803529589999926,51.83010968000008],[-9.810261466999975,51.829297834000045],[-9.806302195999933,51.83244097100004],[-9.829501129999926,51.82556746900008],[-9.841654455999958,51.81909172500008],[-9.843383201999927,51.81732122400007],[-9.840706748999935,51.81769024500005],[-9.842830722999963,51.81617161300005],[-9.838793263999946,51.81715984500005],[-9.842436114999941,51.81591078400004],[-9.845937722999963,51.81238375300006],[-9.83854213099994,51.81497838000007],[-9.837782380999954,51.816209908000076],[-9.838903893999941,51.81627689900006],[-9.83844867299996,51.816972787000054],[-9.838930521999941,51.81786131900003],[-9.840749432999928,51.81792565400008],[-9.838905526999952,51.820087037000064],[-9.826850643999933,51.82323217700008],[-9.829364072999965,51.82182476100007],[-9.826205393999942,51.82120751900004],[-9.832596978999959,51.81661589400005],[-9.830774862999931,51.81702478900007],[-9.831851190999942,51.81531816300003],[-9.829295698999942,51.816087905000074],[-9.830056620999926,51.81526235600006],[-9.84993656699993,51.808107731000064],[-9.854906644999971,51.80748816900007],[-9.85850189599995,51.80950965000005],[-9.861989002999962,51.80885261900005],[-9.862120394999977,51.807442912000056],[-9.860572675999947,51.80776713000006],[-9.86414229199994,51.80604495800003],[-9.86282541099996,51.80465652600003],[-9.865019926999935,51.801733924000075],[-9.863526944999933,51.802021514000046],[-9.86586334599997,51.80044801200006],[-9.863203405999968,51.80135400800003],[-9.863886151999964,51.79993010900006],[-9.871836388999952,51.79579207100005],[-9.869555042999934,51.798868980000066],[-9.870382455999959,51.80004958200004],[-9.87228278799995,51.79885010900006],[-9.869512799999939,51.801131989000055],[-9.87101819999998,51.801577715000064],[-9.870050834999972,51.80630920500005],[-9.863033400999939,51.810724306000054],[-9.862137074999964,51.80884539200008],[-9.859473990999959,51.81047723300003],[-9.85866705199993,51.81143955700003],[-9.861839951999968,51.81205548500003],[-9.857305881999935,51.816752948000044],[-9.86940911399995,51.81347487600004],[-9.873830550999969,51.81404226600006],[-9.872079005999979,51.81592788200004],[-9.878847658999973,51.813612351000074],[-9.876944398999967,51.81699091100006],[-9.877670740999974,51.81772201800004],[-9.883377124999981,51.816928001000065],[-9.881453951999958,51.81884292900003],[-9.881522292999932,51.81770619500003],[-9.879604337999979,51.81822926800004],[-9.881352956999933,51.818910849000076],[-9.87835872599993,51.82175471800008],[-9.889853200999937,51.81418045800007],[-9.888942114999963,51.81536691000008],[-9.89178629099996,51.81466967000006],[-9.89162233999997,51.81647578500008],[-9.89605256799996,51.81242350700006],[-9.89619714099996,51.81436148900008],[-9.901513164999926,51.81481453100008],[-9.903641235999942,51.81225812400004],[-9.901787013999979,51.808112616000074],[-9.90825661599996,51.804164693000075],[-9.910936985999967,51.80510699200005],[-9.922521537999955,51.80344004600005],[-9.92822634099997,51.80514180000006],[-9.936935624999933,51.80016333800006],[-9.941421842999944,51.79981479600008],[-9.94035114999997,51.80150681100008],[-9.941906691999975,51.80035778800004],[-9.950479861999952,51.80069489700003],[-9.97034734999994,51.78861266900003],[-9.975014878999957,51.78825353800005],[-9.977305288999958,51.789441511000064],[-9.976551795999967,51.79110678400008],[-9.979226883999956,51.78627653400008],[-9.981174884999973,51.78565068700004],[-9.98104316499996,51.787013468000055],[-9.990060454999934,51.78437461900006],[-9.991513525999949,51.78540449400003],[-9.994016169999952,51.78352082500004],[-9.990750814999956,51.78360615500003],[-9.993079060999946,51.78139824700003],[-9.995857354999941,51.78175784200005],[-9.995973826999943,51.77950701100008],[-10.006763844999966,51.77331705100005],[-10.008395987999961,51.774391481000066],[-10.011423788999934,51.77130103800005],[-10.015986959999964,51.77074145200004],[-10.021284693999974,51.773517249000065],[-10.033788614999935,51.77325226900007],[-10.033717850999949,51.77516254100004],[-10.036816715999976,51.77534644200006],[-10.03486507699995,51.77757458100007],[-10.044483404999937,51.77046432800006],[-10.045480751999946,51.77137984500007],[-10.047158940999964,51.770393916000046],[-10.046548395999935,51.77282443400003],[-10.048495860999935,51.77115438900006],[-10.051417261999973,51.77367317800008],[-10.053939274999948,51.769870609000066],[-10.055643205999957,51.76996879700005],[-10.054876768999975,51.77193142600004],[-10.068071876999966,51.76580563200008],[-10.05390327799995,51.767371989000026],[-10.055551821999927,51.76151903900006],[-10.067449256999964,51.75843886500007],[-10.071120557999961,51.76037490600004],[-10.07457773599998,51.759935778000056],[-10.07543776999995,51.76135470100007],[-10.079773604999957,51.76006347100008],[-10.080537428999946,51.756266864000054],[-10.093115444999967,51.75745649500004],[-10.100667288999944,51.755967733000034],[-10.104492906999951,51.75224555200003],[-10.100410903999943,51.74890768600005],[-10.107226304999926,51.74805788800006],[-10.106319610999947,51.74928909800008],[-10.122359511999946,51.74579374000007],[-10.127578907999975,51.742789765000055],[-10.12617279999995,51.73907951800004],[-10.129218641999955,51.738774867000075],[-10.12968400899996,51.73741146900005],[-10.13302114299995,51.737935581000045],[-10.131468039999959,51.73804689000008],[-10.133376674999965,51.73896904900005],[-10.132203621999963,51.73996178700003],[-10.135987598999975,51.73908344100005],[-10.135192642999925,51.74068838000005],[-10.138400425999976,51.74016190000003],[-10.140335841999956,51.74185582600006],[-10.138537417999942,51.74328533000005],[-10.135820560999946,51.74294711400006],[-10.132585707999965,51.74788371400007],[-10.127296662999981,51.75015352300005],[-10.124135329999945,51.752796474000036],[-10.125726338999925,51.75294938600007],[-10.11805665199995,51.75709541600003],[-10.117859751999958,51.75890934000006],[-10.11240160999995,51.760752747000026],[-10.11093456499998,51.76222237400003],[-10.113548779999974,51.76452893000004],[-10.11503782099993,51.76288788000005],[-10.119366182999954,51.76528032300007],[-10.121774286999937,51.76395675800006],[-10.123207506999961,51.76025230700003],[-10.12141866199994,51.75600759200006],[-10.128141210999956,51.75994276900008],[-10.130735492999975,51.75854085700007],[-10.139213396999935,51.75989443600008],[-10.14321156099993,51.75854550000008],[-10.145850548999931,51.759217113000034],[-10.142948601999933,51.76111695000003],[-10.146247740999968,51.76164020200008],[-10.145674505999978,51.76373885100003],[-10.149784737999937,51.76395951300003],[-10.151387115999967,51.76575169900008],[-10.161550115999944,51.76306771900005],[-10.160021080999968,51.76195240100003],[-10.166639104999945,51.761543764000066],[-10.16358353499993,51.76282340700004],[-10.165197618999969,51.76278022400004],[-10.163684116999946,51.763870120000036],[-10.165609291999942,51.764296208000076],[-10.16582561499996,51.76809889700007],[-10.17047086599996,51.768815294000035],[-10.179237286999978,51.76603064300008],[-10.185642421999944,51.76896466000005],[-10.187877628999956,51.77219736500007],[-10.191346492999969,51.77207894400004],[-10.19097940699993,51.77397028300004],[-10.194064566999941,51.773905564000074],[-10.194333921999942,51.77579394800006],[-10.199117764999926,51.778278166000064],[-10.207210119999957,51.77741212500007],[-10.208993633999967,51.77512081200007],[-10.223347041999943,51.777801209000074],[-10.225084441999968,51.78153513600006],[-10.223720468999943,51.782984879000026],[-10.21617701699995,51.78302432300006],[-10.214611563999938,51.781021570000064],[-10.206857749999926,51.780856603000075],[-10.203452957999957,51.78218088700004],[-10.201920882999957,51.78116465700003],[-10.197413930999971,51.78279333300003],[-10.196325188999936,51.785249426000064],[-10.193575277999969,51.784833252000055],[-10.193013580999946,51.786441410000066],[-10.188387987999931,51.78550325300006],[-10.180686658999946,51.78788473700007],[-10.181194354999946,51.79025415500007],[-10.178188276999947,51.79135176300008],[-10.177302721999979,51.794095465000055],[-10.179680536999967,51.79924946800003],[-10.171229408999977,51.80543449700008],[-10.179087568999933,51.80919557400006],[-10.175985297999944,51.81990038500004],[-10.172363748999942,51.823555474000045],[-10.173881756999947,51.82723105500003],[-10.180013694999957,51.832133526000064],[-10.19049438099995,51.833739612000045],[-10.194976896999947,51.835819582000056],[-10.205916459999969,51.84260829700003],[-10.207152005999944,51.84656427400006],[-10.21293346899995,51.84434064800007],[-10.233442174999936,51.844980253000074],[-10.236079443999927,51.84220398000008],[-10.240420381999968,51.842069638000055],[-10.240755285999967,51.84385569700004],[-10.247148583999945,51.84332771000004],[-10.254316606999964,51.838364324000054],[-10.254695552999976,51.83145279300004],[-10.258382916999949,51.82956370100004],[-10.261586248999947,51.82986278200008],[-10.271988911999927,51.82356833400007],[-10.273423934999926,51.816822125000044],[-10.269786243999931,51.81787391600005],[-10.270459552999966,51.82022942700007],[-10.268323623999947,51.82006757500005],[-10.26953629899998,51.816955258000064],[-10.27469642699998,51.812174156000026],[-10.270744573999934,51.80955344800003],[-10.272995851999951,51.80873032100004],[-10.272612152999955,51.80685081300004],[-10.273870077999959,51.80778640200003],[-10.277392565999946,51.80569959400003],[-10.279768536999939,51.80668770800003],[-10.283658804999959,51.80308740100003],[-10.284739849999937,51.804099336000036],[-10.28890903699994,51.803028331000064],[-10.28561691799996,51.80796236800006],[-10.288523428999952,51.80860983200006],[-10.294896785999981,51.80209344600007],[-10.29848868299996,51.80148871700004],[-10.298584056999971,51.80273957400004],[-10.307733800999927,51.79472698600006],[-10.310257434999926,51.794033927000044],[-10.310456261999946,51.795273070000064],[-10.315654476999953,51.79159816300006],[-10.316312651999965,51.79292962900007],[-10.322809057999962,51.791343512000026],[-10.325385792999953,51.78846913500007],[-10.330693117999942,51.788522931000045],[-10.332020211999975,51.78691646300007],[-10.34348155799995,51.78361575300005],[-10.341715316999966,51.78867926200007],[-10.34604158899998,51.78968127200005],[-10.34341102899998,51.79112581600003],[-10.347167722999927,51.79240179800007],[-10.348840425999981,51.796244364000074],[-10.351541620999967,51.795230865000065],[-10.35484304399995,51.79702412300003],[-10.34744173599995,51.80003081600006],[-10.344665323999948,51.799461962000066],[-10.333441705999974,51.80462386700003],[-10.335054519999971,51.80541270900005],[-10.332856688999925,51.80672344900006],[-10.333438702999956,51.808691],[-10.334888630999956,51.808082339000066],[-10.333425604999945,51.80960562100006],[-10.33920453199994,51.80819146700003],[-10.335863831999973,51.811382207000065],[-10.337603702999957,51.810356123000076],[-10.336487997999939,51.811447601000054],[-10.340206395999928,51.81302471300006],[-10.337059088999979,51.816111256000056],[-10.339105936999943,51.81545898200005],[-10.338590702999966,51.81723636600003],[-10.331126400999949,51.82178129700003],[-10.331945254999937,51.82304971800005],[-10.333151200999964,51.822205593000035],[-10.332147713999973,51.823684126000046],[-10.338398241999926,51.82433040300003],[-10.334222797999928,51.830329504000076],[-10.336024699999939,51.83063612500007],[-10.336623808999946,51.83592408000004],[-10.331876847999979,51.83878121500004],[-10.336581011999954,51.844029427000066],[-10.335122616999968,51.84578677300004],[-10.342747046999932,51.84443916200007],[-10.343370941999979,51.84603206200006],[-10.348071345999927,51.844045652000034],[-10.350343732999931,51.84572254700004],[-10.355006557999957,51.844132374000026],[-10.359734147999973,51.84448786300004],[-10.35635319499994,51.84741836500007],[-10.36456452899995,51.845789729000046],[-10.373156535999954,51.84182043900006],[-10.382910987999935,51.841313297000056],[-10.387286238999934,51.84242189400004],[-10.390437566999935,51.840972743000066],[-10.39061260699998,51.843624085000044],[-10.396898206999936,51.842954243000065],[-10.39589448299995,51.84397112000005],[-10.397896291999928,51.84456892700007],[-10.393068528999947,51.84589868200004],[-10.394888784999978,51.848063585000034],[-10.388468329999966,51.85308144900006],[-10.390345202999981,51.853762205000066],[-10.38258394199994,51.85996672600004],[-10.38651122899995,51.86102794900006],[-10.383759776999966,51.86365620200007],[-10.385048927999946,51.86449761500006],[-10.392110142999968,51.863090699000054],[-10.385832542999935,51.868329611000036],[-10.390474793999942,51.86883170100003],[-10.387177686999962,51.87117776000008],[-10.389365710999925,51.871510561000036],[-10.38755658499997,51.87327963300004],[-10.389976892999925,51.87236074900005],[-10.390316369999937,51.87367115300003],[-10.393629038999961,51.87192181100005],[-10.391102751999938,51.87601360300005],[-10.394281329999956,51.87534044700004],[-10.391442772999937,51.877492852000046],[-10.395405774999972,51.87652210400006],[-10.391929043999937,51.87841032400007],[-10.396011231999978,51.87697516500003],[-10.396306143999936,51.87838564800006],[-10.399190952999959,51.87630990800005],[-10.396554108999965,51.87918908700004],[-10.39833092899994,51.878962400000034],[-10.397878035999952,51.88069883900005],[-10.393450215999962,51.88366825600008],[-10.394485266999936,51.88557135700006],[-10.38833761099994,51.88561417900007],[-10.385778764999941,51.883281940000074],[-10.374737897999978,51.88567470100003],[-10.36721855199994,51.88559045000005],[-10.366821835999929,51.88681673800005],[-10.35061916099994,51.88474960500008],[-10.337676704999978,51.89207155200006],[-10.333323243999928,51.89076322300008],[-10.326504598999975,51.89223692100006],[-10.323674435999976,51.891136689000064],[-10.309742555999946,51.89811982700007],[-10.30383550299996,51.89787206800003],[-10.298033251999925,51.89488741300005],[-10.29501634299993,51.89598412000004],[-10.296413542999971,51.898321734000035],[-10.294844214999955,51.901058067000065],[-10.285665665999943,51.90265312000008],[-10.28251378899995,51.901900487000034],[-10.285342956999955,51.90519954200005],[-10.278393490999974,51.912297108000075],[-10.267356415999927,51.91364771100007],[-10.25750196699994,51.912962314000026],[-10.253677266999944,51.918341518000034],[-10.252123773999926,51.91754661400006],[-10.251260177999939,51.91977415900004],[-10.255658077999954,51.923356557000034],[-10.277235487999974,51.92861918800003],[-10.278119506999928,51.92779892800007],[-10.277969325999948,51.93017727400007],[-10.26776599599998,51.93449896200008],[-10.247788512999932,51.93930239900004],[-10.245698797999978,51.94360563500004],[-10.242397141999959,51.94370641000006],[-10.242332009999927,51.94569392400007],[-10.238788898999928,51.94710142900004],[-10.234421830999963,51.94670078900003],[-10.224799288999975,51.94961422200004],[-10.226115258999926,51.95087304500004],[-10.23962131899998,51.94920911400004],[-10.24301268299996,51.95039984400006],[-10.24395423599998,51.948342721000074],[-10.254716480999946,51.94568505900003],[-10.257271656999933,51.947319761000074],[-10.259161894999977,51.94677176300007],[-10.261813426999936,51.95085261500003],[-10.263750073999972,51.942572881000046],[-10.268246115999943,51.93963749400007],[-10.27510958399995,51.93887277500005],[-10.276763126999981,51.93912744600004],[-10.27469556899996,51.94140366000005],[-10.275588806999963,51.94449352700008],[-10.283033129999978,51.94700674100005],[-10.27763659599998,51.94928703000005],[-10.279318743999966,51.95190716800005],[-10.292421328999978,51.95085550300007],[-10.29367752099995,51.95192672500008],[-10.298706208999931,51.95007268900008],[-10.30163607999998,51.95114708600005],[-10.299758596999936,51.95191241300006],[-10.304282074999946,51.951453653000044],[-10.305058881999969,51.95262429100006],[-10.308576096999957,51.95094596800004],[-10.311190679999982,51.95291854300007],[-10.320964014999959,51.95220690900004],[-10.32113648799998,51.95463545300004],[-10.318123512999932,51.95452568600007],[-10.318878214999927,51.957060882000064],[-10.313437891999968,51.95745724600005],[-10.31154126399997,51.96075644600006],[-10.308066288999953,51.960718661000044],[-10.308027079999931,51.96251486400007],[-10.302207734999968,51.96325933400004],[-10.300487559999965,51.962252367000076],[-10.297250291999944,51.96444539500004],[-10.29277187699995,51.964145029000065],[-10.287903367999945,51.969166502000064],[-10.28383968199995,51.967770993000045],[-10.279958546999978,51.970658170000036],[-10.274425162999933,51.96538235400004],[-10.268518195999945,51.967296815000054],[-10.264377490999948,51.96493000100003],[-10.263710935999939,51.967041823000045],[-10.268166915999927,51.972288390000074],[-10.266727050999975,51.97799098200005],[-10.265387370999974,51.98040054900008],[-10.26414478099997,51.97931076800006],[-10.263796192999962,51.98285658000003],[-10.262033497999937,51.982258211000044],[-10.257045569999946,51.99181458400005],[-10.255260480999937,51.99195490100004],[-10.254944741999964,51.98934847500004],[-10.25281098499994,51.989590313000065],[-10.246559895999951,51.992362308000054],[-10.243105581999941,51.991405576000034],[-10.241572843999961,51.993377586000065],[-10.230411882999931,51.99326068100004],[-10.224669484999936,51.996965344000046],[-10.22366143499994,51.99355774700007],[-10.215436220999948,51.99090303000003],[-10.21262908999995,51.98835993400007],[-10.211266165999973,51.998011216000066],[-10.207253323999964,52.002350697000054],[-10.200124763999952,52.005482338000036],[-10.199255964999963,52.00465924400004],[-10.191418062999958,52.009836936000056],[-10.182661580999934,52.012256828000034],[-10.182181044999936,52.01128222300008],[-10.173908109999957,52.01183201500004],[-10.169373632999964,52.01431944400008],[-10.16289211399993,52.01420564600005],[-10.157908172999953,52.01812663800007],[-10.156591442999968,52.01642399100007],[-10.154829633999952,52.021681425000054],[-10.149590600999943,52.023936863000074],[-10.146963580999966,52.023843741000064],[-10.145505087999936,52.02201642300008],[-10.14338043999993,52.02542951200007],[-10.13902983099996,52.02718384800005],[-10.136606968999956,52.02659918900008],[-10.131413059999943,52.02947696800004],[-10.130613408999977,52.024819112000046],[-10.124698732999946,52.02683921400006],[-10.124350799999945,52.02570168200003],[-10.11936168099993,52.02634330300003],[-10.11915305599996,52.02478076300008],[-10.11711526299996,52.02711653500006],[-10.107567742999947,52.02947841500003],[-10.106426810999949,52.02544262300006],[-10.100844276999965,52.02455949700004],[-10.101143956999977,52.02768368400007],[-10.091951407999943,52.03297570900003],[-10.086840093999967,52.031919075000076],[-10.084349657999951,52.03432193400005],[-10.076646481999944,52.03544577300005],[-10.074469244999932,52.03751549200007],[-10.070449759999974,52.03676195300005],[-10.066852676999929,52.039735310000026],[-10.056664205999937,52.04046508700003],[-10.044625388999975,52.03690526100007],[-10.03087248099996,52.036673105000034],[-10.02382468999997,52.03834039800006],[-10.017754374999981,52.04182962900006],[-9.978640475999953,52.05249216100003],[-9.975384150999957,52.05674385400005],[-9.973096264999981,52.06944922300005],[-9.975526442999978,52.07955280200008],[-9.973137683999937,52.085722169000064],[-9.967697528999963,52.090314128000045],[-9.962926395999943,52.09049624600004],[-9.957753013999934,52.089241120000054],[-9.96374491499995,52.09022594100003],[-9.96066816399997,52.08824550000003],[-9.96881314899997,52.08384798900005],[-9.967463018999979,52.07395616300005],[-9.962982365999949,52.069929872000046],[-9.965315179999948,52.07137427100008],[-9.968743463999942,52.07034474300008],[-9.975426183999957,52.05541159300003],[-9.967165009999974,52.05691954400004],[-9.967382802999964,52.05897068400003],[-9.959652252999945,52.06141184900008],[-9.955517942999961,52.06510582300007],[-9.952513826999962,52.06494968100003],[-9.948448588999952,52.07227336300008],[-9.934571479999931,52.078844986000036],[-9.935971206999966,52.073770642000056],[-9.933120644999974,52.06894932000006],[-9.929914398999927,52.066873704000045],[-9.92592690899994,52.06743850300006],[-9.924957716999927,52.06508487100007],[-9.922807502999945,52.06658744600003],[-9.924973914999953,52.06710865900004],[-9.923974206999958,52.06887866100004],[-9.920760383999948,52.06814922600006],[-9.922500412999966,52.06787771000006],[-9.921122754999942,52.06677000800005],[-9.919962644999941,52.067870895000055],[-9.915509399999962,52.06605689300005],[-9.912236580999945,52.06792334000005],[-9.903270440999961,52.068407430000036],[-9.906718154999965,52.06931700800004],[-9.916542662999973,52.06718285000005],[-9.915664216999971,52.06927503500003],[-9.925695464999933,52.072390452000036],[-9.922021731999962,52.07315782100005],[-9.924010065999937,52.07376473800008],[-9.923200874999964,52.075145243000065],[-9.919787076999967,52.07562571200003],[-9.923916911999981,52.07651932400006],[-9.924208169999929,52.07816982500003],[-9.924476726999956,52.076628277000054],[-9.926141653999935,52.07696454300003],[-9.924607166999976,52.07571839800005],[-9.92963025499995,52.074799951000045],[-9.929920373999948,52.08144893800005],[-9.935705728999949,52.084825341000055],[-9.92592160099997,52.09504059100004],[-9.91159528299994,52.10081345200007],[-9.90749870899998,52.11031539800007],[-9.903525706999972,52.11197505000007],[-9.899622742999952,52.12215165300006],[-9.89878775699998,52.130137786000034],[-9.90076537699997,52.134806336000054],[-9.89955030599998,52.139080798000066],[-9.89377677799996,52.13626539100005],[-9.896428389999926,52.13484086500006],[-9.895440389999976,52.13692864700005],[-9.899033891999977,52.13863668700003],[-9.898155646999953,52.13705180000005],[-9.900205994999965,52.13523893400003],[-9.89755135799993,52.133714861000044],[-9.898335995999958,52.132557948000056],[-9.89948884599994,52.133341709000035],[-9.898225173999947,52.13043815800006],[-9.89733919899993,52.132779622000044],[-9.893609504999972,52.133787752000046],[-9.896326151999972,52.13313210200005],[-9.896588878999978,52.134302148000074],[-9.890257542999962,52.13321457200004],[-9.89156845499997,52.124891439000066],[-9.894984248999947,52.120218769000076],[-9.89090901399993,52.11443917100007],[-9.894199410999931,52.113840064000044],[-9.895004933999928,52.10923483800008],[-9.893177747999971,52.110871632000055],[-9.891049936999934,52.10939813700003],[-9.887818078999942,52.11099594500007],[-9.883671022999977,52.110351757000046],[-9.882951627999944,52.112781848000054],[-9.880753032999962,52.111104813000054],[-9.879938805999927,52.112816956000074],[-9.880318255999953,52.11123308700007],[-9.874991463999947,52.11354166800004],[-9.873260227999936,52.11241813300006],[-9.864328514999954,52.11472019900003],[-9.861397744999977,52.11407513200004],[-9.855774874999952,52.11730967200003],[-9.851067452999928,52.114988062000066],[-9.851763779999942,52.11600590000006],[-9.850107442999956,52.11583179100006],[-9.847591444999978,52.11219316800003],[-9.848851551999928,52.11452129800006],[-9.846181586999933,52.11486217700008],[-9.848920931999942,52.116843878000054],[-9.846464294999976,52.11893210000005],[-9.848445574999971,52.11883636700003],[-9.845348280999929,52.11966322400008],[-9.84620104499993,52.12118295400006],[-9.846163734999948,52.12012228400005],[-9.848233062999952,52.12066516100003],[-9.83456551699993,52.12597325100006],[-9.833911968999928,52.12743563200007],[-9.82602465499997,52.12704350700005],[-9.826965203999976,52.12580470700004],[-9.824994831999959,52.126757429000065],[-9.824557211999945,52.12527990600006],[-9.82080177599994,52.12551454800007],[-9.818844338999952,52.12387017900005],[-9.819237848999933,52.12817961800005],[-9.81717544999998,52.126859112000034],[-9.817091431999927,52.129329193000046],[-9.81552533799993,52.12823034000007],[-9.810306012999945,52.129994612000075],[-9.81502201099994,52.129328186000066],[-9.812957706999953,52.132055844000035],[-9.810111099999972,52.12999196800007],[-9.805394744999944,52.13115704200004],[-9.80356765199997,52.12932006600005],[-9.802805044999957,52.130540265000036],[-9.800674306999952,52.12932283100008],[-9.799918763999926,52.13043792900004],[-9.794597463999935,52.13054785300005],[-9.789768709999976,52.13477331000007],[-9.79356069499994,52.13730586100007],[-9.798049664999951,52.13722607200003],[-9.799726934999967,52.14092508700003],[-9.798029308999958,52.14233092900008],[-9.799391241999956,52.14324966400005],[-9.796551661999956,52.144463865000034],[-9.79717872499998,52.146713196000064],[-9.79180617299994,52.15163323400003],[-9.792262148999953,52.15452026500003],[-9.794155906999947,52.15737255400006],[-9.798151977999964,52.15771830800003],[-9.799993408999967,52.16020969600004],[-9.79846532199997,52.162265466000065],[-9.801053499999966,52.15957467800007],[-9.802321665999955,52.16007893300008],[-9.800625645999958,52.16382538100004],[-9.804334599999947,52.15860894200006],[-9.813936766999973,52.15342639900007],[-9.819448655999963,52.155284434000066],[-9.818454894999945,52.159139905000075],[-9.822071760999961,52.16174423800004],[-9.821094656999946,52.159510123000075],[-9.82517459199994,52.16032129400003],[-9.82892193999993,52.15828237300008],[-9.839972109999962,52.15715322400007],[-9.864943729999936,52.15957797600004],[-9.870624901999975,52.15503585100004],[-9.882400934999964,52.15678408600007],[-9.889565613999935,52.154557812000064],[-9.889770834999979,52.15311938500008],[-9.899372763999963,52.15396710500005],[-9.919836191999934,52.14988326900004],[-9.922973097999943,52.14804020200006],[-9.952682207999942,52.146323661000054],[-9.958392969999977,52.14244178700005],[-9.959898167999938,52.143190523000044],[-9.96333216399995,52.14157409000006],[-9.974667101999955,52.14330743600004],[-9.967886945999965,52.14059593800005],[-9.961692642999935,52.13566499900003],[-9.951560839999956,52.134280612000055],[-9.951760087999958,52.12977675500008],[-9.94583283299994,52.126938765000034],[-9.945307661999948,52.11840326600003],[-9.932419676999928,52.11129291000003],[-9.936684219999961,52.10613754100007],[-9.947614438999949,52.106729503000054],[-9.957319095999935,52.11273350400006],[-9.97260750299995,52.131153432000076],[-9.986792870999977,52.143580317000044],[-10.027374726999938,52.137650102000066],[-10.03198486599996,52.138717788000065],[-10.040662680999958,52.13568359300007],[-10.05113453599995,52.137281802000075],[-10.05254068399995,52.13454801000006],[-10.057877793999978,52.13415110600005],[-10.072376728999927,52.12871038800006],[-10.081527939999944,52.12864427000005],[-10.094223055999976,52.12337055000006],[-10.109224911999945,52.12664435600004],[-10.115866358999938,52.118736633000026],[-10.119092515999967,52.118467458000055],[-10.124199909999959,52.11484557600005],[-10.13208414099995,52.11496981000005],[-10.137534209999956,52.112211313000046],[-10.14280105599994,52.11396670700003],[-10.148046818999944,52.112794274000066],[-10.141172432999952,52.11880019500006],[-10.147179395999956,52.11880978200003],[-10.149533745999975,52.12038260600008],[-10.154729514999929,52.119846617000064],[-10.154861535999942,52.121236819000046],[-10.157519141999956,52.11993472200004],[-10.158913302999963,52.121465166000064],[-10.165128529999947,52.116690824000045],[-10.175612285999932,52.11460821000003],[-10.194499099999973,52.10768106300003],[-10.199578086999963,52.10926815800008],[-10.194146393999972,52.111308749000045],[-10.196079203999943,52.11178714700003],[-10.194242474999953,52.112768534000054],[-10.200685122999971,52.11359960800007],[-10.20367387999994,52.112542175000044],[-10.201765131999935,52.11608788500007],[-10.204516742999942,52.11610440000004],[-10.20525433299997,52.12058720200008],[-10.215233113999943,52.12227709500007],[-10.211338246999958,52.131911212000034],[-10.204380069999957,52.13374015900007],[-10.202532478999956,52.13539131400006],[-10.204324123999982,52.135027913000044],[-10.203941523999958,52.13706886800003],[-10.205148080999948,52.13480488700003],[-10.209364272999949,52.13554828600007],[-10.212053195999943,52.13448126800006],[-10.217495043999975,52.13746276000006],[-10.218077863999952,52.13473183100007],[-10.223117228999968,52.134019186000046],[-10.22393367799998,52.132785203000026],[-10.221260590999975,52.13139705300006],[-10.214786389999972,52.13144569200006],[-10.214274621999948,52.12827388900007],[-10.214241001999937,52.12570513500003],[-10.221944465999968,52.12131718300003],[-10.220137387999955,52.1193],[-10.221807694999939,52.11794167900007],[-10.225135161999958,52.120098606000056],[-10.23555740699993,52.118368573000055],[-10.234394085999952,52.11939517500008],[-10.237168761999953,52.11963168400007],[-10.244105400999956,52.11867042500006],[-10.248153963999926,52.11645660700003],[-10.251386553999964,52.11838992100007],[-10.250235061999945,52.12151095400003],[-10.25272902599994,52.12249605200003],[-10.25862606499993,52.121300173000066],[-10.262377524999977,52.12403553000007],[-10.261658169999976,52.12833771800007],[-10.26724820399994,52.133235451000075],[-10.271286655999972,52.13313425000007],[-10.273615006999933,52.13481002200007],[-10.272400743999981,52.13713018800007],[-10.273969351999938,52.13748644200007],[-10.271947136999927,52.13839946400003],[-10.274786681999956,52.138863222000055],[-10.275136781999947,52.13707027500004],[-10.275139037999963,52.13878271800007],[-10.277921105999951,52.13887009700005],[-10.276855749999982,52.13639357200003],[-10.279206022999972,52.13728478500008],[-10.278991790999953,52.13927565200004],[-10.286344400999951,52.14084952300004],[-10.288342536999949,52.14284608200006],[-10.287256071999934,52.13674298900003],[-10.294960165999953,52.13430132800005],[-10.300377217999937,52.136671601000046],[-10.303592532999971,52.13307538600003],[-10.313873580999939,52.12829596800003],[-10.305477382999982,52.129352277000066],[-10.300457620999964,52.12706016700008],[-10.284246713999948,52.12626752800003],[-10.279241362999926,52.12381736900005],[-10.266991337999968,52.12356353500007],[-10.26100626899995,52.11937045900004],[-10.264443411999935,52.11444544500006],[-10.270785622999938,52.11335702500003],[-10.271707822999929,52.11473056600005],[-10.27749791499997,52.11266242200003],[-10.280979482999953,52.11435330100005],[-10.28393785299994,52.113888573000054],[-10.284784256999956,52.11170692600007],[-10.28589274799998,52.11311695300003],[-10.291742151999927,52.11051310900007],[-10.297306632999948,52.11128413000006],[-10.297965192999982,52.11313827500004],[-10.300069167999936,52.111825073000034],[-10.304682669999977,52.11523344200003],[-10.311391661999949,52.11465434200005],[-10.314239359999931,52.115715900000055],[-10.317049507999968,52.11451156000004],[-10.317274920999978,52.11564026000008],[-10.319991429999959,52.11394939200005],[-10.32433327299998,52.11430273600007],[-10.325364582999953,52.11822602800004],[-10.328636016999951,52.12023601200008],[-10.32693440099996,52.12199336400005],[-10.336836115999972,52.121085976000074],[-10.335071013999936,52.123339900000076],[-10.339489712999978,52.12620378100007],[-10.347240265999972,52.12807901800005],[-10.349542613999972,52.13037105400008],[-10.357323956999949,52.13048336600008],[-10.360963522999953,52.132455363000076],[-10.370053755999947,52.12896548200007],[-10.37888395799996,52.11948101200005],[-10.377337300999955,52.11632078400004],[-10.376712551999958,52.12060228400003],[-10.372667211999953,52.114697224000054],[-10.364706586999944,52.115929408000056],[-10.362214742999981,52.11516666800003],[-10.359867810999958,52.11095743700008],[-10.348433771999964,52.10971184300007],[-10.347776101999955,52.108654941000054],[-10.353747831999954,52.107783776000076],[-10.357420014999946,52.104745921000074],[-10.357099791999929,52.10584933300004],[-10.362959978999982,52.10648113000008],[-10.36706228199995,52.105348597000045],[-10.371915593999972,52.108522160000064],[-10.377686710999967,52.10567668400006],[-10.386132053999972,52.106087356000046],[-10.386970143999974,52.107838634000075],[-10.390141813999946,52.105836243000056],[-10.395622799999956,52.106509720000076],[-10.401345422999952,52.10305130000006],[-10.406831918999956,52.10245742500007],[-10.410170222999966,52.10402867700003],[-10.41415838599994,52.10115280400004],[-10.417806841999948,52.10172328500005],[-10.423902431999977,52.098704601000065],[-10.429877104999946,52.10100891800005],[-10.433666466999966,52.098709185000075],[-10.44132682999998,52.09896811800007],[-10.451146026999936,52.096676726000055],[-10.456063704999963,52.097399583000026],[-10.456255960999954,52.105836992000036],[-10.464016551999975,52.109849154000074],[-10.473479293999958,52.107786016000034],[-10.476307584999972,52.10863199500005],[-10.475726161999944,52.10974554000006],[-10.480013894999956,52.108487995000075],[-10.475542558999962,52.11267851400004],[-10.468514012999947,52.11308358600007],[-10.466274059999932,52.114551480000046],[-10.465362217999939,52.11372488100005],[-10.458883595999964,52.122913752000045],[-10.461352318999957,52.125421936000066],[-10.463465379999946,52.12405529000006],[-10.461565789999952,52.12718698900005],[-10.463558535999937,52.12673722200003],[-10.46453112599994,52.129718396000044],[-10.466032823999967,52.12906183500007],[-10.46512024599997,52.13123880400008],[-10.46772319799993,52.13073209600003],[-10.467917721999981,52.132798036000054],[-10.470014182999932,52.132047872000044],[-10.465872382999976,52.14434712100007],[-10.468916294999929,52.144159],[-10.472400257999936,52.14779032100006],[-10.47866593599997,52.14948824600003],[-10.47673197499995,52.15200786200006],[-10.469374025999969,52.152720532000046],[-10.467383678999965,52.15121632800003],[-10.464661973999966,52.15425971900004],[-10.46153770199993,52.154549118000034],[-10.46045877399996,52.15659222200003],[-10.46474612399993,52.15591948500003],[-10.463429523999935,52.15793939900004],[-10.465384908999965,52.157768643000054],[-10.459707544999958,52.16117866800005],[-10.46211201999995,52.162324503000036],[-10.454249119999929,52.16454924700008],[-10.449759816999972,52.16841809200008],[-10.452030087999958,52.168895744000054],[-10.449184467999942,52.17231918300007],[-10.442665897999973,52.17150541600006],[-10.439833397999962,52.172845978000055],[-10.445648738999978,52.17637844700005],[-10.459912649999978,52.17232640700007],[-10.453929762999962,52.17536927700007],[-10.45661126999994,52.17568032600008],[-10.45359235899997,52.17703367100006],[-10.456987091999963,52.17630001400005],[-10.454462833999969,52.17863646100005],[-10.459991621999961,52.17967518300003],[-10.471787980999977,52.17749859400004],[-10.470541371999957,52.17939829000005],[-10.472564903999967,52.18070461800005],[-10.448337309999943,52.19229323700006],[-10.437357949999978,52.19243220900006],[-10.431869277999965,52.19552125000007],[-10.434197389999952,52.19602270400003],[-10.432704509999951,52.19897038400006],[-10.425669868999933,52.20092757300006],[-10.422235453999974,52.20372277900003],[-10.419603249999966,52.20294985600003],[-10.416554409999947,52.20445897800005],[-10.414555531999952,52.20337213800008],[-10.410355190999951,52.208332976000065],[-10.40708946899997,52.20891582000007],[-10.403868890999945,52.20394755800004],[-10.414591616999928,52.19503032700004],[-10.415108180999937,52.19091637400004],[-10.41043915399996,52.188297601000045],[-10.414478673999952,52.18624323800003],[-10.415093872999933,52.18370578000008],[-10.409293643999945,52.18097321700003],[-10.39898865899994,52.179098166000074],[-10.389260665999927,52.178761757000075],[-10.386461768999936,52.18124896300003],[-10.386320671999954,52.179111814000066],[-10.381442866999976,52.177516608000076],[-10.38043831999994,52.17462363100003],[-10.371740088999957,52.17159449900004],[-10.373966828999926,52.17306915700004],[-10.367307435999976,52.17843360900008],[-10.36438352099998,52.18455415500006],[-10.378654494999978,52.19085059100007],[-10.379681958999981,52.19448591100007],[-10.377764308999929,52.197020371000065],[-10.379426131999935,52.19747117000003],[-10.356486485999937,52.211386523000044],[-10.35562334499997,52.21377530700005],[-10.357884704999947,52.21635970700004],[-10.357453150999959,52.21808623600003],[-10.353588583999965,52.21647596300005],[-10.35684506299998,52.21861611600008],[-10.35824430699995,52.21785240200006],[-10.358108326999968,52.21673672400004],[-10.373867720999954,52.216501805000064],[-10.372759603999953,52.22491668100008],[-10.368850872999928,52.22623414000003],[-10.363494,52.233841461000054],[-10.357170037999936,52.236671321000074],[-10.354358609999963,52.23301163300005],[-10.351394555999946,52.23486627600005],[-10.346141159999945,52.23234943800003],[-10.343424267999978,52.23786970100008],[-10.33943682599994,52.23851885700003],[-10.337810096999931,52.23530683100006],[-10.33318657999996,52.236146947000066],[-10.332066941999926,52.23421235100005],[-10.328819246999956,52.23660061900006],[-10.327498297999966,52.23573148600008],[-10.320127703999958,52.237973718000035],[-10.314855807999948,52.24131351400007],[-10.315421129999947,52.23973128800003],[-10.313709125999935,52.24030093600004],[-10.310710392999965,52.23701145600006],[-10.311267121999947,52.24089075900008],[-10.307175108999957,52.24080201400005],[-10.305912787999944,52.23919545900003],[-10.303836709999928,52.24456094300007],[-10.293713963999949,52.25141299300003],[-10.294873050999968,52.255545314000074],[-10.296699476999947,52.25574185900007],[-10.294515584999942,52.25591256400003],[-10.293699484999934,52.25800542500008],[-10.287995897999963,52.25819575500003],[-10.286987618999945,52.25963494300004],[-10.280330397999933,52.257433466000066],[-10.270443144999945,52.25910169700006],[-10.267128240999966,52.26034621800005],[-10.26830063999995,52.262114215000054],[-10.263219628999934,52.26620805700003],[-10.261556128999928,52.270435460000044],[-10.260089267999945,52.26938581700006],[-10.252561485999934,52.273655219000034],[-10.247372047999932,52.27336853400004],[-10.249104791999969,52.27414968000005],[-10.245155348999958,52.27420611000008],[-10.243173273999957,52.27592007100003],[-10.241826161999938,52.274713115000054],[-10.237289505999968,52.27493868900007],[-10.227663390999965,52.277315239000075],[-10.22742853099993,52.276328127000056],[-10.220309734999944,52.27597295900006],[-10.215755831999957,52.27200005900005],[-10.210171337999952,52.27266294200007],[-10.208040713999935,52.27436097000003],[-10.209985709999955,52.281380228000046],[-10.176613737999958,52.29155582900006],[-10.177103986999953,52.29044356900005],[-10.171453336999946,52.29064203200005],[-10.168381598999929,52.28873218600006],[-10.165656613999943,52.28959606900003],[-10.156901725999944,52.287878171000045],[-10.16008895899995,52.27879709200005],[-10.155645507999964,52.27689767600003],[-10.155639599999972,52.27528305300007],[-10.162621084999955,52.26422674100007],[-10.160982055999966,52.26542296800005],[-10.146348198999931,52.261694282000065],[-10.160193764999974,52.25141495400004],[-10.16022355299998,52.24689640500003],[-10.179981899999973,52.23714321400007],[-10.182801194999968,52.23148739900006],[-10.181509136999978,52.230232037000064],[-10.17695165899994,52.22986010400007],[-10.17106941399993,52.23607614000008],[-10.150319586999956,52.23881827800005],[-10.144554520999975,52.238199371000064],[-10.140784161999932,52.234520459000066],[-10.141173635999962,52.23638284700007],[-10.13993689299997,52.23569531900006],[-10.137370655999973,52.238576013000056],[-10.130397580999954,52.24063552300004],[-10.138186818999941,52.24353269300008],[-10.144535602999952,52.243077878000065],[-10.140770905999943,52.24619245800005],[-10.135687300999962,52.24373135700006],[-10.111860944999933,52.24401621700008],[-10.10243085199994,52.24452539500004],[-10.083802032999927,52.249199195000074],[-10.050356410999939,52.26728398900008],[-10.039096837999978,52.27589399800007],[-10.033865240999944,52.28311463300008],[-10.034335186999954,52.295941087000074],[-10.041401734999965,52.30318988700003],[-10.045132942999942,52.30445289100004],[-10.050587401999962,52.30265118400007],[-10.053074426999956,52.30610502500008],[-10.058125546999975,52.30692321300006],[-10.057452282999975,52.309542675000046],[-10.047496575999958,52.30925055400007],[-10.043647775999943,52.311157481000066],[-10.038532016999966,52.30906487100003],[-10.033112379999977,52.31174921100006],[-10.035148940999932,52.306475153000065],[-10.026314644999957,52.30439202500003],[-10.016551852999953,52.30769421700006],[-10.015790441999968,52.309828279000044],[-10.019587780999927,52.31222205100005],[-10.016592084999957,52.31300140500008],[-10.017301761999931,52.31497461300006],[-10.013983867999968,52.31541729200006],[-10.010295503999942,52.31433184300005],[-10.009726195999974,52.31184669500004],[-10.00542682899993,52.30984599400006],[-10.011990262999973,52.30745553500003],[-10.018376456999931,52.301572976000045],[-10.01845134399997,52.29255658800008],[-10.013908997999977,52.28472637300007],[-10.015925817999971,52.28210132700008],[-10.025056888999927,52.28039104800007],[-10.025485097999933,52.27138534800008],[-10.012169890999928,52.25956483500005],[-9.994690594999952,52.24905372000006],[-10.003268222999964,52.254103101000055],[-10.005642833999957,52.25382831200005],[-10.005227137999952,52.25262522700007],[-9.99722603999993,52.24905239900005],[-9.978904081999929,52.245778647000066],[-9.975129290999973,52.242912010000055],[-9.973704597999927,52.238871980000056],[-9.958093781999935,52.23498814100003],[-9.955028882999954,52.23188408000004],[-9.934162913999955,52.23154595500006],[-9.923548555999957,52.23438925100004],[-9.911123336999935,52.228858667000054],[-9.901620469999955,52.22890718600007],[-9.869912247999935,52.23582201900007],[-9.861252236999974,52.236289742000054],[-9.84911148599997,52.24351833500003],[-9.837346163999939,52.257616589000065],[-9.819428466999966,52.26045212500003],[-9.811033820999967,52.259807255000055],[-9.818273714999975,52.25870571400003],[-9.815223591999938,52.25729705600003],[-9.818032570999947,52.25757445900007],[-9.81891984799995,52.255150385000036],[-9.826292058999968,52.255242003000035],[-9.839140049999969,52.249475403000076],[-9.837149201999978,52.24732226800006],[-9.826995517999933,52.24585510800006],[-9.82715634699997,52.24286908300007],[-9.815886704999969,52.24453587800008],[-9.80526165799995,52.24400398600005],[-9.799874139999929,52.24787613700005],[-9.782707226999946,52.252752944000065],[-9.76321420599993,52.24753267800003],[-9.762985585999957,52.25121327800008],[-9.754923689999941,52.25138007100003],[-9.754189149999945,52.25266866100003],[-9.753308408999942,52.25046414600007],[-9.748060886999951,52.24742706200004],[-9.752939825999931,52.25113187900007],[-9.753402879999953,52.25480338300008],[-9.747103859999982,52.25663070100006],[-9.740370863999942,52.25539489500005],[-9.741097048999961,52.25626332500008],[-9.735638589999951,52.25798050900005],[-9.746593343999962,52.259171749000075],[-9.753461602999948,52.26151837200007],[-9.749499273999959,52.26193742500004],[-9.753262322999944,52.26794830400007],[-9.76638184099994,52.26960175200003],[-9.776715725999964,52.275290649000056],[-9.793641528999956,52.27167464000007],[-9.805233683999973,52.27191433100006],[-9.81671221399995,52.273130679000076],[-9.825468014999956,52.27692581400004],[-9.835202718999938,52.27571567000007],[-9.850379128999975,52.280423195000026],[-9.86451985399998,52.27499923900007],[-9.863525295999978,52.270266538000044],[-9.859179831999938,52.27053065800004],[-9.863432559999978,52.26899360500005],[-9.865236030999938,52.27544433500003],[-9.86853530899998,52.276126145000035],[-9.875421757999959,52.274378729000034],[-9.876274844999955,52.27894521500008],[-9.873720456999934,52.28062176900005],[-9.87410357799996,52.28390910200005],[-9.877521502999969,52.286497018000034],[-9.881468688999973,52.28679490300004],[-9.881734232999975,52.29214714300008],[-9.889589748999981,52.29652560300008],[-9.885183927999947,52.30201743200007],[-9.882445867999934,52.302524419000065],[-9.881204521999962,52.30121907000006],[-9.877032154999938,52.30315082200008],[-9.874792783999965,52.30144990700006],[-9.87644432299993,52.29980558400007],[-9.870774480999955,52.29557340900004],[-9.865523290999931,52.29584971100007],[-9.862182693999955,52.29329822100004],[-9.869637259999934,52.287358389000076],[-9.877116270999977,52.286642021000034],[-9.872709680999947,52.28268480100007],[-9.873572138999975,52.27965829000004],[-9.860945718999972,52.28383475700008],[-9.859611133999977,52.289314269000045],[-9.837358145999929,52.29171432800007],[-9.83402209899998,52.298692937000055],[-9.828352004999942,52.301565449000066],[-9.836044528999935,52.30164873200005],[-9.842161450999981,52.29969256700008],[-9.848554920999959,52.30038931300004],[-9.864310794999938,52.29742304100006],[-9.869469378999952,52.30231212800004],[-9.863847788999976,52.303332881000074],[-9.849710899999934,52.31109712400007],[-9.849777378999931,52.31414198400006],[-9.835646728999961,52.33711892000008],[-9.834748204999926,52.345918168000026],[-9.83724129799998,52.36013308300005],[-9.831736430999968,52.37640741200005],[-9.833960064999928,52.384754523000026],[-9.837844717999928,52.38953745100008],[-9.851372535999928,52.39089180000008],[-9.85434123899995,52.39233401900003],[-9.870058023999945,52.39151120300005],[-9.883695734999947,52.394721781000044],[-9.893749921999927,52.394477806000054],[-9.90195119699996,52.39692729300003],[-9.91107183899993,52.39744355600004],[-9.914160710999965,52.396026789000075],[-9.91952639799996,52.40010890800005],[-9.927769533999935,52.40190146300006],[-9.931592630999944,52.40136837800003],[-9.934753727999976,52.40361166100007],[-9.940829568999959,52.404210943000066],[-9.947767605999957,52.409821488000034],[-9.948028104999935,52.41227701300005],[-9.945280776999937,52.41186664600008],[-9.942129774999955,52.416444940000076],[-9.945714313999929,52.42045328900008],[-9.943578529999968,52.41949772100003],[-9.942055107999977,52.42282962300004],[-9.936689426999976,52.42312106400004],[-9.934153811999977,52.42578686200005],[-9.932280065999976,52.425217942000074],[-9.933137087999967,52.42780190700006],[-9.928286887999946,52.42529536400008],[-9.927928540999972,52.42738658700006],[-9.92498832299998,52.427269902000035],[-9.923665787999937,52.429403570000034],[-9.918444879999981,52.43017431000004],[-9.919332002999965,52.43113266700004],[-9.90851558299994,52.43057195800003],[-9.907261232999929,52.433817730000044],[-9.906401624999944,52.43228308400006],[-9.901627290999954,52.43132226600005],[-9.900704417999975,52.432597025000064],[-9.901002866999931,52.43110623900003],[-9.898901472999967,52.43283880000007],[-9.893772388999935,52.43049289100003],[-9.89310209699994,52.43254624600007],[-9.887522382999975,52.432375154000056],[-9.882364977999941,52.428413799000054],[-9.87985655999995,52.43121192700005],[-9.874561817999961,52.431697134000046],[-9.866369713999973,52.42694223600006],[-9.863754534999941,52.42621528500007],[-9.862887107999939,52.42748283700007],[-9.860904368999968,52.42620054100007],[-9.859664447999933,52.428680489000044],[-9.847302898999942,52.43038017900005],[-9.847456278999971,52.432463934000054],[-9.841880731999936,52.43245015000008],[-9.841427520999957,52.43397012600008],[-9.833422324999958,52.43288625500003],[-9.833984450999935,52.43378671500005],[-9.830344725999964,52.43306883900004],[-9.827228898999977,52.43463448000006],[-9.826648262999981,52.43348361200003],[-9.824123027999974,52.43476208900006],[-9.826180388999944,52.437335578000045],[-9.824150601999975,52.43580070400003],[-9.823614693999957,52.437234954000076],[-9.821047065999949,52.43603777700008],[-9.813080815999967,52.438253426000074],[-9.813998101999971,52.438967466000065],[-9.811719060999962,52.43840649100008],[-9.810526391999929,52.44092183400005],[-9.806482710999944,52.44171006100004],[-9.805075804999944,52.44056358600005],[-9.80471330499995,52.44169543400005],[-9.802270979999946,52.44060555600004],[-9.797914581999976,52.44251019500007],[-9.79635824899998,52.445999079000046],[-9.793631493999953,52.444225266000046],[-9.790475648999973,52.44698398300005],[-9.782413908999956,52.44565363500004],[-9.781756490999953,52.448536586000046],[-9.778996006999932,52.44905426500003],[-9.78001173299998,52.45010501400003],[-9.768497877999948,52.44904582800007],[-9.763985686999945,52.453367839000066],[-9.758472523999956,52.45363509900005],[-9.758072456999969,52.45626064800007],[-9.752851260999932,52.45756997800004],[-9.751635305999969,52.456592200000046],[-9.747203069999955,52.461860724000076],[-9.748976660999972,52.46281565000004],[-9.748030496999945,52.46494885900006],[-9.744295405999935,52.466127190000066],[-9.744862391999959,52.46891922000003],[-9.740939177999962,52.468226463000065],[-9.740427241999953,52.470440788000076],[-9.737134452999953,52.47029492100006],[-9.737272875999963,52.47160628100005],[-9.73143282899997,52.47096983700004],[-9.731701420999968,52.473509817000036],[-9.72625445999995,52.47589698000007],[-9.71743358499998,52.47637754900006],[-9.71019836499994,52.48137967300005],[-9.696645384999954,52.479518066000026],[-9.693988385999944,52.48026634400003],[-9.689378469999951,52.48281131300007],[-9.684138730999962,52.48998899400004],[-9.68012708699996,52.499182458000064],[-9.681785392999927,52.50951073200008],[-9.675503846999959,52.51406018200004],[-9.680428843999948,52.51674141700005],[-9.68005115099993,52.51824727400003],[-9.677419346999955,52.51741854900007],[-9.675578750999932,52.51956439400004],[-9.681011929999954,52.52300664200004],[-9.684247892999963,52.52254945300007],[-9.681816956999967,52.52509871600006],[-9.673693544999935,52.52646817800007],[-9.674117056999933,52.52809356800003],[-9.682168950999937,52.52791743800003],[-9.677687645999981,52.528805273000046],[-9.682035175999943,52.53010307100004],[-9.677471298999933,52.53160012400008],[-9.671902123999928,52.53061887100006],[-9.67036348299996,52.53365691000005],[-9.67333399699993,52.53424063500006],[-9.67094405399996,52.53569129200008],[-9.672837442999935,52.536733291000075],[-9.669794248999949,52.53681184700008],[-9.670400915999949,52.53869627500006],[-9.668060824999941,52.53901495500003],[-9.668915939999977,52.54122915100004],[-9.680538169999977,52.54518858900008],[-9.678307036999968,52.545456321000074],[-9.678874593999979,52.54817798800008],[-9.676056338999956,52.55000821600004],[-9.661434764999967,52.55648313700004],[-9.661696448999976,52.558896581000056],[-9.664632788999938,52.55927382200008],[-9.662368995999941,52.56000547300005],[-9.66431834399998,52.56042397700003],[-9.662837317999958,52.56223515100004],[-9.696307327999932,52.583397793000074],[-9.71149748099998,52.57956926500003],[-9.718272361999936,52.58194451400004],[-9.721056905999944,52.58564984600008],[-9.726057060999949,52.585734898000055],[-9.727749167999946,52.58319153900004],[-9.731035605999978,52.586182516000065],[-9.737013644999934,52.587322002000064],[-9.745018353999967,52.58522496300003],[-9.745492309999975,52.58190969900005],[-9.742321507999975,52.58029231900008],[-9.75612463799996,52.57746374100003],[-9.771331922999934,52.57221550100007],[-9.78248668699996,52.57053498100004],[-9.78562683399997,52.571258458000045],[-9.806384789999981,52.56544675600003],[-9.817303611999932,52.565524012000026],[-9.820193334999942,52.56847961900007],[-9.825271606999934,52.56878766700004],[-9.826523444999964,52.570184649000055],[-9.832313563999946,52.569750499000065],[-9.836737769999957,52.57208740300007],[-9.846495828999934,52.571783165000056],[-9.861757859999955,52.57041932700008],[-9.861138551999943,52.56609041200005],[-9.867962699999964,52.56141392400008],[-9.87312004599994,52.56058511700007],[-9.876408645999959,52.55823383400008],[-9.877736894999941,52.55912610000007],[-9.87905779099998,52.55753735300004],[-9.884895233999941,52.55788401700005],[-9.891553539999961,52.55453555300005],[-9.893116831999976,52.55513535800003],[-9.889384203999953,52.55591141200006],[-9.890412706999939,52.55762138600005],[-9.898454140999945,52.55780471700007],[-9.902629497999953,52.556376270000044],[-9.908953572999962,52.55811145600006],[-9.923131198999954,52.55678022500007],[-9.923591407999936,52.55795656600003],[-9.92904064299995,52.556209909000074],[-9.938657337999928,52.559609282000054],[-9.920692869999925,52.564866245000076],[-9.922080609999966,52.56666167800006],[-9.915349482999943,52.56950357000005],[-9.91287869699994,52.57606246300003],[-9.902141954999934,52.57777463200006],[-9.896790004999957,52.58119680400006],[-9.882176357999981,52.57945499900006],[-9.878496276999954,52.58214009400007],[-9.881056522999927,52.58348828800007],[-9.87157439699996,52.58432048900005],[-9.870342211999969,52.58793740200008],[-9.87954005399996,52.588560322000035],[-9.876689793999958,52.58994233100003],[-9.879480841999964,52.59013618600005],[-9.874443231999976,52.59222624200004],[-9.869947018999937,52.592423386000064],[-9.869749599999977,52.59067468200004],[-9.867433160999951,52.59040079400006],[-9.866323976999979,52.59295611300007],[-9.862264755999945,52.59249343300007],[-9.860504928999944,52.593692083000064],[-9.862104848999934,52.59223479100007],[-9.859727480999936,52.59252012600007],[-9.859719472999927,52.59102610300005],[-9.85703263299996,52.59530490800006],[-9.853694233999931,52.59441776600005],[-9.85341798899998,52.59589816000005],[-9.838026626999977,52.59736471400004],[-9.836705585999937,52.59614666200008],[-9.833438436999927,52.59848370800006],[-9.835279182999955,52.59794755900003],[-9.835769400999936,52.59909510800003],[-9.829823358999931,52.600098133000074],[-9.828177129999972,52.597734270000046],[-9.826677826999969,52.599786401000074],[-9.819085333999965,52.600236695000035],[-9.81471946299996,52.60138759000006],[-9.814333313999953,52.60331725700007],[-9.807105599999943,52.60436329600003],[-9.805291568999962,52.60602098100003],[-9.809259752999935,52.606568019000065],[-9.802875220999965,52.60989658300008],[-9.807095975999971,52.610271563000026],[-9.803582305999953,52.611199284000065],[-9.806707908999954,52.61194707800007],[-9.804610673999946,52.61308442300003],[-9.806097127999976,52.61557902000004],[-9.802887175999956,52.618132582000044],[-9.799755815999958,52.61701889400007],[-9.799814582999943,52.61853528800003],[-9.797666791999973,52.61838555300005],[-9.799719878999952,52.618873687000075],[-9.792765119999956,52.61959909700005],[-9.793585943999972,52.62177303700008],[-9.797082762999935,52.621328506000054],[-9.79527530799993,52.62266396100006],[-9.798147868999934,52.62237960900006],[-9.793168907999927,52.62515938300004],[-9.787305799999956,52.62592639800005],[-9.786215532999961,52.62777230300003],[-9.784180753999976,52.62789502900006],[-9.784767515999931,52.62648625200006],[-9.781914736999965,52.630760474000056],[-9.77943316699998,52.63128474100006],[-9.780051172999947,52.62840911100005],[-9.779012788999978,52.63101668000007],[-9.773450583999931,52.633976130000065],[-9.767981990999942,52.63371214800003],[-9.752888071999962,52.63958141900008],[-9.74550340899998,52.63951302700008],[-9.746148004999952,52.640860341000064],[-9.741928697999981,52.64166456300006],[-9.742692567999939,52.64348182600003],[-9.739393398999937,52.64412833000006],[-9.735180558999957,52.64271102100008],[-9.738691439999968,52.64428858100007],[-9.738519960999952,52.64586475400006],[-9.724073034999947,52.65177666200003],[-9.721585384999969,52.65541144100007],[-9.723359614999936,52.65788648900008],[-9.720950768999955,52.658331340000075],[-9.720119163999925,52.65672420200008],[-9.719645061999927,52.658554439000056],[-9.71753358799998,52.65690564400006],[-9.717633908999971,52.65795252700008],[-9.708763863999934,52.65978572400007],[-9.707364648999942,52.658923550000054],[-9.703835240999979,52.66126948700003],[-9.705504495999946,52.66193731100003],[-9.697892015999969,52.663817160000065],[-9.696640613999932,52.66550502600006],[-9.699051786999974,52.66669243300004],[-9.69279711799993,52.66799354300008],[-9.696793250999974,52.671053699000026],[-9.689274594999972,52.67408113000005],[-9.68527770199995,52.67248013900007],[-9.683584379999957,52.67489204900005],[-9.679992744999936,52.67556250500007],[-9.68126258899997,52.676115233000075],[-9.674367779999955,52.67769327000008],[-9.677454817999944,52.679203597000026],[-9.676363391999928,52.680871436000075],[-9.673160724999946,52.680204393000054],[-9.665995520999957,52.68241865600004],[-9.655533497999954,52.68143929400003],[-9.655715045999955,52.67914182900006],[-9.652847666999946,52.678301300000044],[-9.648854932999939,52.67977732300005],[-9.64692707699993,52.68283818700007],[-9.651791686999957,52.684454335000055],[-9.652561206999962,52.69177088600003],[-9.657675865999977,52.69106603200004],[-9.66010205699996,52.692311233000055],[-9.649433267999939,52.696774867000045],[-9.650853729999938,52.697947560000046],[-9.656430328999932,52.69703376400008],[-9.646133220999957,52.70465128200004],[-9.65072741399996,52.70522257500005],[-9.632910925999965,52.712742545000026],[-9.626637867999932,52.71219161100004],[-9.616250884999943,52.71567682500006],[-9.622080057999938,52.71848696100005],[-9.61960658399994,52.72118407900007],[-9.62872116099993,52.722968139000045],[-9.634797077999963,52.72883512000004],[-9.623689021999951,52.72558207000003],[-9.62183444599998,52.72653709600007],[-9.62263807499994,52.72904091300006],[-9.628746578999937,52.73230479600005],[-9.608062577999931,52.73319581900006],[-9.609202151999966,52.73542184200005],[-9.606196127999965,52.73927290300003],[-9.606509695999932,52.74150364500008],[-9.608762683999942,52.74204202900006],[-9.606477942999959,52.74286354000003],[-9.608282049999957,52.74290715700005],[-9.607043472999976,52.74424200100003],[-9.591852888999938,52.744935723000026],[-9.59365104899996,52.74596040800003],[-9.592388678999953,52.747594821000064],[-9.569315802999938,52.75208144000004],[-9.562913654999932,52.75131802300007],[-9.556521419999967,52.75248060100006],[-9.55326013299998,52.750777149000044],[-9.547944408999967,52.75204162700004],[-9.550924607999946,52.748160315000064],[-9.548961193999958,52.746384575000036],[-9.541623701999981,52.74613935200006],[-9.540626971999927,52.74197700500008],[-9.53644191899997,52.74028477000007],[-9.539993334999963,52.73710773500005],[-9.533779022999965,52.73565345500003],[-9.527217724999957,52.73690050700003],[-9.525098724999964,52.73873144300006],[-9.52523309999998,52.74115567300004],[-9.529352758999948,52.74348992300003],[-9.528777416999958,52.74575386300006],[-9.530386600999975,52.745521334000045],[-9.527087932999962,52.74637524800005],[-9.522051425999962,52.74541562700006],[-9.515568339999959,52.746326658000044],[-9.510504339999954,52.74533957400007],[-9.498434634999967,52.75007756300005],[-9.493470027999933,52.757291828000064],[-9.49359691799998,52.76494690700008],[-9.49759553499996,52.767507056000056],[-9.500771217999954,52.76730362300003],[-9.499340029999928,52.76878538500006],[-9.505920787999969,52.76947921500005],[-9.487862782999969,52.77301003100007],[-9.48280095299998,52.774603263000074],[-9.481874533999928,52.776707034000026],[-9.482556315999943,52.781461095000054],[-9.484577783999953,52.784210216000076],[-9.488287598999932,52.78532195000008],[-9.488900734999959,52.78982663600004],[-9.492585934999966,52.78925080500005],[-9.486109815999953,52.79068266300004],[-9.485349243999963,52.793402720000074],[-9.488506170999926,52.80384071200007],[-9.49295905799994,52.80885948100007],[-9.488550912999926,52.810250918000065],[-9.489180484999963,52.80837650900003],[-9.48421246099997,52.807697321000035],[-9.473842848999936,52.80985106500003],[-9.456578905999947,52.81703424600005],[-9.455110699999977,52.821162395000044],[-9.45774442399994,52.823506294000026],[-9.452080431999946,52.826126258000045],[-9.452611673999968,52.827518034000036],[-9.45740243299997,52.828095510000026],[-9.45464997099998,52.83372116800007],[-9.44249680699994,52.83201546000004],[-9.435236024999938,52.83270335100008],[-9.432725309999967,52.83600560000008],[-9.434192200999973,52.84418528400005],[-9.440323174999946,52.844713424000076],[-9.44104765399993,52.846519157000046],[-9.452374600999974,52.84935105000005],[-9.442545090999943,52.85168033100007],[-9.44070917099998,52.85633352500008],[-9.437942835999934,52.85646624000003],[-9.43798808899993,52.85524462200004],[-9.430530224999927,52.85912175000004],[-9.43404561799997,52.86137226200003],[-9.43113920099995,52.862721015000034],[-9.431828605999954,52.864431127000046],[-9.427024117999963,52.86631439800004],[-9.428568982999934,52.86845301200003],[-9.43503659399994,52.86652855900007],[-9.442662044999963,52.86632029100008],[-9.436436718999971,52.87154755000006],[-9.43797912599996,52.876591477000034],[-9.433409471999937,52.87871224200006],[-9.433065750999958,52.88323076700004],[-9.428439021999964,52.88400838500007],[-9.425146526999981,52.887412518000076],[-9.423113627999953,52.88715485900008],[-9.423599736999961,52.88846895700004],[-9.417913307999981,52.88952070800008],[-9.414922024999953,52.89179549200003],[-9.403463217999956,52.89262152500004],[-9.402925492999941,52.89381234400008],[-9.399109374999966,52.89353194600005],[-9.39974402699994,52.89461369300005],[-9.389590870999939,52.89704008700005],[-9.38368711499993,52.90325740600008],[-9.374637013999973,52.90794514400005],[-9.37026813999995,52.90848322700003],[-9.370782368999926,52.91042656600007],[-9.36789671899993,52.91190483200006],[-9.36908823899995,52.91443811500005],[-9.360242374999928,52.91506627500007],[-9.351438798999936,52.918168094000066],[-9.351268618999939,52.92470132500006],[-9.346597646999953,52.93113969400008],[-9.360546369999952,52.94376323800003],[-9.372593988999938,52.94351394300003],[-9.379507688999979,52.94057344200007],[-9.385633911999946,52.94013681600006],[-9.38641378899996,52.93766116000006],[-9.400455957999952,52.93252262900006],[-9.423900216999925,52.93191903500008],[-9.427849289999926,52.93722874800005],[-9.432707362999963,52.936358562000066],[-9.436897822999981,52.93730497100006],[-9.455120094999927,52.93337713500006],[-9.460755985999981,52.93408373600005],[-9.46178223499993,52.93134019200005],[-9.466961971999979,52.930303801000036],[-9.47536949099998,52.932036881000045],[-9.47580864899993,52.933600041000034],[-9.469871496999929,52.93779875600006],[-9.47637887299993,52.94115971900004],[-9.471226676999947,52.94477432700006],[-9.466598051999938,52.944840973000055],[-9.471760983999957,52.94846304300006],[-9.46287982399997,52.949625393000076],[-9.454540170999962,52.95272732800004],[-9.449907848999942,52.955593313000065],[-9.449273136999977,52.958167701000036],[-9.438119455999981,52.96214895900005],[-9.438367466999978,52.96437089900007],[-9.432060483999976,52.96635301500004],[-9.428496666999933,52.970266554000034],[-9.432724229999963,52.97325484500004],[-9.42681153899997,52.97644343600007],[-9.427064943999937,52.980652692000035],[-9.430499410999971,52.98036530400003],[-9.42813795799998,52.98320172500007],[-9.430144224999935,52.98525812300005],[-9.417848160999938,52.989392888000054],[-9.41749679399993,52.99345789300003],[-9.412719189999962,52.99624371700003],[-9.411860127999944,52.99891560800006],[-9.40781156099996,52.99880808300003],[-9.407968598999958,53.000290104000044],[-9.392098457999964,53.008052950000035],[-9.40560506199995,53.01416362300006],[-9.403741225999966,53.016542177000076],[-9.408813935999945,53.01890202800007],[-9.402840545999936,53.02370486700005],[-9.395455208999977,53.02553357900007],[-9.394037898999954,53.03056467700003],[-9.386910747999934,53.03532067000003],[-9.382934194999962,53.04276911800008],[-9.375491279999949,53.04426018700008],[-9.364185032999956,53.051307189000056],[-9.366645730999949,53.056358243000034],[-9.363699032999932,53.05898888100006],[-9.364701109999942,53.06317276800007],[-9.357715162999966,53.07320558400005],[-9.327980821999972,53.08627424300005],[-9.317444872999943,53.087537686000076],[-9.310493931999929,53.092396052000026],[-9.309792307999942,53.09890111800007],[-9.30081582899993,53.10382481400006],[-9.300501330999964,53.10664086400004],[-9.29300676899993,53.112001031000034],[-9.288307978999967,53.11881955100006],[-9.291773331999934,53.12562799500006],[-9.290074201999971,53.12818392600008],[-9.292127663999963,53.13259730800007],[-9.282455292999941,53.144557715000076],[-9.275009582999928,53.146813750000035],[-9.263691403999928,53.15428031000005],[-9.254176682999969,53.150646607000056],[-9.239884956999958,53.14883170300004],[-9.220235162999927,53.139472201000046],[-9.203199923999932,53.13835314100004],[-9.188982645999943,53.13513890300004],[-9.176866537999956,53.136554954000076],[-9.170169193999925,53.13547304400004],[-9.16608529499996,53.13287984600004],[-9.17130911299995,53.13529451900007],[-9.17956341799993,53.135871414000064],[-9.186899116999939,53.13464670400003],[-9.18323630599997,53.13358581400007],[-9.17908934999997,53.12822143900007],[-9.166927391999934,53.123063683000055],[-9.16369951799993,53.122138034000045],[-9.16282358199993,53.12309517300008],[-9.15902885099996,53.12034543500005],[-9.156828709999957,53.12133898800005],[-9.153954485999975,53.11974392400003],[-9.152686651999943,53.12045251700005],[-9.15153249499997,53.11725904900004],[-9.14823327199997,53.12231568400006],[-9.145827872999973,53.11961917800005],[-9.141936052999938,53.12023309400007],[-9.142927486999952,53.121450967000044],[-9.141883284999949,53.120250560000045],[-9.139077528999962,53.12065080800005],[-9.133017105999954,53.12490108700007],[-9.13397036899994,53.12758790500004],[-9.129572160999942,53.12665952300006],[-9.129381595999973,53.12997106000006],[-9.127672927999981,53.129285380000056],[-9.125449971999956,53.13098084200004],[-9.132736991999934,53.130561396000076],[-9.126505237999936,53.13119801000005],[-9.120680775999972,53.13687661500006],[-9.108959051999932,53.14060673800003],[-9.109506102999944,53.139634915000045],[-9.104068436999967,53.138703820000046],[-9.100594243999979,53.14022198300006],[-9.103183117999947,53.14149482600004],[-9.094194408999954,53.143794316000026],[-9.096943927999973,53.14062214900008],[-9.10227052099998,53.13842415200003],[-9.088101811999934,53.13811212300004],[-9.083619038999927,53.13114628400007],[-9.077764607999939,53.128287399000044],[-9.078070934999971,53.12687137200004],[-9.074371896999935,53.12670196600004],[-9.075515566999968,53.12349498300006],[-9.071605057999932,53.12199625100004],[-9.070912772999975,53.125019949000034],[-9.072547156999974,53.127687921000074],[-9.075644739999973,53.12789170600007],[-9.073614688999953,53.12909441000005],[-9.076083362999952,53.13076154100003],[-9.075968263999926,53.13368338400005],[-9.072612827999933,53.13614354300006],[-9.076768792999928,53.13819940900004],[-9.073966815999938,53.139194287000066],[-9.081557885999928,53.13987751600007],[-9.080369593999933,53.14153089300004],[-9.08317778299994,53.14149804700003],[-9.089405132999957,53.14758384500004],[-9.094943943999965,53.14748311100004],[-9.100724874999969,53.143516197000054],[-9.10525845099994,53.14332765000006],[-9.106282465999925,53.14699434400006],[-9.109611178999955,53.14916030900008],[-9.117453601999955,53.14903765200006],[-9.122167296999976,53.14450073000006],[-9.126484196999968,53.14900344000006],[-9.13728251799995,53.14971605300008],[-9.130917556999975,53.15148827100006],[-9.122459246999938,53.15096637100004],[-9.11390117999997,53.15755403300005],[-9.095147374999954,53.15931343800003],[-9.087741709999932,53.15686507400005],[-9.08454353899998,53.15756862100005],[-9.079901018999976,53.15599481700008],[-9.072395262999976,53.15586740900005],[-9.066298680999978,53.15760711900003],[-9.06059831999994,53.15641914400004],[-9.061155895999946,53.15768342100006],[-9.052745475999927,53.15842485300004],[-9.053642410999942,53.15709270100007],[-9.046735369999965,53.155779290000055],[-9.047892091999927,53.15369087900007],[-9.041836055999966,53.15178843700005],[-9.041671202999964,53.150295837000044],[-9.030447872999957,53.15198894400004],[-9.02963224499996,53.15041149800004],[-9.024541339999928,53.15123192600004],[-9.02366191699997,53.14943338900008],[-9.031819599999949,53.14648150700003],[-9.029063846999975,53.144571591000044],[-9.019546289999937,53.14456031000003],[-9.017173884999977,53.14251395500003],[-9.013760117999936,53.14297083300005],[-9.009349217999954,53.14083025000008],[-9.009351711999955,53.14078871500004],[-9.016610369999967,53.13938133700003],[-9.025867000999938,53.14021527300008],[-9.024648396999964,53.13508821200003],[-9.027955350999946,53.13017167400005],[-9.025880320999931,53.12312064900004],[-9.020214,53.11665027000004],[-9.019324801999971,53.11059809000005],[-9.011063750999938,53.102838906000045],[-9.006291991999944,53.10056642500007],[-9.003114792999952,53.10174045800005],[-8.998684362999938,53.09998933500003],[-8.99331889399997,53.09470933700004],[-8.986621257999957,53.09539740900004],[-8.984508539999979,53.09358050000003],[-8.973715962999961,53.09190960600006],[-8.970302112999946,53.08645136400003],[-8.952445022999939,53.086821014000066],[-8.953019218999941,53.08593654300006],[-8.94616412199997,53.08430184600007],[-8.944959651999966,53.082395183000074],[-8.932946963999939,53.07786132400008],[-8.922476169999982,53.07034271400005],[-8.920143604999964,53.066210546000036],[-8.905293615999938,53.06617064000005],[-8.898930586999938,53.06186281300006],[-8.891612136999981,53.06067714200003],[-8.89062753899998,53.05534707400005],[-8.901794299999949,53.04641771300004],[-8.899916296999947,53.04623462700005],[-8.898995654999965,53.04065234900003],[-8.900399853999943,53.03462987300003],[-8.887862549999966,53.02801819100006],[-8.88805161299996,53.02291614600006],[-8.883451155999978,53.01639580800003],[-8.893587107999963,53.01051780900008],[-8.898197530999937,53.01162502300008],[-8.896277553999937,53.00074575900004],[-8.886604544999955,52.99605199000007],[-8.890809863999948,52.99091712000006],[-8.884862075999933,52.98540280800006],[-8.885133800999938,52.97795152900005],[-8.882599145999961,52.97648189900008],[-8.87424299199995,52.98000762000004],[-8.870406240999955,52.97963703000005],[-8.86810569399995,52.97768733600003],[-8.86029409699995,52.978947178000055],[-8.860585058999959,52.97073379300008],[-8.85857303499995,52.96815653700003],[-8.850608454999929,52.97202567900007],[-8.851327175999927,52.97330831900007],[-8.84667866899997,52.977165315000036],[-8.846333693999952,52.98332392200007],[-8.849886818999948,52.98350663300005],[-8.849959441999943,52.986252069000045],[-8.846333277999975,52.98489673600005],[-8.840587805999974,52.98663916300006],[-8.836776129999976,52.99049791600004],[-8.833020935999969,52.988764038000056],[-8.83226964399995,52.981325334000076],[-8.827215701999933,52.981819475000066],[-8.826134914999955,52.97871610000004],[-8.816969852999932,52.97835827800003],[-8.81109463699994,52.974967727000035],[-8.805343567999955,52.97924739900003],[-8.802372727999966,52.97921581600008],[-8.799380506999967,52.97462805500004],[-8.79447356999998,52.97657624300007],[-8.786497486999963,52.97412966600007],[-8.786256611999931,52.97190000300003],[-8.779379441999936,52.97526997300008],[-8.778780470999948,52.98769659200008],[-8.764688104999948,52.991302113000074],[-8.751424173999965,52.999300636000044],[-8.741288059999931,53.00251252500004],[-8.736960365999948,53.00595277100007],[-8.738683672999969,53.01096640600008],[-8.73187780099994,53.01427386300003],[-8.71968972299993,53.02542056500005],[-8.714257172999964,53.02406194900004],[-8.696767501999943,53.02541308700006],[-8.692105009999977,53.029440470000054],[-8.682242685999938,53.031617606000054],[-8.682516035999981,53.03402255200007],[-8.675456508999957,53.03758045600006],[-8.654108871999938,53.03983160200005],[-8.651014926999949,53.03826697100004],[-8.634534622999979,53.04176750100004],[-8.62834857799993,53.03857761000006],[-8.626742454999942,53.03409196900003],[-8.60669033399995,53.03853269200005],[-8.554491568999936,53.04219523100005],[-8.560296412999946,53.03594510700003],[-8.560075568999935,53.031002122000075],[-8.55635906799995,53.02640339000004],[-8.55139593399997,53.02234069700006],[-8.536778923999975,53.02445035400007],[-8.528198055999951,53.023716111000056],[-8.525236208999956,53.02060985500003],[-8.523948093999934,53.01166444100005],[-8.51689761299997,53.01214012200006],[-8.516300155999943,53.00999161300007],[-8.511094717999981,53.009431265000046],[-8.50853520499993,53.00627406700005],[-8.510057207999978,52.998622356000055],[-8.50250521099997,52.98313905700007],[-8.484862377999946,52.98887028100006],[-8.461154761999978,52.98216425800007],[-8.45007745199996,52.97226506100003],[-8.424065764999966,52.98338753000007],[-8.418751125999961,52.99326016600003],[-8.408752401999948,52.99484805600008],[-8.402836440999977,52.98640185900007],[-8.371446026999934,52.97995572500008],[-8.366482221999945,52.97595811300005],[-8.36648590699997,52.97204134900005],[-8.358811080999942,52.971270711000045],[-8.356145198999968,52.974573227000064],[-8.351562056999967,52.975686565000046],[-8.345508286999973,52.98504714300003],[-8.338860439999962,52.987548537000066],[-8.316738685999951,52.98514322500006],[-8.301827023999977,53.00745301900008],[-8.278475141999934,53.018680876000076],[-8.268703983999956,53.036632345000044],[-8.267760136999925,53.05636351600003],[-8.249339679999935,53.06327403900008],[-8.218742348999967,53.06761347400004],[-8.213553158999957,53.078399955000066],[-8.198432202999982,53.08420360500003],[-8.196999068999958,53.09011459200008],[-8.188977514999976,53.09544323200004],[-8.174532845999977,53.11126412800007],[-8.168754950999926,53.114317173000074],[-8.172025429999962,53.12159151900005],[-8.165182235999964,53.12612633800006],[-8.161008482999932,53.13480815200006],[-8.156162379999955,53.135554608000064],[-8.146386782999969,53.14259925200008],[-8.147599983999953,53.14549278700008],[-8.124989648999929,53.15949163400006],[-8.118095181999934,53.16070878000005],[-8.106238089999977,53.15990910100004],[-8.084344898999973,53.16300925500008],[-8.081454331999964,53.16689478200004],[-8.077174009999965,53.16733671900005],[-8.074522584999954,53.163249859000075],[-8.06181879099995,53.15966066400006],[-8.054964994999978,53.15390096400006],[-8.04565851999996,53.15249513200007],[-8.039314570999977,53.14962148400008],[-8.037526130999936,53.15053365300008],[-8.033768906999967,53.14929269800007],[-8.03316497399993,53.15033803700004],[-8.020076165999967,53.14811900600006],[-8.014959268999974,53.14429800200003],[-8.008835953999949,53.143886243000054],[-8.004520359999958,53.13905762500008],[-7.99255444299996,53.13904443700005],[-7.977718574999926,53.13432041800007],[-7.973301713999945,53.13071537900004],[-7.974286897999946,53.12911940500004],[-7.955118849999963,53.12532063300006],[-7.951556453999956,53.12208287700008],[-7.948039330999961,53.12183321100008],[-7.940484415999947,53.11792901000007],[-7.936210281999934,53.109818930000074],[-7.92999365299994,53.10943684800003],[-7.92634263399998,53.107294843000034],[-7.925777444999937,53.10705448600004],[-7.919857865999973,53.10307704200005],[-7.920865596999931,53.100075625000045],[-7.925701304999961,53.09935219000005],[-7.928246127999955,53.09705328000007],[-7.920338409999943,53.088844047000066],[-7.921761206999975,53.08300536000007],[-7.922076782999966,53.082555841000044],[-7.928507299999978,53.07838025600006],[-7.927046795999956,53.06578799200008],[-7.933997011999963,53.060871804000044],[-7.935232586999973,53.053983550000055],[-7.939185977999955,53.05161267300008],[-7.936063650999927,53.04921987200004],[-7.936323379999976,53.04483281200004],[-7.943246109999961,53.04367898300006],[-7.954597809999939,53.04658537100005],[-7.963534250999942,53.04188613700006],[-7.955420315999959,53.03274630100003],[-7.962166177999961,53.03100456900006],[-7.963660370999946,53.02507952800005],[-7.959861787999955,53.021846108000034],[-7.963427739999929,53.01651955800003],[-7.962767038999971,53.011510361000035],[-7.960131819999958,53.006422877000034],[-7.952774154999929,53.00219088800003],[-7.94995165499995,52.99542791400006],[-7.959698210999932,52.992499628000076],[-7.965857841999934,52.99581012900006],[-7.968835093999928,52.99496667300008],[-7.97634157899995,52.99727100800004],[-7.992779817999974,52.99881877800004],[-7.99639922199998,52.99744566900006],[-7.997214054999972,52.99466035100005],[-8.00453561699993,52.992316403000075],[-8.007945264999933,52.98506801000008],[-8.004487208999933,52.981536436000056],[-7.987468047999926,52.972574949000034],[-7.987974093999981,52.96555199800008],[-7.975245136999945,52.94853150800003],[-7.979571763999957,52.94655263800007],[-7.985921355999949,52.94625948700008],[-7.986522709999974,52.94204072600007],[-7.984249641999952,52.93865193600004],[-7.99390025699995,52.930740453000055],[-8.012963064999951,52.92846730800005],[-8.017767280999976,52.93120667900007],[-8.027907266999932,52.93308811700007],[-8.045882314999972,52.939869162000036],[-8.051489617999948,52.93044038800008],[-8.055110470999978,52.92810598800003],[-8.047554171999934,52.91922014200003],[-8.03791640399993,52.91179184900005],[-8.042958097999929,52.90290585200006],[-8.045966679999935,52.90274044100005],[-8.047494287999939,52.90010553800005],[-8.041737687999955,52.89781968900007],[-8.03962968199994,52.88915102100003],[-8.031603350999944,52.89102135100006],[-8.02563702699996,52.89049248300006],[-8.024277927999947,52.88705231600005],[-8.018569064999951,52.88755575400006],[-8.011616556999968,52.88557391300003],[-8.01154547699997,52.88384707400007],[-7.987318432999928,52.87919983000006],[-7.993723994999925,52.87349550000005],[-7.994573489999937,52.865050205000045],[-7.998047059999976,52.86629893200006],[-7.998451125999964,52.86515767700007],[-7.988367750999942,52.858595980000075],[-7.988619827999969,52.85513647000005],[-7.98189089899995,52.85312506500003],[-7.978695989999949,52.84944966200004],[-7.97154644699998,52.84817183200005],[-7.966259726999965,52.849099918000036],[-7.960215198999947,52.85380861400006],[-7.96367743199994,52.85782616200004],[-7.954603548999955,52.86136293100003],[-7.950765616999945,52.86600971200005],[-7.944999454999959,52.86654487700008],[-7.944376212999941,52.87057572000003],[-7.944987030999926,52.87981774700006],[-7.961304705999964,52.890979249000054],[-7.961166245999948,52.89305013000006],[-7.956433249999975,52.89413926200007],[-7.939347362999968,52.88828070100004],[-7.935127533999946,52.884618818000035],[-7.932459190999964,52.876262101000066],[-7.925198070999954,52.877090302000056],[-7.920044859999962,52.88061536600003],[-7.914138223999942,52.88212305300004],[-7.915090507999935,52.88304257000004],[-7.912350425999932,52.88426545000004],[-7.914939557999958,52.890390369000045],[-7.918928981999954,52.89315203400008],[-7.917360821999978,52.89697740300005],[-7.912217300999941,52.89666671500004],[-7.908637606999946,52.89369633300004],[-7.894496466999954,52.89332552400003],[-7.89374685699994,52.89685963100004],[-7.887475501999972,52.89760504100008],[-7.884342530999959,52.89958242500006],[-7.89379667299994,52.90775409100007],[-7.879065644999969,52.910060283000064],[-7.873948130999963,52.91369173900006],[-7.863739968999937,52.91371766200007],[-7.860694128999967,52.91615790000003],[-7.871364460999928,52.92376621600005],[-7.860905254999977,52.92626328700004],[-7.843380132999926,52.93383052100006],[-7.847320178999951,52.93577463300005],[-7.849964992999958,52.93989217200004],[-7.856013497999982,52.940394095000045],[-7.867205659999968,52.94576780300008],[-7.864462711999977,52.94695924000007],[-7.86268215299998,52.95183910900005],[-7.864563920999956,52.956320204000065],[-7.845114777999981,52.95532687800005],[-7.844664828999953,52.95907722600003],[-7.83745059499995,52.962818638000044],[-7.840479115999926,52.96463315900007],[-7.827670510999951,52.96558704800003],[-7.824101786999961,52.96834572400007],[-7.825421478999942,52.97472973400005],[-7.815420423999967,52.97481769600006],[-7.812531373999946,52.97844551000003],[-7.802038874999937,52.981856855000046],[-7.79860537199994,52.98186207200007],[-7.793117778999942,52.97812462600007],[-7.791074583999944,52.970245453000075],[-7.781910970999945,52.97147120500006],[-7.770344909999949,52.97065825400006],[-7.759651838999957,52.96622664300003],[-7.761116010999956,52.963674162000075],[-7.759400261999929,52.96085702000005],[-7.747356900999932,52.962545300000045],[-7.730447563999974,52.95765678500004],[-7.730172172999971,52.95277352200003],[-7.725517694999951,52.94937071000004],[-7.725312943999938,52.94537749500006],[-7.711250302999929,52.94218079900003],[-7.70218486899995,52.93406828500008],[-7.692965762999961,52.93457216200005],[-7.685403324999982,52.933131625000044],[-7.678822741999966,52.93482516100005],[-7.66103267699998,52.93532333700006],[-7.664161308999951,52.92693805300007],[-7.66290509199996,52.92459573200006],[-7.66581518299995,52.92126701400008],[-7.675961154999925,52.91541062700003],[-7.684299826999961,52.91490242000003],[-7.692133678999937,52.911370126000065],[-7.699950073999958,52.90469950900007],[-7.705819174999931,52.90227522300006],[-7.708734130999972,52.891473725000026],[-7.725282524999955,52.887929350000036],[-7.717401688999928,52.86519062700006],[-7.734651399999962,52.85836204800006],[-7.732173508999949,52.851975021000044],[-7.716426919999947,52.837475245000064],[-7.697348981999937,52.83186064500006],[-7.694323734999955,52.82932231400008],[-7.694747008999968,52.82472370600004],[-7.688571840999941,52.81582477500007],[-7.689624229999936,52.80808839300005],[-7.680366797999966,52.80524825600003],[-7.678946808999967,52.794261464000044],[-7.671263697999962,52.77747869800004],[-7.667368791999934,52.760945786000036],[-7.669873870999936,52.75565854700005],[-7.654126374999976,52.746732706000046],[-7.646183353999959,52.73507395900003],[-7.647826675999966,52.73213105100007],[-7.626174449999951,52.73368920200005],[-7.611106116999963,52.724421635000056],[-7.608711639999967,52.72098162700007],[-7.60349817599996,52.71962385000006],[-7.594619402999967,52.72034808900003],[-7.592857332999927,52.71623930000004],[-7.587112705999971,52.71321164700004],[-7.580947796999965,52.71127369100003],[-7.576720357999932,52.712511920000054],[-7.561011280999935,52.70574664500003],[-7.560552675999929,52.70275428800005],[-7.55347895899996,52.70268471700007],[-7.547682337999959,52.70041393500003],[-7.547029103999932,52.69479569300006],[-7.541702244999954,52.69331032100007],[-7.536232017999964,52.689232666000066],[-7.533593159999953,52.68324578200003],[-7.538588817999937,52.680337558000076],[-7.531441288999929,52.67381666300008],[-7.527469194999981,52.672849152000026],[-7.526716945999965,52.66863895100005],[-7.519809264999935,52.661780288000045],[-7.521180862999927,52.654694981000034],[-7.512302629999965,52.64701715700005],[-7.510787591999929,52.64250750700006],[-7.475963663999948,52.617119040000034],[-7.474674166999932,52.611119975000065],[-7.476301106999927,52.60738216900006],[-7.481115582999962,52.60385345900005],[-7.479954593999935,52.59611661000008],[-7.475575318999972,52.59068836400007],[-7.45136107299993,52.58187285400004],[-7.458465554999975,52.574087528000064],[-7.455262422999965,52.573967270000026],[-7.455119613999955,52.570231481000064],[-7.457598071999939,52.56726976500005],[-7.455649756999946,52.56350158300006],[-7.459416620999946,52.55885131800005],[-7.453157972999975,52.55786111500004],[-7.451503833999936,52.55419156700003],[-7.454503799999941,52.54932599800003],[-7.452767655999935,52.54554254400006],[-7.456309378999947,52.54340368700008],[-7.458566989999952,52.53571518600006],[-7.457139974999961,52.52953572300004],[-7.458827836999944,52.521421436000026],[-7.454064602999949,52.52149527700004],[-7.450274813999954,52.516398569000046],[-7.453230155999961,52.510661033000076],[-7.44842443999994,52.50915340600005],[-7.443424446999927,52.51038942900004],[-7.432440010999926,52.51856094900006],[-7.420065496999939,52.51091001800006],[-7.425208392999934,52.50446537000005],[-7.429533525999943,52.50314619400007],[-7.432014245999937,52.49521623600003],[-7.443929534999938,52.49131334300006],[-7.45952429099998,52.48231489700004],[-7.459510941999952,52.47680413300003],[-7.467889709999952,52.47221743600005],[-7.462763549999977,52.46933772300008],[-7.460992344999966,52.46588061400007],[-7.441065760999948,52.46595906500005],[-7.441050078999979,52.459619288000056],[-7.431971723999936,52.45482404000006],[-7.431954775999941,52.45481704700006],[-7.424883265999938,52.45237353400006],[-7.424863085999959,52.45236974200003],[-7.422768926999936,52.45183521100006],[-7.418694340999934,52.44198920300005],[-7.409745978999979,52.43802509200003],[-7.408367878999968,52.43539781700008],[-7.403518903999952,52.43445520900008],[-7.399872603999938,52.42791082700006],[-7.390805168999975,52.42850434200005],[-7.389323947999969,52.42555345900007],[-7.384697186999972,52.42466177400007],[-7.382449862999977,52.42032897900003],[-7.38321278799998,52.41650882500005],[-7.385491982999952,52.415511070000036],[-7.385478790999969,52.41040467400006],[-7.389139497999963,52.407472392000045],[-7.390459564999958,52.39996058400004],[-7.394450543999938,52.39526613100003],[-7.388237794999952,52.38390745800007],[-7.392154479999931,52.38045781500006],[-7.389626027999952,52.37777841900004],[-7.396417097999972,52.36695350600007],[-7.397066073999952,52.36405170200004],[-7.393802871999981,52.360426294000035],[-7.37734482999997,52.35125464100008],[-7.37589455899996,52.34792376900003],[-7.372899666999956,52.34707125500006],[-7.372160730999951,52.343009263000056],[-7.35813526499993,52.34194600600006],[-7.355951338999944,52.33607146700007],[-7.323929259999943,52.33086127100006],[-7.317978370999981,52.324237964000076],[-7.30256116399994,52.31557701600008],[-7.299838815999976,52.311070191000056],[-7.301164064999966,52.30414309500003],[-7.284700646999966,52.297186347000036],[-7.283204287999979,52.288941255000054],[-7.276292913999953,52.28306112800004],[-7.265000247999978,52.267403311000066],[-7.25890374599993,52.26451843700005],[-7.239769455999976,52.26145650500007],[-7.227714320999951,52.24664464500006],[-7.219318,52.24315856900006],[-7.21245438099993,52.24310489800007],[-7.198589518999938,52.24990384500006],[-7.194425176999971,52.254745265000054],[-7.19115305899993,52.25798446500005],[-7.182393858999944,52.26360014200003],[-7.181024463999961,52.26457635400004],[-7.17043984399993,52.27364503700005],[-7.167603291999967,52.27526241100003],[-7.165659625999979,52.27638880600006],[-7.158451313999933,52.27947742300006],[-7.151462606999928,52.27938990900003],[-7.147714568999959,52.27730077800004],[-7.145846593999977,52.276149092000026],[-7.144013745999928,52.275070061000065],[-7.14214831299995,52.27402496800005],[-7.140320757999973,52.27309343300004],[-7.137444125999934,52.271680375000074],[-7.132886836999944,52.268964614000026],[-7.130256475999943,52.26865158500004],[-7.12991930499993,52.26861305600005],[-7.129752340999971,52.26859485500006],[-7.125007171999926,52.26825033600005],[-7.124159648999978,52.26826413400005],[-7.122862042999941,52.26806650900005],[-7.115810214999954,52.26700713500003],[-7.110153826999976,52.26684907200007],[-7.108872958999939,52.266809659000046],[-7.105176881999967,52.26673273400007],[-7.10508529699996,52.26862532400003],[-7.104888891999963,52.268765716000075],[-7.10477266099997,52.26881150400004],[-7.104579248999926,52.26888540900006],[-7.104378718999953,52.268919907000054],[-7.104342988999974,52.26891745100005],[-7.104267480999965,52.268940384000075],[-7.104224414999976,52.26895368500004],[-7.100299387999939,52.27038678500003],[-7.099998705999951,52.27016847400006],[-7.099780899999928,52.269992098000046],[-7.099243520999948,52.26912168100006],[-7.09921247799997,52.26904124600003],[-7.096007709999981,52.26667364800005],[-7.10057388499996,52.266364328000066],[-7.096542928999952,52.257131694000066],[-7.09208096499998,52.25263890400004],[-7.091466071999946,52.252413524000076],[-7.088464428999941,52.25167644100003],[-7.087028221999958,52.251637748000064],[-7.086543354999947,52.25166556100004],[-7.085879310999928,52.25175820900006]],[[-8.373295517999964,52.91596362300004],[-8.407521796999958,52.91258282300004],[-8.418460152999955,52.875403696000035],[-8.424715624999976,52.86777591600003],[-8.455311456999937,52.84689363700005],[-8.451775399999974,52.823975260000054],[-8.448807141999964,52.82011666100004],[-8.44908821599995,52.81253944400004],[-8.445608919999927,52.809528482000076],[-8.436992524999937,52.806810849000044],[-8.437078291999967,52.79786633700007],[-8.443278503999977,52.786054439000054],[-8.454798451999977,52.78095555300007],[-8.455313603999969,52.777889291000065],[-8.46200026899993,52.777143866000074],[-8.477102466999952,52.758752134000076],[-8.48007909599994,52.75739895000004],[-8.476045520999946,52.75352758400004],[-8.475211797999975,52.74690809200007],[-8.469596543999955,52.73905250400003],[-8.472936835999974,52.73761743100005],[-8.47099575599998,52.73549824200006],[-8.472600356999976,52.73392252900004],[-8.470124294999948,52.73248767500007],[-8.47016786699993,52.71813830200006],[-8.466916542999968,52.71771931300003],[-8.46841204499998,52.70703294700007],[-8.465032737999934,52.703761943000075],[-8.461837472999946,52.70495348400004],[-8.464927012999965,52.70291227400003],[-8.466007472999934,52.69718781600005],[-8.465318129999957,52.69590235600003],[-8.45720188799993,52.69855829900007],[-8.455403633999936,52.69169899700006],[-8.449558533999948,52.68654444300006],[-8.45164411899998,52.68465316900006],[-8.446839074999957,52.68645619800003],[-8.440502127999935,52.68601207100005],[-8.432869412999935,52.682468131000064],[-8.427714113999969,52.67786114000006],[-8.41724955099994,52.68433694600003],[-8.415754489999927,52.687669922000055],[-8.40223801899998,52.69248183900004],[-8.400353605999953,52.68989499600008],[-8.38681836099994,52.68694770800005],[-8.384736128999975,52.681353278000074],[-8.377477299999953,52.68157680400003],[-8.370054066999955,52.68376413000004],[-8.359214572999974,52.67931219800005],[-8.354793437999945,52.68047487800004],[-8.35471163799997,52.68205524700005],[-8.339319882999973,52.685905372000036],[-8.337539119999974,52.68921233000003],[-8.321696140999961,52.689546277000034],[-8.320910776999938,52.691422970000076],[-8.318517743999962,52.69021771200005],[-8.31518282899998,52.69279641700007],[-8.30800559499994,52.69203443400005],[-8.306289539999966,52.69418837600006],[-8.297899607999966,52.69430915200007],[-8.296575764999943,52.69631489600005],[-8.292006704999949,52.69451391600006],[-8.284999083999935,52.69456541100004],[-8.284255006999956,52.69285294400004],[-8.282579744999964,52.69367732300003],[-8.281035975999941,52.691667764000044],[-8.253071686999931,52.68241770100008],[-8.254342833999942,52.67009078500007],[-8.236968780999973,52.66892371700004],[-8.228018195999937,52.66199388800004],[-8.228584438999974,52.66510852600004],[-8.224199123999938,52.66837329200007],[-8.220673027999965,52.668244937000054],[-8.215540431999955,52.67090228300003],[-8.210732565999933,52.66966178900003],[-8.21000197199993,52.67133445300004],[-8.205199635999975,52.669303565000064],[-8.19904400699994,52.66921266000003],[-8.190840574999982,52.67135748600003],[-8.188549000999956,52.670404690000055],[-8.176673659999949,52.67741707500005],[-8.173077483999975,52.67612325200008],[-8.16780341599997,52.67688870900008],[-8.165967515999967,52.675394520000054],[-8.16165488699994,52.67717348900004],[-8.155604370999981,52.67461318800008],[-8.152969162999966,52.675407207000035],[-8.143171008999957,52.67380242400003],[-8.13667238599993,52.67745938300004],[-8.12899098899993,52.67671773100005],[-8.111876321999944,52.681977509000035],[-8.106938960999969,52.681572180000046],[-8.098713969999949,52.68865785200006],[-8.088686583999959,52.68277091500005],[-8.080028622999976,52.686748701000056],[-8.072949000999927,52.69436587100006],[-8.05782507799995,52.694761924000034],[-8.046942466999951,52.69893943400007],[-8.052026186999967,52.69817247700007],[-8.055628094999975,52.70131760800007],[-8.060378751999963,52.70263369400004],[-8.059519748999946,52.70513391600008],[-8.062987260999932,52.706324118000055],[-8.061381238999957,52.70886091400007],[-8.064735128999928,52.71041799100004],[-8.063379131999966,52.71473480800006],[-8.060012727999947,52.71664545100003],[-8.066805043999977,52.719013389000054],[-8.064667062999945,52.72536624400004],[-8.065905207999947,52.72838158600007],[-8.060982391999971,52.73237466900008],[-8.054935031999946,52.734431305000044],[-8.06152960199995,52.73800349900006],[-8.061526682999954,52.74120950300005],[-8.054374351999968,52.74716064800003],[-8.044559421999963,52.749384665000036],[-8.047329799999943,52.75222842100004],[-8.057894898999962,52.75621583100008],[-8.052222340999947,52.760558090000075],[-8.052924369999971,52.76310045900004],[-8.056780252999943,52.76607499900007],[-8.057249370999955,52.76912036400006],[-8.065062686999966,52.77236428600003],[-8.042363737999949,52.78520935900008],[-8.038492590999965,52.78956001600005],[-8.038898702999973,52.791831794000075],[-8.04582148999998,52.79366514700007],[-8.047012527999925,52.79777992600003],[-8.054346971999962,52.800870228000065],[-8.055295989999934,52.80568244400007],[-8.062003477999951,52.80979904000003],[-8.064829819999943,52.81449827100005],[-8.072177862999979,52.81679694800005],[-8.068866448999927,52.82077836800005],[-8.073895396999944,52.825807076000046],[-8.072182964999968,52.82759482500006],[-8.07414569599996,52.830547445000036],[-8.069984656999964,52.83288747700004],[-8.057596047999937,52.834892945000036],[-8.05794205199993,52.83889685200006],[-8.051898668999968,52.84238027600003],[-8.057039527999962,52.84484077900004],[-8.059585270999946,52.842935424000075],[-8.066017631999955,52.84260629800008],[-8.072591520999936,52.844529944000044],[-8.077557393999939,52.84942853600006],[-8.099590301999967,52.855095981000034],[-8.116260452999938,52.85610990100008],[-8.120739435999951,52.86387168700003],[-8.126840751999964,52.86510120300005],[-8.12443623799993,52.86894827200007],[-8.12772210999998,52.869493040000066],[-8.13203143499993,52.87324679400007],[-8.13829416599998,52.871656779000034],[-8.141309108999963,52.86831049500006],[-8.136749274999943,52.86327172300008],[-8.149488075999955,52.86138737600004],[-8.143590981999978,52.857259972000065],[-8.144764427999974,52.85356578900007],[-8.147175728999969,52.853056054000035],[-8.147721064999928,52.84811764900007],[-8.13363628999997,52.84436997600005],[-8.136166726999932,52.83917369300008],[-8.138973563999969,52.84045949400007],[-8.142983297999933,52.839667958000064],[-8.148301388999926,52.842449024000075],[-8.15121460499995,52.84197857300006],[-8.15940581999996,52.847918020000066],[-8.16474229299996,52.845037441000045],[-8.16378029599997,52.84250061900008],[-8.16572833999993,52.84149836600005],[-8.17195944599996,52.84308585600007],[-8.179468089999943,52.84114010400003],[-8.17659570799998,52.83210653900005],[-8.194350153999949,52.82695232800006],[-8.195950191999941,52.83338194300006],[-8.20059422299994,52.832793895000066],[-8.203008634999946,52.83414325200005],[-8.202322151999965,52.83746612200008],[-8.211902234999968,52.83533640700006],[-8.210490836999952,52.83699052700007],[-8.212925312999971,52.84109668100007],[-8.22503624199993,52.83926700500007],[-8.226541261999955,52.84250773600007],[-8.231257287999938,52.84252150000003],[-8.232347781999977,52.844561154000075],[-8.234225265999953,52.84340057600008],[-8.244200198999977,52.84671661900006],[-8.244862282999975,52.84465215400007],[-8.250657355999977,52.84446889900005],[-8.251042264999967,52.84571389900003],[-8.256427587999951,52.84602864500005],[-8.260595174999935,52.84817155300004],[-8.257010201999947,52.85147092500006],[-8.244704599999977,52.85223924300004],[-8.253179600999943,52.85969361100007],[-8.249419245999945,52.864536126000075],[-8.242324060999977,52.86852269500008],[-8.25404748099993,52.87428793600003],[-8.26001793499995,52.87483827300008],[-8.263421120999965,52.87355531500003],[-8.273555147999957,52.880896792000044],[-8.282283851999978,52.88309246500006],[-8.286310564999951,52.894340535000026],[-8.338498197999968,52.915201859000035],[-8.373295517999964,52.91596362300004]]],[[[-9.054265351999959,53.16510161400004],[-9.054270375999977,53.164756786000055],[-9.05864287199995,53.16521010300005],[-9.061024958999951,53.16325847000007],[-9.055642564999971,53.162303241000075],[-9.067153863999977,53.16012010800006],[-9.071894098999962,53.157774490000065],[-9.077544908999926,53.15817369900003],[-9.086837450999951,53.163982039000075],[-9.081207227999926,53.167638785000065],[-9.067631710999933,53.16876900800003],[-9.061671689999969,53.16569921400003],[-9.054265351999959,53.16510161400004]]]]}},{"type":"Feature","properties":{"shapeName":"Connacht","shapeISO":"IE-C","shapeID":"36931253B96239511377188","shapeGroup":"IRL","shapeType":"ADM1"},"geometry":{"type":"MultiPolygon","coordinates":[[[[-8.373295517999964,52.91596362300004],[-8.338498197999968,52.915201859000035],[-8.286310564999951,52.894340535000026],[-8.282283851999978,52.88309246500006],[-8.273555147999957,52.880896792000044],[-8.263421120999965,52.87355531500003],[-8.26001793499995,52.87483827300008],[-8.25404748099993,52.87428793600003],[-8.242324060999977,52.86852269500008],[-8.249419245999945,52.864536126000075],[-8.253179600999943,52.85969361100007],[-8.244704599999977,52.85223924300004],[-8.257010201999947,52.85147092500006],[-8.260595174999935,52.84817155300004],[-8.256427587999951,52.84602864500005],[-8.251042264999967,52.84571389900003],[-8.250657355999977,52.84446889900005],[-8.244862282999975,52.84465215400007],[-8.244200198999977,52.84671661900006],[-8.234225265999953,52.84340057600008],[-8.232347781999977,52.844561154000075],[-8.231257287999938,52.84252150000003],[-8.226541261999955,52.84250773600007],[-8.22503624199993,52.83926700500007],[-8.212925312999971,52.84109668100007],[-8.210490836999952,52.83699052700007],[-8.211902234999968,52.83533640700006],[-8.202322151999965,52.83746612200008],[-8.203008634999946,52.83414325200005],[-8.20059422299994,52.832793895000066],[-8.195950191999941,52.83338194300006],[-8.194350153999949,52.82695232800006],[-8.17659570799998,52.83210653900005],[-8.179468089999943,52.84114010400003],[-8.17195944599996,52.84308585600007],[-8.16572833999993,52.84149836600005],[-8.16378029599997,52.84250061900008],[-8.16474229299996,52.845037441000045],[-8.15940581999996,52.847918020000066],[-8.15121460499995,52.84197857300006],[-8.148301388999926,52.842449024000075],[-8.142983297999933,52.839667958000064],[-8.138973563999969,52.84045949400007],[-8.136166726999932,52.83917369300008],[-8.13363628999997,52.84436997600005],[-8.147721064999928,52.84811764900007],[-8.147175728999969,52.853056054000035],[-8.144764427999974,52.85356578900007],[-8.143590981999978,52.857259972000065],[-8.149488075999955,52.86138737600004],[-8.136749274999943,52.86327172300008],[-8.141309108999963,52.86831049500006],[-8.13829416599998,52.871656779000034],[-8.13203143499993,52.87324679400007],[-8.12772210999998,52.869493040000066],[-8.12443623799993,52.86894827200007],[-8.126840751999964,52.86510120300005],[-8.120739435999951,52.86387168700003],[-8.116260452999938,52.85610990100008],[-8.099590301999967,52.855095981000034],[-8.077557393999939,52.84942853600006],[-8.072591520999936,52.844529944000044],[-8.066017631999955,52.84260629800008],[-8.059585270999946,52.842935424000075],[-8.057039527999962,52.84484077900004],[-8.051898668999968,52.84238027600003],[-8.05794205199993,52.83889685200006],[-8.057596047999937,52.834892945000036],[-8.069984656999964,52.83288747700004],[-8.07414569599996,52.830547445000036],[-8.072182964999968,52.82759482500006],[-8.073895396999944,52.825807076000046],[-8.068866448999927,52.82077836800005],[-8.072177862999979,52.81679694800005],[-8.064829819999943,52.81449827100005],[-8.062003477999951,52.80979904000003],[-8.055295989999934,52.80568244400007],[-8.054346971999962,52.800870228000065],[-8.047012527999925,52.79777992600003],[-8.04582148999998,52.79366514700007],[-8.038898702999973,52.791831794000075],[-8.038492590999965,52.78956001600005],[-8.042363737999949,52.78520935900008],[-8.065062686999966,52.77236428600003],[-8.057249370999955,52.76912036400006],[-8.056780252999943,52.76607499900007],[-8.052924369999971,52.76310045900004],[-8.052222340999947,52.760558090000075],[-8.057894898999962,52.75621583100008],[-8.047329799999943,52.75222842100004],[-8.044559421999963,52.749384665000036],[-8.054374351999968,52.74716064800003],[-8.061526682999954,52.74120950300005],[-8.06152960199995,52.73800349900006],[-8.054935031999946,52.734431305000044],[-8.060982391999971,52.73237466900008],[-8.065905207999947,52.72838158600007],[-8.064667062999945,52.72536624400004],[-8.066805043999977,52.719013389000054],[-8.060012727999947,52.71664545100003],[-8.063379131999966,52.71473480800006],[-8.064735128999928,52.71041799100004],[-8.061381238999957,52.70886091400007],[-8.062987260999932,52.706324118000055],[-8.059519748999946,52.70513391600008],[-8.060378751999963,52.70263369400004],[-8.055628094999975,52.70131760800007],[-8.052026186999967,52.69817247700007],[-8.046942466999951,52.69893943400007],[-8.05782507799995,52.694761924000034],[-8.072949000999927,52.69436587100006],[-8.080028622999976,52.686748701000056],[-8.088686583999959,52.68277091500005],[-8.098713969999949,52.68865785200006],[-8.106938960999969,52.681572180000046],[-8.111876321999944,52.681977509000035],[-8.12899098899993,52.67671773100005],[-8.13667238599993,52.67745938300004],[-8.143171008999957,52.67380242400003],[-8.152969162999966,52.675407207000035],[-8.155604370999981,52.67461318800008],[-8.16165488699994,52.67717348900004],[-8.165967515999967,52.675394520000054],[-8.16780341599997,52.67688870900008],[-8.173077483999975,52.67612325200008],[-8.176673659999949,52.67741707500005],[-8.188549000999956,52.670404690000055],[-8.190840574999982,52.67135748600003],[-8.19904400699994,52.66921266000003],[-8.205199635999975,52.669303565000064],[-8.21000197199993,52.67133445300004],[-8.210732565999933,52.66966178900003],[-8.215540431999955,52.67090228300003],[-8.220673027999965,52.668244937000054],[-8.224199123999938,52.66837329200007],[-8.228584438999974,52.66510852600004],[-8.228018195999937,52.66199388800004],[-8.236968780999973,52.66892371700004],[-8.254342833999942,52.67009078500007],[-8.253071686999931,52.68241770100008],[-8.281035975999941,52.691667764000044],[-8.282579744999964,52.69367732300003],[-8.284255006999956,52.69285294400004],[-8.284999083999935,52.69456541100004],[-8.292006704999949,52.69451391600006],[-8.296575764999943,52.69631489600005],[-8.297899607999966,52.69430915200007],[-8.306289539999966,52.69418837600006],[-8.30800559499994,52.69203443400005],[-8.31518282899998,52.69279641700007],[-8.318517743999962,52.69021771200005],[-8.320910776999938,52.691422970000076],[-8.321696140999961,52.689546277000034],[-8.337539119999974,52.68921233000003],[-8.339319882999973,52.685905372000036],[-8.35471163799997,52.68205524700005],[-8.354793437999945,52.68047487800004],[-8.359214572999974,52.67931219800005],[-8.370054066999955,52.68376413000004],[-8.377477299999953,52.68157680400003],[-8.384736128999975,52.681353278000074],[-8.38681836099994,52.68694770800005],[-8.400353605999953,52.68989499600008],[-8.40223801899998,52.69248183900004],[-8.415754489999927,52.687669922000055],[-8.41724955099994,52.68433694600003],[-8.427714113999969,52.67786114000006],[-8.432869412999935,52.682468131000064],[-8.440502127999935,52.68601207100005],[-8.446839074999957,52.68645619800003],[-8.45164411899998,52.68465316900006],[-8.449558533999948,52.68654444300006],[-8.455403633999936,52.69169899700006],[-8.45720188799993,52.69855829900007],[-8.465318129999957,52.69590235600003],[-8.466007472999934,52.69718781600005],[-8.464927012999965,52.70291227400003],[-8.461837472999946,52.70495348400004],[-8.465032737999934,52.703761943000075],[-8.46841204499998,52.70703294700007],[-8.466916542999968,52.71771931300003],[-8.47016786699993,52.71813830200006],[-8.470124294999948,52.73248767500007],[-8.472600356999976,52.73392252900004],[-8.47099575599998,52.73549824200006],[-8.472936835999974,52.73761743100005],[-8.469596543999955,52.73905250400003],[-8.475211797999975,52.74690809200007],[-8.476045520999946,52.75352758400004],[-8.48007909599994,52.75739895000004],[-8.477102466999952,52.758752134000076],[-8.46200026899993,52.777143866000074],[-8.455313603999969,52.777889291000065],[-8.454798451999977,52.78095555300007],[-8.443278503999977,52.786054439000054],[-8.437078291999967,52.79786633700007],[-8.436992524999937,52.806810849000044],[-8.445608919999927,52.809528482000076],[-8.44908821599995,52.81253944400004],[-8.448807141999964,52.82011666100004],[-8.451775399999974,52.823975260000054],[-8.455311456999937,52.84689363700005],[-8.424715624999976,52.86777591600003],[-8.418460152999955,52.875403696000035],[-8.407521796999958,52.91258282300004],[-8.373295517999964,52.91596362300004]]],[[[-9.528169787999957,53.06890313400004],[-9.520956337999962,53.06590303400003],[-9.513504989999944,53.06643914000006],[-9.504169933999947,53.063062724000076],[-9.501977782999973,53.05523848400003],[-9.507614768999929,53.05505401600004],[-9.516754424999931,53.049423078000075],[-9.522210378999944,53.048999758000036],[-9.527367812999955,53.04514278400006],[-9.534498739999947,53.04712537000006],[-9.538173366999956,53.04651412700008],[-9.541805539999928,53.049192978000065],[-9.55157616699995,53.04960198400005],[-9.554648224999937,53.04826799800003],[-9.554869174999965,53.05279812100008],[-9.54870118499997,53.056939973000055],[-9.546485631999929,53.06254344600006],[-9.534070619999966,53.06834058000004],[-9.528169787999957,53.06890313400004]]],[[[-9.578799525999955,53.10230773700005],[-9.571411711999929,53.10176200800004],[-9.565471399999979,53.098401297000066],[-9.562663379999947,53.085490324000034],[-9.573151258999928,53.081376324000075],[-9.576115013999981,53.077443697000035],[-9.57602242799993,53.07308544500006],[-9.579664240999932,53.071260289000065],[-9.607241897999927,53.06497643400007],[-9.616988136999964,53.065324772000054],[-9.620464443999936,53.06802743800006],[-9.615341109999974,53.075302511000075],[-9.61717377499997,53.079173436000076],[-9.613629203999949,53.08387582700004],[-9.59783007699997,53.09289622500006],[-9.600471612999968,53.09506444800007],[-9.596399425999948,53.09859350900007],[-9.587673523999968,53.100446943000065],[-9.584750178999968,53.09839800600008],[-9.581118813999979,53.09857776000007],[-9.577525179999952,53.10012866300008],[-9.578799525999955,53.10230773700005]]],[[[-9.628726707999931,53.11561048100003],[-9.630931865999969,53.115740026000026],[-9.630951129999971,53.118099907000044],[-9.62811443499993,53.11702530000008],[-9.628726707999931,53.11561048100003]]],[[[-9.83169315899994,53.13854673600008],[-9.832216911999978,53.137064459000044],[-9.833657664999976,53.13749870400005],[-9.83169315899994,53.13854673600008]]],[[[-9.847977878999927,53.14260406100004],[-9.846346235999931,53.14233077700004],[-9.850073361999932,53.14070452200008],[-9.847977878999927,53.14260406100004]]],[[[-8.947581594999974,53.154795249000074],[-8.94549270899995,53.15182106800006],[-8.948326398999939,53.15287728800007],[-8.947581594999974,53.154795249000074]]],[[[-8.955129528999976,53.15650609900007],[-8.952651825999965,53.15558239300003],[-8.956390280999926,53.15581356400003],[-8.95522888499994,53.15464833600004],[-8.956061657999953,53.15415496800006],[-8.957246452999925,53.154509088000054],[-8.958064975999946,53.15395838100005],[-8.958378105999941,53.154913918000034],[-8.957527040999935,53.15519550500005],[-8.958672283999931,53.155653663000066],[-8.955129528999976,53.15650609900007]]],[[[-9.83629368499993,53.14900920100007],[-9.836182992999966,53.14332374400004],[-9.840919935999977,53.14247525700006],[-9.842229948999943,53.144354441000075],[-9.84650738299996,53.14254921700007],[-9.844606815999953,53.147043636000035],[-9.83629368499993,53.14900920100007]]],[[[-8.959313794999957,53.160401257000046],[-8.958227831999977,53.15958606400005],[-8.96106358399993,53.15961231500006],[-8.959313794999957,53.160401257000046]]],[[[-9.85968349999996,53.150815746000035],[-9.855500917999962,53.14952107200003],[-9.85419120399996,53.14560397200006],[-9.860090661999948,53.14685865600006],[-9.862433167999939,53.14963567700005],[-9.85968349999996,53.150815746000035]]],[[[-9.80725758099993,53.151787797000054],[-9.782701005999968,53.15173870000007],[-9.779952954999942,53.14890631800006],[-9.775600147999967,53.14818620800003],[-9.770364294999979,53.15098056000005],[-9.76654903399998,53.14789044400004],[-9.761437385999955,53.14846825200004],[-9.755508561999932,53.142911077000065],[-9.756174029999954,53.13928419700005],[-9.750061564999953,53.13107229700006],[-9.735626856999943,53.137535107000076],[-9.711761192999973,53.137791234000076],[-9.710499862999939,53.14135239500007],[-9.708385593999935,53.14178889100003],[-9.701271271999929,53.14112815800007],[-9.697858219999944,53.13810730700004],[-9.687845503999938,53.138436108000064],[-9.684660625999982,53.13293513900004],[-9.67552595099994,53.13411004500006],[-9.66999124399996,53.13108515400006],[-9.660473383999943,53.132829644000026],[-9.654795690999947,53.131214614000044],[-9.652996383999948,53.12856706600007],[-9.654476992999946,53.126116446000026],[-9.660669307999967,53.12577010800004],[-9.664018812999927,53.11974077700006],[-9.673705661999975,53.11791138900003],[-9.676475172999972,53.114362517000075],[-9.674721859999977,53.112876905000064],[-9.668301088999954,53.11210123800004],[-9.666257267999981,53.107312215000036],[-9.659928590999925,53.10429198700007],[-9.654479573999936,53.10481473500005],[-9.658653742999945,53.10671195800006],[-9.656111954999972,53.10921872400007],[-9.649542589999953,53.10774825000004],[-9.649459366999963,53.10519937000004],[-9.654410567999946,53.10304914500006],[-9.647422854999945,53.09992839900008],[-9.640056178999941,53.100288688000035],[-9.638817248999942,53.101949638000065],[-9.640598826999963,53.10452667200008],[-9.647536525999953,53.10462057700005],[-9.64879029399998,53.105756048000046],[-9.636658949999969,53.10610888600007],[-9.631702256999972,53.11101880000007],[-9.629451287999927,53.105851776000065],[-9.632789299999956,53.100076959000035],[-9.636375355999974,53.10095644000006],[-9.638495972999976,53.09933846900003],[-9.63647311699998,53.09624522400003],[-9.639535154999976,53.08914482500006],[-9.654194979999943,53.089191947000074],[-9.663629550999929,53.09236161200005],[-9.66441864199993,53.09511458900005],[-9.670576386999926,53.09618641000003],[-9.67216018199997,53.09875553100005],[-9.684747766999976,53.10232873800004],[-9.684616534999975,53.104669407000074],[-9.688564074999931,53.10369530100007],[-9.687843993999934,53.10519244500006],[-9.690407695999966,53.10481829400004],[-9.691341897999962,53.10810032300003],[-9.696312103999958,53.108424168000056],[-9.70348718899993,53.106648137000036],[-9.70979529899995,53.10778272700003],[-9.714016580999953,53.11171073000003],[-9.717098334999946,53.11031544100007],[-9.717087730999936,53.11325230500006],[-9.74215879299993,53.116886581000074],[-9.747483624999973,53.12144275400004],[-9.75700098699997,53.121237293000036],[-9.759017952999955,53.12519283700004],[-9.764552784999978,53.12445752000008],[-9.777326143999971,53.12927344600007],[-9.791161387999978,53.13044113700005],[-9.795507430999976,53.133113062000064],[-9.801551366999945,53.13307502200007],[-9.80590226399994,53.135141591000036],[-9.822792020999941,53.13721797000005],[-9.82755425299996,53.136382766000054],[-9.830102573999966,53.13873276700008],[-9.827855653999961,53.14058460500007],[-9.828712904999975,53.14295109600005],[-9.80725758099993,53.151787797000054]]],[[[-8.965054048999946,53.18901237100005],[-8.967544098999952,53.18923332800006],[-8.961609386999953,53.19104869200004],[-8.965054048999946,53.18901237100005]]],[[[-8.98898279499997,53.19927698100008],[-8.986653255999954,53.197942709000074],[-8.990409063999948,53.19910629700007],[-8.992298655999946,53.197249363000026],[-8.982120484999939,53.19633205300005],[-8.982955267999955,53.19485028000008],[-8.982329767999943,53.19435813200005],[-8.979942866999977,53.194778083000074],[-8.976165316999982,53.19461894300008],[-8.98313557199998,53.19754179700004],[-8.986089311999933,53.19735261000005],[-8.982590811999955,53.19844920400004],[-8.975892335999959,53.19519047600005],[-8.966485494999972,53.19511478000004],[-8.966969483999947,53.19415771700005],[-8.971893294999973,53.19257741800004],[-8.97649338399998,53.19324813800006],[-8.979895828999929,53.194587080000076],[-8.982110989999967,53.19419977800004],[-8.984207725999966,53.194509208000056],[-8.99224572099996,53.193794411000056],[-8.99400398299997,53.194840878000036],[-9.00061627399998,53.194188190000034],[-9.00139842599998,53.19291662200004],[-9.00300151099998,53.19242638400004],[-9.001596992999964,53.190889447000075],[-9.005147369999975,53.19060400400008],[-9.002454764999982,53.19044442300003],[-9.001147321999952,53.190943],[-9.00101183199996,53.19158014200008],[-8.994219361999967,53.19013420200008],[-8.992355405999945,53.19298325300008],[-8.993958577999933,53.18981949500005],[-9.008347731999947,53.19072660300003],[-9.007263314999932,53.191991193000035],[-9.001913619999925,53.19302036600004],[-9.000151222999932,53.194957816000056],[-8.992947042999958,53.19727179600005],[-8.99190648399997,53.19908445800007],[-8.98898279499997,53.19927698100008]]],[[[-8.989522221999948,53.210233671000026],[-8.988357924999946,53.20856755800003],[-8.981954649999977,53.20958980800003],[-8.980607175999978,53.20807976900005],[-8.978178938999974,53.20854226200004],[-8.977927886999964,53.20545743800005],[-8.972441173999925,53.205712163000044],[-8.968235482999944,53.203842372000054],[-8.974847839999939,53.20326008300003],[-8.988904225999931,53.20839855400004],[-8.989522221999948,53.210233671000026]]],[[[-9.011482507999972,53.21454575900003],[-8.999388470999975,53.21316719400005],[-8.996956417999968,53.21402309000007],[-8.997470305999968,53.21279106800006],[-8.981935312999951,53.21421002900007],[-8.976837242999977,53.212699867000026],[-8.99202564999996,53.21072463300004],[-9.015683644999967,53.21412647500006],[-9.012121382999965,53.215619143000026],[-9.011482507999972,53.21454575900003]]],[[[-9.002383926999926,53.21940643900007],[-8.999160600999971,53.21953866100006],[-8.99927387899993,53.21834580600006],[-9.004409025999962,53.21614731500006],[-9.00809951499997,53.216310544000066],[-9.007853548999947,53.21933713900006],[-9.002383926999926,53.21940643900007]]],[[[-9.008683064999957,53.223761610000054],[-9.00498867899995,53.22268674600008],[-9.006197474999965,53.220581594000066],[-9.02575907499994,53.21666722200007],[-9.024757847999979,53.21806464200006],[-9.023396265999963,53.217895559000056],[-9.02314862299994,53.21850283300006],[-9.021433447999925,53.21892947100008],[-9.020633109999949,53.21998873100006],[-9.016628966999974,53.220431645000076],[-9.016024038999944,53.22145349800007],[-9.013951560999942,53.22145133200007],[-9.013444616999948,53.22198933100003],[-9.017008476999933,53.22140230300005],[-9.016390963999982,53.22289845600005],[-9.008683064999957,53.223761610000054]]],[[[-8.99846316399993,53.22423688900005],[-8.996900608999965,53.22134736700008],[-8.998282334999942,53.222640768000076],[-9.003688954999973,53.22183372100005],[-8.99884820899996,53.22384815300006],[-9.00222864899996,53.22379523800004],[-8.99846316399993,53.22423688900005]]],[[[-9.019975134999981,53.22526901200007],[-9.01456503199995,53.223739634000026],[-9.021034990999965,53.225093353000034],[-9.024838766999949,53.22435805200007],[-9.02080185699998,53.22133580000008],[-9.020222622999938,53.22018438100008],[-9.02145399799997,53.219762969000044],[-9.021829667999953,53.21904421600004],[-9.023299117999954,53.21857033100008],[-9.023535811999977,53.218137014000035],[-9.025232376999952,53.218201728000054],[-9.027323039999942,53.21592214700007],[-9.03560697499995,53.21616295200005],[-9.031651219999958,53.21491698800003],[-9.030763166999975,53.21580480400007],[-9.031031761999941,53.214771358000064],[-9.027033397999958,53.21551823600004],[-9.022286770999926,53.213165005000064],[-9.018434420999938,53.21450794900005],[-9.01822440199993,53.21295974600008],[-9.027260868999974,53.21332349700003],[-9.045316530999969,53.21706846200004],[-9.049427021999975,53.21985424600007],[-9.03927964299993,53.220710058000066],[-9.02535047899994,53.225152911000066],[-9.019975134999981,53.22526901200007]]],[[[-9.69148718799994,53.22478224400004],[-9.69179909099995,53.223757222000074],[-9.688810598999964,53.224049999000044],[-9.689388932999975,53.22259649600005],[-9.69468562999998,53.22170922300006],[-9.695377794999956,53.22394404200003],[-9.69148718799994,53.22478224400004]]],[[[-9.765702026999975,53.23283957900003],[-9.76268022499994,53.22943489200003],[-9.771639856999968,53.229720428000064],[-9.765702026999975,53.23283957900003]]],[[[-9.795208062999961,53.23413417100005],[-9.79381389699995,53.23303156000003],[-9.797521794999966,53.23216653700007],[-9.795208062999961,53.23413417100005]]],[[[-9.764885188999926,53.23958957000008],[-9.765910101999964,53.23571275300003],[-9.770066074999932,53.23528188300003],[-9.764885188999926,53.23958957000008]]],[[[-9.761339480999936,53.24375568700003],[-9.761389189999932,53.24051769500005],[-9.767034355999954,53.24074891500004],[-9.766300218999959,53.24285360300007],[-9.761339480999936,53.24375568700003]]],[[[-9.753771514999926,53.245559883000055],[-9.742056361999971,53.241500391000045],[-9.748818902999972,53.23858731000007],[-9.759162697999955,53.23962459000006],[-9.758507313999928,53.243134129000055],[-9.753771514999926,53.245559883000055]]],[[[-9.050857353999959,53.25602205700005],[-9.050948071999926,53.25353610700006],[-9.056608586999971,53.25349550100003],[-9.055270793999966,53.25545713400004],[-9.052196942999956,53.25388467200003],[-9.050857353999959,53.25602205700005]]],[[[-9.731169841999929,53.24979371500007],[-9.72730908699998,53.24933753400006],[-9.726663968999958,53.24790737200004],[-9.722385191999933,53.24819050000008],[-9.718632353999965,53.24558611900005],[-9.724151680999967,53.237638090000075],[-9.718162443999972,53.231093686000065],[-9.719574135999949,53.22788954300006],[-9.722804864999944,53.22731317300003],[-9.720713577999959,53.22848500600003],[-9.733271168999977,53.23271758000004],[-9.736317450999934,53.23184092900004],[-9.735777546999941,53.22933978200007],[-9.73799224399994,53.229398831000026],[-9.736548404999951,53.228454369000076],[-9.74534162599997,53.23056962800007],[-9.75170246099998,53.229896729000075],[-9.757191727999952,53.22720915100007],[-9.75681670299997,53.22873326300004],[-9.758650025999941,53.22815965900003],[-9.760473735999938,53.23001504200005],[-9.75717199199994,53.233330194000075],[-9.752045832999954,53.23480701600005],[-9.75339609699995,53.23218312400007],[-9.746347679999928,53.23244961800003],[-9.74583768499997,53.23483908400004],[-9.738144353999928,53.23496947400008],[-9.738120754999954,53.23618913900003],[-9.745012112999973,53.23682879300003],[-9.740946924999946,53.23773307500005],[-9.74253379399994,53.24121253700008],[-9.740591129999927,53.239724058000036],[-9.739752431999932,53.24071281600004],[-9.743354895999971,53.247000752000076],[-9.738747194999974,53.24822714100003],[-9.733743259999926,53.246632815000055],[-9.731169841999929,53.24979371500007]]],[[[-9.023182559999952,53.25948147300005],[-9.025888226999939,53.259304447000034],[-9.02368131399993,53.25798029300006],[-9.02303480699993,53.25917626800003],[-9.022872330999974,53.25780665100007],[-9.02753832999997,53.25852880900004],[-9.026914077999947,53.25944023200003],[-9.023182559999952,53.25948147300005]]],[[[-9.755128512999931,53.25259248900005],[-9.755045430999928,53.25131790000006],[-9.752165470999955,53.251813757000036],[-9.749934697999947,53.250272919000054],[-9.750188264999963,53.24780285300005],[-9.753525249999939,53.24595253700005],[-9.756722254999943,53.24809613300005],[-9.760899430999928,53.247589076000054],[-9.756501728999979,53.251003583000056],[-9.758092621999936,53.252005473000054],[-9.755128512999931,53.25259248900005]]],[[[-9.736967326999945,53.25829688300007],[-9.734904221999955,53.25621703200005],[-9.73608687899997,53.254772993000074],[-9.739649429999929,53.257502110000075],[-9.736967326999945,53.25829688300007]]],[[[-9.748495195999965,53.26285659800004],[-9.747994626999969,53.26157139500003],[-9.745725522999976,53.26205427500008],[-9.746915846999968,53.26046764300003],[-9.744571009999959,53.26174655800003],[-9.74125399199994,53.25969171100007],[-9.73821877599994,53.24850148500008],[-9.74431423699997,53.24791260500007],[-9.74783519999994,53.25000186400007],[-9.750801037999963,53.25573709200006],[-9.748914384999978,53.256682795000074],[-9.750435072999949,53.26043917000004],[-9.748495195999965,53.26285659800004]]],[[[-9.753871734999962,53.26775064800006],[-9.751286746999938,53.26046470700004],[-9.753664827999955,53.257488366000075],[-9.75854673799995,53.259410596000066],[-9.760836022999968,53.26373747200006],[-9.758232698999961,53.26651004400003],[-9.753871734999962,53.26775064800006]]],[[[-9.70234209199998,53.273242364000055],[-9.700500237999961,53.27238664100008],[-9.701858024999979,53.27114324000007],[-9.70234209199998,53.273242364000055]]],[[[-9.696239556999956,53.27639717400007],[-9.694426179999937,53.27275973900004],[-9.696629240999926,53.27356685900003],[-9.696239556999956,53.27639717400007]]],[[[-9.628135173999965,53.278400873000066],[-9.62883940599994,53.27430312300004],[-9.631044989999964,53.27595170700005],[-9.628135173999965,53.278400873000066]]],[[[-9.791886427999941,53.27668648900004],[-9.790531132999945,53.27179192300008],[-9.793517747999942,53.27086755100004],[-9.796690256999966,53.27370600200004],[-9.791886427999941,53.27668648900004]]],[[[-9.82444731399994,53.276520134000066],[-9.822879953999973,53.27368162400006],[-9.828583594999941,53.27310393400006],[-9.82444731399994,53.276520134000066]]],[[[-9.701416250999955,53.27938212500004],[-9.698308926999971,53.277310095000075],[-9.70152716399997,53.27799225000007],[-9.701416250999955,53.27938212500004]]],[[[-9.78961077599996,53.28176765000006],[-9.789158616999941,53.280641177000064],[-9.792373151999925,53.28027838500003],[-9.78961077599996,53.28176765000006]]],[[[-9.618042797999976,53.28483672400006],[-9.615032774999975,53.28397245500008],[-9.614730836999968,53.281985226000074],[-9.61774242599995,53.27676745900004],[-9.620954690999952,53.275285849000056],[-9.620216341999935,53.27766037300006],[-9.623642594999978,53.278173665000054],[-9.622391124999979,53.27937732200007],[-9.625118637999947,53.27952590600006],[-9.625707628999976,53.281355835000056],[-9.624351808999961,53.284235713000044],[-9.62123099799993,53.28303028700003],[-9.618042797999976,53.28483672400006]]],[[[-9.66016497299995,53.28431402000007],[-9.651356150999959,53.282475126000065],[-9.655012714999941,53.27910175400007],[-9.652606711999965,53.27962259600008],[-9.653652256999976,53.27837185900006],[-9.648637468999937,53.27772518200004],[-9.64672649399995,53.27400601200003],[-9.649126699999954,53.27491608200006],[-9.648052374999963,53.27326162400004],[-9.650943926999958,53.27385200700007],[-9.65599795299994,53.271592887000054],[-9.660472661999961,53.27735162500005],[-9.662551181999959,53.27641578600003],[-9.65681787099993,53.27148806400004],[-9.654381327999943,53.26578432300005],[-9.65344221099997,53.266547338000066],[-9.644130179999934,53.26357697800006],[-9.642076011999961,53.25728805600005],[-9.641904092999937,53.24207150800004],[-9.646906436999927,53.23543367700006],[-9.651059922999934,53.23366916800006],[-9.648325460999956,53.23299259800007],[-9.647022275999973,53.229220465000026],[-9.653280129999928,53.22962370100004],[-9.657654357999945,53.22579832900004],[-9.66364489199998,53.22595750700003],[-9.666400341999974,53.223777805000054],[-9.671135943999957,53.22541018100003],[-9.670923400999982,53.22383077300003],[-9.676353138999957,53.224399979000054],[-9.68301599299997,53.22718162800004],[-9.67864166399994,53.22970658000003],[-9.686917600999948,53.229164499000035],[-9.68899853399995,53.22718768200008],[-9.693761950999942,53.22954337500005],[-9.693969541999934,53.22744820100007],[-9.700620596999954,53.22519573500006],[-9.70367512799993,53.22900907700006],[-9.70219078699995,53.23005789500007],[-9.704739297999936,53.23057333300005],[-9.702706335999949,53.23133966600005],[-9.704579206999938,53.231259375000036],[-9.704083582999942,53.23356687300003],[-9.712571527999955,53.23410981300003],[-9.71426834999994,53.235547892000056],[-9.711864079999941,53.23667639200005],[-9.718264390999934,53.24283105900008],[-9.717278996999937,53.24489482900003],[-9.713924530999975,53.24587770100004],[-9.712636028999952,53.244184121000046],[-9.711218798999937,53.24675474900005],[-9.70298904699996,53.25034801000004],[-9.70350019999995,53.25264092900005],[-9.710290698999927,53.25409816900003],[-9.712484022999945,53.25248141900005],[-9.714287965999972,53.256162637000045],[-9.714408155999934,53.25432816800003],[-9.717752853999968,53.25339996900004],[-9.719067526999936,53.25448042700003],[-9.715927619999945,53.25580641800008],[-9.721532727999943,53.25834842900008],[-9.724012240999969,53.26340527700006],[-9.71386436499995,53.26682360600006],[-9.707276135999962,53.26521543800004],[-9.702627373999974,53.26755872000007],[-9.699412355999925,53.26645296700008],[-9.700926109999955,53.26888162500006],[-9.69942032399996,53.269638566000026],[-9.681454844999962,53.27077137100008],[-9.683695935999936,53.274111652000045],[-9.680387243999974,53.27508401100005],[-9.683556841999973,53.28010135800008],[-9.68154306599996,53.28182091100007],[-9.675372122999931,53.27931601200004],[-9.670969431999936,53.27930799500007],[-9.67060586499997,53.280764427000065],[-9.666489402999957,53.28166658400005],[-9.660279325999966,53.27990999500008],[-9.659944682999935,53.28192211000004],[-9.662913205999928,53.28284617500003],[-9.66016497299995,53.28431402000007]]],[[[-9.716563575999942,53.28453166200006],[-9.710135160999926,53.27936444200003],[-9.708866660999945,53.28133468800007],[-9.703619763999939,53.279450033000046],[-9.700912572999925,53.276001819000044],[-9.702032312999961,53.27407457900006],[-9.708679075999953,53.27629270600005],[-9.713265714999977,53.272746795000046],[-9.716412800999933,53.272030964000066],[-9.718772032999937,53.273074586000064],[-9.72224612399998,53.282417956000074],[-9.716563575999942,53.28453166200006]]],[[[-9.741789025999935,53.284242676000076],[-9.739718724999932,53.281976443000076],[-9.733926462999932,53.282137903000034],[-9.732477811999956,53.277520019000065],[-9.734511760999965,53.27653516100003],[-9.74263068099998,53.279046771000026],[-9.741789025999935,53.284242676000076]]],[[[-9.605464235999932,53.28944979900007],[-9.603006850999975,53.285042032000035],[-9.611706545999937,53.283775252000055],[-9.609313364999934,53.28833374900006],[-9.605464235999932,53.28944979900007]]],[[[-9.711497945999952,53.28879344900008],[-9.709887572999946,53.28537509600005],[-9.712340383999958,53.28722185500004],[-9.711497945999952,53.28879344900008]]],[[[-9.638581919999979,53.29021985900005],[-9.638382170999932,53.28777172200006],[-9.641228216999934,53.28599338300006],[-9.643579350999971,53.288269143000036],[-9.638581919999979,53.29021985900005]]],[[[-9.612935364999942,53.29339922100007],[-9.611063460999958,53.292393411000035],[-9.614422131999959,53.29100711700005],[-9.612935364999942,53.29339922100007]]],[[[-9.616339851999953,53.29744397700006],[-9.615154944999972,53.29475894300003],[-9.616914132999966,53.29459717300006],[-9.616339851999953,53.29744397700006]]],[[[-9.716459763999978,53.298279681000054],[-9.714299551999943,53.297873329000026],[-9.719127622999963,53.29264531500007],[-9.721202507999976,53.29494640000007],[-9.719625721999932,53.29697229400006],[-9.716971930999932,53.29603403400006],[-9.718227443999979,53.29732083200008],[-9.716459763999978,53.298279681000054]]],[[[-9.808267003999958,53.301528286000064],[-9.80736191699998,53.30044388300007],[-9.801423472999943,53.30087862800008],[-9.80097907499993,53.29903455800007],[-9.804358505999971,53.29797855500004],[-9.804220446999977,53.29655067300007],[-9.811226172999966,53.295797167000046],[-9.81733884099998,53.28899468700007],[-9.820824527999946,53.28771778600003],[-9.82266814899998,53.28837714200006],[-9.819984751999925,53.29123094100004],[-9.821059763999926,53.29298969000007],[-9.814871005999976,53.29854695700004],[-9.811998076999942,53.29807614900005],[-9.812165487999948,53.29958184700007],[-9.808267003999958,53.301528286000064]]],[[[-9.639760683999953,53.30445553000004],[-9.640077067999925,53.30306148400007],[-9.641410692999955,53.30407005600006],[-9.639760683999953,53.30445553000004]]],[[[-9.637597052999979,53.30509286800003],[-9.636704488999953,53.30264788100004],[-9.63889970899993,53.30378480400003],[-9.637597052999979,53.30509286800003]]],[[[-9.884140997999964,53.302850687000046],[-9.880837120999956,53.303032518000066],[-9.882295761999956,53.29900483900008],[-9.886449917999926,53.29884668400007],[-9.888352312999928,53.29693345900006],[-9.894101124999963,53.29764933000007],[-9.894093176999945,53.30011665500007],[-9.890947986999947,53.30190070200007],[-9.884140997999964,53.302850687000046]]],[[[-9.894607514999961,53.30432460800006],[-9.892684944999928,53.30320597200006],[-9.894831404999934,53.30317266600008],[-9.894607514999961,53.30432460800006]]],[[[-9.685561690999975,53.309775814000034],[-9.672889744999964,53.30791364000004],[-9.672705084999961,53.30500737300008],[-9.669086381999932,53.30706369900008],[-9.666063787999974,53.30519332700004],[-9.662800441999934,53.305418219000046],[-9.659090035999952,53.30077722400006],[-9.65816385599993,53.30200914800008],[-9.651036929999975,53.29975170100005],[-9.651553146999959,53.30200341500006],[-9.645066777999943,53.30421993400006],[-9.641950590999954,53.30159130700008],[-9.636552519999952,53.302317032000076],[-9.630153581999934,53.29709587000008],[-9.633733875999951,53.29397779000004],[-9.63792260899993,53.29546501600004],[-9.644181347999961,53.29254914000006],[-9.648640814999965,53.29330366700003],[-9.649568104999958,53.28830161800005],[-9.652572051999925,53.28905472300005],[-9.653846249999958,53.28775789100007],[-9.657418479999933,53.28787911000006],[-9.660919296999964,53.28939672400003],[-9.66537885799994,53.28762616500006],[-9.672184891999962,53.287938919000055],[-9.67331373899998,53.28617754700008],[-9.676121168999941,53.28822438200007],[-9.68011532099996,53.28663447400004],[-9.68473837299996,53.28889465000003],[-9.68414452299993,53.28653198200004],[-9.687798715999975,53.28484828400008],[-9.685044285999936,53.28484457500008],[-9.687077296999973,53.28385046600005],[-9.683991725999931,53.28315666300006],[-9.690008637999938,53.27964862400006],[-9.69042623699994,53.281279174000076],[-9.697436438999944,53.28412975700007],[-9.704224267999962,53.284170637000045],[-9.702938625999934,53.28627976700005],[-9.706793431999927,53.28548705500003],[-9.71055223299993,53.28896176000006],[-9.708056014999954,53.28870795500006],[-9.706543118999946,53.29021851200008],[-9.702358447999927,53.286871086000076],[-9.696116787999927,53.28799986400003],[-9.694333769999957,53.28643458300007],[-9.691629005999971,53.28790669300008],[-9.691979648999961,53.28983453400008],[-9.690036206999935,53.28988224600005],[-9.69139796899998,53.29121978500007],[-9.704123765999952,53.29334816200003],[-9.71192048699993,53.29732695300004],[-9.704798765999954,53.30457288800005],[-9.685561690999975,53.309775814000034]]],[[[-9.924683866999942,53.30742804800008],[-9.918113553999945,53.306929042000036],[-9.916976717999944,53.303499471000066],[-9.923180586999933,53.30355598600005],[-9.926140232999956,53.30653618900004],[-9.924683866999942,53.30742804800008]]],[[[-9.652937134999945,53.31277696800004],[-9.65482770799997,53.30920647600004],[-9.65541221999996,53.31217688800007],[-9.652937134999945,53.31277696800004]]],[[[-9.855581603999951,53.31410137100005],[-9.852985458999967,53.31297525900004],[-9.853357409999944,53.31112333200008],[-9.848195701999941,53.31069489400005],[-9.851529293999931,53.305415622000055],[-9.845806765999953,53.30627870300003],[-9.844852410999977,53.30514779300006],[-9.83997863199994,53.29301510200003],[-9.837149801999942,53.29144533400006],[-9.840738612999928,53.28795628000006],[-9.846451308999974,53.29139358900005],[-9.847585600999935,53.29009634800008],[-9.851153659999966,53.29104191300007],[-9.85080000399995,53.300061233000065],[-9.856638189999956,53.30047855200007],[-9.857866982999951,53.29888905100006],[-9.86060742799998,53.300542577000044],[-9.864374583999961,53.29988085300005],[-9.866349784999954,53.30102107500005],[-9.862103304999948,53.30355701900004],[-9.863352804999977,53.30417651000005],[-9.875219726999944,53.30290664000006],[-9.873548936999953,53.30546500400004],[-9.871218908999936,53.30477132900006],[-9.866223094999953,53.30711107500008],[-9.862954738999974,53.31076750700004],[-9.859335014999942,53.31146259900004],[-9.858168754999951,53.310077077000074],[-9.855581603999951,53.31410137100005]]],[[[-9.840041545999952,53.31390191100007],[-9.836710642999947,53.31102884900008],[-9.83117210499995,53.31035606300003],[-9.831547246999946,53.30867872200008],[-9.835228000999962,53.30894690200006],[-9.83448238699998,53.310630530000026],[-9.837025702999938,53.309650171000044],[-9.836923313999932,53.30806355100003],[-9.833471318999955,53.307920584000044],[-9.836963601999969,53.30616768400006],[-9.843496476999974,53.30794027200005],[-9.84118706299995,53.31094574000008],[-9.839447237999934,53.310655300000064],[-9.842523194999956,53.31409735600005],[-9.840041545999952,53.31390191100007]]],[[[-9.696191411999962,53.318035691000034],[-9.692261642999938,53.31683839100003],[-9.697004814999957,53.315995516000044],[-9.696191411999962,53.318035691000034]]],[[[-9.846672818999934,53.31651532400008],[-9.85003370399994,53.313423284000066],[-9.850922112999967,53.315681907000055],[-9.846672818999934,53.31651532400008]]],[[[-9.637265927999977,53.32048563200004],[-9.63099180599994,53.31997686700004],[-9.629127965999942,53.31856331400007],[-9.633175706999964,53.31753654500005],[-9.633648623999932,53.314687312000046],[-9.638423993999936,53.31372331300008],[-9.63239768099993,53.31293982200003],[-9.630909759999952,53.31075236000004],[-9.627032139999926,53.312638012000036],[-9.624829875999978,53.311803360000056],[-9.625594306999972,53.30859167400007],[-9.630315903999929,53.30794393900004],[-9.63035658299998,53.30949626100005],[-9.635075574999973,53.30424289700005],[-9.63510490899995,53.31198117000008],[-9.63715751199993,53.31075101700003],[-9.638340630999949,53.31185940700004],[-9.651134377999938,53.31140487300007],[-9.64836313799998,53.31707648400004],[-9.637265927999977,53.32048563200004]]],[[[-9.63728167399995,53.32281534200007],[-9.636544335999929,53.321710273000065],[-9.640603100999954,53.32131161600006],[-9.63728167399995,53.32281534200007]]],[[[-9.682490177999966,53.32373262900006],[-9.680427484999939,53.32338320000008],[-9.682590301999937,53.321900105000054],[-9.680849532999957,53.32026127000006],[-9.675691179999944,53.322480315000064],[-9.676335258999927,53.31884612700003],[-9.671474561999958,53.32067318700007],[-9.672552867999968,53.32237700200005],[-9.66928631199994,53.321710619000044],[-9.66416748699993,53.32356635200006],[-9.661809121999966,53.32183594800006],[-9.665898588999937,53.32079154000007],[-9.660386783999968,53.31841131200008],[-9.666536581999935,53.31673306000005],[-9.671501315999933,53.31714304700006],[-9.673065915999928,53.318796864000035],[-9.682851783999979,53.31515383100003],[-9.684905939999965,53.319634707000034],[-9.682490177999966,53.32373262900006]]],[[[-9.665895381999974,53.326819733000036],[-9.66406332799994,53.32523337100008],[-9.667918541999938,53.32497318000003],[-9.665895381999974,53.326819733000036]]],[[[-9.66175326299998,53.32830957900006],[-9.658774995999977,53.32635580400006],[-9.66230625299994,53.32706811400004],[-9.66175326299998,53.32830957900006]]],[[[-9.684176745999935,53.32928938400005],[-9.683548047999977,53.32763984400003],[-9.687219869999979,53.32638266600003],[-9.687575077999952,53.32795933500006],[-9.684176745999935,53.32928938400005]]],[[[-9.69043050199997,53.33132868300004],[-9.689729127999954,53.32983363900007],[-9.693709699999943,53.329084298000055],[-9.693606013999954,53.33068362500006],[-9.69043050199997,53.33132868300004]]],[[[-9.57996488799995,53.33246126100005],[-9.586079197999936,53.32772671400005],[-9.582239982999965,53.333847741000056],[-9.57996488799995,53.33246126100005]]],[[[-9.96741376999995,53.329392272000064],[-9.964424475999976,53.32860821200006],[-9.966093712999964,53.324793354000064],[-9.973124706999954,53.32038696200004],[-9.974321428999929,53.32406459900005],[-9.979269601999931,53.32779633300004],[-9.975583705999952,53.32926853300006],[-9.96741376999995,53.329392272000064]]],[[[-9.581305610999948,53.337861849000035],[-9.579488136999942,53.337196866000056],[-9.584930893999967,53.33613892400007],[-9.581305610999948,53.337861849000035]]],[[[-9.666977240999927,53.34142862600004],[-9.666763420999928,53.33959138800003],[-9.668762021999953,53.33930266100003],[-9.666977240999927,53.34142862600004]]],[[[-9.590927110999928,53.347502604000056],[-9.584616038999968,53.34548495300004],[-9.587325720999957,53.34092632100004],[-9.590002458999948,53.34129776000003],[-9.58913180199994,53.33873619800005],[-9.590917326999943,53.337858521000044],[-9.593321984999932,53.343296441000064],[-9.596348630999955,53.34399737100006],[-9.595906956999954,53.34696541300008],[-9.593023572999925,53.346230201000026],[-9.590927110999928,53.347502604000056]]],[[[-9.959544746999939,53.34463921400004],[-9.963312710999958,53.34531360500006],[-9.963625443999945,53.34681155900006],[-9.959544746999939,53.34463921400004]]],[[[-9.89140449699994,53.34879672300008],[-9.88938111799996,53.34741870400006],[-9.892622726999946,53.34627377600003],[-9.893995849999953,53.34701563400006],[-9.89140449699994,53.34879672300008]]],[[[-9.67446113699998,53.35403705300007],[-9.665645177999977,53.351841609000076],[-9.668096893999973,53.348517926000056],[-9.670890854999925,53.35098799000008],[-9.677860477999957,53.34934894700007],[-9.679001424999967,53.35181643200008],[-9.67446113699998,53.35403705300007]]],[[[-9.598538553999958,53.354684201000055],[-9.592901696999945,53.35415005700003],[-9.590299347999974,53.35073962100006],[-9.591914323999958,53.34878298700005],[-9.594789780999974,53.34855651700008],[-9.593318856999929,53.35047799400007],[-9.600518621999981,53.35226621500004],[-9.600623255999949,53.35432417800007],[-9.598538553999958,53.354684201000055]]],[[[-9.656338968999933,53.35643464700007],[-9.64970976099994,53.35500428600005],[-9.650990770999954,53.351758956000026],[-9.65410093099996,53.35231157800007],[-9.663949899999977,53.34982013100006],[-9.661635479999973,53.354472901000065],[-9.656338968999933,53.35643464700007]]],[[[-9.673150497999927,53.357217852000076],[-9.671030936999955,53.356852081000056],[-9.67099349199998,53.354116754000074],[-9.67545509699994,53.35548986400005],[-9.673150497999927,53.357217852000076]]],[[[-9.903354426999954,53.35382829200006],[-9.900494697999932,53.35136211500003],[-9.905938574999936,53.34911728900005],[-9.909179546999951,53.349718411000026],[-9.908333261999928,53.35211680200007],[-9.903354426999954,53.35382829200006]]],[[[-9.654085364999958,53.36194485600004],[-9.655567682999958,53.35861655100007],[-9.659132013999965,53.35829503400004],[-9.657702810999979,53.36158884300005],[-9.654085364999958,53.36194485600004]]],[[[-9.897150985999929,53.37041609900007],[-9.894350833999965,53.36903118200007],[-9.895604264999974,53.367827239000064],[-9.900194841999962,53.36978525300003],[-9.897150985999929,53.37041609900007]]],[[[-9.923414427999944,53.375980568000045],[-9.921180714999934,53.37327393700008],[-9.92197445499994,53.370016355000075],[-9.924708514999963,53.369652330000065],[-9.923626876999947,53.36742071600003],[-9.93135240099997,53.36614031000005],[-9.930220807999945,53.37130200200005],[-9.932522798999969,53.373540426000034],[-9.929496849999964,53.37546960900005],[-9.923414427999944,53.375980568000045]]],[[[-9.880114048999928,53.38675535800007],[-9.882400828999948,53.38460190400008],[-9.884747167999933,53.385900082000035],[-9.880114048999928,53.38675535800007]]],[[[-9.801419756999962,53.38838131300008],[-9.79939074999993,53.38800139400007],[-9.80295132699996,53.38791830900004],[-9.801419756999962,53.38838131300008]]],[[[-9.808331055999929,53.38819279300003],[-9.810839250999948,53.386675128000036],[-9.810144068999932,53.38858929200006],[-9.808331055999929,53.38819279300003]]],[[[-9.81922114699995,53.392567374000066],[-9.819605752999962,53.390947948000075],[-9.823644282999965,53.39118945900003],[-9.81922114699995,53.392567374000066]]],[[[-9.811753869999961,53.393861524000044],[-9.81344723799998,53.38978332900007],[-9.815336453999976,53.390697524000075],[-9.811753869999961,53.393861524000044]]],[[[-10.122430942999927,53.39092100700003],[-10.121572526999955,53.38966318200005],[-10.123944242999926,53.390964377000046],[-10.122430942999927,53.39092100700003]]],[[[-9.826574692999941,53.396925717000045],[-9.822134207999966,53.39646916700008],[-9.822767050999971,53.393627964000075],[-9.830638884999928,53.39465651100005],[-9.829649923999966,53.39659632000007],[-9.826574692999941,53.396925717000045]]],[[[-9.807703856999979,53.39891901100003],[-9.805668813999944,53.398285876000045],[-9.80708148399998,53.39607939200005],[-9.810476886999936,53.39583402300008],[-9.808674003999954,53.39480618200008],[-9.811259677999942,53.39445836800007],[-9.810910053999976,53.39800322200006],[-9.807703856999979,53.39891901100003]]],[[[-10.124618089999956,53.39705473200007],[-10.121979549999935,53.39469991800007],[-10.124222453999948,53.39269727000004],[-10.127624929999968,53.39261140600007],[-10.124618089999956,53.39705473200007]]],[[[-10.141404542999965,53.39888747800006],[-10.142766166999934,53.397980561000054],[-10.144103425999958,53.399457366000036],[-10.141404542999965,53.39888747800006]]],[[[-10.207428583999956,53.39945368900004],[-10.20578261199995,53.39901903200007],[-10.20749808599993,53.39818731500003],[-10.207428583999956,53.39945368900004]]],[[[-10.211412534999965,53.39995232800004],[-10.209334547999958,53.399098765000076],[-10.211488108999959,53.39747036600005],[-10.213657652999927,53.39903250500004],[-10.211412534999965,53.39995232800004]]],[[[-10.043204081999932,53.40311864300003],[-10.042774918999953,53.40128353600005],[-10.03979611699998,53.40095587300004],[-10.04256673599997,53.397935191000045],[-10.046053817999962,53.40275470200004],[-10.043204081999932,53.40311864300003]]],[[[-10.233121127999937,53.400264883000034],[-10.225461705999976,53.399208344000044],[-10.230514416999938,53.39681024500004],[-10.236327975999927,53.40041777600004],[-10.233121127999937,53.400264883000034]]],[[[-10.094110236999938,53.40325461700007],[-10.09584990899998,53.40116552000006],[-10.096282178999957,53.402726382000026],[-10.094110236999938,53.40325461700007]]],[[[-10.13686867499996,53.40421219900003],[-10.137682919999975,53.40135391700005],[-10.134955583999954,53.40058950100007],[-10.140047712999944,53.40026136100005],[-10.13686867499996,53.40421219900003]]],[[[-10.202468890999967,53.403128854000045],[-10.20096069799996,53.40277031100004],[-10.204005552999945,53.39994521800003],[-10.207615177999969,53.39970800900005],[-10.202468890999967,53.403128854000045]]],[[[-10.186421550999967,53.40873444300007],[-10.184057853999946,53.40866661500007],[-10.183544179999956,53.406944587000055],[-10.189006783999957,53.40672426500004],[-10.186421550999967,53.40873444300007]]],[[[-10.10616575299997,53.40955911000003],[-10.104904361999957,53.40784264300004],[-10.106460192999975,53.40902979900005],[-10.109260099999972,53.40821967200003],[-10.107431773999963,53.41040820900008],[-10.10616575299997,53.40955911000003]]],[[[-10.19122109999995,53.40948942500006],[-10.19159767399998,53.40783263900005],[-10.194782018999945,53.40795362700004],[-10.19122109999995,53.40948942500006]]],[[[-9.90412327699994,53.416464689000065],[-9.899094352999953,53.41501344100004],[-9.897332891999952,53.41618196600007],[-9.898901701999932,53.410867178000046],[-9.894578542999966,53.410719345000075],[-9.897467244999973,53.40845744100005],[-9.89593556799997,53.40543978100004],[-9.906468503999974,53.403081591000046],[-9.904687027999955,53.402136185000074],[-9.897705862999942,53.403398785000036],[-9.89250145699998,53.40158334700004],[-9.889700914999935,53.39930214600008],[-9.89035036699994,53.396368324000036],[-9.886505394999972,53.39455601000003],[-9.891550515999938,53.39138893000006],[-9.896547400999964,53.39138968700007],[-9.900772314999926,53.39319517200005],[-9.902453272999935,53.392039958000055],[-9.90189256399998,53.38930594700008],[-9.89237455999995,53.38559665000008],[-9.888633132999928,53.381194537000056],[-9.890584154999942,53.37766577500008],[-9.895979357999977,53.37538562900005],[-9.902045631999954,53.375798141000075],[-9.90831905899995,53.37985170500008],[-9.903317200999936,53.384240850000026],[-9.90571338899997,53.39112288200005],[-9.90173703399995,53.39279046000007],[-9.903646229999936,53.39438347200007],[-9.90687906599993,53.39401613800004],[-9.906105509999975,53.39771592900007],[-9.90855364999993,53.39924960800005],[-9.90548845799998,53.40176549100005],[-9.909690607999948,53.40258775800004],[-9.90607049199997,53.40479695000005],[-9.907815514999982,53.405373636000036],[-9.90622031199996,53.407495219000054],[-9.911007818999963,53.409251046000065],[-9.90425369999997,53.41145414400006],[-9.909189505999962,53.41488913300003],[-9.90412327699994,53.416464689000065]]],[[[-10.170372490999966,53.43575040600007],[-10.16891753599998,53.43448661100007],[-10.178367020999929,53.43213466200007],[-10.170372490999966,53.43575040600007]]],[[[-10.164473698999927,53.43826131600008],[-10.162367621999977,53.43785672000007],[-10.167285796999977,53.43669517100005],[-10.164473698999927,53.43826131600008]]],[[[-10.173769800999935,53.439290209000035],[-10.17100355599996,53.438856506000036],[-10.171028560999957,53.43713611600003],[-10.176498958999957,53.43786076100008],[-10.173769800999935,53.439290209000035]]],[[[-10.16410471499995,53.44132913100003],[-10.16466735299997,53.43986578400006],[-10.167292793999934,53.439916838000045],[-10.16410471499995,53.44132913100003]]],[[[-10.161228169999958,53.44439146000008],[-10.160088710999958,53.44374439200004],[-10.163553975999946,53.442052225000054],[-10.164119893999953,53.44383737000004],[-10.161228169999958,53.44439146000008]]],[[[-10.154541983999934,53.44538995000005],[-10.15283345499995,53.44365058100004],[-10.16064694399995,53.442816796000045],[-10.154541983999934,53.44538995000005]]],[[[-10.150142698999957,53.503603189000046],[-10.137762642999974,53.50136910500004],[-10.135765016999926,53.49903746800004],[-10.143370219999952,53.50061494000005],[-10.146888974999968,53.49832418400007],[-10.15981278299995,53.49858314200003],[-10.158964172999958,53.502183348000074],[-10.150142698999957,53.503603189000046]]],[[[-10.065918843999953,53.50901082400003],[-10.069548834999978,53.51068541700005],[-10.064317069999959,53.50972504600003],[-10.065918843999953,53.50901082400003]]],[[[-10.151600540999937,53.515332122000075],[-10.149561245999962,53.51362435500005],[-10.146144984999978,53.513635744000055],[-10.144481042999928,53.511447375000046],[-10.150593879999974,53.50942837600007],[-10.151185917999953,53.507065115000046],[-10.159570151999958,53.50701626500006],[-10.157027338999967,53.51189167300004],[-10.159533064999948,53.513505630000054],[-10.151600540999937,53.515332122000075]]],[[[-10.222986204999927,53.52662290900008],[-10.212902048999979,53.52633025200004],[-10.20856351699996,53.52390857700004],[-10.215181147999942,53.52244570100004],[-10.225087773999974,53.52261156000003],[-10.224147294999966,53.523750731000064],[-10.227293541999927,53.523938885000064],[-10.22386419999998,53.52495772700007],[-10.224707361999947,53.52612342900005],[-10.221522685999958,53.526022391000026],[-10.222986204999927,53.52662290900008]]],[[[-10.16118611099995,53.53875241800006],[-10.15380850899993,53.53704563000008],[-10.149196320999977,53.526418239000066],[-10.152856295999982,53.52667982100007],[-10.160556060999966,53.52353068600007],[-10.170116446999941,53.52309002100003],[-10.173742850999929,53.52669819700003],[-10.166749179999954,53.52736857300005],[-10.165556915999957,53.52941238500006],[-10.172990031999973,53.52996203600003],[-10.176511952999931,53.533875296000076],[-10.181618767999964,53.53538292200005],[-10.167219443999954,53.536518055000045],[-10.16118611099995,53.53875241800006]]],[[[-10.21397000199994,53.54422078600004],[-10.211826525999982,53.543706229000065],[-10.213112344999956,53.54275103300006],[-10.21397000199994,53.54422078600004]]],[[[-10.255192253999951,53.54951761400008],[-10.25304235699997,53.54747118300003],[-10.248884329999953,53.54946414200003],[-10.247452065999937,53.547415562000026],[-10.252864135999971,53.546039636000046],[-10.253112947999966,53.546945795000056],[-10.258338314999946,53.54223372000007],[-10.26227807999993,53.54191250900004],[-10.263899851999952,53.543751470000075],[-10.26159860599995,53.54342778100005],[-10.263275849999957,53.54482750200003],[-10.260988020999946,53.54558664600006],[-10.26162568199993,53.54702946400005],[-10.255192253999951,53.54951761400008]]],[[[-10.228449616999967,53.55057860200003],[-10.228453849999937,53.547584406000055],[-10.23415052599995,53.547568556000044],[-10.23369798999994,53.55001089900003],[-10.232539118999966,53.54894913000004],[-10.228449616999967,53.55057860200003]]],[[[-10.227909452999938,53.552735204000044],[-10.22802433299995,53.55070942100008],[-10.229720009999937,53.551542304000066],[-10.227909452999938,53.552735204000044]]],[[[-9.99356553299998,53.56725619600007],[-9.987673721999954,53.56637436500006],[-9.98650048199994,53.56476429400004],[-9.993699955999944,53.56444061500008],[-9.99676405699995,53.56684765300008],[-9.99356553299998,53.56725619600007]]],[[[-9.977162026999963,53.57077725500005],[-9.97528889299997,53.57043512900003],[-9.977061204999927,53.56931128900004],[-9.977162026999963,53.57077725500005]]],[[[-10.166391984999962,53.56838751200007],[-10.164741676999938,53.567914647000066],[-10.167757207999955,53.56781723100005],[-10.166391984999962,53.56838751200007]]],[[[-10.047370627999953,53.580032568000036],[-10.039486816999954,53.578437663000045],[-10.040270540999927,53.57523626900007],[-10.048353104999933,53.57694174900007],[-10.045101882999973,53.57731305900006],[-10.047370627999953,53.580032568000036]]],[[[-10.051096514999927,53.580172796000056],[-10.04738614799993,53.577680559000044],[-10.050365417999956,53.578236666000066],[-10.051096514999927,53.580172796000056]]],[[[-10.04089559199997,53.58835133400004],[-10.037930557999971,53.58673815900005],[-10.041560466999954,53.587128938000035],[-10.04089559199997,53.58835133400004]]],[[[-10.261920779999969,53.59836410400004],[-10.260207983999976,53.596547301000044],[-10.261865278999949,53.59451192300003],[-10.26586881299994,53.59378474600004],[-10.262919201999978,53.59544403500007],[-10.266753209999933,53.59785695000005],[-10.261920779999969,53.59836410400004]]],[[[-10.248636678999958,53.60680279600007],[-10.24511391599998,53.60541615200003],[-10.247035757999981,53.60382994000008],[-10.248905951999973,53.60410588800005],[-10.248636678999958,53.60680279600007]]],[[[-10.068667088999973,53.61044303600005],[-10.064414688999932,53.60976603600005],[-10.064452209999956,53.60822021800004],[-10.061401415999967,53.60919648500004],[-10.061435205999942,53.60712325800006],[-10.06849768199993,53.60758426500007],[-10.070235934999971,53.60930006800004],[-10.068667088999973,53.61044303600005]]],[[[-10.216388073999951,53.61061483700007],[-10.212890994999952,53.61011158500003],[-10.20974124099996,53.60722869800003],[-10.213903121999977,53.60721134800008],[-10.213846674999957,53.60881996100005],[-10.216946266999969,53.60880286200006],[-10.216388073999951,53.61061483700007]]],[[[-10.249407192999968,53.61039149700008],[-10.248127066999928,53.60932472600007],[-10.250333157999933,53.60888391000003],[-10.249407192999968,53.61039149700008]]],[[[-9.888924750999934,53.61799738900004],[-9.886761545999946,53.61728583400003],[-9.89064843999995,53.61836151000006],[-9.888924750999934,53.61799738900004]]],[[[-10.00957597799993,53.61659206400003],[-10.008319768999968,53.61530836500003],[-10.01043814299993,53.61566740300003],[-10.00957597799993,53.61659206400003]]],[[[-10.16130375199998,53.61398940300006],[-10.158240663999948,53.61178398200008],[-10.16168330399995,53.612305226000046],[-10.16090093799994,53.61138626400003],[-10.165000049999946,53.61036751300003],[-10.173700892999932,53.61038443000007],[-10.178395799999976,53.612398847000065],[-10.174877941999966,53.61377497600006],[-10.166950637999946,53.61285751200006],[-10.16130375199998,53.61398940300006]]],[[[-10.01768479499998,53.617830017000074],[-10.013021567999942,53.616236858000036],[-10.015508094999973,53.61505864900005],[-10.019614776999958,53.617114515000026],[-10.01768479499998,53.617830017000074]]],[[[-9.988171661999957,53.61946798400004],[-9.985926564999943,53.61758602900005],[-9.990352281999947,53.617665798000075],[-9.988171661999957,53.61946798400004]]],[[[-10.288804441999957,53.618459975000064],[-10.28652789399996,53.617752661000054],[-10.286000653999963,53.61895625600005],[-10.283122955999943,53.61569650100006],[-10.280577257999937,53.615964794000035],[-10.278228183999943,53.613954412000055],[-10.268240855999977,53.61307395100005],[-10.263474149999979,53.60897516400007],[-10.26333075399998,53.60542540100005],[-10.27219695399998,53.60422161400004],[-10.283058274999973,53.605721508000045],[-10.284642034999933,53.60751582000006],[-10.292641499999945,53.602286277000076],[-10.29472164699996,53.60302471600005],[-10.295085101999973,53.600411379000036],[-10.299109236999982,53.60053467800003],[-10.301723082999956,53.603808196000045],[-10.291990047999946,53.61070144000007],[-10.294591624999953,53.613539692000074],[-10.289656789999981,53.61646361100003],[-10.290890006999973,53.61840544000006],[-10.288804441999957,53.618459975000064]]],[[[-10.00438399099994,53.62708128100007],[-9.99888950299993,53.62574852900008],[-9.99403379499995,53.61956242300005],[-9.999158356999942,53.619754244000035],[-10.004438449999952,53.62335692600004],[-10.00438399099994,53.62708128100007]]],[[[-9.882661605999942,53.62967780100007],[-9.872108184999945,53.628313631000026],[-9.876039461999937,53.62733570900008],[-9.884294136999927,53.62935976500006],[-9.882661605999942,53.62967780100007]]],[[[-10.141111343999967,53.62931539200008],[-10.136756680999952,53.62789036500004],[-10.129481673999976,53.62892485300006],[-10.130299967999974,53.62798089300003],[-10.12838216299997,53.62867644700003],[-10.12564383199998,53.62723195500007],[-10.13000376499997,53.62581384600003],[-10.145291802999964,53.62679501200006],[-10.141111343999967,53.62931539200008]]],[[[-10.25906828999996,53.63167144200003],[-10.259892952999962,53.62925225400005],[-10.261591666999948,53.63177295700007],[-10.25906828999996,53.63167144200003]]],[[[-10.19876193899995,53.636429761000045],[-10.189509878999957,53.63194761400007],[-10.187095774999932,53.63325659900005],[-10.184302197999955,53.63184063400007],[-10.180428347999964,53.632346193000046],[-10.176999491999936,53.62872197200005],[-10.17946724899997,53.62666346900005],[-10.189105101999928,53.62466912300005],[-10.187691067999936,53.62057087100004],[-10.183434018999947,53.62025569900004],[-10.182838902999947,53.62171376900005],[-10.182587152999929,53.619831841000064],[-10.175766360999944,53.617510577000076],[-10.178699682999934,53.61735545400006],[-10.181899663999957,53.61461559600008],[-10.18501045399995,53.60927565700007],[-10.192845219999981,53.60620196200006],[-10.195804936999934,53.60657215900005],[-10.195825327999955,53.60797908500007],[-10.197426862999976,53.60684795700007],[-10.209727215999976,53.60818569400004],[-10.211321168999973,53.60949580600004],[-10.208075,53.61165892500003],[-10.204055101999927,53.60982479000006],[-10.205426878999958,53.61362440800008],[-10.222331316999941,53.61264552400007],[-10.223472372999936,53.61395689700004],[-10.228951536999944,53.61389787300004],[-10.231191746999968,53.61035246000006],[-10.232383615999936,53.61210023000007],[-10.233556839999949,53.61130785000006],[-10.242019443999936,53.61524732000004],[-10.25575807599995,53.618303851000064],[-10.258060217999969,53.61965219400008],[-10.25619315199998,53.62043089200006],[-10.25971029699997,53.62160338900003],[-10.25820297599995,53.627338542000075],[-10.252533441999958,53.627620053000044],[-10.25049796299993,53.630758194000066],[-10.247276413999941,53.63122055000008],[-10.243943767999951,53.628296781000074],[-10.245349910999948,53.62673438400003],[-10.24310318099998,53.622384139000076],[-10.233485266999935,53.62036950800007],[-10.23017649299993,53.621469156000046],[-10.232873426999959,53.62341728100006],[-10.232291001999954,53.62538991300005],[-10.231212016999962,53.62445520700004],[-10.232506324999974,53.62625433100004],[-10.231130092999933,53.62737753700003],[-10.230153128999973,53.626341883000066],[-10.230345942999975,53.62770447200006],[-10.227595109999982,53.62672206600007],[-10.223832398999946,53.62892458400006],[-10.223978134999982,53.632314577000045],[-10.206703730999948,53.62622705000007],[-10.204833294999958,53.629560913000034],[-10.208300100999963,53.63461010800006],[-10.205519253999967,53.63586397200004],[-10.20204864699997,53.635197884000036],[-10.203535497999951,53.63662676900003],[-10.19876193899995,53.636429761000045]]],[[[-10.07408047499996,53.68188360700003],[-10.068225268999981,53.67962520600008],[-10.073176091999926,53.67935037700005],[-10.07666044399997,53.68138422700008],[-10.07408047499996,53.68188360700003]]],[[[-10.090858823999952,53.71495376900003],[-10.08725414099996,53.71350642600004],[-10.087800676999962,53.71227206600008],[-10.081271647999927,53.71026405100008],[-10.089868727999942,53.70515546200005],[-10.092377905999967,53.705993343000046],[-10.087593217999938,53.699204526000074],[-10.091474435999942,53.69707930800007],[-10.102331056999958,53.69426934900008],[-10.109302708999962,53.695527595000044],[-10.108609888999979,53.69463955500004],[-10.11263895199994,53.69436680500007],[-10.113064430999941,53.69560355600004],[-10.117623124999966,53.69230456200006],[-10.123240582999927,53.69268351800008],[-10.12311928899993,53.69150794900003],[-10.13020690299993,53.69031501500007],[-10.13679493199993,53.69099685400005],[-10.136970933999976,53.69560252800005],[-10.133305217999975,53.69669548300004],[-10.139705435999929,53.69757649600007],[-10.13634701799998,53.69771433400007],[-10.135205936999967,53.70215160500004],[-10.131621545999963,53.702093097000045],[-10.129728666999938,53.70417783900007],[-10.12388834099994,53.70522934300004],[-10.127170279999973,53.70907072700004],[-10.126012762999949,53.71140535300003],[-10.119990472999973,53.712596563000034],[-10.10456582699993,53.70907138100006],[-10.102067661999968,53.71149143400004],[-10.09839849399998,53.71117100300006],[-10.090858823999952,53.71495376900003]]],[[[-10.03421041599995,53.72105171900006],[-10.027084206999973,53.71934180900007],[-10.02156115799994,53.71480465700006],[-10.02585980699996,53.71296703300004],[-10.036291394999978,53.71673886100007],[-10.038775861999966,53.720689150000055],[-10.03421041599995,53.72105171900006]]],[[[-9.584363219999943,53.78349446800007],[-9.582476438999947,53.78232851700005],[-9.586115890999963,53.78415993500005],[-9.584363219999943,53.78349446800007]]],[[[-9.59963651299995,53.78403397200003],[-9.59806210399995,53.78377487000006],[-9.60258381899996,53.78272802500004],[-9.599625457999934,53.785149886000056],[-9.59963651299995,53.78403397200003]]],[[[-9.640721803999952,53.789477555000076],[-9.639512341999932,53.78801320700006],[-9.641506099999958,53.789421685000036],[-9.643180407999978,53.786838687000056],[-9.645461689999934,53.78736462400008],[-9.641623721999963,53.78956886000003],[-9.640721803999952,53.789477555000076]]],[[[-9.57456614399996,53.79598897900007],[-9.573562250999942,53.79479452100003],[-9.577428861999977,53.795485918000054],[-9.57456614399996,53.79598897900007]]],[[[-9.635609700999964,53.799745536000046],[-9.634253111999953,53.79886617100004],[-9.63738849799995,53.797905220000075],[-9.643715620999956,53.798269410000046],[-9.639684989999978,53.80037339900008],[-9.635609700999964,53.799745536000046]]],[[[-9.648010782999961,53.79728515700003],[-9.653928186999963,53.797007860000065],[-9.654198101999953,53.79540941600004],[-9.654577661999951,53.79689089800007],[-9.65298547499998,53.79882046500006],[-9.648622837999937,53.800326434000056],[-9.648010782999961,53.79728515700003]]],[[[-9.648640807999925,53.80150379300005],[-9.64797237199997,53.80337462300008],[-9.64562071499995,53.80179209900007],[-9.648640807999925,53.80150379300005]]],[[[-9.630845087999944,53.80386536900005],[-9.635894709999945,53.80423221900003],[-9.63229556999994,53.80634858700006],[-9.627712625999948,53.80579327500004],[-9.626887519999968,53.80451892500008],[-9.630845087999944,53.80386536900005]]],[[[-9.652864659999977,53.804100609000045],[-9.657917426999973,53.80479855500005],[-9.657506094999974,53.80655844100005],[-9.652864659999977,53.804100609000045]]],[[[-9.634119698999939,53.81321499400008],[-9.630043609999973,53.812583216000064],[-9.626099796999938,53.80881615900006],[-9.631284526999934,53.80977082600003],[-9.631154949999939,53.81146787700004],[-9.638048271999935,53.81363578400004],[-9.634119698999939,53.81321499400008]]],[[[-9.666264312999942,53.80607268300008],[-9.672904094999978,53.81227714600004],[-9.672518005999962,53.813978],[-9.668978511999967,53.81204777200003],[-9.670440481999947,53.81159164500008],[-9.668362516999935,53.808992412000066],[-9.665438650999931,53.80840942200007],[-9.666264312999942,53.80607268300008]]],[[[-9.645802199999935,53.818684586000074],[-9.63578533499998,53.816079149000075],[-9.648685976999957,53.81836690000006],[-9.645802199999935,53.818684586000074]]],[[[-9.631267023999953,53.82090850000003],[-9.625373544999945,53.820640841000056],[-9.623593101999973,53.81852749800004],[-9.630538902999945,53.81847737500004],[-9.632849103999945,53.81984232100007],[-9.631267023999953,53.82090850000003]]],[[[-9.64701384999995,53.82133033300005],[-9.657646916999965,53.82166153500003],[-9.65256352299997,53.82622837500003],[-9.648437486999967,53.82516193500004],[-9.650624790999927,53.822305732000075],[-9.64701384999995,53.82133033300005]]],[[[-9.661910561999946,53.82950170500004],[-9.67051868599998,53.82646797400008],[-9.673414243999957,53.830388293000055],[-9.670823020999933,53.82858465100003],[-9.665006681999955,53.83114075600008],[-9.661910561999946,53.82950170500004]]],[[[-9.97752515999997,53.82769632900005],[-9.970709651999925,53.822397470000055],[-9.96885978499995,53.81749036300005],[-9.96354669799996,53.812840805000064],[-9.950039965999963,53.81265156000006],[-9.944178043999955,53.811083738000036],[-9.942513210999948,53.80713508900004],[-9.946214612999938,53.80630182700003],[-9.95307300199994,53.80100928000007],[-9.94990497699996,53.80012597000007],[-9.950514977999944,53.797877318000076],[-9.984998652999934,53.790489396000055],[-10.003815545999942,53.791113772000074],[-10.016835903999947,53.78946194300005],[-10.01952507599998,53.79195222800007],[-10.02089239999998,53.790813126000046],[-10.02325478199998,53.79202439800008],[-10.027082101999952,53.79018196900006],[-10.029718153999966,53.79125350600003],[-10.03097687899998,53.789507496000056],[-10.033751266999957,53.79068907700008],[-10.038991701999976,53.78932213500008],[-10.04061352499997,53.79075367200005],[-10.046550109999941,53.79071793500003],[-10.050945943999977,53.789134981000075],[-10.05165468599995,53.790544357000044],[-10.049575779999941,53.79029342800004],[-10.044713120999972,53.79500534200008],[-10.047339697999973,53.79577792500004],[-10.044115396999928,53.79785495300007],[-10.046924570999977,53.79845740900004],[-10.049342756999977,53.801987154000074],[-10.045032164999952,53.80468320600005],[-10.035211148999963,53.80489808500005],[-10.036047192999945,53.80672694900005],[-10.02367765899993,53.81097864900005],[-10.012379133999957,53.811001977000046],[-9.996801955999956,53.81420934700003],[-9.99483694199995,53.81888494200007],[-9.986731926999937,53.823959020000075],[-9.985146867999958,53.82824655400003],[-9.97752515999997,53.82769632900005]]],[[[-9.653151547999926,53.83193428900006],[-9.659220198999947,53.83207312900004],[-9.655015085999935,53.83415018300008],[-9.651772920999974,53.83253403400005],[-9.653151547999926,53.83193428900006]]],[[[-9.63469199399998,53.83814127000005],[-9.629145491999964,53.83597879300004],[-9.630852604999973,53.83457389900008],[-9.627792319999969,53.83057518600003],[-9.632825934999971,53.82881685900003],[-9.629519075999951,53.827466436000066],[-9.641251053999952,53.82724729000006],[-9.637565393999978,53.82911699600004],[-9.644077206999953,53.829706834000035],[-9.63370781499998,53.83378786800006],[-9.633737247999932,53.83544049200003],[-9.652016499999945,53.835152605000076],[-9.63469199399998,53.83814127000005]]],[[[-9.632367698999929,53.84184082100006],[-9.634436823999977,53.84214471900003],[-9.630586475999962,53.842037566000045],[-9.632367698999929,53.84184082100006]]],[[[-9.630494562999957,53.845879807000074],[-9.626696968999966,53.84439219200004],[-9.633287225999936,53.84387729800005],[-9.639864418999935,53.84016384800003],[-9.645725135999953,53.84182527300004],[-9.63424815899998,53.84587568200004],[-9.630494562999957,53.845879807000074]]],[[[-9.648895737999965,53.846475901000076],[-9.655460719999951,53.842549433000045],[-9.66059190599998,53.84302370200004],[-9.657741207999948,53.83964648300008],[-9.660326285999929,53.838252845000056],[-9.67181663499997,53.83740664700008],[-9.679882133999968,53.83468616600004],[-9.671742368999958,53.83942224000003],[-9.670860822999941,53.842964496000036],[-9.66683269999993,53.84351316500005],[-9.670108359999972,53.839746697000066],[-9.674178909999966,53.837903262000054],[-9.667977983999947,53.838860286000056],[-9.656850364999968,53.84555387700004],[-9.648895737999965,53.846475901000076]]],[[[-9.618753010999967,53.84798370200008],[-9.618837413999927,53.84695667700004],[-9.622143928999947,53.84775306900008],[-9.618753010999967,53.84798370200008]]],[[[-9.638121081999941,53.847229981000055],[-9.636431484999946,53.846324501000026],[-9.645759312999928,53.84705640000004],[-9.638121081999941,53.847229981000055]]],[[[-9.631017291999967,53.84827578200003],[-9.627730460999942,53.846763872000054],[-9.633148545999973,53.84771475000008],[-9.631017291999967,53.84827578200003]]],[[[-9.60983632999995,53.85190466700004],[-9.604837136999947,53.85068037500008],[-9.618099266999934,53.84975639600003],[-9.616893998999956,53.84848841200005],[-9.624786651999955,53.850346683000055],[-9.62116823599996,53.85172705900004],[-9.60983632999995,53.85190466700004]]],[[[-9.644516168999928,53.85050723900008],[-9.659429199999977,53.84821345600005],[-9.647952345999954,53.85140959600005],[-9.643148009999948,53.85090347000005],[-9.644516168999928,53.85050723900008]]],[[[-9.653171249999957,53.85231012200006],[-9.65732204099993,53.85275174900005],[-9.650971813999945,53.852564408000035],[-9.653171249999957,53.85231012200006]]],[[[-9.627820910999958,53.853803457000026],[-9.623251670999935,53.852107044000036],[-9.633981423999955,53.85328563000007],[-9.627820910999958,53.853803457000026]]],[[[-9.66705296899994,53.85032640600008],[-9.674652067999943,53.84790785300004],[-9.669170316999953,53.84700546600004],[-9.661481505999973,53.84809878100003],[-9.663305053999977,53.846656230000065],[-9.67577558399995,53.84663783700006],[-9.674914274999935,53.84931040400005],[-9.669028408999964,53.85352044500007],[-9.666783408999947,53.85328816500004],[-9.66705296899994,53.85032640600008]]],[[[-9.608962991999931,53.858325457000035],[-9.606109960999959,53.85807654000007],[-9.605785947999948,53.85502955100003],[-9.611150351999981,53.85415914600003],[-9.615600363999931,53.855516944000044],[-9.613194204999957,53.85959106900003],[-9.608962991999931,53.858325457000035]]],[[[-9.670392380999942,53.856850433000034],[-9.672445177999975,53.85702058100003],[-9.67112248099994,53.85882417100004],[-9.66788711299995,53.85906027800007],[-9.670392380999942,53.856850433000034]]],[[[-9.650794768999958,53.860212690000026],[-9.653069010999957,53.85802413300007],[-9.651101338999979,53.85672123400008],[-9.658318876999942,53.856989085000066],[-9.656915822999963,53.859290110000074],[-9.650794768999958,53.860212690000026]]],[[[-9.618073428999935,53.861201202000075],[-9.616395779999948,53.86098605600006],[-9.620900239999969,53.86109240800005],[-9.618073428999935,53.861201202000075]]],[[[-9.632399101999965,53.85924967400007],[-9.637603343999956,53.85977571700005],[-9.632980252999971,53.86183278300007],[-9.628586995999967,53.86026682500005],[-9.632399101999965,53.85924967400007]]],[[[-9.597738238999966,53.86244640800004],[-9.592775595999967,53.86123383100005],[-9.59586881499996,53.859864412000036],[-9.594321678999961,53.85915361800005],[-9.609073429999967,53.86209472000007],[-9.597738238999966,53.86244640800004]]],[[[-9.581346048999933,53.86232186700005],[-9.586488474999953,53.861400606000075],[-9.589555222999934,53.862485727000035],[-9.586249223999971,53.86403374500003],[-9.581346048999933,53.86232186700005]]],[[[-9.62192132399997,53.86556868000008],[-9.621166580999954,53.864700062000054],[-9.626190510999947,53.865534436000075],[-9.62192132399997,53.86556868000008]]],[[[-9.628585748999967,53.86657381400005],[-9.635952983999971,53.86673536100005],[-9.633727161999957,53.86775547000008],[-9.628585748999967,53.86657381400005]]],[[[-9.619946795999965,53.87133725800004],[-9.615164813999968,53.870601459000056],[-9.63285222099995,53.869888666000065],[-9.619946795999965,53.87133725800004]]],[[[-9.590115157999946,53.86951440000007],[-9.596996458999968,53.87126404600008],[-9.58894685699994,53.87490150600007],[-9.589207243999965,53.87139238300006],[-9.58714200299994,53.87050587200008],[-9.590115157999946,53.86951440000007]]],[[[-9.642974168999956,53.87548642500008],[-9.64097546499994,53.87480936000003],[-9.64833830799995,53.87462019800006],[-9.642974168999956,53.87548642500008]]],[[[-9.599240792999979,53.87721268100006],[-9.594755877999944,53.876565440000036],[-9.600168718999953,53.875447171000076],[-9.606868322999958,53.87611085200007],[-9.599240792999979,53.87721268100006]]],[[[-9.628657876999966,53.876725726000075],[-9.625558439999963,53.87647117100005],[-9.631811095999979,53.87673874700005],[-9.628657876999966,53.876725726000075]]],[[[-9.703314829999954,53.875248387000056],[-9.709007735999933,53.87319624400004],[-9.711767083999973,53.873691644000075],[-9.709100383999953,53.87563500700003],[-9.705047338999975,53.87518567700005],[-9.702514595999958,53.87653716700004],[-9.703314829999954,53.875248387000056]]],[[[-9.964892825999925,53.87281120800003],[-9.949932998999941,53.87142858400006],[-9.944519986999978,53.86833726200007],[-9.944272076999937,53.866181460000064],[-9.947958006999954,53.86504220300003],[-9.94397859199995,53.86292265900005],[-9.943277554999952,53.85784786500005],[-9.957940766999968,53.861556517000054],[-9.952509706999933,53.86317535200004],[-9.955056408999951,53.86380533500005],[-9.953513249999958,53.865731080000046],[-9.966477864999945,53.866195822000066],[-9.96453753999998,53.866582804000075],[-9.966364829999975,53.867296741000075],[-9.962538412999947,53.86710210800004],[-9.967272442999956,53.87061357600004],[-9.966712557999927,53.87222170100006],[-9.963423356999954,53.87207622200003],[-9.964892825999925,53.87281120800003]]],[[[-9.651007184999969,53.876547748000064],[-9.65504739499994,53.876722062000056],[-9.656300538999972,53.878701411000065],[-9.651007184999969,53.876547748000064]]],[[[-9.596661619999963,53.87888753500005],[-9.60082145299998,53.87943087300005],[-9.593117894999978,53.88040000600006],[-9.596661619999963,53.87888753500005]]],[[[-9.626719399999956,53.88091732700008],[-9.621457348999968,53.879144143000076],[-9.628687229999969,53.87896079300003],[-9.62854429999993,53.88091584500006],[-9.626719399999956,53.88091732700008]]],[[[-9.613860089999946,53.88389038000008],[-9.609616915999936,53.88266730600003],[-9.619239795999931,53.88195595800005],[-9.613860089999946,53.88389038000008]]],[[[-9.70729812299993,53.88028854700008],[-9.710488904999977,53.88054663200006],[-9.712027853999928,53.882867660000045],[-9.706310332999976,53.881872341000076],[-9.70729812299993,53.88028854700008]]],[[[-9.693043426999964,53.88548201700007],[-9.68620247399997,53.88444592600007],[-9.691265345999966,53.88320575200004],[-9.694722110999976,53.88401002900008],[-9.693043426999964,53.88548201700007]]],[[[-9.640669528999979,53.88595531400006],[-9.640906868999934,53.88466232900004],[-9.645994462999965,53.88518626200005],[-9.640669528999979,53.88595531400006]]],[[[-9.66447169099996,53.887850083000046],[-9.661953786999959,53.88697937400008],[-9.664726855999959,53.88533077500006],[-9.671916511999939,53.88540579900007],[-9.66447169099996,53.887850083000046]]],[[[-9.619500251999966,53.888730846000044],[-9.615112416999978,53.88775179700008],[-9.623367694999956,53.88766614600007],[-9.619500251999966,53.888730846000044]]],[[[-9.70598689999997,53.88776977600003],[-9.701735089999943,53.88679689200006],[-9.709309894999933,53.88674899800003],[-9.711733503999938,53.889717681000036],[-9.70598689999997,53.88776977600003]]],[[[-9.672332597999969,53.88899235100007],[-9.670714847999932,53.88824126500003],[-9.68368316599998,53.88883730100008],[-9.677922799999976,53.89150457100004],[-9.672332597999969,53.88899235100007]]],[[[-9.724090326999942,53.88894595900007],[-9.725096187999952,53.884178518000056],[-9.734684281999932,53.88549020100004],[-9.723122563999937,53.89100111600004],[-9.724090326999942,53.88894595900007]]],[[[-9.680458881999925,53.89381859000008],[-9.678663794999977,53.89335669800005],[-9.684109787999944,53.893585177000034],[-9.680458881999925,53.89381859000008]]],[[[-9.697148691999928,53.894402625000055],[-9.688488229999962,53.891937478000045],[-9.69658304199993,53.89083699100007],[-9.697148691999928,53.894402625000055]]],[[[-9.70591908199998,53.89597181900007],[-9.70208508199994,53.89475051800008],[-9.709050052999942,53.89341560400004],[-9.712849421999977,53.89498080800007],[-9.70591908199998,53.89597181900007]]],[[[-9.689543760999982,53.89737168100004],[-9.686361474999956,53.89569812600007],[-9.69551443599994,53.895675459000074],[-9.689543760999982,53.89737168100004]]],[[[-10.052446584999927,53.91511979300003],[-10.050656573999959,53.91491330400004],[-10.052401333999967,53.913285260000066],[-10.052446584999927,53.91511979300003]]],[[[-9.802682688999937,53.96114330300003],[-9.800456578999956,53.957357701000035],[-9.807231057999957,53.957759586000066],[-9.804381507999949,53.96136275500004],[-9.802682688999937,53.96114330300003]]],[[[-10.098326525999937,53.958938070000045],[-10.096323792999954,53.95724262200008],[-10.097863503999974,53.95656963500005],[-10.103178857999978,53.95756917800003],[-10.10244143899996,53.958797195000045],[-10.098326525999937,53.958938070000045]]],[[[-9.82749038399993,53.96572787300005],[-9.821051053999952,53.96158937100006],[-9.81987780199995,53.963459759000045],[-9.816329658999962,53.96306864200005],[-9.81864064299998,53.96187043700007],[-9.816129248999971,53.96075753800005],[-9.815774446999967,53.95626961200003],[-9.813178627999946,53.95437029300007],[-9.817188615999953,53.95187734800004],[-9.817404843999952,53.94939772400005],[-9.822088167999937,53.95115079300007],[-9.819971753999937,53.95391428900007],[-9.821351835999963,53.95781852600004],[-9.828955495999935,53.960567350000076],[-9.828931545999978,53.963852935000034],[-9.835273720999965,53.96565063800006],[-9.82749038399993,53.96572787300005]]],[[[-10.162262301999931,53.960051933000045],[-10.164855687999932,53.95954651200003],[-10.162773907999963,53.96096393300007],[-10.162262301999931,53.960051933000045]]],[[[-9.856994903999976,53.99061498600008],[-9.852288699999974,53.98366188600005],[-9.855456345999926,53.97379992900005],[-9.871816513999931,53.968835332000026],[-9.87027597399998,53.97603225000006],[-9.866335897999932,53.976112355000055],[-9.874465333999979,53.98406881900007],[-9.875389230999929,53.986040572000036],[-9.872336192999967,53.987087673000076],[-9.876259531999949,53.98960189200005],[-9.867981202999943,53.98842451200005],[-9.865549141999963,53.989288989000045],[-9.867050484999936,53.99342707000005],[-9.86359121299995,53.99576726000004],[-9.856994903999976,53.99061498600008]]],[[[-9.870226039999977,53.997355276000064],[-9.86702373099996,53.99380331300006],[-9.870120172999975,53.99237723500005],[-9.870226039999977,53.997355276000064]]],[[[-9.885895815999959,54.001481400000046],[-9.88741347499996,53.99986751400007],[-9.889941840999938,54.001193768000064],[-9.890856543999973,54.00039013600008],[-9.891761069999973,53.984501230000035],[-9.894233020999934,53.98467184300006],[-9.893906020999964,53.98814535400004],[-9.896558351999943,53.98865686500005],[-9.894260735999978,53.99121557900003],[-9.89806469299998,53.992499588000044],[-9.904304389999936,53.99160218600008],[-9.90361125499993,53.98726106100003],[-9.907259814999975,53.98827315900007],[-9.909092188999978,53.98704446000005],[-9.90801791399997,53.99210772300006],[-9.909646872999929,53.992879781000056],[-9.911727277999944,53.99169363000004],[-9.913383259999932,53.99458320000008],[-9.912468266999952,53.98706871600007],[-9.908026573999962,53.985858879000034],[-9.909302092999951,53.984833328000036],[-9.917499942999939,53.985750848000066],[-9.917687945999944,53.98881817800003],[-9.922076764999929,53.99102371300006],[-9.924555663999968,53.99563544700004],[-9.91436783499995,54.000194693000026],[-9.905226030999927,54.00130228300003],[-9.896334277999927,54.00028046700004],[-9.884953450999944,54.00380548900006],[-9.885895815999959,54.001481400000046]]],[[[-9.880106290999947,54.00596243400008],[-9.87821560499998,54.00592801700003],[-9.883946305999928,54.00464897100005],[-9.88316634299997,54.00621618400004],[-9.880106290999947,54.00596243400008]]],[[[-10.319583846999933,54.06742627400007],[-10.317122277999943,54.066577136000035],[-10.320691884999974,54.066672046000065],[-10.319583846999933,54.06742627400007]]],[[[-10.17037154899998,54.07916908900006],[-10.161672318999933,54.076098013000035],[-10.164880981999943,54.07175587800003],[-10.170202975999928,54.07257194400006],[-10.169236913999953,54.07054254800005],[-10.173451728999964,54.071361153000055],[-10.173804749999931,54.070197542000074],[-10.18338721799995,54.07243290300005],[-10.179373860999931,54.07302718100004],[-10.178112437999971,54.07566192300004],[-10.17415503999996,54.07557716500003],[-10.173997804999942,54.07765797800005],[-10.171535577999975,54.077459891000046],[-10.17037154899998,54.07916908900006]]],[[[-10.150373595999952,54.08033730400007],[-10.141904211999929,54.07708565300004],[-10.14790073699993,54.07823580500008],[-10.154109995999931,54.07577696900006],[-10.156456244999958,54.07709010000008],[-10.158039051999936,54.076134480000064],[-10.15865374699996,54.07726762200008],[-10.150373595999952,54.08033730400007]]],[[[-10.128842558999963,54.08797911500005],[-10.130405981999957,54.08852738500008],[-10.12739556899993,54.088970638000035],[-10.128842558999963,54.08797911500005]]],[[[-10.202560866999931,54.11873290600005],[-10.203810141999952,54.11973063500005],[-10.200668961999952,54.11972388500004],[-10.202560866999931,54.11873290600005]]],[[[-10.210338189999959,54.124187720000066],[-10.205303154999967,54.123513366000054],[-10.208203756999978,54.11762195100005],[-10.205914553999946,54.113791621000075],[-10.212276688999964,54.11286255600004],[-10.213844079999944,54.11478246300004],[-10.216947528999981,54.11473859000006],[-10.217639065999947,54.11298323200003],[-10.225824455999941,54.11200099400003],[-10.224915532999944,54.10845173600006],[-10.23349174499998,54.10376322900004],[-10.23847419499998,54.10525136600006],[-10.233506610999939,54.106651758000055],[-10.235912474999964,54.10743863600004],[-10.235086388999946,54.10853016400006],[-10.227000102999966,54.10902433200005],[-10.231286530999967,54.10977580000008],[-10.228828689999943,54.11062138400007],[-10.234204516999966,54.11099764700003],[-10.227426127999934,54.11166448500006],[-10.231150721999938,54.11450894700005],[-10.224400955999954,54.115076490000035],[-10.225266311999974,54.11728079000005],[-10.220618267999953,54.11603332000004],[-10.220397490999972,54.11970625200007],[-10.210338189999959,54.124187720000066]]],[[[-10.204721112999948,54.147399420000056],[-10.195949028999962,54.14661096100008],[-10.198848822999935,54.14465129200005],[-10.192378714999961,54.14291250600007],[-10.192342163999967,54.14069279300003],[-10.18442354299998,54.136763778000045],[-10.185763874999964,54.13183590300008],[-10.17808561499993,54.12969386800006],[-10.18161728299998,54.128639769000074],[-10.183573495999951,54.130124849000026],[-10.186831133999931,54.12926033000008],[-10.194687985999963,54.13153853700004],[-10.19820326599995,54.130356936000055],[-10.19635537499994,54.12748652800008],[-10.200804392999942,54.12663807200005],[-10.202721792999967,54.124621638000065],[-10.20799158699998,54.12561070800007],[-10.205272372999957,54.126050819000056],[-10.207975974999954,54.12599499100003],[-10.203193253999927,54.12853378400007],[-10.205033583999978,54.128518660000054],[-10.202187486999946,54.12879840800008],[-10.20800731099996,54.12866573500003],[-10.208863017999931,54.130390039000076],[-10.206432864999954,54.13104228200007],[-10.211100235999936,54.13302392800006],[-10.202163548999977,54.13300936100006],[-10.208855030999928,54.13605698500004],[-10.208803243999967,54.13879017200003],[-10.200179713999944,54.141101449000075],[-10.20886982099995,54.14623218400004],[-10.204721112999948,54.147399420000056]]],[[[-10.195580929999949,54.154693019000035],[-10.192509022999957,54.154373631000055],[-10.192862412999943,54.15308666100003],[-10.198823817999937,54.15418901600003],[-10.195580929999949,54.154693019000035]]],[[[-10.193794725999965,54.15843447300006],[-10.191529629999934,54.158049660000074],[-10.198206819999939,54.156129873000054],[-10.193794725999965,54.15843447300006]]],[[[-10.186887087999935,54.160293152000065],[-10.185555312999952,54.16016799000005],[-10.185993275999977,54.15956174100006],[-10.190188589999934,54.15882067300004],[-10.186887087999935,54.160293152000065]]],[[[-10.185826847999977,54.161865645000034],[-10.183280525999976,54.16130127300005],[-10.18677738699995,54.160739652000075],[-10.19079695499994,54.15879770200007],[-10.194529536999937,54.159138401000064],[-10.185826847999977,54.161865645000034]]],[[[-10.155106873999955,54.19957726000007],[-10.153067239999928,54.198794286000066],[-10.154860145999976,54.19759538800008],[-10.156864266999946,54.19887],[-10.155106873999955,54.19957726000007]]],[[[-10.133267726999975,54.20142075200005],[-10.133548554999948,54.200238779000074],[-10.140843768999957,54.200024591000044],[-10.140168504999963,54.20147494400004],[-10.136305310999944,54.20114451000006],[-10.135259829999939,54.20261355100007],[-10.133267726999975,54.20142075200005]]],[[[-10.126549262999959,54.20288283700006],[-10.123748509999928,54.20217859400003],[-10.126797272999966,54.20089943500005],[-10.128807759999972,54.203161574000035],[-10.126549262999959,54.20288283700006]]],[[[-10.137624993999964,54.203737395000076],[-10.136362841999926,54.20153510700004],[-10.13957551599998,54.20192987300004],[-10.137624993999964,54.203737395000076]]],[[[-10.128863339999953,54.20733037400004],[-10.12522617899998,54.20651804900007],[-10.128236585999957,54.20615944800005],[-10.128863339999953,54.20733037400004]]],[[[-9.196366341999976,54.22405821600006],[-9.173054338999975,54.21811192200005],[-9.15845643199998,54.21594464300006],[-9.150424033999968,54.20978557900003],[-9.14340550299994,54.206849258000034],[-9.139470315999972,54.20040039600008],[-9.146171934999927,54.199516724000034],[-9.149048240999946,54.20057469600005],[-9.149775918999978,54.20311946800007],[-9.147568792999948,54.20468882500006],[-9.153151167999965,54.20703218800003],[-9.154556231999948,54.20555017000004],[-9.15485007899997,54.21026406800007],[-9.16130557799994,54.21397257600006],[-9.195838140999967,54.22080480300008],[-9.199571126999956,54.22239994800003],[-9.196366341999976,54.22405821600006]]],[[[-10.13172775299995,54.21453732100008],[-10.126244855999971,54.21008377700008],[-10.119765658999938,54.20946486400004],[-10.118907812999964,54.20817655500008],[-10.135012984999946,54.210067181000056],[-10.135696493999944,54.211386306000065],[-10.132407667999928,54.212248156000044],[-10.135450919999926,54.21264210100003],[-10.13172775299995,54.21453732100008]]],[[[-8.60825160099995,54.28815178100007],[-8.603731214999925,54.28725844100006],[-8.603340289999949,54.28538321000008],[-8.60581973199993,54.28626584300008],[-8.60723231999998,54.28533193000004],[-8.608506096999974,54.28734016100003],[-8.610676980999926,54.287957161000065],[-8.61341338799997,54.28748167100008],[-8.61207415299998,54.288035972000046],[-8.60825160099995,54.28815178100007]]],[[[-10.087390641999946,54.28276780900006],[-10.08936397499997,54.28153227700005],[-10.093760308999947,54.28228743500006],[-10.09131900799997,54.28459465000003],[-10.087390641999946,54.28276780900006]]],[[[-8.56304404399998,54.30284629100004],[-8.557407156999943,54.302987890000054],[-8.570347091999963,54.300511347000054],[-8.57403777899998,54.30102395700004],[-8.56304404399998,54.30284629100004]]],[[[-8.591635477999944,54.30568396600006],[-8.576416605999952,54.30031622700005],[-8.582205998999939,54.29804283100003],[-8.585287143999949,54.288098698000056],[-8.589165089999938,54.28655066400006],[-8.595346519999964,54.289101189000064],[-8.593686655999932,54.298710189000076],[-8.599795523999944,54.29979665900004],[-8.591635477999944,54.30568396600006]]],[[[-9.995956279999973,54.30862320400007],[-9.99640560399996,54.306563392000044],[-10.001302572999975,54.30654102500006],[-9.995956279999973,54.30862320400007]]],[[[-9.561279068999966,54.322401444000036],[-9.561530881999943,54.320312278000074],[-9.56536608999994,54.322192535000056],[-9.561279068999966,54.322401444000036]]],[[[-9.864664980999976,54.32834558800005],[-9.862436997999964,54.32851876600006],[-9.860660733999964,54.326257387000055],[-9.864252025999974,54.32489578900004],[-9.868830223999964,54.32742282800007],[-9.86574815399996,54.32995161600007],[-9.864664980999976,54.32834558800005]]],[[[-8.676271677999978,54.34390199000006],[-8.673580671999957,54.34369529200006],[-8.678353800999957,54.34270978200004],[-8.676271677999978,54.34390199000006]]],[[[-9.786800357999937,54.36563837500006],[-9.784833334999973,54.36472637600008],[-9.786642428999926,54.363420751000035],[-9.789198157999977,54.36447418100005],[-9.786800357999937,54.36563837500006]]],[[[-9.788951726999926,54.367926202000035],[-9.78464536399997,54.367620987000066],[-9.784664283999973,54.366416334000064],[-9.79042721899998,54.366172117000076],[-9.788951726999926,54.367926202000035]]],[[[-8.496494680999945,54.426217946000065],[-8.490609594999967,54.42097367200006],[-8.49868078399993,54.41796334900005],[-8.502454651999926,54.421497877000036],[-8.501379175999944,54.42509409500008],[-8.504451347999975,54.42616009400007],[-8.496494680999945,54.426217946000065]]],[[[-8.654566651999971,54.43590696700005],[-8.645403058999932,54.43292699300008],[-8.660825121999949,54.42892400200003],[-8.662286163999966,54.43042361300007],[-8.665886975999967,54.42816093400006],[-8.669594729999972,54.42833147200008],[-8.672838097999943,54.43287615000003],[-8.66400380899995,54.43598541000006],[-8.654566651999971,54.43590696700005]]],[[[-7.946578905999957,54.304290036000054],[-7.951430214999959,54.30020680900003],[-7.953098785999941,54.29825299000004],[-7.972471230999929,54.28441408600003],[-7.974365560999956,54.27353807000003],[-7.985499542999946,54.265796],[-7.991480096999965,54.25754661800005],[-8.00377360999994,54.24933948600005],[-8.00992148499995,54.24835092200004],[-8.041176465999968,54.25400500500007],[-8.049921653999945,54.244309986000076],[-8.054013718999954,54.24236719400005],[-8.054659902999958,54.23859398400003],[-8.058132977999946,54.23591390900003],[-8.04910900699997,54.23095233400005],[-8.044262278999952,54.222391464000054],[-8.039054301999954,54.22225985500006],[-8.036319683999977,54.219603756000026],[-8.036931786999958,54.21717085900008],[-8.033850769999958,54.215711260000035],[-8.034971131999953,54.21373521000004],[-8.033516456999962,54.21439746800007],[-8.032569880999972,54.21283914500003],[-8.035443448999956,54.20637713900004],[-8.039448430999926,54.20402889200005],[-8.045420474999958,54.20324227100008],[-8.050706866999974,54.197575364000045],[-8.050548549999974,54.19530671700005],[-8.045192823999969,54.19367812000007],[-8.048320243999967,54.19135429500005],[-8.047954456999946,54.18686155000006],[-8.042194270999971,54.18311092500005],[-8.035213969999973,54.185266986000045],[-8.035365130999935,54.18764895000004],[-8.031998956999928,54.18858229700004],[-8.030112556999939,54.18739681100004],[-8.029368296999962,54.19035450700005],[-8.024253944999941,54.18840077100003],[-8.023808398999961,54.18635579600004],[-8.02143057099994,54.18790506400006],[-8.013882543999955,54.188076],[-8.013141649999966,54.190650994000066],[-8.005305060999945,54.192279255000074],[-8.000344509999934,54.18896012500005],[-7.999899650999964,54.18555315900005],[-7.988646385999971,54.17988886100005],[-7.968890538999972,54.17707111100003],[-7.952981449999982,54.17889957700004],[-7.943882253999959,54.17081527500005],[-7.939017404999959,54.16868610600005],[-7.926411652999946,54.16681379600004],[-7.923404357999971,54.16202980600008],[-7.916599993999967,54.16122103100008],[-7.912314587999958,54.15458164800003],[-7.905132334999962,54.153882174000046],[-7.901077750999946,54.14794402600006],[-7.888381291999963,54.14179456000005],[-7.893581114999961,54.13549547800005],[-7.888301661999947,54.13561867000004],[-7.881636303999926,54.13184774200005],[-7.882107228999928,54.127805668000065],[-7.875254225999981,54.12369702400008],[-7.871008391999965,54.12433549900004],[-7.861281284999961,54.12253194300007],[-7.851943578999965,54.11904365200007],[-7.850830530999929,54.11757995100004],[-7.858696356999928,54.11308357900003],[-7.847216102999937,54.10687246300006],[-7.829672703999961,54.10075072200004],[-7.831369972999937,54.098588316000075],[-7.822297128999935,54.09645089900005],[-7.813568503999932,54.10027166800006],[-7.81162362799995,54.10167172700005],[-7.815690393999944,54.10277607100005],[-7.816843736999942,54.10488144300007],[-7.814125906999948,54.107829595000055],[-7.804928402999963,54.110645402000046],[-7.804118246999963,54.113652896000076],[-7.796689698999955,54.11681142700007],[-7.793460869999933,54.11298799600007],[-7.790100807999977,54.113004972000056],[-7.787616321999963,54.10799872600006],[-7.770558381999933,54.10711209400006],[-7.76322429399994,54.10968989700007],[-7.761925166999958,54.10717434800006],[-7.756319590999965,54.10623845400005],[-7.757138700999974,54.10234933500004],[-7.752914876999967,54.10232410500004],[-7.752686592999964,54.10233537200003],[-7.751034033999929,54.10212387100006],[-7.751020987999937,54.10172615000005],[-7.750513682999951,54.095081210000046],[-7.737083444999939,54.09352731800004],[-7.736594727999943,54.08292626000008],[-7.730826067999942,54.08224109100007],[-7.725266180999938,54.08468951400005],[-7.71311536099995,54.083065558000044],[-7.708903685999928,54.08422095200007],[-7.702254463999964,54.078759578000074],[-7.698569002999932,54.07230769800003],[-7.687474121999969,54.06809239200004],[-7.684935417999952,54.06021921200005],[-7.676134954999952,54.05964478900006],[-7.672320659999968,54.055752667000036],[-7.66645991799993,54.05890227400005],[-7.663292934999959,54.05597975400008],[-7.657656336999935,54.05638424000006],[-7.654162748999966,54.04879060500008],[-7.654916914999944,54.04277107100006],[-7.649145532999967,54.04022869800008],[-7.643993440999964,54.044739625000034],[-7.637955936999958,54.04291038100007],[-7.635208549999959,54.03935714600004],[-7.644118437999964,54.03580228100003],[-7.646391469999969,54.033189863000075],[-7.646784675999982,54.02792290000008],[-7.64265628499993,54.027616511000076],[-7.640437248999945,54.02250607900004],[-7.635682834999955,54.02305464800003],[-7.61916836599994,54.01850516300004],[-7.61244408999994,54.018906736000076],[-7.611536748999981,54.02150507600004],[-7.614078766999967,54.02532353700008],[-7.611037260999979,54.02669218300008],[-7.608256980999954,54.02463329700004],[-7.600932059999934,54.02324131100005],[-7.597039636999966,54.020319776000065],[-7.595904365999957,54.01644506500003],[-7.593011527999977,54.01651809600003],[-7.601843824999946,54.01220530000006],[-7.593117194999934,54.00292935600004],[-7.594867521999959,54.00158254100006],[-7.593533878999949,53.995886443000074],[-7.599148600999968,53.99196802100005],[-7.600442416999954,53.98769029200008],[-7.599727059999964,53.985734610000065],[-7.585058246999949,53.98088847400004],[-7.585510190999969,53.97264645000007],[-7.59372786299997,53.96867074200003],[-7.593846116999941,53.96639950200006],[-7.586271523999926,53.96269435200003],[-7.586382225999955,53.95908215400004],[-7.599819897999964,53.95017139300006],[-7.604777357999978,53.949930703000064],[-7.613432909999972,53.94038372500006],[-7.610290101999965,53.938363534000075],[-7.611785214999941,53.93628885800007],[-7.619761112999981,53.93538578300007],[-7.634539986999926,53.93941459700005],[-7.644134900999973,53.937923957000066],[-7.646731354999929,53.94155307500006],[-7.649514691999968,53.941912700000046],[-7.653168539999967,53.93831206900006],[-7.657676801999969,53.93738778900007],[-7.660731909999981,53.929318125000066],[-7.668216213999926,53.92823912600005],[-7.667371873999969,53.92141217200003],[-7.67839661499994,53.91704260300003],[-7.688207745999932,53.919128846000035],[-7.691253123999957,53.91836131200006],[-7.690618270999948,53.90587101300008],[-7.693298211999945,53.90452492900005],[-7.698836962999962,53.90468698500007],[-7.702839538999967,53.90037536900007],[-7.711398961999976,53.90028121600005],[-7.710733240999957,53.89340016600005],[-7.713645442999962,53.89081346900008],[-7.726255478999974,53.88818275300008],[-7.73054736499995,53.87882624900004],[-7.737753860999931,53.87618173200008],[-7.747099767999941,53.880224948000034],[-7.751169475999973,53.87924696300007],[-7.750579369999969,53.875527368000064],[-7.758162837999976,53.87363506200006],[-7.754520449999973,53.86913844500003],[-7.759846139999979,53.86350659900006],[-7.766986671999973,53.867105525000056],[-7.776824762999979,53.86757861500007],[-7.771667663999949,53.84678235300004],[-7.782149825999966,53.83725220000008],[-7.780250652999939,53.828911779000066],[-7.787662386999955,53.82312330800005],[-7.788284319999946,53.81636252100003],[-7.803114180999955,53.81516071600004],[-7.810919248999937,53.82037762900006],[-7.815227319999963,53.81994164500003],[-7.827915274999953,53.81170410400006],[-7.83710797699996,53.81083121100005],[-7.843298029999971,53.81764718200003],[-7.846394893999957,53.81849099500005],[-7.853147028999956,53.830001579000054],[-7.857057374999954,53.831460665000066],[-7.865291705999937,53.825318165000056],[-7.861119156999962,53.81244696300007],[-7.863780812999948,53.80799278100005],[-7.868409972999928,53.805967140000064],[-7.876444624999976,53.80844602900004],[-7.875640744999941,53.810904469000036],[-7.870518243999925,53.813931910000065],[-7.871258044999934,53.816937961000065],[-7.875548556999945,53.81532587600003],[-7.879076178999981,53.818305199000065],[-7.883052728999928,53.81536403400003],[-7.885205827999926,53.82023444300006],[-7.882552769999961,53.82124168300004],[-7.882569649999937,53.821260849000055],[-7.882343803999959,53.823064583000075],[-7.88232594699997,53.82309564900004],[-7.881966131999945,53.82592081100006],[-7.88194185499998,53.82596039900005],[-7.881951772999969,53.825971389000074],[-7.881945648999931,53.82600995200005],[-7.881835511999952,53.82705228000003],[-7.881835287999934,53.82713194200005],[-7.883767397999975,53.829332484000076],[-7.888597594999965,53.82375814200003],[-7.89687689799996,53.821766841000056],[-7.89695216299998,53.824015606000046],[-7.911753518999944,53.82135090000003],[-7.918770170999949,53.821485374000076],[-7.910852141999953,53.81023506900004],[-7.909465459999979,53.79426088000008],[-7.894090477999953,53.78628609300006],[-7.881201607999969,53.78563255000006],[-7.875847707999981,53.77739585200004],[-7.880450157999974,53.77619318600006],[-7.883451363999939,53.77150122000006],[-7.88194264699996,53.767361520000065],[-7.886765622999974,53.76258854300005],[-7.886334761999933,53.759395194000035],[-7.89881911599997,53.756132947000026],[-7.906272024999964,53.752423614000065],[-7.908700025999963,53.74919736900006],[-7.917622374999951,53.74693426500005],[-7.917003530999978,53.73587505200004],[-7.920768430999942,53.733927977000064],[-7.930757167999957,53.733299387000045],[-7.941236988999947,53.738723521000054],[-7.947116930999925,53.73745201500003],[-7.944140089999962,53.72824418300007],[-7.949250648999964,53.71378351900006],[-7.954249646999926,53.71040144300008],[-7.96521410899993,53.711249398000064],[-7.97688306799995,53.701746495000066],[-7.987281812999981,53.69978069500007],[-7.982471463999957,53.69032010600006],[-7.984092591999968,53.68036428400006],[-7.99947991099998,53.66902875100004],[-8.003794693999964,53.66220948200004],[-8.014788471999964,53.662396527000055],[-8.026554579999981,53.653370324000036],[-8.034654286999967,53.64338612800003],[-8.035949044999938,53.630923385000074],[-8.035979353999949,53.607686227000045],[-8.01505661699997,53.58091569900006],[-7.980712731999972,53.55190470500003],[-7.955048608999959,53.48146977000005],[-7.966835313999979,53.44970995800003],[-7.966197704999956,53.446838299000035],[-7.959898056999975,53.44287474500004],[-7.957232696999938,53.433514296000055],[-7.952516555999978,53.43144333200007],[-7.955759637999961,53.43124039700007],[-7.972956196999974,53.42227561800007],[-7.940501582999957,53.41241194200006],[-7.943707358999973,53.41064606500004],[-7.942176416999928,53.40562164900007],[-7.924138636999942,53.39496402600008],[-7.923289886999953,53.38821729000006],[-7.913885340999968,53.37915318800003],[-7.910372070999927,53.37095350200008],[-7.91198038899995,53.368235094000056],[-7.918390984999974,53.36735456500003],[-7.925272438999968,53.36172818400007],[-7.93124241199996,53.36187825900004],[-7.937028011999928,53.358003394000036],[-7.943669186999955,53.35003352100006],[-7.941310549999969,53.34400159100005],[-7.943578160999948,53.34115577600005],[-7.969000396999945,53.33536850300004],[-7.975998197999957,53.33546199800003],[-7.982905354999957,53.33755515000007],[-7.988827205999939,53.33365133900003],[-7.98955826599996,53.330862558000035],[-7.986191187999964,53.329143722000026],[-7.995904874999951,53.324408136000045],[-8.00412576399998,53.32195656400006],[-8.012316490999979,53.324463595000054],[-8.021070632999965,53.323954436000065],[-8.027097798999932,53.32122006900005],[-8.027924169999949,53.31302828100007],[-8.024122649999981,53.30410563700008],[-8.029549670999927,53.30031893300003],[-8.031800257999976,53.29502014900004],[-8.03734043399993,53.29147913600008],[-8.04624314299997,53.28880146400007],[-8.048894827999959,53.28095531300005],[-8.055806357999927,53.27429102800005],[-8.042809400999943,53.27152310000008],[-8.034947188999979,53.26394470400004],[-8.029344862999949,53.26314469500005],[-8.027609782999946,53.253320778000045],[-8.00678979099996,53.250632127000074],[-7.999480904999928,53.24470189200008],[-7.981377126999973,53.23917622100004],[-7.971848416999933,53.233119585000054],[-7.967336821999936,53.22646330400005],[-7.97034271299998,53.21507166100008],[-7.974249482999937,53.209416402000045],[-7.993989326999952,53.19298233200004],[-8.001938691999953,53.19263471800008],[-8.02330945999995,53.19580468700008],[-8.030209768999953,53.194039031000045],[-8.037168660999953,53.19507138600005],[-8.050251923999951,53.19349019400005],[-8.061682674999929,53.18796476500006],[-8.074287521999963,53.17597983100006],[-8.08199837799998,53.17201927700006],[-8.083874477999927,53.170043331000045],[-8.081454331999964,53.16689478200004],[-8.084344898999973,53.16300925500008],[-8.106238089999977,53.15990910100004],[-8.118095181999934,53.16070878000005],[-8.124989648999929,53.15949163400006],[-8.147599983999953,53.14549278700008],[-8.146386782999969,53.14259925200008],[-8.156162379999955,53.135554608000064],[-8.161008482999932,53.13480815200006],[-8.165182235999964,53.12612633800006],[-8.172025429999962,53.12159151900005],[-8.168754950999926,53.114317173000074],[-8.174532845999977,53.11126412800007],[-8.188977514999976,53.09544323200004],[-8.196999068999958,53.09011459200008],[-8.198432202999982,53.08420360500003],[-8.213553158999957,53.078399955000066],[-8.218742348999967,53.06761347400004],[-8.249339679999935,53.06327403900008],[-8.267760136999925,53.05636351600003],[-8.268703983999956,53.036632345000044],[-8.278475141999934,53.018680876000076],[-8.301827023999977,53.00745301900008],[-8.316738685999951,52.98514322500006],[-8.338860439999962,52.987548537000066],[-8.345508286999973,52.98504714300003],[-8.351562056999967,52.975686565000046],[-8.356145198999968,52.974573227000064],[-8.358811080999942,52.971270711000045],[-8.36648590699997,52.97204134900005],[-8.366482221999945,52.97595811300005],[-8.371446026999934,52.97995572500008],[-8.402836440999977,52.98640185900007],[-8.408752401999948,52.99484805600008],[-8.418751125999961,52.99326016600003],[-8.424065764999966,52.98338753000007],[-8.45007745199996,52.97226506100003],[-8.461154761999978,52.98216425800007],[-8.484862377999946,52.98887028100006],[-8.50250521099997,52.98313905700007],[-8.510057207999978,52.998622356000055],[-8.50853520499993,53.00627406700005],[-8.511094717999981,53.009431265000046],[-8.516300155999943,53.00999161300007],[-8.51689761299997,53.01214012200006],[-8.523948093999934,53.01166444100005],[-8.525236208999956,53.02060985500003],[-8.528198055999951,53.023716111000056],[-8.536778923999975,53.02445035400007],[-8.55139593399997,53.02234069700006],[-8.55635906799995,53.02640339000004],[-8.560075568999935,53.031002122000075],[-8.560296412999946,53.03594510700003],[-8.554491568999936,53.04219523100005],[-8.60669033399995,53.03853269200005],[-8.626742454999942,53.03409196900003],[-8.62834857799993,53.03857761000006],[-8.634534622999979,53.04176750100004],[-8.651014926999949,53.03826697100004],[-8.654108871999938,53.03983160200005],[-8.675456508999957,53.03758045600006],[-8.682516035999981,53.03402255200007],[-8.682242685999938,53.031617606000054],[-8.692105009999977,53.029440470000054],[-8.696767501999943,53.02541308700006],[-8.714257172999964,53.02406194900004],[-8.71968972299993,53.02542056500005],[-8.73187780099994,53.01427386300003],[-8.738683672999969,53.01096640600008],[-8.736960365999948,53.00595277100007],[-8.741288059999931,53.00251252500004],[-8.751424173999965,52.999300636000044],[-8.764688104999948,52.991302113000074],[-8.778780470999948,52.98769659200008],[-8.779379441999936,52.97526997300008],[-8.786256611999931,52.97190000300003],[-8.786497486999963,52.97412966600007],[-8.79447356999998,52.97657624300007],[-8.799380506999967,52.97462805500004],[-8.802372727999966,52.97921581600008],[-8.805343567999955,52.97924739900003],[-8.81109463699994,52.974967727000035],[-8.816969852999932,52.97835827800003],[-8.826134914999955,52.97871610000004],[-8.827215701999933,52.981819475000066],[-8.83226964399995,52.981325334000076],[-8.833020935999969,52.988764038000056],[-8.836776129999976,52.99049791600004],[-8.840587805999974,52.98663916300006],[-8.846333277999975,52.98489673600005],[-8.849959441999943,52.986252069000045],[-8.849886818999948,52.98350663300005],[-8.846333693999952,52.98332392200007],[-8.84667866899997,52.977165315000036],[-8.851327175999927,52.97330831900007],[-8.850608454999929,52.97202567900007],[-8.85857303499995,52.96815653700003],[-8.860585058999959,52.97073379300008],[-8.86029409699995,52.978947178000055],[-8.86810569399995,52.97768733600003],[-8.870406240999955,52.97963703000005],[-8.87424299199995,52.98000762000004],[-8.882599145999961,52.97648189900008],[-8.885133800999938,52.97795152900005],[-8.884862075999933,52.98540280800006],[-8.890809863999948,52.99091712000006],[-8.886604544999955,52.99605199000007],[-8.896277553999937,53.00074575900004],[-8.898197530999937,53.01162502300008],[-8.893587107999963,53.01051780900008],[-8.883451155999978,53.01639580800003],[-8.88805161299996,53.02291614600006],[-8.887862549999966,53.02801819100006],[-8.900399853999943,53.03462987300003],[-8.898995654999965,53.04065234900003],[-8.899916296999947,53.04623462700005],[-8.901794299999949,53.04641771300004],[-8.89062753899998,53.05534707400005],[-8.891612136999981,53.06067714200003],[-8.898930586999938,53.06186281300006],[-8.905293615999938,53.06617064000005],[-8.920143604999964,53.066210546000036],[-8.922476169999982,53.07034271400005],[-8.932946963999939,53.07786132400008],[-8.944959651999966,53.082395183000074],[-8.94616412199997,53.08430184600007],[-8.953019218999941,53.08593654300006],[-8.952445022999939,53.086821014000066],[-8.970302112999946,53.08645136400003],[-8.973715962999961,53.09190960600006],[-8.984508539999979,53.09358050000003],[-8.986621257999957,53.09539740900004],[-8.99331889399997,53.09470933700004],[-8.998684362999938,53.09998933500003],[-9.003114792999952,53.10174045800005],[-9.006291991999944,53.10056642500007],[-9.011063750999938,53.102838906000045],[-9.019324801999971,53.11059809000005],[-9.020214,53.11665027000004],[-9.025880320999931,53.12312064900004],[-9.027955350999946,53.13017167400005],[-9.024648396999964,53.13508821200003],[-9.025867000999938,53.14021527300008],[-9.016610369999967,53.13938133700003],[-9.009351711999955,53.14078871500004],[-9.009349217999954,53.14083025000008],[-9.005898596999941,53.14194529700006],[-9.010247278999941,53.14410918400006],[-9.008152374999952,53.14396874700003],[-9.00988136899997,53.14525878500007],[-9.009194365999974,53.145793585000035],[-9.008909345999939,53.14509923400004],[-9.007130202999974,53.14505239700003],[-9.006382483999971,53.14610920000007],[-9.008224278999933,53.14517715300008],[-9.007913304999931,53.146522868000034],[-9.00887029699993,53.14671853200008],[-9.005944289999945,53.14780359900004],[-9.00741235099997,53.14882668800004],[-9.004985914999963,53.148912970000026],[-9.00522110199995,53.15029619100005],[-8.99796577899997,53.14895575600008],[-8.996121994999953,53.147056149000036],[-9.000513318999936,53.144626447000064],[-8.99470030699996,53.143816711000056],[-8.996210269999949,53.14525466200007],[-8.992140505999942,53.14626950200005],[-8.99175990599997,53.14360381000006],[-8.990448102999949,53.14482280700008],[-8.989052812999944,53.14382249800008],[-8.990686396999934,53.14728148700004],[-8.993711770999937,53.14758935200007],[-8.99096910999998,53.15063964400008],[-8.995609584999954,53.15174234800003],[-8.99323684999996,53.15356628600006],[-8.994543203999967,53.15478775400004],[-8.99733155399997,53.15382678700007],[-8.998240560999932,53.15590515700006],[-9.000851573999967,53.15482590600004],[-8.998448405999966,53.15642371600006],[-9.00084211899997,53.15719333700008],[-9.001385652999943,53.154632012000036],[-9.007370094999942,53.15156843800003],[-9.009785116999979,53.15213137100005],[-9.007441143999927,53.15223541000006],[-9.009924595999962,53.15252458300006],[-9.010320897999975,53.15495153400008],[-9.007052801999976,53.15488269600007],[-9.007094473999928,53.15785221600004],[-9.009531211999956,53.15579568700008],[-9.016120100999956,53.15476679800008],[-9.01580648199996,53.156073208000066],[-9.021694795999963,53.15809950800008],[-9.042870926999967,53.16008328600003],[-9.046712940999953,53.16591789100005],[-9.054270375999977,53.164756786000055],[-9.054265351999959,53.16510161400004],[-9.038303622999933,53.168919550000055],[-9.020929422999927,53.17096475100004],[-9.016566070999943,53.16966027600006],[-9.009583774999953,53.170526333000055],[-9.004080066999961,53.16861643700008],[-8.988274967999928,53.16983962100005],[-8.98445284099995,53.173829295000075],[-8.968372839999972,53.17668662900007],[-8.966706320999947,53.17567681600008],[-8.968860133999954,53.17414163600006],[-8.967552544999933,53.171504199000026],[-8.969859781999958,53.17130457900004],[-8.966812114999925,53.16746780700004],[-8.974274640999965,53.16832860400007],[-8.974565971999937,53.16603059000005],[-8.97773671899995,53.164906],[-8.984379972999932,53.16511329700006],[-8.986676758999977,53.16369837800005],[-8.986293947999968,53.16086356800008],[-8.98013130299995,53.160992031000035],[-8.970846410999968,53.15662899800003],[-8.964965951999943,53.15867664800004],[-8.964425975999973,53.15693708300006],[-8.959185804999947,53.15681797500008],[-8.958446632999937,53.153969492000044],[-8.957764306999934,53.15394440600005],[-8.957281623999961,53.15435070500007],[-8.956792879999966,53.153846583000075],[-8.952453658999957,53.15401471300004],[-8.953005232999942,53.15277459100008],[-8.94652531099996,53.14985882500008],[-8.950219041999958,53.149141960000065],[-8.94648663099997,53.14870222600007],[-8.939904861999935,53.14302787100007],[-8.940103566999937,53.14116627900006],[-8.935870265999938,53.13933465700006],[-8.928190922999931,53.14055497800007],[-8.923753963999957,53.14317885100007],[-8.925874844999953,53.14364651300008],[-8.921284740999965,53.14454641900005],[-8.934932207999964,53.145309216000044],[-8.93659195999993,53.148068092000074],[-8.934999790999939,53.15010890600007],[-8.937278054999979,53.14968059900008],[-8.93571312499995,53.15335367200004],[-8.938841984999954,53.153486204000046],[-8.94286793599997,53.162525051000046],[-8.941065108999965,53.16413123700005],[-8.938865207999982,53.16341821600008],[-8.93924081299997,53.16463420800005],[-8.943292325999948,53.16602517900003],[-8.944418657999961,53.16891677600006],[-8.94969169899997,53.16918306100007],[-8.949203400999977,53.17151603800005],[-8.954226235999954,53.17189889600007],[-8.951182981999978,53.17351335600006],[-8.952818374999936,53.174372221000056],[-8.946702942999934,53.17576597300007],[-8.95461944799996,53.17704050000003],[-8.95031023599995,53.17979753700007],[-8.951833144999966,53.18114385200005],[-8.950350585999956,53.18261986400006],[-8.946037928999942,53.18322789000007],[-8.94887891299993,53.18341624200008],[-8.949890832999927,53.18643704300007],[-8.948618112999952,53.18703042000004],[-8.948412528999938,53.184222523000074],[-8.940527335999946,53.18454124300007],[-8.945854158999964,53.18654765700006],[-8.946347403999937,53.18939248400005],[-8.942415410999956,53.19123080500003],[-8.94526340799996,53.19006411600003],[-8.946211491999975,53.19213099700005],[-8.941863714999954,53.19349054600008],[-8.939116335999927,53.19208212400008],[-8.937724582999977,53.19407371500006],[-8.933756795999955,53.19472972300008],[-8.93413342499997,53.19600083800003],[-8.931796375999966,53.19650012100004],[-8.931777525999962,53.19526229600007],[-8.930970042999945,53.197168383000076],[-8.937509886999976,53.196953793000034],[-8.94753560199996,53.19266219500008],[-8.955916872999978,53.191403914000034],[-8.94440844099995,53.19642879000003],[-8.93558947699995,53.19784488100004],[-8.934741359999975,53.19952944700003],[-8.933514504999948,53.198459264000064],[-8.93339995399998,53.20016181600005],[-8.931205579999926,53.19925096500003],[-8.927898034999942,53.20197667000008],[-8.929037232999974,53.203478364000034],[-8.931627694999975,53.20281171400006],[-8.931006197999977,53.20507096300008],[-8.92382796399994,53.20869073000006],[-8.91214365999997,53.20869968300008],[-8.910495842999978,53.20944190500006],[-8.911894798999981,53.21006784300005],[-8.906787354999949,53.21074821600007],[-8.89693826599995,53.20894333600006],[-8.891381912999975,53.210041052000065],[-8.890451433999942,53.207843884000056],[-8.879805517999955,53.20931553600008],[-8.877355603999945,53.21238830000004],[-8.873534580999944,53.213540211000065],[-8.87839678499995,53.21242538700005],[-8.880272097999978,53.210158077000074],[-8.88759831699997,53.20981971300006],[-8.895987788999946,53.211779086000035],[-8.897270008999953,53.21342458300006],[-8.911726129999977,53.214299320000066],[-8.899072948999958,53.218582258000026],[-8.902248399999962,53.21904267300005],[-8.901649974999941,53.22174963300006],[-8.896746922999967,53.22343358100005],[-8.888432025999975,53.22355584400003],[-8.882993871999929,53.22769870500008],[-8.889232670999945,53.22672474900003],[-8.889317682999945,53.22515356400004],[-8.894819899999959,53.225395881000054],[-8.906685670999934,53.22173442800005],[-8.91053852999994,53.22186833000006],[-8.929412060999937,53.211724006000054],[-8.933325383999943,53.21218539500006],[-8.929542540999932,53.21442648000004],[-8.935794344999977,53.21193635700007],[-8.942062117999967,53.212083250000035],[-8.949196854999968,53.20901401300006],[-8.957210761999931,53.21049933300003],[-8.961502715999927,53.20818870700003],[-8.961376920999953,53.20989612300008],[-8.96716401699996,53.21032469700003],[-8.972953376999953,53.21311057100007],[-8.976678008999954,53.212710007000055],[-8.977621329999977,53.21381177000006],[-8.974501128999975,53.21532304800007],[-8.976104697999972,53.21800441000005],[-8.992103053999926,53.21860538400006],[-8.987832928999978,53.22170315500006],[-8.977684000999943,53.22419099600006],[-8.977976757999954,53.225481021000064],[-8.989319119999948,53.22477197300003],[-8.996357796999973,53.22182792000007],[-8.997782581999957,53.22541896200005],[-9.003336451999928,53.226135105000026],[-8.985754705999966,53.228762534000055],[-8.984211405999929,53.23268196500004],[-8.97601543299993,53.23494935700006],[-8.961315641999931,53.237096809000036],[-8.949287818999949,53.23524642600006],[-8.944899586999952,53.23900531900006],[-8.961614794999946,53.238731451000035],[-8.960949109999945,53.240653886000075],[-8.972254297999939,53.23598869500006],[-8.984008703999962,53.23714804700006],[-8.990989983999953,53.23477237700007],[-9.00726825199996,53.23271831100004],[-8.978915398999959,53.24020857700003],[-8.971492311999953,53.24015062600006],[-8.969472486999962,53.23904807900004],[-8.975006013999973,53.239623548000054],[-8.97124327399996,53.23832149800006],[-8.963865340999973,53.24045818700006],[-8.961545298999965,53.24402775500005],[-8.962786965999953,53.24573520600006],[-8.970713298999954,53.24360683200007],[-8.987557820999939,53.24703696200004],[-8.99221240099996,53.24586005900005],[-8.984247521999976,53.248509468000066],[-8.98344289399995,53.25159635800003],[-8.977095808999934,53.25629277000007],[-8.966396242999963,53.25699455800003],[-8.964944127999956,53.25588467100005],[-8.970946329999947,53.256113912000046],[-8.966642967999974,53.254959314000075],[-8.960434732999943,53.25719185100007],[-8.953498510999964,53.25646396700006],[-8.946104056999957,53.258846848000076],[-8.942789843999947,53.25749149500007],[-8.94288979099997,53.26101507900006],[-8.938953370999968,53.25855334500005],[-8.937275252999939,53.259004047000076],[-8.941971104999936,53.26244879400008],[-8.945085654999957,53.26302442400004],[-8.945623352999974,53.26142221900005],[-8.948126054999932,53.262320326000065],[-8.944296678999933,53.26516447200004],[-8.939570379999964,53.26434780100004],[-8.93969709399994,53.265833703000055],[-8.933955437999941,53.26845494100007],[-8.934879518999935,53.27248684500006],[-8.937044905999926,53.273201690000064],[-8.940593212999943,53.27115297700004],[-8.946024354999963,53.27360180100004],[-8.952557293999973,53.27018469700005],[-8.953028398999948,53.27272669300004],[-8.963534768999978,53.26924011400007],[-8.968591621999963,53.27085979200007],[-8.973033344999976,53.270155990000035],[-8.976564155999938,53.26394191300005],[-8.972275888999945,53.263880964000066],[-8.972151839999981,53.26169888600003],[-8.979810864999934,53.264615019000075],[-8.994597123999938,53.26225154000008],[-8.996948467999971,53.26667668400006],[-8.992218409999964,53.26865509600003],[-8.99381251899996,53.270980277000035],[-8.995889158999944,53.26948849100006],[-9.017455975999951,53.26641058400003],[-9.016527166999936,53.268889209000065],[-9.019655882999928,53.27107049500006],[-9.031055244999948,53.26796075500005],[-9.038761594999926,53.26969227700005],[-9.043940366999948,53.268002737000074],[-9.042711597999926,53.27192448300008],[-9.046669746999953,53.266803922000065],[-9.052735156999972,53.26389285500005],[-9.06239304099995,53.263172601000065],[-9.06445754699996,53.26154978500006],[-9.066441083999962,53.26319977000003],[-9.070447668999975,53.263278411000044],[-9.079060130999949,53.25796012400008],[-9.091746970999964,53.25720178900008],[-9.09908114999996,53.254569134000064],[-9.105516952999949,53.255480731000034],[-9.113242079999964,53.24836753100004],[-9.106208815999935,53.25683722900004],[-9.11164989799994,53.25216162700008],[-9.11495254099998,53.25455323500006],[-9.109008038999946,53.258942329000035],[-9.111629578999953,53.25974361800007],[-9.122611683999935,53.25720419100003],[-9.126076894999926,53.258567080000034],[-9.12624088299998,53.25558913100008],[-9.129931066999973,53.25641271400008],[-9.124723079999967,53.25123940800006],[-9.118191916999933,53.253884878000065],[-9.119541746999971,53.25074947400003],[-9.11601939999997,53.25420972400008],[-9.116895050999972,53.251970724000046],[-9.120892610999931,53.24988484000005],[-9.127308705999951,53.25131004700006],[-9.138827470999956,53.24863830500004],[-9.146585970999979,53.25035971600005],[-9.162898524999946,53.24573526000006],[-9.16790485599995,53.24679611400006],[-9.178585884999961,53.24522703100007],[-9.205210161999958,53.24740788100007],[-9.219001848999937,53.24528808500003],[-9.219877570999927,53.24794441600005],[-9.224123233999933,53.25036185600004],[-9.230095757999948,53.24748591600007],[-9.24368261799998,53.24647083000008],[-9.247662133999938,53.24454146200003],[-9.24884769199997,53.24586086000005],[-9.25568020399993,53.24537003000006],[-9.271739582999942,53.242406782000046],[-9.281083057999979,53.24400446300007],[-9.293592412999942,53.242059520000055],[-9.297207430999947,53.24406134700007],[-9.30478093499994,53.24345126700007],[-9.305186987999946,53.241844540000045],[-9.30875926899995,53.24311792300006],[-9.311352445999944,53.240413328000045],[-9.308994964999954,53.24025220600004],[-9.313457058999973,53.239391228000045],[-9.329410695999968,53.24013974500008],[-9.333007745999964,53.23872778400005],[-9.335222918999932,53.23906277900005],[-9.332479598999953,53.23984461500004],[-9.333674150999968,53.24074106000006],[-9.335614674999931,53.239555118000055],[-9.335711283999956,53.24125324600004],[-9.339516124999932,53.23844224700008],[-9.340019838999979,53.23965117700004],[-9.343872016999967,53.23959903400004],[-9.342914048999944,53.241286340000045],[-9.344841736999967,53.23910094000007],[-9.347432254999944,53.24072553500008],[-9.360637985999972,53.24246068000008],[-9.36909828599994,53.24053521400003],[-9.37501298899997,53.23728929500004],[-9.392219431999933,53.23561262900006],[-9.394930020999936,53.234149081000055],[-9.404373981999981,53.23379310100006],[-9.409528060999946,53.235156536000034],[-9.412647499999935,53.23392153800006],[-9.417484379999962,53.23517424400006],[-9.42961682999993,53.23288761500004],[-9.441268402999981,53.234327748000055],[-9.447135918999948,53.23278129900007],[-9.455179026999929,53.233748459000026],[-9.46599456399997,53.22617860100007],[-9.472970895999936,53.22662028500008],[-9.474749651999957,53.229126344000065],[-9.479465460999961,53.228141649000065],[-9.485712471999932,53.22908013700004],[-9.490006783999945,53.22813066500004],[-9.49248029599994,53.22495300700007],[-9.49788375999998,53.22476531900003],[-9.50012105199994,53.22747498700005],[-9.501057671999945,53.22408689400004],[-9.505646051999975,53.22395022000006],[-9.509752118999927,53.221928406000075],[-9.520751530999974,53.22371719600005],[-9.521581763999961,53.22207788900005],[-9.52582762999998,53.221983746000035],[-9.529831695999974,53.22385268000005],[-9.531646149999972,53.229682179000065],[-9.546509559999947,53.23368578600008],[-9.548804059999952,53.237974258000065],[-9.553156213999955,53.23659390000006],[-9.554941730999928,53.238725911000074],[-9.551342409999961,53.24432920000004],[-9.548132274999944,53.242230875000075],[-9.542496266999933,53.24260191900004],[-9.544145962999949,53.24636981100008],[-9.550553880999928,53.245902224000076],[-9.54776312699994,53.261965873000065],[-9.551407296999969,53.26142754400007],[-9.55327572899995,53.252275343000065],[-9.556862493999972,53.25038690700006],[-9.56270712099996,53.25508489500004],[-9.567015382999955,53.26307453100003],[-9.56505685299993,53.26677450100004],[-9.565428419999932,53.26389397400004],[-9.554743076999955,53.26843412900007],[-9.555832623999947,53.270404848000055],[-9.552362198999958,53.272496388000036],[-9.554665775999979,53.27375105100003],[-9.553471835999972,53.27495131000006],[-9.546990577999964,53.27676764200004],[-9.544384322999974,53.27613401100007],[-9.54163078099998,53.278770347000034],[-9.538738099999932,53.27899623500008],[-9.543103198999972,53.284785019000026],[-9.546983050999927,53.286833828000056],[-9.550287093999941,53.28571188700005],[-9.55043958999994,53.28743491700004],[-9.551766948999955,53.28674916300008],[-9.557800707999945,53.28922289900004],[-9.559394469999972,53.28702696300007],[-9.564158413999962,53.28633635300008],[-9.55012918999995,53.28311317600003],[-9.55021942899998,53.280496336000056],[-9.558266013999969,53.280251917000044],[-9.562434006999979,53.28257608600006],[-9.566745173999948,53.27986726100005],[-9.573257700999932,53.278918418000046],[-9.577049529999954,53.27362051800003],[-9.581397159999938,53.27148052500007],[-9.58381142199994,53.271845909000035],[-9.580379952999976,53.27097215100008],[-9.581197609999947,53.26748523100008],[-9.576620196999954,53.26555130600008],[-9.576851751999982,53.262987863000035],[-9.573591495999949,53.26238047100003],[-9.573547520999966,53.26097778900004],[-9.578563525999925,53.25450002400004],[-9.579436040999951,53.249285687000054],[-9.57729703299998,53.246797567000044],[-9.58525814799998,53.24151348100003],[-9.58548252199995,53.237104044000034],[-9.591025460999958,53.23665036700004],[-9.58911799699996,53.23514563300006],[-9.590460401999962,53.234421532000056],[-9.594524302999957,53.238268],[-9.592814008999937,53.24107677600006],[-9.596341351999968,53.239684563000026],[-9.60188878899993,53.240165270000034],[-9.608368919999975,53.237395554000045],[-9.614240504999941,53.23153703400004],[-9.61575002799998,53.23454165100003],[-9.626599388999978,53.23883363600004],[-9.625341955999943,53.24370492700007],[-9.627856957999938,53.24428266700005],[-9.62692711099993,53.24557375900008],[-9.631261637999955,53.25089581000003],[-9.620284037999966,53.26700244500006],[-9.61216445399998,53.26915824100007],[-9.611188396999978,53.27219970800007],[-9.605444672999965,53.272243622000076],[-9.607399319999956,53.27650573900007],[-9.60365924399997,53.27555788300003],[-9.60340330899993,53.277777127000036],[-9.600100036999947,53.27845898000004],[-9.60016617399998,53.28011527700005],[-9.597977585999956,53.27979228100003],[-9.598347614999966,53.286088892000066],[-9.600724628999956,53.28467342600004],[-9.601296394999963,53.28742147500003],[-9.604780625999979,53.28919815000006],[-9.600203417999978,53.29007513600004],[-9.598699887999942,53.288858823000055],[-9.595313973999964,53.290404573000046],[-9.599751215999959,53.29122367800005],[-9.600160940999956,53.29521860700004],[-9.60433373199993,53.29440762100006],[-9.607813249999936,53.29538428600006],[-9.610289489999957,53.293858801000056],[-9.610383793999972,53.29745621100005],[-9.607336216999954,53.29924178200008],[-9.611945871999978,53.304302189000055],[-9.612833554999952,53.30325769900003],[-9.614541946999964,53.307394026000054],[-9.609606303999954,53.31203073000006],[-9.616808882999976,53.31356785100007],[-9.62323911599998,53.31249789000003],[-9.620053800999926,53.31369530200004],[-9.625191159999929,53.31851223600006],[-9.620078323999962,53.32379385300004],[-9.622550657999966,53.32558826300004],[-9.60787296999996,53.328119679000054],[-9.60074719399995,53.32607243900003],[-9.600321837999957,53.327986371000065],[-9.596344149999936,53.32937255200005],[-9.589389409999967,53.32957436600003],[-9.585156948999952,53.32605648400005],[-9.586589009999955,53.32250015000005],[-9.579402897999955,53.32153461400003],[-9.579153227999939,53.319516441000076],[-9.575335225999936,53.31751254400007],[-9.575540493999938,53.32585000700004],[-9.582720199999926,53.32899540300008],[-9.578775289999953,53.331967458000065],[-9.57553334499994,53.33122935700004],[-9.570551297999941,53.33456096100008],[-9.568664859999956,53.333092502000056],[-9.567479066999965,53.33383892100005],[-9.568703288999927,53.33804740700003],[-9.574595336999948,53.33918144000006],[-9.576128299999937,53.34212138500004],[-9.572362701999964,53.34423209400006],[-9.574001223999971,53.34514598700008],[-9.56959171799997,53.34647016400004],[-9.568273413999975,53.34497090000008],[-9.57043299299994,53.34406228300003],[-9.563657750999937,53.340296945000034],[-9.564328412999942,53.33721978500006],[-9.562207667999928,53.33555397400005],[-9.563356686999953,53.32967664300003],[-9.56738870199996,53.32836935600005],[-9.564676989999953,53.32685650700006],[-9.566943094999942,53.32371573800003],[-9.563551066999935,53.32205639800003],[-9.559941307999964,53.32244110100004],[-9.55814232199998,53.32022004300006],[-9.558388936999961,53.31897953600003],[-9.557112656999948,53.31766897600005],[-9.556918336999956,53.31409781600007],[-9.555658684999969,53.31140182300004],[-9.556694777999951,53.306264043000056],[-9.559213399999976,53.30592202100007],[-9.55632114499997,53.30557395400007],[-9.556251130999954,53.30385800100004],[-9.555062323999948,53.31158677800005],[-9.556200227999966,53.31257732600005],[-9.555158842999958,53.313272580000046],[-9.553102446999958,53.31305172100008],[-9.552633158999981,53.31452358100006],[-9.554854774999967,53.315421565000065],[-9.552374017999966,53.31731287400004],[-9.554413379999971,53.31749106900003],[-9.549126710999928,53.32178974300007],[-9.555894491999936,53.318796407000036],[-9.558373003999975,53.322385661000055],[-9.561603954999953,53.32321286200005],[-9.559964119999961,53.32378369600008],[-9.56457525999997,53.328461797000045],[-9.561651666999978,53.32881186000003],[-9.560007820999942,53.33684951400005],[-9.547125338999933,53.34401360700008],[-9.549077069999953,53.34508324900003],[-9.552066674999935,53.343757666000045],[-9.559671117999926,53.34390594000007],[-9.562127601999975,53.347984978000056],[-9.565277174999949,53.34804541800003],[-9.571770393999941,53.35138129200004],[-9.57811670999996,53.345982406000076],[-9.579828814999928,53.347391549000065],[-9.578155245999938,53.35571905200004],[-9.57967339399994,53.357461759000046],[-9.576714908999975,53.359775522000064],[-9.579250661999936,53.360356556000056],[-9.57840063499998,53.35887209200007],[-9.58021686199993,53.35829837400007],[-9.58227762699994,53.35276181000006],[-9.58417196199997,53.35241136700006],[-9.590108097999973,53.354929241000036],[-9.590807642999948,53.35739971600003],[-9.591998800999932,53.356593650000036],[-9.596711445999972,53.359024272000056],[-9.599185972999976,53.36353765200005],[-9.593719247999957,53.36779256400007],[-9.595403698999974,53.37253401800007],[-9.580353954999964,53.37380099100005],[-9.57413595199995,53.37835313800008],[-9.571656627999971,53.37740967700006],[-9.563692298999968,53.37820624900007],[-9.558089639999935,53.37650512100004],[-9.557551660999934,53.379401965000056],[-9.55496157899995,53.380144750000056],[-9.552601503999938,53.379392489000054],[-9.554219057999944,53.377753960000064],[-9.55170951499997,53.37906654100004],[-9.549875851999957,53.37500158800003],[-9.545556657999953,53.37572253400003],[-9.548271631999967,53.37612569200007],[-9.550439506999965,53.38113308700008],[-9.557612397999947,53.38393712300007],[-9.56499458899998,53.38356790800003],[-9.566288870999927,53.38643271800004],[-9.565401552999958,53.383185981000054],[-9.56872741799998,53.382065960000034],[-9.567258314999947,53.38102129600003],[-9.56972264999996,53.379728026000066],[-9.575006450999979,53.38017894300003],[-9.575096021999968,53.38244763300003],[-9.57739939499993,53.38331043800008],[-9.576456114999928,53.38630144500007],[-9.572812159999955,53.385849233000044],[-9.57153505499997,53.388613744000054],[-9.575060469999926,53.38689457900006],[-9.575700186999939,53.39109592400007],[-9.569909894999967,53.39356664400003],[-9.560691490999943,53.392206775000034],[-9.559668938999948,53.39000838100003],[-9.550379004999968,53.39145261900006],[-9.552045927999927,53.39510514600005],[-9.560752520999927,53.39445285100004],[-9.562908427999957,53.395010839000065],[-9.561485901999959,53.39659235400006],[-9.565105167999945,53.39580845300003],[-9.564119026999947,53.39691515000004],[-9.565624570999944,53.39642314100007],[-9.563316331999943,53.397746314000074],[-9.562254889999963,53.400764501000026],[-9.562644631999945,53.39861235700005],[-9.56033247299996,53.39908035900004],[-9.557417095999938,53.39829833500005],[-9.557777589999944,53.39688890000008],[-9.553521234999948,53.39633097400008],[-9.551079555999934,53.399362832000065],[-9.54526206099996,53.39934305700007],[-9.54765367999994,53.40040791300004],[-9.54383894199998,53.403389910000044],[-9.548455807999972,53.401534351000066],[-9.556326114999933,53.402662002000056],[-9.562414596999929,53.40104717200006],[-9.563800111999967,53.39754582300003],[-9.567654073999961,53.39554852400005],[-9.578187903999947,53.39518140500007],[-9.573925875999976,53.392925122000065],[-9.58002965399993,53.38953708000008],[-9.576007064999942,53.389235875000054],[-9.577125293999927,53.387690647000056],[-9.58399966099995,53.38724392000006],[-9.586099992999948,53.388888131000044],[-9.588690493999934,53.38688415400003],[-9.58107784799995,53.38477966500005],[-9.577275504999932,53.385933228000056],[-9.578440931999978,53.38272853800004],[-9.575770907999981,53.38065598500003],[-9.576953481999965,53.37837196700008],[-9.581429925999942,53.380856718000075],[-9.585574669999971,53.379984438000065],[-9.594177807999927,53.381641631000036],[-9.598040270999945,53.379906291000054],[-9.596615147999955,53.37774795000007],[-9.599109871999929,53.37902796000003],[-9.602369833999944,53.377075940000054],[-9.602669104999961,53.38030467600004],[-9.606565803999956,53.38308552500007],[-9.614238531999945,53.37952743400007],[-9.608492503999969,53.37385652800003],[-9.607676961999971,53.36974040500007],[-9.598468477999972,53.367740327000035],[-9.60291389699995,53.36355954900006],[-9.603132863999974,53.351410154000064],[-9.606822386999966,53.34833849600005],[-9.609139779999964,53.350410227000054],[-9.611800521999953,53.35036734000005],[-9.61523251999995,53.34671072400005],[-9.613440217999937,53.34572791900007],[-9.608092305999946,53.34646502700008],[-9.60728474299998,53.34514314100005],[-9.605395038999973,53.347229921000064],[-9.601020809999966,53.34631884400005],[-9.59427876999996,53.34017859900007],[-9.59686180899996,53.33550947800006],[-9.602150623999933,53.336667600000055],[-9.611838919999968,53.332667557000036],[-9.613214127999981,53.33499884500003],[-9.617940165999926,53.33356568900007],[-9.618419109999934,53.33556096600006],[-9.623524891999978,53.330661228000054],[-9.62927138699996,53.33003591000005],[-9.63109383799997,53.332928355000035],[-9.643693566999957,53.331306777000066],[-9.64714945399993,53.33483293100005],[-9.648584678999953,53.33403419700005],[-9.64828846499995,53.33582527600004],[-9.655987478999975,53.335885536000035],[-9.656585116999963,53.337938793000035],[-9.658451898999942,53.337113930000044],[-9.660249293999925,53.33889568400008],[-9.666424405999976,53.33961267900003],[-9.666146457999957,53.34115906800008],[-9.66359171399995,53.33983040000004],[-9.663245399999937,53.34134038000008],[-9.65227869599994,53.342560708000065],[-9.650949912999977,53.34320145000004],[-9.652927319999947,53.343809504000035],[-9.650376423999944,53.34402231200005],[-9.642471198999942,53.34014328500007],[-9.637573052999926,53.342151527000055],[-9.630347017999952,53.34268121100007],[-9.623051784999973,53.347460537000075],[-9.626595374999965,53.34921012500007],[-9.644205399999976,53.34793813200008],[-9.643443330999958,53.35259830200005],[-9.646457489999932,53.353875052000035],[-9.643974054999944,53.35343898900004],[-9.633478959999934,53.35949438800003],[-9.626692292999962,53.361316421000026],[-9.62705133399993,53.36294115700008],[-9.634597180999947,53.36495583000004],[-9.634033084999942,53.37155034300008],[-9.637514530999965,53.37250792700007],[-9.636835490999943,53.374452570000074],[-9.633921664999946,53.373765148000075],[-9.633111835999955,53.37530456700006],[-9.628630019999946,53.37607792300008],[-9.629538458999946,53.37385682900003],[-9.625732895999931,53.37464261900004],[-9.62524295299994,53.37228607000003],[-9.621995254999945,53.37472612600004],[-9.62616573799994,53.37803630500008],[-9.629041130999951,53.37701206300005],[-9.627616591999981,53.37849300600004],[-9.630063818999929,53.38075704700003],[-9.634627602999956,53.37967372000003],[-9.646955632999948,53.37116846100008],[-9.642006432999949,53.37495078300003],[-9.639674514999967,53.38090752900007],[-9.635537169999964,53.38271779400003],[-9.633051316999968,53.38831166700004],[-9.637419118999958,53.38535387300004],[-9.63887959899995,53.39096991300005],[-9.641894542999978,53.38673042800008],[-9.645693531999939,53.38627376300008],[-9.64838733199997,53.38771709400004],[-9.655595773999949,53.38574814400005],[-9.65604265199994,53.39078376800006],[-9.65902110199994,53.385661406000054],[-9.656761924999955,53.38567544700004],[-9.65775799599993,53.38352194600003],[-9.655468077999956,53.383684979000066],[-9.656169372999955,53.380413315000055],[-9.664704686999926,53.37771146000006],[-9.662433405999934,53.37220436100006],[-9.668172437999942,53.37006422600007],[-9.667488642999956,53.368942024000035],[-9.67799537299993,53.36652817100003],[-9.680849228999932,53.36974217900007],[-9.682815732999927,53.36958176700006],[-9.680000193999945,53.36606303900004],[-9.684814428999971,53.36302341600003],[-9.68650484699998,53.36263977400006],[-9.687218514999927,53.36408506200007],[-9.695571340999948,53.361440532000074],[-9.694706766999957,53.35787619600006],[-9.704974862999961,53.35689825800006],[-9.709303708999926,53.35755512000003],[-9.711900818999936,53.36017668200003],[-9.713970200999938,53.35912672400008],[-9.710590142999934,53.35640211300006],[-9.69687285599997,53.355753320000076],[-9.699553021999975,53.35048679100004],[-9.707573140999955,53.34501824200004],[-9.706971734999968,53.34084968600007],[-9.710163981999926,53.34351650800005],[-9.71333868499994,53.341664355000034],[-9.715008025999964,53.33719360200007],[-9.708954165999955,53.33580492100003],[-9.709294684999975,53.33372688600008],[-9.71335081799998,53.33186170500005],[-9.71695856499997,53.33371688400007],[-9.71894857999996,53.33196186300006],[-9.720101847999956,53.332686255000056],[-9.721279654999933,53.327532587000064],[-9.727409941999952,53.32578154500004],[-9.729901641999959,53.32691933900003],[-9.730740416999936,53.32489415500004],[-9.733954697999934,53.32502888100004],[-9.731189537999967,53.32358437600004],[-9.734167212999978,53.32216164100004],[-9.732852168999955,53.32110898900004],[-9.731534130999933,53.32189224700005],[-9.730538240999977,53.31917086400006],[-9.73006576299997,53.31370072200008],[-9.73259916099994,53.30949297700005],[-9.736673295999935,53.30727252500003],[-9.739740001999962,53.30767545700007],[-9.739682140999946,53.305983757000035],[-9.74309745499994,53.30615555400004],[-9.743059672999948,53.308321860000035],[-9.749446468999963,53.308097574000044],[-9.75391719399994,53.305320478000056],[-9.758378660999938,53.306583792000026],[-9.767048039999963,53.30449515500004],[-9.770026625999947,53.30110763600004],[-9.774360000999934,53.30254579900003],[-9.775233355999944,53.300685083000076],[-9.77109072199994,53.29452286600008],[-9.773672139999974,53.29202911800007],[-9.78242778899994,53.29591888300007],[-9.779566909999971,53.30276798800003],[-9.786947417999954,53.29946546600007],[-9.792397940999933,53.30686310900006],[-9.792813774999956,53.30385512600003],[-9.795427606999965,53.30523305100007],[-9.801696963999973,53.30489411800005],[-9.802600497999947,53.30755841600006],[-9.804625474999966,53.30616765100007],[-9.805843255999946,53.30812052200008],[-9.808118110999942,53.30760819300008],[-9.807664390999946,53.30890958800006],[-9.80890058999995,53.30795266700005],[-9.811501366999948,53.30964682000007],[-9.813532304999967,53.30834591100006],[-9.815086261999966,53.31235559400005],[-9.811800108999932,53.314893709000046],[-9.815888001999951,53.31466949900005],[-9.811819425999943,53.318649823000044],[-9.815852832999951,53.32288909500005],[-9.819149072999949,53.319857211000055],[-9.82319542199997,53.321838478000075],[-9.822617151999964,53.31795453400008],[-9.820441444999972,53.31902915100005],[-9.81749531099996,53.315865632000055],[-9.820570200999953,53.31327402900007],[-9.817665708999925,53.31303051700007],[-9.822475191999956,53.31192450300006],[-9.817855401999964,53.312829588000056],[-9.816758125999968,53.31164689500008],[-9.818744144999926,53.30969444700003],[-9.82046889999998,53.31036372500006],[-9.824284373999944,53.30868507800005],[-9.824604277999981,53.312130884000055],[-9.827934719999973,53.31154597200003],[-9.82596346899993,53.313671697000075],[-9.827998587999957,53.31523302900007],[-9.829504975999953,53.31047819200006],[-9.836115392999943,53.313154471000075],[-9.83379909699994,53.31369646400003],[-9.83628708499998,53.31520511400004],[-9.833259361999978,53.317265328000076],[-9.835055172999944,53.31624735500003],[-9.834416510999972,53.31760299600006],[-9.83692870699997,53.31695960800005],[-9.839564866999979,53.319485099000076],[-9.83822344899994,53.323872245000075],[-9.843209912999953,53.322208302000035],[-9.84367085499997,53.32424102500005],[-9.846899189999931,53.32094190200007],[-9.855649587999949,53.31959342500005],[-9.854680893999955,53.325086741000064],[-9.865116644999944,53.331832328000075],[-9.868787089999955,53.33113405900008],[-9.863184084999943,53.324684785000045],[-9.863303349999967,53.31968828300006],[-9.865826767999977,53.31731937300003],[-9.864972256999977,53.314468849000036],[-9.870817210999974,53.31215485700005],[-9.874707462999936,53.31268081500008],[-9.872844336999947,53.31479602200005],[-9.874756855999976,53.316817986000046],[-9.880065370999944,53.31155018100003],[-9.883548351999934,53.31277835700007],[-9.883882895999932,53.315658616000064],[-9.886813822999954,53.31458374500005],[-9.887948965999954,53.31918796700006],[-9.88396449499993,53.32124137100004],[-9.884923727999933,53.32245332400004],[-9.887567457999978,53.32220184300007],[-9.88887288099994,53.31944150600003],[-9.895978024999977,53.318159481000066],[-9.906941288999974,53.325079094000046],[-9.903320663999978,53.32819259400003],[-9.896463882999967,53.32883432500006],[-9.900021151999965,53.33670917000006],[-9.89346198499993,53.34197021800003],[-9.884553153999946,53.339146404000076],[-9.882848339999953,53.34013499300005],[-9.880629272999954,53.34490160100006],[-9.882845015999976,53.34433492100004],[-9.88494112799998,53.34597013400003],[-9.885650188999932,53.34928708900003],[-9.877335666999954,53.34948282700003],[-9.877722366999933,53.351663803000065],[-9.874904027999946,53.35243113400003],[-9.874776016999931,53.354454056000066],[-9.877643149999926,53.35427208800007],[-9.875518536999948,53.35621075300003],[-9.879816112999947,53.355397561000075],[-9.87834857699994,53.358288137000045],[-9.886457792999977,53.35193155600007],[-9.894156057999965,53.352840926000056],[-9.895249804999935,53.35490252900007],[-9.884828391999974,53.359524960000044],[-9.891866406999952,53.36025373200005],[-9.892531174999931,53.36538622900008],[-9.88912794099997,53.368550206000066],[-9.876281260999974,53.370142936000036],[-9.873869512999931,53.36891930000007],[-9.868783157999928,53.36935902400006],[-9.867037557999936,53.36789306500003],[-9.855735957999968,53.37401636100003],[-9.845438870999942,53.37334244200008],[-9.840292408999971,53.37439208500007],[-9.83595559899993,53.37686507900003],[-9.83762009399993,53.37922604700003],[-9.834424918999957,53.38028333600005],[-9.833632284999965,53.37905823600005],[-9.828239491999966,53.379688017000035],[-9.823885164999979,53.37833160300005],[-9.824848594999935,53.37655520800007],[-9.820477050999955,53.37213558900004],[-9.820253932999947,53.37599531200004],[-9.81438284899997,53.38096217400005],[-9.816685495999934,53.380618421000065],[-9.807189803999961,53.38621888800003],[-9.794000566999955,53.387694648000036],[-9.795315049999942,53.38676298400003],[-9.781086997999978,53.38975757900005],[-9.793661291999967,53.38897110100004],[-9.792807222999954,53.390984788000026],[-9.78738838299995,53.39177764300007],[-9.794853725999928,53.39581176400003],[-9.798262058999967,53.39348585100004],[-9.801725333999968,53.39335772100003],[-9.796016892999944,53.40316046500004],[-9.79102587799997,53.405604794000055],[-9.784115157999963,53.405296598000064],[-9.784654729999943,53.40697619200006],[-9.787152133999939,53.40635144300006],[-9.789777303999927,53.40855056600003],[-9.80070599399994,53.40675819200004],[-9.80553772099995,53.40287976900004],[-9.815641746999972,53.40110160100005],[-9.818111920999968,53.405025342000044],[-9.822541459999968,53.406200987000034],[-9.821156388999952,53.41106918700007],[-9.81774889199994,53.412163183000075],[-9.808946240999944,53.41361026100003],[-9.807617540999956,53.41275091600005],[-9.805962,53.41417100700005],[-9.806323531999965,53.41251753000006],[-9.798342009999942,53.41307813200007],[-9.797035153999957,53.41632012400004],[-9.798639365999975,53.41731678200006],[-9.810227353999949,53.41904087000006],[-9.81230441599996,53.41640347200007],[-9.81709924699993,53.418109497000046],[-9.825395354999955,53.41776191500003],[-9.829469686999971,53.41574974700006],[-9.829472352999971,53.41307593000005],[-9.834494700999926,53.41163185600004],[-9.834370625999952,53.40816979700003],[-9.836666671999978,53.40821319600008],[-9.837304894999932,53.40576694400005],[-9.844004386999927,53.403969403000076],[-9.842524691999927,53.40590482700003],[-9.845573901999956,53.40614720900004],[-9.84483179199998,53.40482639700008],[-9.849815907999925,53.40145046900005],[-9.845634655999959,53.40184268200005],[-9.847078431999932,53.40058422300007],[-9.84396781199996,53.397578837000026],[-9.84583256299993,53.395122323000066],[-9.855017357999941,53.39444077300004],[-9.855735941999967,53.395907409000074],[-9.850399573999937,53.40154836500005],[-9.85434169499996,53.40243579100007],[-9.853396576999955,53.40406905400005],[-9.862862813999982,53.401436766000074],[-9.862760033999962,53.396998730000064],[-9.858801505999963,53.39371949100007],[-9.86122110499997,53.38945655800006],[-9.865352257999973,53.38787313600005],[-9.869097215999943,53.39100798100003],[-9.882082096999966,53.39332806700003],[-9.879365707999966,53.39896688600004],[-9.881565356999943,53.402843261000044],[-9.879480822999938,53.40414063600008],[-9.887650916999974,53.40780587900008],[-9.88494738299994,53.409694942000044],[-9.885916975999976,53.412306998000076],[-9.870951126999955,53.41818067300005],[-9.865399269999955,53.416898821000075],[-9.862749993999955,53.41769922700007],[-9.863887379999937,53.41651009100008],[-9.861048585999981,53.41470364300005],[-9.85884516699997,53.41598686900005],[-9.863785229999962,53.41857236300007],[-9.86233228499998,53.420727096000064],[-9.860000911999975,53.42091196700005],[-9.861007237999956,53.420003508000036],[-9.857933818999982,53.41847942000004],[-9.848027356999978,53.420483226000044],[-9.85053740199993,53.422957558000064],[-9.856869027999949,53.423202177000064],[-9.849578151999935,53.42747317100003],[-9.849718201999963,53.42537768600005],[-9.841733104999946,53.425151361000076],[-9.840475647999938,53.42150317100004],[-9.83156893499995,53.42108991100008],[-9.83022695099993,53.42228473600005],[-9.833645457999978,53.42317518800007],[-9.826745066999933,53.42373157600008],[-9.826763213999982,53.425618814000075],[-9.835616172999949,53.426365728000064],[-9.838155161999964,53.43045671100003],[-9.843030656999929,53.42794653700008],[-9.842293727999959,53.42951901500004],[-9.850925032999953,53.431560914000045],[-9.85208804399997,53.43407],[-9.86229809599996,53.433132673000046],[-9.870365407999941,53.43649251000005],[-9.860986576999949,53.42915446200004],[-9.858402038999941,53.43002982200005],[-9.862594405999971,53.43168225000005],[-9.860195517999955,53.432566896000026],[-9.854979840999931,53.42988224700008],[-9.861279360999958,53.42670678600007],[-9.863081933999979,53.42274385500008],[-9.876253417999976,53.42063809200005],[-9.885478666999973,53.41497322400005],[-9.889196638999977,53.41516332500004],[-9.889231828999925,53.41658624400003],[-9.894116097999927,53.41783981600008],[-9.897475903999975,53.421035231000076],[-9.891338774999952,53.422681331000035],[-9.887439708999977,53.42627416900007],[-9.894086939999966,53.423865730000045],[-9.896945823999943,53.42491374600007],[-9.903012497999953,53.42324663100004],[-9.90389330599993,53.42194701900007],[-9.900144301999944,53.42126232500004],[-9.908773383999971,53.41915993400005],[-9.911931524999943,53.41641882000005],[-9.90972467399996,53.415000648000046],[-9.913179621999973,53.41510021900007],[-9.912706080999953,53.41669342700004],[-9.914213081999947,53.41596897100004],[-9.916381982999951,53.41396317400006],[-9.916211142999941,53.40858369800003],[-9.916989774999934,53.409357528000044],[-9.919867942999929,53.40642537100007],[-9.917781920999971,53.40022394600004],[-9.91905397499994,53.39674258400004],[-9.915447081999957,53.39259872100007],[-9.917299171999957,53.387380042000075],[-9.919793031999973,53.385859606000054],[-9.922310127999936,53.386703416000046],[-9.926186680999933,53.383155395000074],[-9.929903058999969,53.38397062400003],[-9.929304542999944,53.38229025000004],[-9.936789847999933,53.37865412500008],[-9.942028222999966,53.37801376700003],[-9.944874955999978,53.378632080000045],[-9.945182304999946,53.38026513800003],[-9.94977614399994,53.37952503500003],[-9.951686601999938,53.381255699000064],[-9.955797856999936,53.38031014100005],[-9.960909944999969,53.37619995700004],[-9.961405621999972,53.372791895000034],[-9.951211169999965,53.370596602000035],[-9.952253367999958,53.368885514000056],[-9.957364387999974,53.36758136800006],[-9.961143309999954,53.36806641000004],[-9.960435170999972,53.36997550700005],[-9.963450351999938,53.37010822700006],[-9.962487325999973,53.371173070000054],[-9.967231777999928,53.37360615800003],[-9.969602261999967,53.373741100000075],[-9.972663988999955,53.37133938100004],[-9.977148857999964,53.37422823600008],[-9.972493613999973,53.37792030700007],[-9.966200448999928,53.37675712500004],[-9.96364314899995,53.37790421100004],[-9.962886641999944,53.38016458200008],[-9.967723700999954,53.383150519000026],[-9.973996627999952,53.38375971800008],[-9.989464961999943,53.37946126300005],[-9.996496152999953,53.38030710700008],[-10.002459082999962,53.38373395600007],[-10.011052693999943,53.380453137000075],[-10.015438166999957,53.38222395000008],[-10.01631309499993,53.38611199200005],[-10.018210114999931,53.38652965700004],[-10.03028304999998,53.385305935000076],[-10.029449696999961,53.387612327000056],[-10.032072084999982,53.39037319400006],[-10.036745063999945,53.390599689000055],[-10.037040514999944,53.39315982800008],[-10.032705246999967,53.39500767100003],[-10.035509923999939,53.395296159000054],[-10.037432157999945,53.39780534300007],[-10.033207523999977,53.40458936400006],[-10.035013540999955,53.40805544600005],[-10.038291178999941,53.40904038200006],[-10.036001605999957,53.40930816500003],[-10.040608181999971,53.41025634400006],[-10.04349373399998,53.41330898900003],[-10.048980004999976,53.41242666100004],[-10.056221077999965,53.41628793600006],[-10.05357939399994,53.41395169900005],[-10.06187573099993,53.41473371300003],[-10.067171845999951,53.418611344000055],[-10.06785804599997,53.42258309400006],[-10.068761085999938,53.420042453000065],[-10.07481338499997,53.42286623400008],[-10.074800859999925,53.419783291000044],[-10.079301629999975,53.417293294000046],[-10.077984888999936,53.41308137300007],[-10.085108145999982,53.40806585200005],[-10.088530386999935,53.40867587000008],[-10.084400714999958,53.41075648800006],[-10.085603539999966,53.41516614100004],[-10.09463550299995,53.41329690200007],[-10.095034314999964,53.41512493600004],[-10.097108434999939,53.413834542000075],[-10.098515059999954,53.41496411800006],[-10.09715530799997,53.411101716000076],[-10.101974673999962,53.41156635300007],[-10.105239102999974,53.40951394700005],[-10.111493591999931,53.414460047000034],[-10.12068708199996,53.40752071600008],[-10.120441952999954,53.40595482300006],[-10.115715856999941,53.405775633000076],[-10.118894655999952,53.40122807800003],[-10.126391594999973,53.40370575600008],[-10.12754201499996,53.407472092000035],[-10.137531570999954,53.410056816000065],[-10.141025535999972,53.41656890300004],[-10.151635591999934,53.42056203700008],[-10.157067347999941,53.41592616500003],[-10.16449400099998,53.41603181000005],[-10.166443946999948,53.413930238000034],[-10.177373428999942,53.41139853000004],[-10.17773529799996,53.40751924400007],[-10.17966834799995,53.40696871000006],[-10.182861903999935,53.40869758700006],[-10.181449872999963,53.413025524000034],[-10.18544937699994,53.41246479400007],[-10.173728744999949,53.41869877600004],[-10.173566858999948,53.42090894000006],[-10.169979596999951,53.421911942000065],[-10.171393440999964,53.42278612700005],[-10.162867645999938,53.42878302400004],[-10.161991409999928,53.429904813000064],[-10.165502947999926,53.43195603600003],[-10.15462034999996,53.434230279000076],[-10.152006015999973,53.43769648400007],[-10.155646536999939,53.439387097000065],[-10.151290750999976,53.44009980700008],[-10.153531630999964,53.44240873500007],[-10.146114169999976,53.443552657000055],[-10.145778887999938,53.43889414200004],[-10.139590164999959,53.44246968700003],[-10.138437626999973,53.44489719100005],[-10.14029992299993,53.44673409300003],[-10.134666264999964,53.44743183500003],[-10.136384108999948,53.45002453300003],[-10.133005930999957,53.45129568900006],[-10.133811928999933,53.453814280000074],[-10.135879108999973,53.453876310000055],[-10.13499214899997,53.45585341300006],[-10.127959302999955,53.457764901000075],[-10.12770550099998,53.45516625500005],[-10.12084159099993,53.45145527300008],[-10.11073581599993,53.452079809000054],[-10.108926146999977,53.44922093100007],[-10.100445384999944,53.45091688700006],[-10.097833039999955,53.45011481000006],[-10.097583320999945,53.44803977400005],[-10.094562088999965,53.44714489100005],[-10.096399228999928,53.44502036100005],[-10.093400445999976,53.44392894500004],[-10.093824649999931,53.44224476200003],[-10.091284961999975,53.44377045700003],[-10.08910592799998,53.44285357600006],[-10.089163010999926,53.439378813000076],[-10.091305235999926,53.439231008000036],[-10.08736922299994,53.43633872600003],[-10.08603100199997,53.438015019000034],[-10.08037527099998,53.43821941900006],[-10.080135005999978,53.43926759300007],[-10.083743506999951,53.43862654700007],[-10.083931053999947,53.44090652600005],[-10.082153585999947,53.440972973000044],[-10.084773342999938,53.44602970700004],[-10.087454769999965,53.44463549800008],[-10.091339816999948,53.445946235000065],[-10.090228572999933,53.44682389600007],[-10.083884061999981,53.44687944200007],[-10.08124590899996,53.44247106300003],[-10.074954257999934,53.43839408100007],[-10.07113731499993,53.43949104600006],[-10.072349843999973,53.441649304000066],[-10.069559501999947,53.44271636900004],[-10.064481352999962,53.44140271300006],[-10.062663963999967,53.44292419200008],[-10.062052852999955,53.45153957200006],[-10.05855336999997,53.45158918300007],[-10.056599751999954,53.45850670300007],[-10.051052554999956,53.45639429000005],[-10.051578713999959,53.45752376400003],[-10.034274425999968,53.459956111000054],[-10.03432849199993,53.46130626300004],[-10.040284571999962,53.46335361900003],[-10.044287925999981,53.46291197900007],[-10.04801613799998,53.46437947800007],[-10.050808901999972,53.46442372800004],[-10.05040067699997,53.462868522000065],[-10.064370268999937,53.46303389700006],[-10.075554689999933,53.468170325000074],[-10.079749663999962,53.46541627000005],[-10.085490232999973,53.46716725700003],[-10.08439253499995,53.46804403400006],[-10.088156028999947,53.46600887100004],[-10.091376443999934,53.46747856600007],[-10.089460132999932,53.47030257700004],[-10.07973366999994,53.472784293000075],[-10.100184614999932,53.48072788300004],[-10.088174306999974,53.484188980000056],[-10.08938640599996,53.486598626000045],[-10.08557031099997,53.486722487000065],[-10.083397135999974,53.488948478000054],[-10.07748741599994,53.488131374000034],[-10.068780441999934,53.48344536500008],[-10.05831378299996,53.48198562300007],[-10.056006766999928,53.48059646100006],[-10.057206176999955,53.479645162000054],[-10.060066356999926,53.48164224100003],[-10.063245717999962,53.48003433700006],[-10.053533430999948,53.47845606800007],[-10.050977479999972,53.47479208000004],[-10.022243762999949,53.467505896000034],[-10.020531276999975,53.468554839000035],[-10.017964046999964,53.464041036000026],[-10.017001946999926,53.46567623400006],[-10.021059555999955,53.475431051000044],[-10.023307493999937,53.47480681400003],[-10.02424941399994,53.47588320400007],[-10.023597583999958,53.474383411000076],[-10.026762624999947,53.47522311800003],[-10.02628469299998,53.47291332300006],[-10.031587766999962,53.47432993800004],[-10.03360749799998,53.47303829500004],[-10.039582124999981,53.474881280000034],[-10.038093610999965,53.47590725400005],[-10.045885978999934,53.47950714400008],[-10.045452571999931,53.48165482700006],[-10.04253852599993,53.48256922300004],[-10.030491104999953,53.48405588700007],[-10.028471554999953,53.48285341300004],[-10.026582541999971,53.48584797900003],[-10.022367361999954,53.487471036000045],[-10.02642971299997,53.487508527000045],[-10.030603478999979,53.484457159000044],[-10.049912638999956,53.48604495700005],[-10.048966913999948,53.48417560400003],[-10.061792042999969,53.491059317000065],[-10.069406560999937,53.49070891400004],[-10.087440906999973,53.49633618300004],[-10.107596892999936,53.49601386200004],[-10.113223964999975,53.50092520800007],[-10.118539362999968,53.50211776800006],[-10.122035819999951,53.50018281100006],[-10.125989104999974,53.502154275000066],[-10.126386704999959,53.50437730900006],[-10.124323201999971,53.50572774200003],[-10.125084629999947,53.50476851500008],[-10.111405892999926,53.50125905500005],[-10.112694031999979,53.503357952000044],[-10.118436681999981,53.50485003800003],[-10.115036747999966,53.50507524800008],[-10.115107580999961,53.50641398700003],[-10.126200338999979,53.51067343200003],[-10.130337192999946,53.51038491300005],[-10.12726848699998,53.507799093000074],[-10.131359938999935,53.507189080000046],[-10.136212671999942,53.50859548100004],[-10.138527562999968,53.51382840600007],[-10.131129513999952,53.514492387000075],[-10.104625393999981,53.51141495000007],[-10.107238146999975,53.51321092000006],[-10.120338429999947,53.51446641800004],[-10.127768629999935,53.516959470000074],[-10.121864036999966,53.51643006200004],[-10.137148690999936,53.52042318800005],[-10.13606260499995,53.52226297100003],[-10.12111095499995,53.51929100500007],[-10.11213492099995,53.519828810000035],[-10.093497125999932,53.51603630000005],[-10.09214525699997,53.51374163400004],[-10.095928693999952,53.512162586000045],[-10.088709638999944,53.51291941800008],[-10.072579944999973,53.50926197500007],[-10.08240094499996,53.506753426000046],[-10.086564876999944,53.50752018500003],[-10.084956285999965,53.50678193600004],[-10.07580509199994,53.506223455000054],[-10.061790998999982,53.502773759000036],[-10.057988226999953,53.503932561000056],[-10.055398941999954,53.503126466000026],[-10.046519,53.50646818100006],[-10.046894901999963,53.50543102100005],[-10.041482579999979,53.50569597600003],[-10.044311198999935,53.50740295500003],[-10.041923048999934,53.50862285900007],[-10.040560251999977,53.50725925300003],[-10.043082911999932,53.51102025300003],[-10.047355719999928,53.51140997500005],[-10.04980947699994,53.51007571900004],[-10.048894728999926,53.50885094000006],[-10.052710142999956,53.50801732700006],[-10.054875180999943,53.50918646500003],[-10.053212093999946,53.51032645300006],[-10.054699623999966,53.51207272700003],[-10.057943163999937,53.509696262000034],[-10.07591608699994,53.515205353000056],[-10.078891,53.515131233000034],[-10.080531959999973,53.51290358300008],[-10.08547914199994,53.51618613800008],[-10.101711743999942,53.52025457500008],[-10.12531761699995,53.521649926000066],[-10.13154548999995,53.52378876800003],[-10.135564036999938,53.52289174500004],[-10.137584459999971,53.524048579000066],[-10.13470601399996,53.524505711000074],[-10.135195974999931,53.52705982700007],[-10.145146163999925,53.53193310100005],[-10.145549183999947,53.542294481000056],[-10.154182268999932,53.541604575000065],[-10.167830357999947,53.54284479100005],[-10.176344266999934,53.54108198800003],[-10.178067873999964,53.53912658100006],[-10.189013965999948,53.54384151700003],[-10.200785610999958,53.54409065100003],[-10.199905142999967,53.54599548200008],[-10.196105931999966,53.54754391000006],[-10.192759785999954,53.547150216000034],[-10.188577877999933,53.54967395500006],[-10.189501806999942,53.551531139000076],[-10.193102125999928,53.55220278300004],[-10.190240271999926,53.556040143000075],[-10.184728456999949,53.55591672700007],[-10.181901316999927,53.557625974000075],[-10.183379616999957,53.557992899000055],[-10.178533621999975,53.55794341400008],[-10.17438731599998,53.56073639700003],[-10.164739854999937,53.56187427700007],[-10.161413193999977,53.56029413400006],[-10.162095961999967,53.55855570300008],[-10.15803505599996,53.55717342200006],[-10.160084558999927,53.55712374600006],[-10.158031929999936,53.55691602100006],[-10.160304764999978,53.553322878000074],[-10.154996793999942,53.552314366000076],[-10.152284014999964,53.55379885500008],[-10.154198434999955,53.55367113800003],[-10.153321052999956,53.555139446000055],[-10.157794925999951,53.555418099000065],[-10.154813924999928,53.55869302700006],[-10.158201347999977,53.55971427600008],[-10.150266759999965,53.56252489700006],[-10.155346152999925,53.56396116700006],[-10.152314346999958,53.56675165100006],[-10.144694882999943,53.56470405200008],[-10.145214635999935,53.56307032700005],[-10.135439228999928,53.557719561000056],[-10.130666278999968,53.557834349000075],[-10.12809911499994,53.56116993200004],[-10.122466440999972,53.56089979200004],[-10.106710176999968,53.55525665300007],[-10.09518877499994,53.55423663800008],[-10.092750185999932,53.55736253800006],[-10.095695503999934,53.55749083400008],[-10.120890561999943,53.57066109300007],[-10.127190938999945,53.57181844400003],[-10.129396491999955,53.57430040300005],[-10.12752467599995,53.576329747000045],[-10.12215807299998,53.57667227400003],[-10.118008893999956,53.57324678800006],[-10.117995807999932,53.57571169900007],[-10.114566975999935,53.57701503000004],[-10.110387582999977,53.577160082000034],[-10.107770912999968,53.57543048700006],[-10.10801085199995,53.57644710300008],[-10.09990658099997,53.577086948000044],[-10.095483147999971,53.57269749100004],[-10.086418457999969,53.57308628900006],[-10.07944413399997,53.575510559000065],[-10.073957786999927,53.57461972400006],[-10.072871990999943,53.57296759500008],[-10.068264681999949,53.57195674600007],[-10.068580228999963,53.569887347000076],[-10.065034904999948,53.567880280000054],[-10.061720511999965,53.56840904200004],[-10.062089137999976,53.57031942300006],[-10.051429003999942,53.569461957000044],[-10.045571346999964,53.57244884900007],[-10.03667519399994,53.56963598700003],[-10.027966334999974,53.56988564300008],[-10.01089624499997,53.56665800600007],[-10.012476327999934,53.565264315000036],[-10.010751807999952,53.56150951700005],[-10.019070546999956,53.56239814200006],[-10.020943934999934,53.560172805000036],[-10.00972484099998,53.55420936500008],[-10.01111667899994,53.551317167000036],[-10.005422386999953,53.54978783300004],[-10.005781870999954,53.54647603600006],[-10.001616640999941,53.54518581700006],[-10.002298779999933,53.54396981800005],[-9.997465236999972,53.544174102000056],[-10.000370754999949,53.54721961200005],[-10.004108207999934,53.548072012000034],[-10.002643037999974,53.54896987800004],[-9.981547057999933,53.54653077300003],[-9.984098478999954,53.548535584000035],[-9.991553744999976,53.54980682300004],[-9.991268069999933,53.551210291000075],[-9.983803534999936,53.55212677900005],[-9.980698433999976,53.55638974700008],[-9.975306793999948,53.55488610900005],[-9.973430808999979,53.55118969800003],[-9.969029187999979,53.548877418000075],[-9.966267319999929,53.55139418700003],[-9.962158442999964,53.55052910500007],[-9.953337511999962,53.55235299600008],[-9.966638510999928,53.55830085400004],[-9.978878617999953,53.55975823300008],[-9.979586497999946,53.55821229600008],[-9.985489123999969,53.55730078900007],[-9.98391513799993,53.55619985000004],[-9.999112324999942,53.556122678000065],[-9.99983341799998,53.558338115000026],[-9.99573176499996,53.55947586500008],[-10.001489663999962,53.559379937000074],[-10.000489561999927,53.56162496800005],[-9.99255291299994,53.56136579900004],[-9.990386566999973,53.55865060100007],[-9.986950122999929,53.56040317000003],[-9.987010691999956,53.564018616000055],[-9.985020107999958,53.56474255300003],[-9.979195542999946,53.56289680900005],[-9.982204622999973,53.56178283700007],[-9.972044400999948,53.56132366500003],[-9.978497711999978,53.56702490400005],[-9.976429879999955,53.56862825300004],[-9.970087542999977,53.566221159000065],[-9.96795033899997,53.566728803000046],[-9.964355411999975,53.57017418500004],[-9.962682815999926,53.56986565300008],[-9.96224028699993,53.572074308000026],[-9.964832399999977,53.57127384100005],[-9.969464242999948,53.57319458200004],[-9.974071361999961,53.571046169000056],[-9.997775224999941,53.57315724000006],[-10.023321204999945,53.57884050300004],[-10.025439674999973,53.582387288000064],[-10.03684958599996,53.58708374500003],[-10.035607225999968,53.58870244600007],[-10.044652503999941,53.59430507700006],[-10.043497986999967,53.601073693000046],[-10.050747718999958,53.60321662300004],[-10.047115056999928,53.60540888300005],[-10.047983661999979,53.61053836500008],[-10.042043736999972,53.609463927000036],[-10.040667958999961,53.61063104500005],[-10.034542269999974,53.61062625000005],[-10.02878801099996,53.607117681000034],[-10.018532298999958,53.606464576000064],[-10.010547936999956,53.607878449000054],[-10.006905703999962,53.61163931900006],[-10.001119915999936,53.61012496500007],[-9.996865014999969,53.61104863000003],[-9.988000338999939,53.60709632600003],[-9.975759205999964,53.607135981000056],[-9.976455246999933,53.60384522500004],[-9.965129271999956,53.59990493200007],[-9.947448626999972,53.60079432200007],[-9.932840432999967,53.59748052800006],[-9.922206181999968,53.59904308500006],[-9.918310727999938,53.59810833900008],[-9.91877866699997,53.599715795000066],[-9.910267241999975,53.60098346900003],[-9.906102029999943,53.60747120800005],[-9.899220126999978,53.60603618500005],[-9.891127636999954,53.60659273700003],[-9.904416501999947,53.60888906000008],[-9.901607977999959,53.61224302000005],[-9.903534412999932,53.613348864000045],[-9.898637161999943,53.61447291500008],[-9.893132572999946,53.61247255600006],[-9.889174689999948,53.61289586500004],[-9.888333966999937,53.61528074700004],[-9.87883065099993,53.61343524400007],[-9.87558391999994,53.61513728700004],[-9.875668824999934,53.61745039600004],[-9.872477290999939,53.615389477000065],[-9.857083917999944,53.613252137000075],[-9.848767633999955,53.60904332700005],[-9.847805509999944,53.61326599600005],[-9.853971931999979,53.61596773300005],[-9.86754984299995,53.61790495900004],[-9.859757954999964,53.61920794400004],[-9.87227276799996,53.620443160000036],[-9.879188301999932,53.62495268300006],[-9.872811492999972,53.62396506300007],[-9.871951817999957,53.62544963100004],[-9.859056731999942,53.61981732800007],[-9.85929892699994,53.62073658800006],[-9.851204031999941,53.618111242000055],[-9.842932366999946,53.61784320100003],[-9.830066040999952,53.61075024300004],[-9.81017484299997,53.60633646200006],[-9.80383033499993,53.60066926600007],[-9.796369161999962,53.59987888400008],[-9.78532131299994,53.59301720600007],[-9.783696254999938,53.59604434700003],[-9.733365395999954,53.60023080700006],[-9.70258899299995,53.59478201600007],[-9.697075337999934,53.59655259300007],[-9.694259790999979,53.59597698600004],[-9.691483921999975,53.60347566100006],[-9.687224804999971,53.60692946000006],[-9.678183438999952,53.61008829300005],[-9.671735768999952,53.60702118700004],[-9.67162000199994,53.612046114000066],[-9.66931210599995,53.61313445500008],[-9.671993928999939,53.61743480200005],[-9.672082012999965,53.61556554200007],[-9.675384837999957,53.61337197700004],[-9.678001044999974,53.61392284000004],[-9.677272788999971,53.61285605900008],[-9.682145206999962,53.60958726800004],[-9.698265593999963,53.60454258100003],[-9.715728092999939,53.604913786000054],[-9.741940968999927,53.60218841000005],[-9.751405035999937,53.603602239000054],[-9.749105934999932,53.60531359400005],[-9.751797451999948,53.60734085400003],[-9.75261657599998,53.60577384700008],[-9.758361022999964,53.60431260400003],[-9.757042414999944,53.60373937600008],[-9.76313294099998,53.603762077000056],[-9.772422650999943,53.60138813400005],[-9.784388688999968,53.602746231000026],[-9.814072377999935,53.61563004800007],[-9.825720514999944,53.61764707100008],[-9.840350128999944,53.623809564000055],[-9.858313434999957,53.62570988700003],[-9.856518470999958,53.626104328000054],[-9.858807086999946,53.62806716100005],[-9.86673583299995,53.62994970700004],[-9.865672525999969,53.63078982400003],[-9.879705199999933,53.63367589000006],[-9.87803179499997,53.63868328500007],[-9.873835681999935,53.63650486600005],[-9.870438796999963,53.63658744000003],[-9.874611173999938,53.63914976400008],[-9.880409080999925,53.639670454000054],[-9.87906049999998,53.641745625000055],[-9.886736381999981,53.644449905000045],[-9.881003680999981,53.64659538500007],[-9.880964011999936,53.64860388900007],[-9.910231059999944,53.65155774800007],[-9.914021398999978,53.65313582700003],[-9.911657855999977,53.65422547600008],[-9.914306102999944,53.65708137000007],[-9.915094373999978,53.664645750000034],[-9.906544510999936,53.677102200000036],[-9.91013711599993,53.68276036800006],[-9.919006991999936,53.68873554400005],[-9.916989343999944,53.69332932200007],[-9.920231313999977,53.69677725200006],[-9.913236929999925,53.69989529900005],[-9.911080162999951,53.70513728700007],[-9.912072808999937,53.711577487000056],[-9.900050122999971,53.72247389200004],[-9.894075101999931,53.73764252400008],[-9.898365098999932,53.74317128100006],[-9.899438379999935,53.750742098000046],[-9.909771984999963,53.75250051300003],[-9.906324874999939,53.754595265000034],[-9.90581683399995,53.761853802000076],[-9.897630581999977,53.76475844000004],[-9.881319562999977,53.76372563900003],[-9.86350372399994,53.76871305600008],[-9.834296495999979,53.770604528000035],[-9.82588438299996,53.76954195500008],[-9.81099980199997,53.77393232800006],[-9.80306903099995,53.77854455900007],[-9.781829053999957,53.78246960200005],[-9.770111269999973,53.782029659000045],[-9.770792625999945,53.77956422900007],[-9.768173830999956,53.77808509400006],[-9.77020788599998,53.77652307100004],[-9.763184751999972,53.77441849200005],[-9.744087965999938,53.77474377900006],[-9.737643152999965,53.773567712000045],[-9.73047754199996,53.775712215000055],[-9.718976923999946,53.775930430000074],[-9.700650486999962,53.779064934000075],[-9.689392229999953,53.784089848000065],[-9.68798483699993,53.783026902000074],[-9.683099411999933,53.78505958900007],[-9.673407762999943,53.78570577600004],[-9.668155936999938,53.78868602700004],[-9.66211295599993,53.78777779500007],[-9.654156945999944,53.795276657000045],[-9.657922207999945,53.78958280900008],[-9.662926969999944,53.78728487200004],[-9.65940588799998,53.78522427300004],[-9.65816160099996,53.78171270400003],[-9.641032096999936,53.781840404000036],[-9.639891877999958,53.785621537000054],[-9.641788722999934,53.787465731000054],[-9.63949400599995,53.78657903800007],[-9.636608655999964,53.78845079700005],[-9.629023460999974,53.78753179100005],[-9.62664839799993,53.783700080000074],[-9.619949113999951,53.78641862000006],[-9.612331673999961,53.78274434400004],[-9.614729970999974,53.78052053700003],[-9.618035893999945,53.781384942000045],[-9.617478391999953,53.78044567500007],[-9.629247374999977,53.778476013000045],[-9.60895183499997,53.77926684200003],[-9.60702026599995,53.780381343000045],[-9.609989152999958,53.78508895900006],[-9.609379353999941,53.78645252600006],[-9.604864980999935,53.787778556000035],[-9.599974481999936,53.78703115400003],[-9.595889342999953,53.79344404100004],[-9.589777718999926,53.794490487000076],[-9.59015104599996,53.79139477000007],[-9.591172618999963,53.79295775000003],[-9.59298120099993,53.79244893300006],[-9.590687446999937,53.78803434000008],[-9.592596637999975,53.78954693700007],[-9.593808432999936,53.787687007000045],[-9.596929131999957,53.78833790700003],[-9.599341538999965,53.78703439600008],[-9.59472991499996,53.78753053400004],[-9.59652854199993,53.786149314000056],[-9.594996866999963,53.78488962100005],[-9.604017873999965,53.78750042900003],[-9.601289288999965,53.78567922600007],[-9.604952973999957,53.786582226000064],[-9.609306339999932,53.784924474000036],[-9.60773385999994,53.783213345000036],[-9.602020129999971,53.78171889500004],[-9.59375900599997,53.782391586000074],[-9.593478398999935,53.78114444400006],[-9.590308343999936,53.781906108000044],[-9.582271059999925,53.78043305600005],[-9.58228964999995,53.78225712500006],[-9.580336896999938,53.78235497000003],[-9.584490635999941,53.78544727000008],[-9.576345021999941,53.78756719100005],[-9.572819267999932,53.78697884200005],[-9.569908462999933,53.78855734000007],[-9.577221124999937,53.79086749100003],[-9.579993894999973,53.78883016200007],[-9.57947807499994,53.79279401500003],[-9.56915238199997,53.79147766700004],[-9.56031689799994,53.79428757300008],[-9.565483306999965,53.79762604000007],[-9.568650885999944,53.79632274000005],[-9.566491908999978,53.79895159100005],[-9.559677376999957,53.79916287600008],[-9.55371906199997,53.79666638300006],[-9.550722020999956,53.80033098300004],[-9.554380740999932,53.801427183000044],[-9.56139236499996,53.80081488900004],[-9.559227010999962,53.80145720000007],[-9.560672254999929,53.80284927900004],[-9.546626218999961,53.80027624300004],[-9.543603616999974,53.800922494000076],[-9.54427302299996,53.80420338700003],[-9.547009053999943,53.80418853100008],[-9.545199139999966,53.801734889000045],[-9.546887381999966,53.80092861800006],[-9.554240325999956,53.802883920000056],[-9.548311872999932,53.804158424000036],[-9.549618933999966,53.805618725000045],[-9.563094406999937,53.80744921500008],[-9.56751040599994,53.80938345100003],[-9.570384826999941,53.807383730000026],[-9.574467255999934,53.80715715800005],[-9.566858116999981,53.803966366000054],[-9.564077459999965,53.804246258000035],[-9.564174180999942,53.80301517300006],[-9.567962351999938,53.80243476800007],[-9.569532239999944,53.80375781500004],[-9.580432831999929,53.805543586000056],[-9.58283333199995,53.80464674700005],[-9.585641687999953,53.806093281000074],[-9.593008839999982,53.805543991000036],[-9.587347610999927,53.80260950500008],[-9.597458650999954,53.80328616200006],[-9.598818481999956,53.80521736400004],[-9.594683867999947,53.80595473400007],[-9.59517225899998,53.80773935000008],[-9.586822605999942,53.808810761000075],[-9.593935580999926,53.81191963600003],[-9.59628377699994,53.811736256000074],[-9.59697585999993,53.80994960100003],[-9.608256283999935,53.81223537400007],[-9.604176988999939,53.80899513700007],[-9.611416260999931,53.81149993500003],[-9.614610411999934,53.81147740000006],[-9.613563295999938,53.81020148300007],[-9.617160326999965,53.81147260900008],[-9.615790241999946,53.81254566500007],[-9.624269375999972,53.81599689800004],[-9.618858961999933,53.81540489500003],[-9.622853623999958,53.81684824400003],[-9.616101305999962,53.817934697000055],[-9.61923774099995,53.82007802100003],[-9.607225021999966,53.81378889300004],[-9.60419624399998,53.813600748000056],[-9.605173848999925,53.81505828300004],[-9.597940783999945,53.81244588700008],[-9.598552218999941,53.81446622100003],[-9.601347055999952,53.81513408500007],[-9.597549198999957,53.81505461000006],[-9.609738703999938,53.81733944400003],[-9.618380695999974,53.82149416000004],[-9.626014573999953,53.82234772900006],[-9.627165736999928,53.82643582600008],[-9.621321829999943,53.82607634000004],[-9.613949376999926,53.82183623600008],[-9.611363702999938,53.82339618100008],[-9.603830903999949,53.82258967700005],[-9.60362895399993,53.823561537000046],[-9.614441015999944,53.82545448800005],[-9.607829254999956,53.82568272200007],[-9.616202731999977,53.82649848600005],[-9.618909751999979,53.83043790800008],[-9.604629579999937,53.83041929700005],[-9.596193478999965,53.83352336200005],[-9.602147786999979,53.835360467000044],[-9.60838911299993,53.83415850500006],[-9.612202363999927,53.831170445000055],[-9.616656442999954,53.83095040400008],[-9.62007340599996,53.83244975400004],[-9.613074671999925,53.83774296000007],[-9.610373934999927,53.837734814000044],[-9.618763155999943,53.84065041800005],[-9.616682731999958,53.841726838000056],[-9.617408884999975,53.844916021000074],[-9.610101676999932,53.84689763800003],[-9.601267083999971,53.845980256000075],[-9.599153077999972,53.84825185600005],[-9.59453414199993,53.84816177500005],[-9.589660512999956,53.84564162800007],[-9.56355614599994,53.847096143000044],[-9.569304322999926,53.848575002000075],[-9.577230159999942,53.847128189000045],[-9.589147821999973,53.85050635300007],[-9.601240571999938,53.85152522900006],[-9.59193720999997,53.85459331800007],[-9.594900019999955,53.857904070000075],[-9.579604778999965,53.854370172000074],[-9.587423164999962,53.85272571300004],[-9.587724571999956,53.850395125000034],[-9.573309596999934,53.84890271200004],[-9.570799895999926,53.85071274200004],[-9.586304128999927,53.851459109000075],[-9.579159623999942,53.85324886600006],[-9.561290767999935,53.84956416400007],[-9.566782548999981,53.850795092000055],[-9.562821136999958,53.85287747600006],[-9.573312836999946,53.85510331800003],[-9.56341215499998,53.85533735700005],[-9.562099299999943,53.85746626200006],[-9.591219706999937,53.85901838600006],[-9.57208001899994,53.85955671000005],[-9.567113980999977,53.86139495800006],[-9.562313615999926,53.86017712000006],[-9.56215735099994,53.85775377900006],[-9.553934108999954,53.85652756700006],[-9.559604258999968,53.86150348000007],[-9.577206026999932,53.86211102800007],[-9.573637756999972,53.86582933600005],[-9.568245756999943,53.86475662400005],[-9.565150780999943,53.86635877700007],[-9.558725908999975,53.86405221000007],[-9.557876418999967,53.86561849600008],[-9.562259564999977,53.86677262900008],[-9.585835163999946,53.86690172700003],[-9.589366034999955,53.86532347800005],[-9.60222024999996,53.86596184600006],[-9.59456417499996,53.868559592000054],[-9.586605044999942,53.867845998000064],[-9.589242456999955,53.86928227300007],[-9.586221996999939,53.86975720800007],[-9.582512921999978,53.86913058600004],[-9.582527181999978,53.86787224700004],[-9.562253212999963,53.87004646200006],[-9.562819102999981,53.87176069000003],[-9.577260766999927,53.86915874400006],[-9.583148213999948,53.87078526600004],[-9.574858296999935,53.87349248100003],[-9.564068258999953,53.87290162800008],[-9.551707379999925,53.87722806100004],[-9.55830753999993,53.87533418500004],[-9.564443831999938,53.87612375700007],[-9.58203147699993,53.87406836800005],[-9.586718332999965,53.87486999600003],[-9.585869969999976,53.87695725600008],[-9.593955276999964,53.877617187000055],[-9.57933935699998,53.876678938000055],[-9.578873192999936,53.87923875600006],[-9.576745308999932,53.87962926400007],[-9.567918568999971,53.87751774700007],[-9.563236726999946,53.87860521700003],[-9.565990977999945,53.88225403700005],[-9.560182424999937,53.88135115000006],[-9.56229622799998,53.88367557600003],[-9.566791403999957,53.88401687000004],[-9.569700079999961,53.88387486500005],[-9.56715814599994,53.88246109000005],[-9.570734440999956,53.880950306000045],[-9.586900612999955,53.88075490300008],[-9.576091444999975,53.88299279300003],[-9.576864978999936,53.88482196100006],[-9.560327851999944,53.885769750000065],[-9.55332705199993,53.88315840000007],[-9.545974982999951,53.883960227000046],[-9.553778732999945,53.88390465900005],[-9.556622607999941,53.885519345000034],[-9.552492078999933,53.88634771400007],[-9.56004898699996,53.88773308900005],[-9.553867078999929,53.88914442400005],[-9.554499290999956,53.891177895000055],[-9.565523065999969,53.88886693400008],[-9.56141288699996,53.88804164000004],[-9.562146372999962,53.88687894900005],[-9.579927643999952,53.88644140400004],[-9.587439705999941,53.88509124400008],[-9.587687526999957,53.883458431000065],[-9.593555887999969,53.88447001900005],[-9.601173699999947,53.883218156000055],[-9.591668570999957,53.886184075000074],[-9.572293935999937,53.88833349500004],[-9.57107029399998,53.89017200100005],[-9.565545327999928,53.888894306000054],[-9.567280537999977,53.89020348200006],[-9.564908683999931,53.89175755800005],[-9.578185312999949,53.894291904000056],[-9.57580143399997,53.89751484200008],[-9.569943750999926,53.899144112000045],[-9.573140487999979,53.90060010000008],[-9.57244387299994,53.902220267000075],[-9.574387685999966,53.90189120500003],[-9.574523288999956,53.89923775700004],[-9.577882711999962,53.89848194600006],[-9.57723494499993,53.89721084400003],[-9.582420285999945,53.89749310700006],[-9.57982366799996,53.89361695100007],[-9.587040824999974,53.88835278300007],[-9.594776596999964,53.88875369900006],[-9.591234699999973,53.88952452500007],[-9.592080858999964,53.89162726400008],[-9.589144852999937,53.89147123100008],[-9.58940741999993,53.89286622800006],[-9.58634049699998,53.89331086200008],[-9.587027795999973,53.89735979800008],[-9.595784064999975,53.89594571300006],[-9.599196702999961,53.89371734100007],[-9.60294265999994,53.89403323300007],[-9.600582989999964,53.89218030100005],[-9.607861022999941,53.89189606800005],[-9.604935860999944,53.889210268000056],[-9.601579602999948,53.88870373700007],[-9.60845760199993,53.88738441700008],[-9.613495763999936,53.88814307700005],[-9.614524371999948,53.890307516000064],[-9.614235858999962,53.89269705500004],[-9.610988426999938,53.89422973500007],[-9.620038848999968,53.89422882100007],[-9.620374461999972,53.895258725000076],[-9.617949461999956,53.89528429200004],[-9.62039748999996,53.89552273700008],[-9.622549525999943,53.894601022000074],[-9.626723694999953,53.896309647000066],[-9.629456749999974,53.89515332000008],[-9.637981188999959,53.895991622000054],[-9.63812239799995,53.89445839900003],[-9.644851047999964,53.89207596800003],[-9.655643914999928,53.89116943300007],[-9.648214740999947,53.888673209000046],[-9.647433715999966,53.88730119100006],[-9.649718338999946,53.88675588400008],[-9.658890662999966,53.89059493000008],[-9.650681618999954,53.89357450700004],[-9.651666224999929,53.89516854500005],[-9.654633917999945,53.89504936700007],[-9.650101631999974,53.89644645200008],[-9.65414597299997,53.899816343000055],[-9.658448436999947,53.89884110600008],[-9.654445330999977,53.897857989000045],[-9.665849044999959,53.89465431800005],[-9.66257589099996,53.892622449000044],[-9.66688776199993,53.89034719600005],[-9.669646675999957,53.89089636400007],[-9.670165717999964,53.89500704500006],[-9.664061108999931,53.89768419500007],[-9.670821349999926,53.89602879500006],[-9.682959712999946,53.89744617300005],[-9.678125554999951,53.90046018600003],[-9.690929518999951,53.90035397500003],[-9.69786401999994,53.89789148800003],[-9.705052930999955,53.89956952300008],[-9.69881150699996,53.901432432000036],[-9.700923555999964,53.90183643900008],[-9.71271025599998,53.899868956000034],[-9.715338275999954,53.89639053500008],[-9.719007955999928,53.89563137200008],[-9.724986531999946,53.89697247500004],[-9.716810922999969,53.89951751600006],[-9.721291622999956,53.900265954000076],[-9.723733944999935,53.89902577700008],[-9.732981699999925,53.89892008500004],[-9.741933078999978,53.902232377000075],[-9.748617310999975,53.90082231800005],[-9.742553389999955,53.89778920900005],[-9.741992487999937,53.89478755500005],[-9.731014029999926,53.89545414300005],[-9.729571453999938,53.894161600000075],[-9.73947640299997,53.89358869600005],[-9.744521188999954,53.89129073600003],[-9.74730688699998,53.893483082000046],[-9.750302222999949,53.89312493500006],[-9.756432246999964,53.89788128400005],[-9.770043073999943,53.90093728000005],[-9.770140063999975,53.89988856700006],[-9.776043571999935,53.90431571700003],[-9.773608251999974,53.90549826500006],[-9.779853548999938,53.90534759800005],[-9.785247350999953,53.904819273000044],[-9.784687645999952,53.90205536500008],[-9.781836771999963,53.902546846000064],[-9.782471551999947,53.90444996000008],[-9.781452844999933,53.90215353000008],[-9.78367934199997,53.89978666700006],[-9.775928773999965,53.89722921900005],[-9.793102758999964,53.89604607800004],[-9.796567984999967,53.890084529000035],[-9.801592993999975,53.88846154500004],[-9.802349515999936,53.885354445000075],[-9.81649736199995,53.87738305200003],[-9.830281111999966,53.874666209000054],[-9.833088164999936,53.87287612200004],[-9.843262633999927,53.872808536000036],[-9.865044290999947,53.866421735000074],[-9.881637019999971,53.86449894300006],[-9.889827663999938,53.86639636400008],[-9.896920750999925,53.865825262000044],[-9.900647796999976,53.862593865000065],[-9.905441506999978,53.86210711000007],[-9.91644572599995,53.868871838000075],[-9.92345359799998,53.870541166000066],[-9.942694844999949,53.870789940000066],[-9.944069082999931,53.87313339000008],[-9.936107599999957,53.87158827700006],[-9.941877542999976,53.87778619900007],[-9.934506968999926,53.875895298000046],[-9.933726042999979,53.87854399100007],[-9.928357784999946,53.87870163300005],[-9.932279777999952,53.88182700200008],[-9.93177546399994,53.88398081100007],[-9.924682202999975,53.88643566500008],[-9.922954464999975,53.89180128000004],[-9.930856175999963,53.905210210000064],[-9.930622249999942,53.91152840700005],[-9.927636649999954,53.91396723000008],[-9.915316048999955,53.91770817500003],[-9.914108315999954,53.923046070000055],[-9.90043617899994,53.93399988800007],[-9.903403690999937,53.93344170700004],[-9.903958308999961,53.93641031200008],[-9.906521815999952,53.93540570400006],[-9.903884797999979,53.93491617300003],[-9.90475473999993,53.93353845100006],[-9.910237652999967,53.93349736600004],[-9.912640223999972,53.93166552300005],[-9.920389865999937,53.933135837000066],[-9.923036337999974,53.932277561000035],[-9.927954478999936,53.92588949300006],[-9.932040966999978,53.92426580800003],[-9.936884710999948,53.92501740100005],[-9.940625069999953,53.92289805200005],[-9.940426074999948,53.919251803000066],[-9.93330655099993,53.92133574700006],[-9.933570599999939,53.91815296600004],[-9.931143944999974,53.91736983800007],[-9.93545912999997,53.91669498400006],[-9.93971150599998,53.913687724000056],[-9.945344030999934,53.91666248400003],[-9.947805955999968,53.915639998000074],[-9.951388962999943,53.91844518600004],[-9.948417627999959,53.91521226200007],[-9.956611223999971,53.911254634000045],[-9.957273002999955,53.90882749900004],[-9.95333693699996,53.90785611700005],[-9.952619863999928,53.91058878300004],[-9.949872076999952,53.909512121000034],[-9.945575333999955,53.91045366800006],[-9.941670727999963,53.90883973100006],[-9.936645547999944,53.89867479800006],[-9.93785149699994,53.89322333300004],[-9.943441009999958,53.887866090000045],[-9.944047904999934,53.88292241500005],[-9.949001487999965,53.87761909400007],[-9.94403441399993,53.875690216000066],[-9.962536568999951,53.87439966100004],[-9.97755901499994,53.88348171700005],[-9.976731580999967,53.88453214000003],[-9.983128700999941,53.88501923800004],[-9.981317131999958,53.88650568000003],[-9.982821736999938,53.888232928000036],[-9.986064028999976,53.88699504200008],[-9.99126744199998,53.88865510100004],[-9.99382385499996,53.893834420000076],[-10.001772906999975,53.89703235400003],[-10.00081570499998,53.89898199700008],[-9.996531610999966,53.899570880000056],[-9.992569634999938,53.902595604000055],[-9.999333255999943,53.90416518900008],[-9.996578652999972,53.904440022000074],[-9.998929028999953,53.90517588000006],[-9.997896343999969,53.907162595000045],[-10.002442936999955,53.90669079600008],[-10.002093535999961,53.90821738900007],[-10.00591536199994,53.90784393600006],[-10.004846972999928,53.90991799600005],[-10.007444573999976,53.90891323300008],[-10.009711488999926,53.91000586200005],[-10.00736874599994,53.91097188100008],[-10.01006330399997,53.91039049900007],[-10.008272099999942,53.91173966800005],[-10.009709932999954,53.912825403000056],[-10.010525989999962,53.911239257000034],[-10.01156992999995,53.91294143300007],[-10.016094704999944,53.911940439000034],[-10.015867249999928,53.91597968700006],[-10.020165592999945,53.91653052400005],[-10.018872131999956,53.92107572900005],[-10.021995726999933,53.920898831000045],[-10.023195649999934,53.91780547900004],[-10.023790173999942,53.92092261100004],[-10.026608343999953,53.92165831800003],[-10.038182553999945,53.914205577000075],[-10.038987961999965,53.915502924000066],[-10.04013714399997,53.91429585700007],[-10.042029409999941,53.91484236300005],[-10.04173686799993,53.916202629000054],[-10.045481503999952,53.91518662100003],[-10.047827687999927,53.91647852500006],[-10.047451053999964,53.915218871000036],[-10.051354251999953,53.91509984400005],[-10.049928721999947,53.91718842000006],[-10.055274053999938,53.91729733400007],[-10.053052948999948,53.92189943000005],[-10.057875343999967,53.92517174900007],[-10.052941554999961,53.92750803500007],[-10.053323230999979,53.93382425400006],[-10.051181508999946,53.93562925600003],[-10.055974293999952,53.93789566300006],[-10.054214248999926,53.939917466000054],[-10.05225495999997,53.93938245500004],[-10.053694036999957,53.94003697800008],[-10.049835764999955,53.944424738000066],[-10.052354700999956,53.945909448000066],[-10.048253917999943,53.94830381300005],[-10.052314974999945,53.95355304200007],[-10.04476976899997,53.95789122100007],[-10.05068175799994,53.96408606300008],[-10.06643425599998,53.97159446500007],[-10.077383018999967,53.973526038000045],[-10.085601918999942,53.97210273600007],[-10.100946058999966,53.96285829000004],[-10.102615559999947,53.96481303500008],[-10.109362777999934,53.96622599800003],[-10.116275619999954,53.96074013200007],[-10.119278042999952,53.96962795600007],[-10.125785064999945,53.973678791000054],[-10.130085965999967,53.973862878000034],[-10.140211678999947,53.968618406000076],[-10.14561455699993,53.96956595900008],[-10.15521414099993,53.965378575000045],[-10.158364425999935,53.967780720000064],[-10.171122603999947,53.967743143000064],[-10.17248006899996,53.96884413400005],[-10.175205607999942,53.96792972000003],[-10.189240455999936,53.969881428000065],[-10.194850320999933,53.96633789300006],[-10.189053008999963,53.96323367400004],[-10.188542278999932,53.96068131800007],[-10.198365399999943,53.962006719000044],[-10.204585502999976,53.96520127700006],[-10.212448077999966,53.96563474300007],[-10.221617911999942,53.97192307100005],[-10.222414884999978,53.97435662100003],[-10.233947934999946,53.97474239500008],[-10.238004495999974,53.97965674100004],[-10.251401613999974,53.97550283900006],[-10.25938875199995,53.97475412700004],[-10.238278394999952,53.98236781700007],[-10.228132223999978,53.981055267000045],[-10.21945022899996,53.98254728500007],[-10.216975282999954,53.98025989000007],[-10.212609852999947,53.97972191300005],[-10.208526336999967,53.981891603000065],[-10.18863102399996,53.99503053700005],[-10.185363970999958,54.00366403400005],[-10.191302900999972,54.00649266100004],[-10.187887558999932,54.01046129400004],[-10.18856005799995,54.01408635300004],[-10.190455094999948,54.01435329000003],[-10.187294662999932,54.01583749400004],[-10.182401720999962,54.01242056600006],[-10.180214818999957,54.01364069300007],[-10.178928007999957,54.01032065700008],[-10.171525131999942,54.007394376000036],[-10.164600682999946,54.00739097500008],[-10.155828706999955,54.009750679000035],[-10.145139079999979,54.00862372100005],[-10.14412606899998,54.001950624000074],[-10.134504131999961,53.99925361500004],[-10.13109727799997,53.99952227500006],[-10.127718465999976,54.00240254400006],[-10.116856777999942,54.00278495800006],[-10.113439042999971,54.00078841900006],[-10.10284584699997,54.00081753000006],[-10.098296778999952,54.00203000500005],[-10.09831535199993,54.00949081500005],[-10.09034016399994,54.010761064000064],[-10.089197446999947,54.01366733100008],[-10.084227928999951,54.014519531000076],[-10.084704797999962,54.01731705700007],[-10.069686573999945,54.024853783000026],[-10.067835241999944,54.02377293400008],[-10.061250877999953,54.025644930000055],[-10.059814981999978,54.02453535300003],[-10.047672880999926,54.02553150600005],[-10.042925081999954,54.02446149900004],[-10.027153147999968,54.01159327000005],[-10.020141757999966,54.012754560000076],[-10.013459070999943,54.01684987400006],[-10.012065035999967,54.01455202200003],[-10.001286533999973,54.01612352800004],[-9.996866762999957,54.01300018100005],[-9.98808310499993,54.01227270800007],[-9.986464802999933,54.01649300500003],[-9.98871524699996,54.019781590000036],[-9.979459782999982,54.02097030600004],[-9.976861510999981,54.025159606000045],[-9.977995995999947,54.02787479500006],[-9.974824659999967,54.030083466000065],[-9.968117139999947,54.026933572000075],[-9.96058275699994,54.018416107000064],[-9.954061483999965,54.01711729800007],[-9.948342971999978,54.01247329100005],[-9.943102129999943,54.010961526000074],[-9.937618068999939,54.00643876600003],[-9.939999468999929,54.00235388300007],[-9.930223282999975,53.998023302000036],[-9.92876690099996,53.99522412300007],[-9.936592142999928,53.99354793400005],[-9.93610754599996,53.99106769800005],[-9.94366985299996,53.99040618600003],[-9.946260903999928,53.99162293100005],[-9.958783128999926,53.99000173700006],[-9.958213162999925,53.98780904600005],[-9.953234277999968,53.985965898000075],[-9.949935324999956,53.982201074000045],[-9.956036223999945,53.97778819800004],[-9.953013082999973,53.97683789300004],[-9.953114316999972,53.975038048000044],[-9.95831600799994,53.97436506200006],[-9.961672932999932,53.97083974600008],[-9.957612575999974,53.97362545200008],[-9.954990674999976,53.97341641700007],[-9.951874614999952,53.96280812100008],[-9.96049303899997,53.956790710000064],[-9.957903427999952,53.951117115000045],[-9.96205398199993,53.95063965800006],[-9.963415246999944,53.952577244000054],[-9.966054467999982,53.95266438800007],[-9.969848164999974,53.95085473800003],[-9.958327740999948,53.95011455700006],[-9.95855530199998,53.94859773400003],[-9.95247964799995,53.95045372800007],[-9.94519543499996,53.94666476000003],[-9.943732668999928,53.949088621000044],[-9.948964952999972,53.94950053000008],[-9.956543177999947,53.95316261200003],[-9.949295253999935,53.958360292000066],[-9.939649377999956,53.96057536700005],[-9.94042987599994,53.96260010100008],[-9.945539474999975,53.96492792500004],[-9.941680240999972,53.96555423500007],[-9.928829167999936,53.96090811100004],[-9.92498216699994,53.96331123900006],[-9.92145564599997,53.962264376000064],[-9.922627225999975,53.96467592400006],[-9.914452123999979,53.96378767400006],[-9.916494909999926,53.96090233500007],[-9.919414109999934,53.96145211600003],[-9.92136135499993,53.96021328900008],[-9.927812779999954,53.953559478000045],[-9.920369704999928,53.95349980700007],[-9.92589666699996,53.95214892900003],[-9.924023764999959,53.94743135400006],[-9.92512448399998,53.94000243000005],[-9.931363075999968,53.93615305700007],[-9.934956521999936,53.94082603600003],[-9.93527432899998,53.93609866600008],[-9.93953569699994,53.93560846200006],[-9.939554785999974,53.93365140600008],[-9.936908183999947,53.933353183000065],[-9.94088278099997,53.93092276700003],[-9.934294818999945,53.93045492400006],[-9.92823212899998,53.931763458000034],[-9.926661833999958,53.93065541900006],[-9.915741111999978,53.93604220000003],[-9.917740820999938,53.93967485600007],[-9.915374197999938,53.94444208300007],[-9.91157151799996,53.940385294000066],[-9.906453451999937,53.943139485000074],[-9.904920509999954,53.95145518800007],[-9.908831050999936,53.95453539400006],[-9.907884610999929,53.95765520300006],[-9.902748325999937,53.95302395600004],[-9.895244523999963,53.95450847300003],[-9.895040097999981,53.950039392000065],[-9.892856131999963,53.95296605300007],[-9.886813116999974,53.952383215000054],[-9.885177834999979,53.957902028000035],[-9.879953225999941,53.95769823300003],[-9.877403697999966,53.95498609800006],[-9.870726131999959,53.95831369600006],[-9.855189578999955,53.95728421000007],[-9.847626460999948,53.958485378000034],[-9.845992671999966,53.95671165500005],[-9.84049330099998,53.95794783500003],[-9.84099196099993,53.96049703400007],[-9.83808486099997,53.96082596400004],[-9.83894442199994,53.95872783300007],[-9.83482060199998,53.958035057000075],[-9.832915082999932,53.955944352000074],[-9.834606794999956,53.95396145900003],[-9.833177768999974,53.95154833400005],[-9.831367548999935,53.95221778800004],[-9.82922078599995,53.95053755500004],[-9.830515360999925,53.947366714000054],[-9.827840247999973,53.94881798100005],[-9.822231789999933,53.94845376600006],[-9.819548035999958,53.94584202000004],[-9.817223841999976,53.94560954000008],[-9.816287921999958,53.947206650000055],[-9.814571630999978,53.94525046700005],[-9.809912535999956,53.94966598100007],[-9.802555842999936,53.950766240000064],[-9.799846080999941,53.94905467400008],[-9.797610554999949,53.945948101000056],[-9.799487886999941,53.941275216000065],[-9.79678380599995,53.939031912000075],[-9.801618208999969,53.93748613200006],[-9.79891749199993,53.93440812100005],[-9.799853921999954,53.930952382000044],[-9.796091409999974,53.93111088100005],[-9.803640617999974,53.92634648500007],[-9.807974374999958,53.930388753000045],[-9.814433746999953,53.93142781500006],[-9.815533740999967,53.92995466800005],[-9.814906664999967,53.92747822500007],[-9.808298332999925,53.92308734000005],[-9.805098870999927,53.91345102100007],[-9.79064266499995,53.911634167000045],[-9.794216409999933,53.91402234800006],[-9.794787415999963,53.92149530200004],[-9.797107977999929,53.92370134000004],[-9.793209777999948,53.92353647600004],[-9.794736300999944,53.926571738000064],[-9.792302210999935,53.925420305000046],[-9.790669629999968,53.92705685000004],[-9.792852368999945,53.930268682000076],[-9.791843498999981,53.93778541200004],[-9.794676778999929,53.94057251900006],[-9.792889770999977,53.942321840000034],[-9.794735284999945,53.942542253000056],[-9.792119401999969,53.94326034100004],[-9.79002537499997,53.94105386000007],[-9.791834993999942,53.94510483000005],[-9.78936749099995,53.94519030500004],[-9.79376801099994,53.94598370700004],[-9.788373512999954,53.947929990000034],[-9.78919149199993,53.94898756300006],[-9.792110781999952,53.94675759100005],[-9.795120087999976,53.94740918700006],[-9.797691155999928,53.95029621800006],[-9.792923867999946,53.95589744800003],[-9.793818754999961,53.958240715000045],[-9.797893597999973,53.960609532000035],[-9.801459609999938,53.960437451000075],[-9.797634821999964,53.96278429200004],[-9.799315578999938,53.96545776900007],[-9.801216761999967,53.96521050500007],[-9.80006773599996,53.97103322600003],[-9.802111618999959,53.97193662800004],[-9.79861349099997,53.97118938700004],[-9.794670388999975,53.97522197500007],[-9.797979741999939,53.97546564100003],[-9.79947195799997,53.97270360600004],[-9.80470777499994,53.97257388100007],[-9.80591467599993,53.97456353600006],[-9.807931139999937,53.97341361600007],[-9.807661697999947,53.97597721500006],[-9.809031121999965,53.97360609400005],[-9.811926832999973,53.97384926700005],[-9.808594590999974,53.973517625000056],[-9.807342799999958,53.97162434200004],[-9.809250849999955,53.97126276400007],[-9.80565560499997,53.970237018000034],[-9.806800951999946,53.965038582000034],[-9.80963481599997,53.96322049500003],[-9.820702583999946,53.96536418000005],[-9.822171329999946,53.96691902400005],[-9.82649754099998,53.96714735300003],[-9.827088825999965,53.96567517700004],[-9.831703411999968,53.96826001000005],[-9.838360641999941,53.96781455400003],[-9.83907586099997,53.96226995600006],[-9.84915401099994,53.96483590300005],[-9.851507540999933,53.96696336400004],[-9.850874765999947,53.97165653600007],[-9.84833039299997,53.971686230000046],[-9.84681351699993,53.97365486800004],[-9.847613550999938,53.97709771500007],[-9.850459348999948,53.97872607700003],[-9.84882248599996,53.97883735000005],[-9.850190089999955,53.982681943000046],[-9.847756550999975,53.98363629900007],[-9.84825250299997,53.99309078300007],[-9.851204250999956,53.99209435900008],[-9.848257067999953,53.99545989600006],[-9.839383321999946,53.99431433500007],[-9.83805165299998,53.99256064000008],[-9.832097976999933,53.99127013600008],[-9.835819726999944,53.984970625000074],[-9.829503863999946,53.987012883000034],[-9.830246159999945,53.98913469400003],[-9.82472015299993,53.98889284300003],[-9.850465886999928,54.00688387200006],[-9.851640376999967,54.01187177600008],[-9.848186772999952,54.01445953400008],[-9.853104250999934,54.01338765400004],[-9.854479485999946,54.011359336000055],[-9.852663431999929,54.002501073000076],[-9.848781384999938,54.00124141400005],[-9.849337522999974,53.99994697800008],[-9.851002895999954,54.00186576600004],[-9.855839508999964,54.00149967200008],[-9.863013274999958,54.004567602000066],[-9.872854081999947,54.00585102500003],[-9.875510778999967,54.009117186000026],[-9.878402410999968,54.00769401000008],[-9.883245460999944,54.012099559000035],[-9.883870871999932,54.01451494100007],[-9.879438927999956,54.01389032000003],[-9.87666730099994,54.01740070200003],[-9.87408333299993,54.01695483900005],[-9.873128539999925,54.01889731300008],[-9.866147956999953,54.01979990700005],[-9.873497806999978,54.01961905100006],[-9.87362428199998,54.02064128300003],[-9.87532484299993,54.01862369400004],[-9.87796693699994,54.01986008100005],[-9.879601476999937,54.01741696400006],[-9.883962930999928,54.02303104900005],[-9.888340479999954,54.02307078000007],[-9.89489322299994,54.025644388000046],[-9.896818693999933,54.023521566000056],[-9.89037116299994,54.021388896000076],[-9.888189068999964,54.018170127000076],[-9.893085650999978,54.01125325100003],[-9.891487297999959,54.014685015000055],[-9.896419708999929,54.01982260500006],[-9.899759272999972,54.03269367200005],[-9.907507385999963,54.03726547600007],[-9.90632943099996,54.04310132300003],[-9.908220631999939,54.04618293500005],[-9.89758739299998,54.047607319000065],[-9.891485200999966,54.05186275500006],[-9.889521152999976,54.05604654000007],[-9.891060290999974,54.06410918800003],[-9.88912531799997,54.06593312700005],[-9.883959926999978,54.06706180600003],[-9.881474460999925,54.063403512000036],[-9.877471248999939,54.06200915000005],[-9.877056787999948,54.05714797400003],[-9.87337062499995,54.05581170200003],[-9.870506912999929,54.05728250300007],[-9.867543480999927,54.055693086000076],[-9.867915601999925,54.05297404600003],[-9.865910264999968,54.055505495000034],[-9.86192605499997,54.05630518700008],[-9.866318971999931,54.059112689000074],[-9.866093130999957,54.061851398000044],[-9.85614045099993,54.063867532000074],[-9.858254435999982,54.066540316000044],[-9.855936586999974,54.067890215000034],[-9.856954438999935,54.069370493000065],[-9.846899649999955,54.07153257400006],[-9.841871699999956,54.06876558600004],[-9.834788764999928,54.06688157600007],[-9.841764911999974,54.069130847000054],[-9.842970227999956,54.071586661000026],[-9.847494491999953,54.07367859700008],[-9.855947454999978,54.07234961700004],[-9.861421208999957,54.069301565000046],[-9.871185648999926,54.06917155000008],[-9.877855816999954,54.07101170400006],[-9.86788912999998,54.07313000500005],[-9.869220312999971,54.07628491000003],[-9.86678550199997,54.07900873500006],[-9.870843604999948,54.08236387000005],[-9.86630981199994,54.08578436300007],[-9.860193029999948,54.08736711100005],[-9.854253813999946,54.08628492100007],[-9.848502705999977,54.087064704000056],[-9.844824407999965,54.08404930000006],[-9.845520672999953,54.08884577100008],[-9.83667417199996,54.09308186000004],[-9.84265500999993,54.09515062400004],[-9.850348803999964,54.095002683000075],[-9.847814772999982,54.097638536000034],[-9.85181479199997,54.09904192500005],[-9.849169205999942,54.10114092400005],[-9.850416408999934,54.102871367000034],[-9.852629426999954,54.10339157100003],[-9.85647397699995,54.101695162000055],[-9.85632284299993,54.10352853100005],[-9.86103670999995,54.106250411000076],[-9.84017468299993,54.107619578000026],[-9.834355517999938,54.110239714000045],[-9.82330023999998,54.10672744700008],[-9.820254757999976,54.10834807200007],[-9.823359068999935,54.10716674000008],[-9.827453849999927,54.11040852700006],[-9.829861154999946,54.11025419900005],[-9.830141837999975,54.11389291000006],[-9.836187568999947,54.11697385400004],[-9.827835363999952,54.120256992000066],[-9.833055373999969,54.12026357900004],[-9.829467934999968,54.122458652000034],[-9.834326782999938,54.12405067700007],[-9.833604451999975,54.125256551000064],[-9.817873986999928,54.13049961300004],[-9.815501318999964,54.13567558500006],[-9.818881204999968,54.130513621000034],[-9.83531273999995,54.12563236300008],[-9.834910259999958,54.123809418000064],[-9.832300843999974,54.12190100600003],[-9.834289929999954,54.121595282000044],[-9.833496563999972,54.11972932700007],[-9.839619408999965,54.119189187000075],[-9.83363254699998,54.11335069100005],[-9.839479894999954,54.10981017000006],[-9.84664153999995,54.11174682400008],[-9.850051199999939,54.11122120500005],[-9.852770118999956,54.11516331100006],[-9.855334896999977,54.115300337000065],[-9.855187504999947,54.11240769400007],[-9.861389287999941,54.111285613000064],[-9.869844988999944,54.11418544000003],[-9.867998026999942,54.11272648500005],[-9.87375597099998,54.11320098700003],[-9.877033710999967,54.11756137400005],[-9.876573908999944,54.118059241000026],[-9.873958959999982,54.11819507000007],[-9.873076397999967,54.118770452000035],[-9.87274585299997,54.12120056700007],[-9.873945609999964,54.11833554200007],[-9.875501088999954,54.11858483600008],[-9.877080981999939,54.118127634000075],[-9.877229495999927,54.11538423600007],[-9.880342509999934,54.11719647100006],[-9.87254072199994,54.11191163800004],[-9.864148480999972,54.11115030900004],[-9.86524634899996,54.10931557600003],[-9.870514967999952,54.109635154000046],[-9.875748255999952,54.107959365000056],[-9.871667961999947,54.10507606200008],[-9.872008556999958,54.10067919100004],[-9.875035165999975,54.09714312800003],[-9.881514993999929,54.09805150900007],[-9.883061818999977,54.09707806800003],[-9.878460923999967,54.09375383100007],[-9.883707555999933,54.09133381100003],[-9.882671029999926,54.08749404800005],[-9.889471777999972,54.08896311700005],[-9.885869765999928,54.093412285000056],[-9.889298873999962,54.098340130000054],[-9.891811742999948,54.095697597000026],[-9.892988419999938,54.09711712100005],[-9.900528580999946,54.096721641000045],[-9.900277124999945,54.09236929800005],[-9.898457364999956,54.092331795000064],[-9.90022993699995,54.08942432500004],[-9.896671518999938,54.08557179200005],[-9.893471259999956,54.08427762600007],[-9.892254703999981,54.08541475900006],[-9.89082700299997,54.08402274800005],[-9.890956413999959,54.080644395000036],[-9.899810137999964,54.07891737300008],[-9.895098813999937,54.07798024500005],[-9.893191834999982,54.07220378300008],[-9.910652279999965,54.06713367300006],[-9.921580690999974,54.06696572800007],[-9.929918958999963,54.06104626600006],[-9.934158465999928,54.06116791000005],[-9.941805386999931,54.06564684300008],[-9.947649171999956,54.06660165800008],[-9.95026528699998,54.066375178000044],[-9.953611558999967,54.06319788900004],[-9.970960832999936,54.06232432200005],[-9.969661643999927,54.06686398200003],[-9.964664230999972,54.069220220000034],[-9.963079581999978,54.07279080200004],[-9.967518664999943,54.085033933000034],[-9.974989678999975,54.09184100900006],[-9.97600423199998,54.095847046000074],[-9.983235098999955,54.10063684600004],[-9.988852666999946,54.100538218000054],[-9.990111371999944,54.103017934000036],[-9.991536637999957,54.10234937900003],[-9.988552151999954,54.10402161700006],[-9.984612776999938,54.10398114600008],[-9.984624821999944,54.10666686800005],[-9.975264145999972,54.10502276400007],[-9.96581830499997,54.10882319500007],[-9.955000386999927,54.10702453600004],[-9.946074219999957,54.11115588900003],[-9.941460186999961,54.11038268600004],[-9.92922667299996,54.12115366000006],[-9.922600311999929,54.118007412000054],[-9.92070834499998,54.12039384700006],[-9.912376647999963,54.116857347000064],[-9.909355739999967,54.116869560000055],[-9.909168965999982,54.118305382000074],[-9.89705549699994,54.11705353500008],[-9.908813948999978,54.12462179900007],[-9.913250934999951,54.12368528300004],[-9.912027425999952,54.12934282200007],[-9.917801328999929,54.13379947300007],[-9.925480025999946,54.13510504200008],[-9.930916124999953,54.12618259300007],[-9.934941839999965,54.12621679100005],[-9.949913631999948,54.140480807000074],[-9.959452579999947,54.14287678300008],[-9.959846437999943,54.14457894200007],[-9.954650063999964,54.14751666700005],[-9.958300846999975,54.15176031300007],[-9.956446341999936,54.15440696500008],[-9.951720380999973,54.152105119000055],[-9.942345412999941,54.15133996900005],[-9.930486368999937,54.146402769000076],[-9.924538772999938,54.14859202800005],[-9.924864235999962,54.15146357900005],[-9.921884473999967,54.15441761000005],[-9.929583624999964,54.15417006800004],[-9.928690827999958,54.15558499300005],[-9.933059192999963,54.155463302000044],[-9.93234457099993,54.157221252000056],[-9.935772605999944,54.15613016400005],[-9.935843946999967,54.15822784200003],[-9.942051534999962,54.154658734000066],[-9.944427176999966,54.16354070800003],[-9.954320544999973,54.171679710000035],[-9.970334074999926,54.17825587600004],[-9.981642072999932,54.177532582000026],[-9.985400905999938,54.18117117400004],[-9.984819400999982,54.18270793800008],[-9.976207221999971,54.181997882000076],[-9.96961573699997,54.18390984300004],[-9.970578970999952,54.182440976000066],[-9.96688228399995,54.17769417900007],[-9.958306402999938,54.17561679700003],[-9.954035356999952,54.17272471100006],[-9.948473129999968,54.17458281000006],[-9.947754187999976,54.17823266600004],[-9.942544573999953,54.17542096400007],[-9.940123470999936,54.178999168000075],[-9.934559674999946,54.181088904000035],[-9.937139720999937,54.188953507000065],[-9.930639453999959,54.192752357000074],[-9.927198175999933,54.19288238400003],[-9.928895584999964,54.19213808000006],[-9.92596511499994,54.19114239700008],[-9.92387963799996,54.186851785000044],[-9.919725962999962,54.185049623000054],[-9.922905832999959,54.187091777000035],[-9.923274998999943,54.193838423000045],[-9.917894869999941,54.19456126300008],[-9.916211903999965,54.196981306000055],[-9.918741274999945,54.19525650600008],[-9.921794813999952,54.19635289200005],[-9.925357266999981,54.19455460700004],[-9.92936756499995,54.19542731400003],[-9.932358603999944,54.19400933400004],[-9.948366044999943,54.19918398000004],[-9.951514307999958,54.19832007400004],[-9.95128039499997,54.196285448000026],[-9.949430233999976,54.19686121700005],[-9.95256605399993,54.19507287000005],[-9.962343750999935,54.20220268700007],[-9.970072692999963,54.203312305000054],[-9.973020627999972,54.20816075100004],[-9.988032356999952,54.213931638000076],[-9.993237939999972,54.22348681500006],[-9.992288378999945,54.22762775400008],[-9.997509082999954,54.22778142300007],[-9.999808954999935,54.22422973600004],[-10.013231146999942,54.226789702000076],[-10.013549686999966,54.22520236200006],[-10.005459819999942,54.219546638000054],[-10.003432605999933,54.21585030500006],[-10.008078707999971,54.212973058000046],[-10.022983375999956,54.21592253700004],[-10.026545664999958,54.21506642200006],[-10.023628315999929,54.21312891200006],[-10.024488946999952,54.21112287200003],[-10.00856549699995,54.20524091900006],[-10.005922694999981,54.20259461100005],[-10.006700328999955,54.19916171800003],[-10.002929021999933,54.19878699100008],[-10.003241965999962,54.19483186200006],[-10.011862081999936,54.192049378000036],[-10.01500379099997,54.193639020000035],[-10.012458667999965,54.19210512600006],[-10.013488994999932,54.18998234400004],[-10.010525235999978,54.188271437000026],[-10.009841592999976,54.18997925600007],[-10.00672802899993,54.18612522400008],[-10.010794072999943,54.18159557200005],[-10.014105950999976,54.18232197300006],[-10.015733635999936,54.18586776300003],[-10.021117857999968,54.187117673000046],[-10.026554829999952,54.19104905800003],[-10.037581091999925,54.19321730400003],[-10.04355791699993,54.19273296600005],[-10.048073921999958,54.19016226400004],[-10.046292840999968,54.19205445600005],[-10.048695796999937,54.19180312300006],[-10.05093839899996,54.18881694400005],[-10.04126976699996,54.18587563900007],[-10.039952866999954,54.18788040800007],[-10.040790314999981,54.180394730000046],[-10.035769500999947,54.176822349000076],[-10.03693828799993,54.17203555000003],[-10.041014296999947,54.17059922100003],[-10.042540559999964,54.16754855600004],[-10.03657885499996,54.16537026800006],[-10.03806786499996,54.16225396100003],[-10.046969763999925,54.16085687100008],[-10.046657910999954,54.16479881300006],[-10.042674248999958,54.166156482000076],[-10.044364015999975,54.16915338200005],[-10.053117114999964,54.17112128100007],[-10.062352285999964,54.17065100500008],[-10.069333755999935,54.16857692600007],[-10.068578724999952,54.166892104000055],[-10.072672046999969,54.16474848200005],[-10.070778276999931,54.16286715800004],[-10.08848215699993,54.161777577000066],[-10.093547841999964,54.15721315800005],[-10.093172445999926,54.155614323000066],[-10.088018528999953,54.15358941800008],[-10.074615001999973,54.15107211000003],[-10.06288193499995,54.150631958000076],[-10.056541040999946,54.14637775400007],[-10.056750609999938,54.14394652300007],[-10.069975338999939,54.14337192000005],[-10.07574534899993,54.13809721900003],[-10.068206431999954,54.13345691500007],[-10.06974896099996,54.128810016000045],[-10.06539831899994,54.12412963000003],[-10.073561378999955,54.121855663000076],[-10.075771412999927,54.12397751100008],[-10.072577968999951,54.12615193100004],[-10.074392298999953,54.12826955500003],[-10.087418789999958,54.12658343500004],[-10.08928990399994,54.12438638400005],[-10.086071404999927,54.12475322300003],[-10.085202093999953,54.12276141900003],[-10.091686876999972,54.12352649800005],[-10.088836982999965,54.11886157400005],[-10.093509987999937,54.11519572700007],[-10.091333391999967,54.11260098400004],[-10.074302858999943,54.11159754400006],[-10.066752220999945,54.109783777000075],[-10.071015453999962,54.10563679400008],[-10.068932318999941,54.10135101600008],[-10.059428242999957,54.098790809000036],[-10.064067404999946,54.09706154000003],[-10.071338220999962,54.08952418400003],[-10.082488008999974,54.086299257000064],[-10.094255524999937,54.087519849000046],[-10.112229641999932,54.09653084800004],[-10.119458251999959,54.09598327900005],[-10.12007854799998,54.09347890400005],[-10.126346178999938,54.09713801800007],[-10.124534118999975,54.09860817900005],[-10.12652400899998,54.10109148500004],[-10.131349944999954,54.102582254000026],[-10.13269848799996,54.10813563100004],[-10.125725639999928,54.11147785400004],[-10.122984819999942,54.11095709500006],[-10.121910571999933,54.11264235700003],[-10.12560484599993,54.12640447600006],[-10.123660321999978,54.13427615300003],[-10.117714860999968,54.142160352000076],[-10.118273474999967,54.14574610200003],[-10.108550812999965,54.148027185000046],[-10.103824646999954,54.151818493000064],[-10.092793548999964,54.16778747800004],[-10.095948108999949,54.17034177200003],[-10.093249474999936,54.170906470000034],[-10.086907004999944,54.17968340800007],[-10.088145275999977,54.18882281400005],[-10.096373768999968,54.19898647200006],[-10.085476642999936,54.20491813700005],[-10.083038922999947,54.20935530100007],[-10.07167312699994,54.211140096000065],[-10.06305591599994,54.20899222200006],[-10.06009648099996,54.21140317000004],[-10.06067496399993,54.21420877500003],[-10.055001156999936,54.21900728600008],[-10.056837004999977,54.22855430200008],[-10.06153029099994,54.22868446200005],[-10.067306549999955,54.23193888600008],[-10.073639684999932,54.229630892000046],[-10.074621075999971,54.231389738000075],[-10.080619662999936,54.23168840300008],[-10.086512057999926,54.233666741000036],[-10.08625898799994,54.234759901000075],[-10.094227868999951,54.23565043900004],[-10.096728476999942,54.239098623000075],[-10.097044596999979,54.23795458700005],[-10.102154772999938,54.238803086000075],[-10.10202486999998,54.24081508200004],[-10.106179665999946,54.24026110300008],[-10.108911287999945,54.24268255000004],[-10.104735723999966,54.24372930100003],[-10.097586330999945,54.24198304500004],[-10.095950818999938,54.24336232400003],[-10.087710001999938,54.242785050000066],[-10.07906620999995,54.23903656500005],[-10.07704647099996,54.23451946100005],[-10.071860485999935,54.23355785800004],[-10.070045364999942,54.238247554000054],[-10.073545887999956,54.24567755800007],[-10.081751701999963,54.24729919500004],[-10.09206332499997,54.245798008000065],[-10.096413619999964,54.24962134700007],[-10.09248271599995,54.24917305100007],[-10.090969971999925,54.25054630600005],[-10.083309317999976,54.248887438000054],[-10.08491143799995,54.250165336000066],[-10.082129059999943,54.25072906200006],[-10.085943766999947,54.25333825800004],[-10.081568920999928,54.253807419000054],[-10.083185085999958,54.25676811300008],[-10.07946845999993,54.25682786900006],[-10.07698395999995,54.25494165100008],[-10.074884875999942,54.25590151000006],[-10.083115074999967,54.26013354400004],[-10.073671538999974,54.26092321800007],[-10.079484322999974,54.26319809900008],[-10.076112523999939,54.26431480100007],[-10.078350258999933,54.266332816000045],[-10.075868476999972,54.26697081300006],[-10.081600703999982,54.26845540000005],[-10.081586684999934,54.269744195000044],[-10.07791476999995,54.26907433200006],[-10.069302697999944,54.270873134000055],[-10.07410750899993,54.27317283300005],[-10.071201733999942,54.27482269700005],[-10.06909838799993,54.27428295300007],[-10.071333529999947,54.27562412100008],[-10.069632187999957,54.27665047700003],[-10.059434592999935,54.27694112800003],[-10.055929643999946,54.27883034300004],[-10.049197294999942,54.27841602400008],[-10.052388106999956,54.280929419000074],[-10.04935482899998,54.28053836000004],[-10.05132111699993,54.283433642000034],[-10.047393879999959,54.285382180000056],[-10.041341943999953,54.28242248200007],[-10.034162432999949,54.28163574300004],[-10.031658455999946,54.28350553800004],[-10.026412844999982,54.28240152500007],[-10.030528706999974,54.28359766500006],[-10.026680153999962,54.28271138000008],[-10.028268440999966,54.28427260800004],[-10.024593744999947,54.28444931400003],[-10.023774061999973,54.28640866400008],[-10.027733092999938,54.28760619600007],[-10.025447420999967,54.28775415400003],[-10.026250738999977,54.29002278100006],[-10.022248218999948,54.29045350900003],[-10.022248617999935,54.29243017400006],[-10.018474935999961,54.29322008400004],[-10.008781839999926,54.29112119500007],[-10.00683859999998,54.29162271800004],[-10.009277481999959,54.29164830700006],[-10.00794833599997,54.29343354300005],[-10.00527636399994,54.29314374000006],[-10.00834409099997,54.29568624900003],[-9.99838475799993,54.29611186000005],[-10.00636443299993,54.29759581600007],[-10.00483012099994,54.30021413900005],[-10.008795447999944,54.301197297000044],[-10.00137841299994,54.30592629800003],[-9.997063823999952,54.30579716200003],[-9.997727475999966,54.30417622600004],[-9.994166491999977,54.30443427900008],[-9.989689067999961,54.299277439000036],[-9.984074392999958,54.30068274400003],[-9.98453984899993,54.29812414600008],[-9.989173899999969,54.29671604400005],[-9.98670806399997,54.29614067800003],[-9.991165097999954,54.29437014600006],[-9.990710551999939,54.29236076500007],[-9.98767257399993,54.28884319200006],[-9.984933859999956,54.290700738000055],[-9.979244307999977,54.290452739000045],[-9.978838917999951,54.288278683000044],[-9.974509501999933,54.289222393000045],[-9.969876505999935,54.28023469400006],[-9.966144682999982,54.27882933500007],[-9.962445829999979,54.28000690200008],[-9.962781678999932,54.27228777400006],[-9.95874525499994,54.27228127300003],[-9.957926698999927,54.270791247000034],[-9.954361165999956,54.27228438100008],[-9.951813559999948,54.270070575000034],[-9.949544410999977,54.27262479500007],[-9.947230267999942,54.27256272900007],[-9.944714836999935,54.267791826000064],[-9.943588776999945,54.26927660600006],[-9.941939389999959,54.26813453300008],[-9.934833647999938,54.268671494000046],[-9.93100854499994,54.27098540800006],[-9.92831930999995,54.26618504800007],[-9.935304022999958,54.26301525700006],[-9.935074740999937,54.26465802700005],[-9.937958314999946,54.261850587000026],[-9.935455842999943,54.262288642000044],[-9.933275660999925,54.25832396200008],[-9.936497169999939,54.25123005800003],[-9.934381624999958,54.24994704200003],[-9.940229787999954,54.24882913600004],[-9.93928197699995,54.24810411700008],[-9.928640190999943,54.24872559600004],[-9.93081221899996,54.250404841000034],[-9.92670130099998,54.25736546400003],[-9.929676272999927,54.25994532200008],[-9.922590576999937,54.27464963500006],[-9.92073821799994,54.27439128800006],[-9.922988996999948,54.27220149300007],[-9.921529518999932,54.27326274500007],[-9.921624038999937,54.27076109700005],[-9.919246586999975,54.27014614900003],[-9.921626238999977,54.26912979800005],[-9.91835460699997,54.26908907200004],[-9.920116998999958,54.26377262700004],[-9.917284422999955,54.26237684500006],[-9.906831617999956,54.26140364400004],[-9.89869099599997,54.26348028400008],[-9.895627144999935,54.26664755400003],[-9.887968023999974,54.26912640300003],[-9.889310371999954,54.263536772000066],[-9.895197221999979,54.25907240600003],[-9.893907310999964,54.25588186700003],[-9.890510546999963,54.25459164100005],[-9.897154215999933,54.250776992000056],[-9.897974362999946,54.24481429400004],[-9.902005994999968,54.24248311100007],[-9.902064318999976,54.238756039000066],[-9.908142647999966,54.23888808700008],[-9.910330349999981,54.24047026800008],[-9.911287632999972,54.23666982100008],[-9.915266005999968,54.23992332900008],[-9.915851514999929,54.236810167000044],[-9.924023026999976,54.233787059000065],[-9.923172956999963,54.232118840000055],[-9.91453785899995,54.22920878000008],[-9.914493733999961,54.22780853200004],[-9.932068114999936,54.226891702000046],[-9.935323254999957,54.22497247900003],[-9.946592936999934,54.227375530000074],[-9.94936221699993,54.22498837400008],[-9.944127248999962,54.22010896100005],[-9.949190458999965,54.22107776300004],[-9.953544582999939,54.22016023200007],[-9.95864120899995,54.22237017300006],[-9.961172619999957,54.22947833200004],[-9.971263953999937,54.23748627400005],[-9.977071972999966,54.247059386000046],[-9.976787281999975,54.25016122800008],[-9.97851135999997,54.25153623300008],[-9.980157299999973,54.25074270300007],[-9.980503706999968,54.25217280700008],[-9.980554303999952,54.24950167900005],[-9.98500389399993,54.25123934100003],[-9.984903951999968,54.24861128500004],[-9.98153691799996,54.24852868800008],[-9.977271155999972,54.244167350000055],[-9.969965443999968,54.23057085900007],[-9.96303409099994,54.22265414700007],[-9.967154928999946,54.22163488000007],[-9.98199688099993,54.22546188100006],[-9.986262876999945,54.223966191000045],[-9.969443853999962,54.21763199500003],[-9.947326244999942,54.21260460500008],[-9.89783444799997,54.213373070000046],[-9.88942046099993,54.21448676000006],[-9.886611227999936,54.21682929800005],[-9.876108976999944,54.217700698000044],[-9.87450477599998,54.222094026000036],[-9.876793847999977,54.22644726000004],[-9.892810568999948,54.22900892700005],[-9.892204847999949,54.23040087000004],[-9.881869868999956,54.23368343200008],[-9.867226439999968,54.22957728800003],[-9.867410323999934,54.22562944900005],[-9.848244947999945,54.22249781000005],[-9.84748632399993,54.22382010300004],[-9.852653963999956,54.22734134400008],[-9.860574307999968,54.22754832100003],[-9.866991549999966,54.23508978600006],[-9.880659825999942,54.24568330300008],[-9.876080166999941,54.246733031000076],[-9.871989067999948,54.250706679000075],[-9.877706762999935,54.25252980600004],[-9.879760658999942,54.25659649500005],[-9.871065233999957,54.25828050500007],[-9.872887937999963,54.26461248800007],[-9.870714103999944,54.267327041000044],[-9.866462380999963,54.26837817300003],[-9.86855985699998,54.27294800900006],[-9.864816701999928,54.27470082900004],[-9.850815300999955,54.27557823700005],[-9.845118727999932,54.27752952800006],[-9.841314884999974,54.280937831000074],[-9.832340837999936,54.280271767000045],[-9.816504351999981,54.28428278200005],[-9.811712634999935,54.28304545600008],[-9.80200616299993,54.26874106900004],[-9.794606850999969,54.26613836800004],[-9.778665684999964,54.26431687300004],[-9.764918415999944,54.25599084700008],[-9.75674543599996,54.25532393100008],[-9.751503647999925,54.251584007000076],[-9.74374848499997,54.25445847700007],[-9.743962719999956,54.256876936000026],[-9.740575049999961,54.25628443100004],[-9.73430717399998,54.25957480400007],[-9.729056943999979,54.25436804000003],[-9.721641778999981,54.25367047600008],[-9.719530906999978,54.25174076800005],[-9.720561528999951,54.24978986100007],[-9.716725034999968,54.24885476800006],[-9.715307412999948,54.244247779000034],[-9.716374305999977,54.24893771500007],[-9.720172799999943,54.24990703600008],[-9.719007980999947,54.251756243000045],[-9.719892973999947,54.25292847000003],[-9.722887104999927,54.25479055000005],[-9.728693417999978,54.254789867000056],[-9.732454837999967,54.25940633700003],[-9.731680619999963,54.26141748600003],[-9.728570715999979,54.26144107700003],[-9.726413088999948,54.26282794200006],[-9.72199091799996,54.268125988000065],[-9.722422351999967,54.27070098400003],[-9.722524051999926,54.26815926100005],[-9.728344129999925,54.26188194000008],[-9.731598178999946,54.26219300400004],[-9.740562858999965,54.25764818400006],[-9.744865424999944,54.25976512200003],[-9.74813231099995,54.258189909000066],[-9.747322922999956,54.25521582700003],[-9.74996693299994,54.255141277000064],[-9.75344798499998,54.25858206300006],[-9.750190782999937,54.26087793800008],[-9.756797942999981,54.26036163900005],[-9.771594238999967,54.268399215000045],[-9.785708339999928,54.27039986600005],[-9.801366152999947,54.27633247600005],[-9.805293421999977,54.27943178600003],[-9.802669058999982,54.28250873700006],[-9.808437638999976,54.28726072500007],[-9.80361854499995,54.29350679800007],[-9.796184831999938,54.29412514300003],[-9.78312998299998,54.28472452400007],[-9.766627652999944,54.28287430100005],[-9.763720564999971,54.280295384000055],[-9.765966213999945,54.28765556900004],[-9.767728329999954,54.28433999600003],[-9.77417935099993,54.28578156700007],[-9.777627283999948,54.28976287300003],[-9.78381900599993,54.29028476800005],[-9.781537612999955,54.29183662500003],[-9.790769226999942,54.29740016300008],[-9.796468283999957,54.29810956700004],[-9.80422514999998,54.29692703900008],[-9.812561506999941,54.29132292400004],[-9.818284654999957,54.29137522600007],[-9.836415582999962,54.30078871200004],[-9.842161759999954,54.300926236000066],[-9.84548389899993,54.29584707500004],[-9.845020761999933,54.30089063400004],[-9.842706014999976,54.30150853600003],[-9.844954654999981,54.303801770000064],[-9.849005510999973,54.303676307000046],[-9.851284222999936,54.30204365000003],[-9.85246562499998,54.30352545300008],[-9.859149569999943,54.30220581800006],[-9.862059728999952,54.30307249500004],[-9.86203296399998,54.30580756900008],[-9.85692239399998,54.30521338800003],[-9.853807150999955,54.30798340900003],[-9.85558365999998,54.31371900400006],[-9.860805407999976,54.31751124800007],[-9.85748035399996,54.317986794000035],[-9.860439743999962,54.320306481000046],[-9.85746796199993,54.324638839000045],[-9.854888307999943,54.32538095600006],[-9.847801240999956,54.32299821500004],[-9.848827563999976,54.324199761000045],[-9.842950566999946,54.32586083800004],[-9.837163590999978,54.323702481000055],[-9.834467896999968,54.327942836000034],[-9.838949343999957,54.329827702000046],[-9.828814502999933,54.33006472500006],[-9.820224897999935,54.33519729000005],[-9.821671917999936,54.33784654900006],[-9.820173782999973,54.33675745700003],[-9.817695206999929,54.338421793000066],[-9.814873476999935,54.33667754800007],[-9.811794789999965,54.34171891200003],[-9.807379913999966,54.33994977100008],[-9.804554266999958,54.342523880000044],[-9.79818917199998,54.341345011000044],[-9.798717797999927,54.339935911000055],[-9.79669552799993,54.340559409000036],[-9.797160719999965,54.33908820000005],[-9.793872908999958,54.339556583000046],[-9.792239805999941,54.337977944000045],[-9.788199777999978,54.33953679700005],[-9.785980321999943,54.34544310000007],[-9.78449939899997,54.340892060000044],[-9.778796245999956,54.34353845500004],[-9.783669245999931,54.33681940300005],[-9.783978558999934,54.331642963000036],[-9.77982749299997,54.33152269900006],[-9.775207782999928,54.33956518200006],[-9.773388078999972,54.335653654000055],[-9.771821443999954,54.33628758700007],[-9.772868306999953,54.33488122000006],[-9.770160909999959,54.33490483500003],[-9.767784467999945,54.33766369800003],[-9.765586644999928,54.33593710300005],[-9.757746864999945,54.338500615000044],[-9.757796226999972,54.34004378000003],[-9.755327646999945,54.339008344000035],[-9.753354220999938,54.34026543300007],[-9.754371198999934,54.33473158000004],[-9.752129612999966,54.33650416800003],[-9.750422684999933,54.33511286300006],[-9.74827944499998,54.336325971000065],[-9.747630116999972,54.33094899400004],[-9.741961858999957,54.32743197900004],[-9.735420013999942,54.32704646500008],[-9.73207228299998,54.32912958600008],[-9.730146235999939,54.326511820000064],[-9.72209677199993,54.328061078000076],[-9.72206859299996,54.325040622000074],[-9.714137317999928,54.32418207400008],[-9.713080193999929,54.32218319100008],[-9.710797970999977,54.32339821700003],[-9.710073252999962,54.31653277700008],[-9.710208708999971,54.320056812000075],[-9.704705304999948,54.32336637700007],[-9.703538256999934,54.32072517600005],[-9.696846883999967,54.32134784600004],[-9.69617969199993,54.31887715700003],[-9.691483502999972,54.319004806000066],[-9.684475488999965,54.31624863600007],[-9.684481380999955,54.31757868500006],[-9.675531607999972,54.31633108800003],[-9.671452079999938,54.32022336600005],[-9.667085269999973,54.31745328100004],[-9.665475241999957,54.31918840000003],[-9.66434738199996,54.31424515700007],[-9.66023811599996,54.31307984500006],[-9.656719940999949,54.31737578600007],[-9.648611175999974,54.31629418700004],[-9.650076432999981,54.31730264600003],[-9.64514171999997,54.317738459000054],[-9.646513656999957,54.319795870000064],[-9.641290370999968,54.32451370900003],[-9.63875248499994,54.32403134600003],[-9.635900805999938,54.31996699300004],[-9.632802698999967,54.322548220000044],[-9.629476243999932,54.32175947600007],[-9.631436583999971,54.32334425300007],[-9.625621210999952,54.32595543800005],[-9.625585284999943,54.32330832400004],[-9.617187280999929,54.32599539300003],[-9.615304866999963,54.32198268500008],[-9.612474228999929,54.32133168900003],[-9.59972195599994,54.324305243000026],[-9.59994371099998,54.320062535000034],[-9.596856804999959,54.32294154200008],[-9.592333500999928,54.32366015700006],[-9.588888113999928,54.32056610500007],[-9.580184048999968,54.31967597600004],[-9.576888010999937,54.32375723800004],[-9.574244100999977,54.32081358600004],[-9.569629298999928,54.32207987700008],[-9.561917327999936,54.32019382000004],[-9.562319705999926,54.31366601600007],[-9.553250743999968,54.31251058600003],[-9.55153127099993,54.31063465400007],[-9.546307013999979,54.31655170200003],[-9.533488774999967,54.317921830000046],[-9.53191901699995,54.31589921900007],[-9.53619206299993,54.31198184100003],[-9.533220831999927,54.31231332400006],[-9.529953982999928,54.30999516000003],[-9.525951969999937,54.311612481000054],[-9.52552830299993,54.30996881000004],[-9.521985210999958,54.31189058600006],[-9.517960719999962,54.30921088500003],[-9.51302504399996,54.31089619900007],[-9.509711435999975,54.31020711100007],[-9.507056772999931,54.31224358900005],[-9.505880439999942,54.310942097000066],[-9.505339162999974,54.314266357000065],[-9.501938131999964,54.314089151000076],[-9.50267974999997,54.31633768900008],[-9.49982554199994,54.317795801000045],[-9.50443142499995,54.31738189100008],[-9.500406305999945,54.32001642600005],[-9.497972389999973,54.31971966700007],[-9.496970052999927,54.31739569900003],[-9.490453464999973,54.31573324900006],[-9.48690924999994,54.31628432700006],[-9.486521578999941,54.31783043100006],[-9.483466642999929,54.31575264300005],[-9.479929389999938,54.31574053000003],[-9.48034497599997,54.31772656000004],[-9.478206592999982,54.31738086300004],[-9.472810815999935,54.31307472200007],[-9.463905551999972,54.309886455000026],[-9.460619329999929,54.31057761100004],[-9.45275187599998,54.30687106400006],[-9.448915876999934,54.31177807100005],[-9.441996570999947,54.30881433500008],[-9.438811457999975,54.31028602300006],[-9.438824384999975,54.30837868000003],[-9.431243120999966,54.311971189000076],[-9.430095144999939,54.31067241800008],[-9.429034375999947,54.311695830000076],[-9.427610441999946,54.31059845500005],[-9.414673880999942,54.31058077900008],[-9.41144027599995,54.308967177000056],[-9.405820486999971,54.308817171000044],[-9.401426490999938,54.31052128500005],[-9.396912679999957,54.308061328000065],[-9.393997789999958,54.30943583800007],[-9.38974839399998,54.30654157500004],[-9.388819339999941,54.30124889800004],[-9.391783852999936,54.29929868600004],[-9.383393568999963,54.294924448000074],[-9.376602944999945,54.29606027400007],[-9.372422676999975,54.302495899000064],[-9.374446004999982,54.30488056000007],[-9.36880748599998,54.308766750000075],[-9.361495881999929,54.30770050700005],[-9.360274655999945,54.30941633200007],[-9.363023555999973,54.31226103700004],[-9.346800875999975,54.31832241700005],[-9.344918861999929,54.32196995800007],[-9.348991048999949,54.32664920000008],[-9.345500955999967,54.32801776000008],[-9.339529734999928,54.32633423500005],[-9.336040516999958,54.32160325800004],[-9.329885932999957,54.32018664600008],[-9.32855826499997,54.31818296700004],[-9.32720240599997,54.31901350000004],[-9.315356822999945,54.31718261800006],[-9.312493753999945,54.31510205100005],[-9.304293547999976,54.31607518100003],[-9.29111545099994,54.31197433800003],[-9.281711705999953,54.312461631000076],[-9.275601369999947,54.31051477200003],[-9.273845751999943,54.31143877300008],[-9.273083577999955,54.31002008300004],[-9.270717997999952,54.311130880000064],[-9.264073095999947,54.30984307500006],[-9.25172297499995,54.30164386600006],[-9.248562749999962,54.296023683000044],[-9.249673130999952,54.28939369900007],[-9.252595397999926,54.28689161400007],[-9.250667600999975,54.28152047300006],[-9.254221754999946,54.28226956300006],[-9.255913281999938,54.27994933200006],[-9.254122287999962,54.26977239900003],[-9.247696386999962,54.27133159700003],[-9.24439720099997,54.27026065900003],[-9.242194539999957,54.27165614100005],[-9.242242868999938,54.278066342000045],[-9.249076455999955,54.280876902000045],[-9.227572105999968,54.27886888900008],[-9.221841621999943,54.28636917300008],[-9.215704642999981,54.28807488900003],[-9.210073970999929,54.28285019900005],[-9.206556230999979,54.27580258000006],[-9.216408521999938,54.26084856500006],[-9.21389097599996,54.25422486000008],[-9.219601220999948,54.24596149300004],[-9.234974579999971,54.23951678900005],[-9.235949796999932,54.238483951000035],[-9.23217191699996,54.23745119500006],[-9.237750349999942,54.23679404900008],[-9.242287773999976,54.238119134000044],[-9.249972549999939,54.23341115100004],[-9.257033185999944,54.23362768100003],[-9.257098115999952,54.23201310500008],[-9.26095797399995,54.23085388100003],[-9.258733396999958,54.22967950900005],[-9.265669042999946,54.22855761800008],[-9.26834235299998,54.22513625100004],[-9.264450737999937,54.22765407500003],[-9.255697016999932,54.227729801000066],[-9.254252317999942,54.23156153300005],[-9.25248462299993,54.23205227200003],[-9.251144801999942,54.230414764000045],[-9.241807195999968,54.23593858500004],[-9.235725901999956,54.23530481100005],[-9.237294636999934,54.23365578800008],[-9.233924186999957,54.232001370000035],[-9.233444460999976,54.233773247000045],[-9.221319319999964,54.23830225000006],[-9.215997553999955,54.245357410000054],[-9.195799284999964,54.24746982400006],[-9.192005447999975,54.23972950400008],[-9.198250427999938,54.23213674300007],[-9.198006759999942,54.229242585000065],[-9.206422627999927,54.22533624700003],[-9.20756189499997,54.22813615100006],[-9.201480257999947,54.23216736400008],[-9.202071629999978,54.234345063000035],[-9.206609128999958,54.23405450400003],[-9.204422059999956,54.23291174900004],[-9.210507978999942,54.23162578100005],[-9.210933445999956,54.22920786000003],[-9.21850373999996,54.22617255500006],[-9.215398013999959,54.227233400000046],[-9.213412658999971,54.225101159000076],[-9.21607202499996,54.22222209100005],[-9.210832400999948,54.22385863400007],[-9.213121329999979,54.22071628100008],[-9.216053336999948,54.21933459400003],[-9.21763102999995,54.220439912000074],[-9.21613549899996,54.221813618000056],[-9.218456512999978,54.22209223500005],[-9.220013507999965,54.22040566800007],[-9.218309184999953,54.21971705100003],[-9.22130554599994,54.21895607300007],[-9.22269932599994,54.220258200000046],[-9.224857724999936,54.21724301000006],[-9.22100645699993,54.21648221300006],[-9.215411098999937,54.21873831200003],[-9.213614788999962,54.21720491500008],[-9.219054515999971,54.21263416600004],[-9.213070096999957,54.21216840200003],[-9.20892476299997,54.20877317500003],[-9.205394251999962,54.211055345000034],[-9.194961271999944,54.20906276100004],[-9.19415095599993,54.20742776900005],[-9.182766071999936,54.20850035900003],[-9.17505788799997,54.20536290200005],[-9.175226872999929,54.20234073100005],[-9.173060995999947,54.201387571000055],[-9.170664528999964,54.20188733100008],[-9.16557678199996,54.199946529000044],[-9.162843330999976,54.20213454300006],[-9.160724805999962,54.20181836800003],[-9.157067147999953,54.195789715000046],[-9.162385405999942,54.19425329000006],[-9.160684265999976,54.192892365000034],[-9.16214133699998,54.19169070500004],[-9.166080912999973,54.191279929000075],[-9.156059957999958,54.186931102000074],[-9.146873484999958,54.18574324400004],[-9.142991810999945,54.18285733500005],[-9.145118818999947,54.18183308300007],[-9.14621649999998,54.17634266400006],[-9.145307737999929,54.173954338000044],[-9.142839801999969,54.173696387000064],[-9.143077910999978,54.17087420800004],[-9.139487237999958,54.169029195000064],[-9.140296776999946,54.16746221200003],[-9.143543162999947,54.16852590900004],[-9.140366780999955,54.16610133700004],[-9.142247612999938,54.16504103400007],[-9.141114372999937,54.162068297000076],[-9.132260843999973,54.16236345100003],[-9.134681154999953,54.16420881100004],[-9.133502809999982,54.16744523300008],[-9.129394521999927,54.167919691000066],[-9.133890411999971,54.170514608000076],[-9.131817466999962,54.171856467000055],[-9.136553181999943,54.177706028000046],[-9.133761043999925,54.18087339700003],[-9.130862368999942,54.180164766000075],[-9.124147972999936,54.18166890200007],[-9.126320778999968,54.185180624000054],[-9.124794748999932,54.19094588200005],[-9.127561986999979,54.19570906100006],[-9.120332305999966,54.19936350200004],[-9.114731479999932,54.198486771000034],[-9.10879448999998,54.203692198000056],[-9.104667114999927,54.20363849900008],[-9.109510411999963,54.20400197400005],[-9.112717695999947,54.20044279800004],[-9.136018766999939,54.20333922600008],[-9.136143275999927,54.20492184100004],[-9.131159537999963,54.20808707500004],[-9.106134510999937,54.210513751000065],[-9.094626590999951,54.214820013000065],[-9.096120196999948,54.220061318000035],[-9.098506523999959,54.22025928000005],[-9.09651963999994,54.22535762800004],[-9.092343571999947,54.22737792700008],[-9.08901971399996,54.233848118000026],[-9.083986645999971,54.23563206700004],[-9.075524560999952,54.24947675700008],[-9.064478975999975,54.26161048000006],[-9.06338124499996,54.26692767800006],[-9.053579684999931,54.27381748800008],[-9.054434167999943,54.27736685200006],[-9.059984501999963,54.28027122600008],[-9.054138548999958,54.282105742000056],[-9.051383937999958,54.28663638300003],[-9.055436038999972,54.29329711300005],[-9.053255123999975,54.29439031800007],[-9.038124539999956,54.29340803300005],[-9.020278521999956,54.29662985900006],[-9.009665350999967,54.29263526700004],[-9.002567211999974,54.29328502700008],[-8.999798673999976,54.29163105400005],[-8.988852131999977,54.29473482100008],[-8.972996038999952,54.291059215000075],[-8.961807501999942,54.29415980400006],[-8.959843193999973,54.28993285800004],[-8.95800774299994,54.29224224400008],[-8.95181256799998,54.29183781200004],[-8.946987718999935,54.29501791600006],[-8.93916853199994,54.29101930500008],[-8.932075212999962,54.29327296100007],[-8.93231147199998,54.29094408900005],[-8.905394643999955,54.28303091300006],[-8.89460503099997,54.27262466500008],[-8.885742894999964,54.27096171000005],[-8.878980382999941,54.26767585600004],[-8.87409484899996,54.26992082700008],[-8.865178253999943,54.26229009000008],[-8.85684146099993,54.263874842000064],[-8.856249267999942,54.26694927400007],[-8.85373193099997,54.26192657900003],[-8.845291423999981,54.25748509700003],[-8.844289493999952,54.25832785700004],[-8.844120971999928,54.25712329600003],[-8.826647960999935,54.25280223100003],[-8.815025227999968,54.254828503000056],[-8.812764324999932,54.25834638400005],[-8.805041759999938,54.25721501500004],[-8.793368638999937,54.26119397800005],[-8.792038263999927,54.264132740000036],[-8.788797831999943,54.265136177000045],[-8.790067762999968,54.265723190000074],[-8.78579562699997,54.26639305400005],[-8.784543078999945,54.27179906300006],[-8.780343846999926,54.27237956700003],[-8.773260733999962,54.27700600700007],[-8.762476827999933,54.27904655800006],[-8.753946480999957,54.27755038000004],[-8.755853760999969,54.26873595500007],[-8.741179959999954,54.267583666000064],[-8.725498453999933,54.26279624400007],[-8.711617257999933,54.26664021300007],[-8.700660690999939,54.26748348000007],[-8.696981337999944,54.27048696600008],[-8.686695054999973,54.27280631900004],[-8.659778351999933,54.27172224600008],[-8.653396193999981,54.268656888000066],[-8.649877699999934,54.26268150000004],[-8.645298122999975,54.26081720700006],[-8.639733004999925,54.25391992600004],[-8.62824014599994,54.24808898400005],[-8.629579959999944,54.24709115500008],[-8.633336171999929,54.25057450700007],[-8.640913187999956,54.250486892000026],[-8.640760178999926,54.25247242200004],[-8.63832350499996,54.25221834600006],[-8.642846222999935,54.25446138900003],[-8.641199489999963,54.25147204900003],[-8.644093294999948,54.25325688000004],[-8.649090376999936,54.25134937200005],[-8.645477108999955,54.25008159100008],[-8.646353670999929,54.24825777600006],[-8.644015234999927,54.249705332000076],[-8.640797393999947,54.247343639000064],[-8.627536697999972,54.245490629000074],[-8.634860944999957,54.24342391700003],[-8.636772568999959,54.23862359200007],[-8.631794970999977,54.24295699700008],[-8.625598726999954,54.24220107500008],[-8.628070676999926,54.23781562000005],[-8.614656237999952,54.23531545800006],[-8.611852862999967,54.23063656200003],[-8.609914032999939,54.23196777100003],[-8.60674819899998,54.22925158700008],[-8.604852432999962,54.22978152500008],[-8.604422316999944,54.22283676700005],[-8.590307354999936,54.22334664700003],[-8.591947828999935,54.222161682000035],[-8.587719540999956,54.20941599500003],[-8.579972545999965,54.20726139900006],[-8.574896451999962,54.20893713000004],[-8.573186642999929,54.21185368000005],[-8.577411002999952,54.21687247500006],[-8.564522760999978,54.21599229100008],[-8.54738636899998,54.21832363500005],[-8.536634765999963,54.215334839000036],[-8.51698327899993,54.21823942800006],[-8.512008056999946,54.21423636500003],[-8.51277306999998,54.21588587600007],[-8.50695445599996,54.21819533000007],[-8.512294874999952,54.218780253000034],[-8.51595963699998,54.22120528500005],[-8.52126322099997,54.22045226400007],[-8.522962552999957,54.22194849200008],[-8.530352153999956,54.22230658400008],[-8.53375581399996,54.22694406100004],[-8.53214830199994,54.229417839000064],[-8.537723954999933,54.22834639100006],[-8.535341064999955,54.22263035100008],[-8.53733813699995,54.22403991500005],[-8.537284927999963,54.22213391000008],[-8.540374608999969,54.222736257000065],[-8.540682265999976,54.22132561800004],[-8.54574109899994,54.22356011200003],[-8.541147888999944,54.22401156400008],[-8.546321287999945,54.22592473900005],[-8.542110625999953,54.227227722000066],[-8.544420492999961,54.23015662200004],[-8.549858616999927,54.230945071000065],[-8.564330740999935,54.22968147700004],[-8.564665083999955,54.23104977700007],[-8.573112541999933,54.23270916100006],[-8.574507765999954,54.23568117200006],[-8.571929974999932,54.235025001000054],[-8.57482161799993,54.23915867900007],[-8.572028122999939,54.23960081200005],[-8.57328995599994,54.24128811300005],[-8.580743230999929,54.24632109100003],[-8.585836348999976,54.246149082000045],[-8.586737434999975,54.25089187100008],[-8.590654135999955,54.25342492100003],[-8.60037059299998,54.253130267000074],[-8.59877268699995,54.25522181200006],[-8.603346353999939,54.261093636000055],[-8.618877763999933,54.25972943600004],[-8.617352935999975,54.25744898700003],[-8.621139420999953,54.25448354300005],[-8.619267006999962,54.25348413200004],[-8.623685429999966,54.253784419000056],[-8.622748611999953,54.261128933000066],[-8.61251290499996,54.26776280300004],[-8.606612561999953,54.275003352000056],[-8.606773422999936,54.278684085000066],[-8.611823193999953,54.28420485600003],[-8.607225503999928,54.282451104000074],[-8.602279616999965,54.283366915000045],[-8.600438208999947,54.281522461000066],[-8.591570136999962,54.28402846800003],[-8.588970141999937,54.28317511900008],[-8.590838788999974,54.280676553000035],[-8.58576747799998,54.27656382200007],[-8.577634536999938,54.277292137000074],[-8.578021777999936,54.27885944900004],[-8.57161152599997,54.27789206400007],[-8.570769096999982,54.27545157600008],[-8.562904054999933,54.27585127900005],[-8.552276351999978,54.27967920100008],[-8.545024309999974,54.28032149300003],[-8.526743610999972,54.27916111500008],[-8.517588027999977,54.27637048300005],[-8.508134266999946,54.28262267000008],[-8.497113982999963,54.28301324800003],[-8.498585177999928,54.28494101600006],[-8.49532376999997,54.28573550200008],[-8.490908076999972,54.28181043300003],[-8.474194274999945,54.27242748200007],[-8.47496461999998,54.27484812500006],[-8.47876747099997,54.27522210700005],[-8.475402240999927,54.278707283000074],[-8.482084639999925,54.27892363400008],[-8.486611720999974,54.28107423500006],[-8.47658368499998,54.283078603000035],[-8.479598948999978,54.28472336400006],[-8.478617930999974,54.28700304600005],[-8.489209012999936,54.28826724800007],[-8.49097593099998,54.29002229000008],[-8.490919474999941,54.28799241000007],[-8.488012106999975,54.287554174000036],[-8.49158794899995,54.28641008000005],[-8.490633400999968,54.285512880000056],[-8.48809063799996,54.285546339000064],[-8.491086118999931,54.28531763500007],[-8.492197576999956,54.28639246200004],[-8.491715520999946,54.29199791700006],[-8.514637358999948,54.30032004900005],[-8.52667465099995,54.30340137400003],[-8.53589911299997,54.30199110700005],[-8.547189887999934,54.30478821200006],[-8.55216810099995,54.30447569700004],[-8.552197255999943,54.30574255300007],[-8.550063149999971,54.30474672300005],[-8.549087037999925,54.305939831000046],[-8.572226257999944,54.30450356800003],[-8.577410647999955,54.30661063200006],[-8.573437789999957,54.307554338000045],[-8.571166948999974,54.31107302400005],[-8.57157381299993,54.317821914000035],[-8.576236448999964,54.32014789800007],[-8.566574684999978,54.32466128400006],[-8.569609386999957,54.33381375100004],[-8.566121886999952,54.337675854000054],[-8.565707008999937,54.33345182900007],[-8.558632731999978,54.32272130500007],[-8.529998754999951,54.31501177100006],[-8.515151920999926,54.31402788300005],[-8.507587082999976,54.31552731000005],[-8.500433040999951,54.32311554200004],[-8.508696075999978,54.32559691100005],[-8.509397684999954,54.328174614000034],[-8.500830371999939,54.328146967000066],[-8.508935195999982,54.32956026900007],[-8.51111620699993,54.32792744100004],[-8.515217852999967,54.32802813100005],[-8.535494709999966,54.33277115700008],[-8.544144833999951,54.32867146800004],[-8.547420931999966,54.33204636800008],[-8.550443082999948,54.33262216400004],[-8.54463158599998,54.33340593500003],[-8.539144694999948,54.33655754100005],[-8.535871992999944,54.335466256000075],[-8.537770357999932,54.33762700700004],[-8.537214129999938,54.33676802100007],[-8.548359759999926,54.33765271200008],[-8.554420229999948,54.341985554000075],[-8.571454778999964,54.34200057100003],[-8.577225627999951,54.34413083100003],[-8.586871833999965,54.34244067800006],[-8.593529204999982,54.34308144600004],[-8.598420197999928,54.34189122600003],[-8.602268162999962,54.33856320400008],[-8.614432238999939,54.33808111700006],[-8.616711257999953,54.33545332500006],[-8.620424669999977,54.33456271400007],[-8.633216645999937,54.33545781000004],[-8.642797314999939,54.33376849500007],[-8.647080786999936,54.33108078100008],[-8.643104887999925,54.32693450200003],[-8.64218257799996,54.32307855800008],[-8.644009432999951,54.322796233000076],[-8.64167015299995,54.32293899700005],[-8.641796166999939,54.32136269500006],[-8.651765249999926,54.32284658200007],[-8.656539868999971,54.32413365100007],[-8.658534417999931,54.32715050200005],[-8.655276432999926,54.33017396000008],[-8.64862739299997,54.33040983200004],[-8.648235451999938,54.33203769000005],[-8.651363746999948,54.33323299600005],[-8.64834278199993,54.33419063500003],[-8.648864532999937,54.336107464000065],[-8.657218112999942,54.34312349000004],[-8.680431608999982,54.34897259300004],[-8.669392990999938,54.351226979000046],[-8.672703356999932,54.35563709500008],[-8.676461264999944,54.354954519000046],[-8.67865610299998,54.356043025000076],[-8.681918304999954,54.35479529100007],[-8.678613414999973,54.35768245500003],[-8.674395212999968,54.358514971000034],[-8.67438419499996,54.35671503700007],[-8.672407741999962,54.357491475000074],[-8.673434412999939,54.36143387000004],[-8.677962969999953,54.35948359000008],[-8.67957636899996,54.360281515000054],[-8.670373512999959,54.36466455100003],[-8.667810323999959,54.36235105900005],[-8.663769745999957,54.36265674100008],[-8.659786125999972,54.365828692000036],[-8.640661727999941,54.37120453800003],[-8.635634016999973,54.36936642200004],[-8.631387827999959,54.37074048200003],[-8.625359128999946,54.36838824500006],[-8.621935741999948,54.370790372000044],[-8.621488965999959,54.37581159600006],[-8.61649358699998,54.38020041400006],[-8.605511554999964,54.38175913200007],[-8.599012528999936,54.384483243000034],[-8.592372642999976,54.38476183500006],[-8.581790652999928,54.39095489700003],[-8.571526974999927,54.39134420900007],[-8.569378861999951,54.39313438200003],[-8.571244967999974,54.39629748300007],[-8.56923980099998,54.396059680000064],[-8.571240166999928,54.39678214700007],[-8.568580839999981,54.398740872000076],[-8.57088590099994,54.40023443800004],[-8.574759549999953,54.39877741600003],[-8.568547295999963,54.409847392000074],[-8.560593794999932,54.405140997000046],[-8.541977015999976,54.40745222800007],[-8.527717184999972,54.41368126800006],[-8.52643244799998,54.41660099500007],[-8.530438596999943,54.41894466300005],[-8.529623726999944,54.42043441100003],[-8.526082604999942,54.418322628000055],[-8.521564788999967,54.42031013600007],[-8.521325711999964,54.42343379300007],[-8.518913531999942,54.422318044000065],[-8.516355441999963,54.424633388000075],[-8.508187883999938,54.42421473500008],[-8.513776165999957,54.42016040800007],[-8.519039024999927,54.419199957000046],[-8.517883145999974,54.41783270800005],[-8.513961644999938,54.41798387000006],[-8.519491756999969,54.41508561200004],[-8.522446920999926,54.415902456000026],[-8.524843989999965,54.414844093000056],[-8.526178178999942,54.411881521000055],[-8.531294514999956,54.41020946900005],[-8.53461152999995,54.40704172100004],[-8.550916141999949,54.40316568500003],[-8.56147836699995,54.40390135000007],[-8.563936353999964,54.401147225000045],[-8.562111401999971,54.39844282800004],[-8.553028509999933,54.39626034500003],[-8.553567963999967,54.39423055100008],[-8.545326717999956,54.392612203000056],[-8.543690865999963,54.394671638000034],[-8.548394321999979,54.394111071000054],[-8.550796305999938,54.39738971400004],[-8.543358287999979,54.397915804000036],[-8.532504848999963,54.40191205600007],[-8.530599650999932,54.40320627800003],[-8.532363570999962,54.40483146100007],[-8.52919258999998,54.40474308800003],[-8.530266162999965,54.40325807900007],[-8.528282758999978,54.40330715200008],[-8.526354742999956,54.406294185000036],[-8.51899568999994,54.40920117600007],[-8.519744057999958,54.41073330100005],[-8.514792256999954,54.41299940200008],[-8.501999914999942,54.415340557000036],[-8.496852664999949,54.414078172000075],[-8.49837574999998,54.41571761400007],[-8.490728757999932,54.41787358800008],[-8.485919684999942,54.42146759700006],[-8.488679806999926,54.424749202000044],[-8.482741394999948,54.43171885500004],[-8.477131038999971,54.43283219300008],[-8.46725793099995,54.440111442000045],[-8.469894031999956,54.44833999600007],[-8.473394630999962,54.44876562700006],[-8.475894757999981,54.45232811900007],[-8.480598674999953,54.45148943600003],[-8.486560469999972,54.45365554600005],[-8.476285042999962,54.45380958800007],[-8.473264015999973,54.46047540700005],[-8.471346323999967,54.459332560000064],[-8.46966442799993,54.461056693000046],[-8.465178673999958,54.461384027000065],[-8.47015954799997,54.46718436100008],[-8.466242977999968,54.47082554500008],[-8.454588652999973,54.47302455500005],[-8.448851199999979,54.47099799000006],[-8.445707167999956,54.465676501000075],[-8.447825291999948,54.46643328700003],[-8.452349632999926,54.46152278400007],[-8.440335027999936,54.45499146800006],[-8.441310949999945,54.45227159400008],[-8.43867235199997,54.45494903000008],[-8.41690788699998,54.45603307600004],[-8.400924276999945,54.46341931400008],[-8.383245901999942,54.46567863000007],[-8.381230180999978,54.46425425600006],[-8.382755476999932,54.465633909000076],[-8.372895159999928,54.467668023000044],[-8.35768758599994,54.46745322100003],[-8.344699206999962,54.47184000900006],[-8.334523317999981,54.47059480900003],[-8.33002533499996,54.47398767800007],[-8.325713864999955,54.472807413000055],[-8.321756057999949,54.47346434100007],[-8.319734575999973,54.47233219600008],[-8.312940348999973,54.47434467100004],[-8.310055338999973,54.47190475100007],[-8.304251945999965,54.471417356000075],[-8.304469468999969,54.46812833200005],[-8.299068551999937,54.463654037000026],[-8.287809748999962,54.46261721700006],[-8.282882902999972,54.464763653000034],[-8.270640539999931,54.45978766700006],[-8.25994712399995,54.45906268400006],[-8.253826613999934,54.462216613000066],[-8.236206166999978,54.46115734300008],[-8.231374565999943,54.46708376600003],[-8.231968821999942,54.47044953000005],[-8.224155382999982,54.46986706700005],[-8.22101076399997,54.47292837400005],[-8.211373551999941,54.47212919200007],[-8.205972205999956,54.46982662000005],[-8.198079638999957,54.46915368900005],[-8.195654907999938,54.46732433200003],[-8.18605413499995,54.466652802000056],[-8.185776373999943,54.46666368800004],[-8.184949074999963,54.466128636000064],[-8.177530333999925,54.46475575200003],[-8.170033879999949,54.464544739000075],[-8.167416398999933,54.459273488000065],[-8.143166908999945,54.450999350000075],[-8.150264137999955,54.44388649600006],[-8.157357114999968,54.444593370000064],[-8.161878074999947,54.442034238000076],[-8.158735858999933,54.439011496000035],[-8.097341855999957,54.40648973000003],[-8.08939042999998,54.39959298900004],[-8.084149562999926,54.397405148000075],[-8.083408181999971,54.39462105800004],[-8.078649669999947,54.39215984700007],[-8.073667954999962,54.38478999000006],[-8.06794131199996,54.380713667000066],[-8.06430622199997,54.37342633500003],[-8.05976983599993,54.37275664100008],[-8.059344516999943,54.36986513800008],[-8.056045807999965,54.36858031300005],[-8.058670334999931,54.36728235700008],[-8.056651427999952,54.36709579700005],[-8.057397753999965,54.36575601900006],[-8.050278654999943,54.36620703400007],[-8.047093142999927,54.36270421300003],[-8.039526868999928,54.362646519000066],[-8.037006858999973,54.35928188200006],[-8.031301068999937,54.35670084900005],[-8.025791396999978,54.35994902700003],[-8.01696786399998,54.35693662500006],[-8.007570724999937,54.36127760100004],[-8.000299630999962,54.358142688000044],[-7.997531696999943,54.35570205700003],[-8.001275936999946,54.350582899000074],[-7.999472662999949,54.34717550000005],[-7.986437113999955,54.344195668000054],[-7.982587343999967,54.33620512400006],[-7.972145005999948,54.33087338900003],[-7.963366360999942,54.32050977600005],[-7.96171796699997,54.31250257700003],[-7.946578905999957,54.304290036000054]]]]}}],"meta":{"provider":"geoBoundaries","license":"Creative Commons Attribution 4.0 (CC BY 4.0)","sourceName":"Ordce Survey Ireland","sourceDataUpdateDate":"Thu Jan 19 07:31:04 2023","sourceUrl":"data-osi.opendata.arcgis.com/datasets/cac5ddcbbe934edc881d1611c6b910c7/explore?location=53.390427%2C-8.379110%2C7.80"}}