{"type":"FeatureCollection","crs":{"type":"name","properties":{"name":"urn:ogc:def:crs:OGC:1.3:CRS84"}},"features":[{"type":"Feature","properties":{"shapeName":"Brčko District","shapeISO":"BA-BRC*","shapeID":"54001226B82378099338701","shapeGroup":"BIH","shapeType":"ADM1"},"geometry":{"type":"Polygon","coordinates":[[[18.78548503150904,44.96656163980788],[18.785172823766857,44.96269589230167],[18.788219974172534,44.95706589617424],[18.796514994271604,44.949758055589825],[18.811412172233986,44.943168222035865],[18.813612892421077,44.93921395875725],[18.782633532211776,44.92842821948682],[18.760626336636165,44.937656144115806],[18.756902041695923,44.93501974556489],[18.755378466942773,44.929746585136854],[18.759102761883014,44.9212366018877],[18.765027776111026,44.91368443348989],[18.770921048767434,44.89805998368138],[18.7772692785544,44.89300079894775],[18.795784948017,44.888878170890905],[18.81112650258609,44.8808194539547],[18.837841968332214,44.861136447389185],[18.855564108396948,44.85269881190072],[18.876989383253488,44.846885499766074],[18.900001715107123,44.84369730508661],[18.910053077887312,44.84613535276435],[18.92771173660742,44.84579028109664],[18.95852181023338,44.84927090382922],[18.973418989095137,44.85311134711105],[18.987469736838932,44.852991337080596],[18.99390260901822,44.85515147895762],[19.005874524389867,44.85242085214065],[19.00544115188768,44.846313588501346],[18.996340329342786,44.83686452237987],[19.00251588659893,44.83041061235991],[19.002299200347863,44.823879133115554],[18.998290505602426,44.820113591668985],[18.992886893115667,44.81901846383107],[18.988485453640806,44.81997910345291],[18.982391152829507,44.82502219481847],[18.97595828065016,44.827783701656585],[18.96292324970824,44.82838401171284],[18.956321090046345,44.82730344929479],[18.948026071745858,44.82190033323383],[18.939392479379478,44.800763282099865],[18.923987441667123,44.77865717368968],[18.91281455864504,44.770004652392856],[18.906720257833683,44.768322067609404],[18.890130218534807,44.7742109012122],[18.84679297191815,44.777095008128185],[18.82461648975925,44.773850377393046],[18.818332589377576,44.763216323174845],[18.805873130840382,44.755984817045714],[18.801873575904835,44.752874101658506],[18.801322719567906,44.752445664635786],[18.787671486649856,44.74336597975622],[18.782362674397973,44.741903862873016],[18.762102511721594,44.75044517940154],[18.754735180084538,44.75067600749179],[18.728277790987306,44.74565604219265],[18.717807512306877,44.74270110647092],[18.71184430656956,44.73915498431512],[18.704424970735886,44.73260393672234],[18.699501858823794,44.725066851753866],[18.686370673268016,44.71627234369373],[18.67705316537132,44.71527148369205],[18.672069381596714,44.71658029764268],[18.66394364808093,44.713192718768994],[18.656467973318343,44.71226879936563],[18.650942473916075,44.71480954242651],[18.646717092919573,44.71858195559281],[18.64325011290242,44.72535628416523],[18.636966212520747,44.728820122850436],[18.608580315429265,44.72504837698108],[18.596337544042456,44.72889709402574],[18.589295240882734,44.72897406610031],[18.579436017358375,44.72666486968802],[18.57586069421569,44.730436509437425],[18.574343890458238,44.73543932646379],[18.54899160178104,44.7582928425407],[18.54985834588598,44.76852397979786],[18.546933082395867,44.774138797167836],[18.537507231373695,44.780752811692935],[18.542165985771703,44.786058856730904],[18.543141073002175,44.78998040357283],[18.541190897641854,44.79443987719861],[18.52688960597061,44.80412651362775],[18.522447537823666,44.809507274341286],[18.52353096907899,44.81765432988345],[18.53057327133945,44.81896082538185],[18.5500750321371,44.81004532343297],[18.55939254093306,44.81381152228397],[18.566543186319052,44.81949878544066],[18.57120193981774,44.82710654453143],[18.57529294487966,44.83252063410566],[18.57661232509878,44.834266719133836],[18.59794237613977,44.83846828428392],[18.605898823971586,44.845430204240586],[18.61436312975468,44.85983150681864],[18.62739815979728,44.87470906966786],[18.631799599272142,44.888983113679785],[18.639417474836648,44.90001608287599],[18.657700375472018,44.911166823689996],[18.66362539059935,44.917160951716596],[18.686140444126238,44.92734953485319],[18.698159758266286,44.93681730237665],[18.704761917028918,44.939573449255306],[18.737434138574713,44.942089813494135],[18.743867010754002,44.947841091293355],[18.745016706585393,44.94924241408508],[18.74691416026036,44.95155515194875],[18.765027775211706,44.96305523441157],[18.774677085279336,44.966768311208625],[18.78548503150904,44.96656163980788]]]}},{"type":"Feature","properties":{"shapeName":"Republika Srpska","shapeISO":"BA-SRP*","shapeID":"54001226B66267900922909","shapeGroup":"BIH","shapeType":"ADM1"},"geometry":{"type":"MultiPolygon","coordinates":[[[[19.42135006095657,43.54340542462069],[19.416102191263178,43.54107393761217],[19.411700752687636,43.54291459263442],[19.405775738459624,43.550767425076685],[19.40154358556805,43.55199433776852],[19.399512151964302,43.55457077312275],[19.410346463618453,43.563280761997646],[19.418980055085513,43.56720597987214],[19.424058639094994,43.5652434028608],[19.43252294487803,43.556411016255424],[19.43252294487803,43.55223971778878],[19.42135006095657,43.54340542462069]]],[[[18.801873575904835,44.752874101658506],[18.805873130840382,44.755984817045714],[18.818332589377576,44.763216323174845],[18.82461648975925,44.773850377393046],[18.84679297191815,44.777095008128185],[18.890130218534807,44.7742109012122],[18.906720257833683,44.768322067609404],[18.91281455864504,44.770004652392856],[18.923987441667123,44.77865717368968],[18.939392479379478,44.800763282099865],[18.948026071745858,44.82190033323383],[18.956321090046345,44.82730344929479],[18.96292324970824,44.82838401171284],[18.97595828065016,44.827783701656585],[18.982391152829507,44.82502219481847],[18.988485453640806,44.81997910345291],[18.992886893115667,44.81901846383107],[18.998290505602426,44.820113591668985],[19.002299200347863,44.823879133115554],[19.00251588659893,44.83041061235991],[18.996340329342786,44.83686452237987],[19.00544115188768,44.846313588501346],[19.005874524389867,44.85242085214065],[19.03351556159396,44.85095112969094],[19.053829895833076,44.85503147342382],[19.065849209973123,44.8616314162569],[19.0688963603788,44.869910275538814],[19.072959227586352,44.8727895998602],[19.07956138544961,44.875788742656425],[19.09547428111324,44.875788742656425],[19.102753584410436,44.87734823543275],[19.111387176776816,44.881666609026865],[19.115788615352358,44.889702720604134],[19.123067918649554,44.89366039231328],[19.14219725040283,44.89414009159202],[19.148640703106025,44.9055542546252],[19.158956576284993,44.91211094006786],[19.16583382417167,44.91492071981543],[19.18117537874076,44.916793829571645],[19.19043321392172,44.91398414155492],[19.196781442809367,44.90143252678973],[19.20789084448694,44.89056473607377],[19.21926475566397,44.891876475518984],[19.236457877628993,44.90480487204724],[19.247038260307534,44.90649096958265],[19.271373139658692,44.895062001909935],[19.290417828120326,44.90012100587978],[19.321100937258507,44.88644193354844],[19.349064887734414,44.87950746269928],[19.36971779514016,44.87890768504167],[19.372595658962553,44.87626859122258],[19.35702133556623,44.86151142421289],[19.363284922061553,44.85599151139917],[19.36413135317946,44.85323135714145],[19.362099919575655,44.85047106978408],[19.351055692666137,44.84715855102638],[19.342171557271627,44.841934945941034],[19.3515974082938,44.82672233796558],[19.349430545783093,44.822419054096144],[19.340763096639648,44.829949591100785],[19.337296117521873,44.830103264554054],[19.327111863721598,44.82434020293806],[19.32570340398894,44.81849971239188],[19.3206112770888,44.81396523980402],[19.31118542606663,44.813734663523974],[19.305118211935962,44.80904608580829],[19.29796756565071,44.7958237818421],[19.29980939878476,44.79182574496224],[19.30544324041324,44.78882703473994],[19.310535367313378,44.78182943957705],[19.308151818551607,44.77775352680385],[19.296667448144262,44.77613846222033],[19.307501759798413,44.7736004135283],[19.308043475426075,44.77052384000325],[19.30164689808595,44.76412096650944],[19.301854916671118,44.76156084935377],[19.322310097333173,44.75496310176578],[19.32570340398894,44.749569944797145],[19.32638054852356,44.73105226445051],[19.324687687187065,44.723475139865855],[19.31740838388987,44.714573759071754],[19.30284977729542,44.70350526665476],[19.298617624403903,44.697007556953224],[19.296416905116132,44.68437103449571],[19.281011868303153,44.67413944937613],[19.27711828767889,44.667518049618366],[19.275763998609705,44.64680624381316],[19.27034684233297,44.64259072568149],[19.257481097075015,44.64813105760226],[19.252233227381566,44.64704712092794],[19.247662502222738,44.64391563569808],[19.240383199824862,44.62187001658805],[19.23665890488462,44.61596566967995],[19.236489618301277,44.61042226747372],[19.239198196439645,44.60487833556681],[19.236997477151874,44.60307041766572],[19.219391720151805,44.59957494892478],[19.215667426110883,44.59427107844755],[19.2143131370417,44.58788168309326],[19.219222434467838,44.58233560000798],[19.217868145398654,44.578235982005026],[19.20720312032779,44.57401548432722],[19.18519592475218,44.56846807833921],[19.179778768475444,44.56533235460455],[19.179778768475444,44.556647928958796],[19.190274507862284,44.54760027343394],[19.187904501991227,44.54277428200754],[19.18028662732604,44.538671874307624],[19.177070190337076,44.533603796178284],[19.18299520456509,44.52382839846189],[19.18282591888112,44.52032816601212],[19.171991607226914,44.51549991458944],[19.14890521260554,44.513047914829485],[19.13567973403252,44.50870950793751],[19.127744447248517,44.50248427393018],[19.128537976646328,44.493994247536534],[19.137531301428453,44.47210314454452],[19.14096992582148,44.444727714912176],[19.14676797556166,44.428885640859676],[19.147614405780246,44.41099109716146],[19.141350819284924,44.404460643144205],[19.12763864380844,44.39720372757],[19.1195129102926,44.38704253418564],[19.105123590281494,44.3865586233818],[19.09970643400476,44.38038841619249],[19.10444644574693,44.36889315769315],[19.112402892679427,44.36260006084416],[19.110371459974942,44.333546237269104],[19.12763864380844,44.328460337274805],[19.133732943720418,44.324463964140705],[19.1350872327896,44.320588432909915],[19.13390223030376,44.30787004786447],[19.13627223617482,44.30157039765578],[19.15760228721581,44.27987989743934],[19.166066592998902,44.2760014218282],[19.176054473535203,44.27406208869451],[19.186042354970766,44.2763650402145],[19.192983086000652,44.28448525459089],[19.199585244763284,44.287514897894255],[19.20686454806048,44.28509119530247],[19.21871457651656,44.2750317629056],[19.224025928453898,44.26827400883849],[19.228787100344448,44.259939385294444],[19.22931611934348,44.25425600990701],[19.24598022141015,44.25292980936325],[19.252857470196147,44.25368764197117],[19.269786082661653,44.26694812485613],[19.276927840047847,44.26959986224392],[19.30364330579397,44.263538571947606],[19.32030740875996,44.26751636418891],[19.32427505215196,44.26656929533675],[19.334061905432634,44.25558217987373],[19.33564896332905,44.24781418677537],[19.335119944330017,44.22526225025268],[19.346864168446643,44.21585231633139],[19.345340593693493,44.199834531838235],[19.35735990783354,44.18976051243777],[19.36379278091215,44.179441960178394],[19.37987496225975,44.17179292670227],[19.42108555145711,44.13876473280624],[19.44383337381123,44.130221913510525],[19.450710622597228,44.13363918979684],[19.456794341985358,44.144459258887764],[19.46208453377426,44.146736915176575],[19.472400406953284,44.14388983065123],[19.479542164339477,44.13724609982768],[19.481129222235893,44.13325950232422],[19.469226292059773,44.12072844336302],[19.484567846628863,44.10705516536365],[19.496470776804983,44.08995911981759],[19.534560153728137,44.07437841842932],[19.554916809163444,44.05718168388768],[19.566766837619525,44.05012516784228],[19.5733689963821,44.04878676799501],[19.57895543834286,44.050855190714515],[19.57929401061017,44.05450517287551],[19.57438471318403,44.06618360438989],[19.580648299679353,44.068616320886576],[19.589959036580296,44.06691342941127],[19.59948645883304,44.055288673033886],[19.620396680262616,44.051862608572605],[19.622780229024386,44.04937080032221],[19.61606295614058,44.042284148894396],[19.59764462569899,44.02951046003977],[19.617146387395906,44.014708231599684],[19.62007165088602,44.01089021471171],[19.61931324900729,44.00948761676017],[19.609995741110595,44.00917592343018],[19.58240291656142,43.998480743191806],[19.56569207403004,43.99394148890866],[19.559590190135225,43.98985087491798],[19.558342076825454,43.98615910216091],[19.55785670012665,43.98102017274283],[19.56146235920056,43.97428400870007],[19.55106142004854,43.97014213515149],[19.543581410553713,43.971137084808674],[19.528630061028537,43.95639828015658],[19.522021130370945,43.953512477119205],[19.48323429502676,43.944152154298536],[19.448564497553548,43.95023653199041],[19.430796226764528,43.94680439530663],[19.420611973863572,43.94672638991102],[19.40831503001465,43.94941751760439],[19.395957143607347,43.96160406877283],[19.385122831953197,43.96172592151413],[19.373611375764426,43.95941067446313],[19.369040650605598,43.960263670631946],[19.353127754941966,43.969645824495274],[19.33315199297016,43.975980985334274],[19.30623549996841,43.98694409069731],[19.28947617408619,43.98852748385633],[19.271023986867533,43.985360656169405],[19.250878939211702,44.00241080751283],[19.244107493865783,44.00642905755501],[19.24089105777614,44.00521143485986],[19.24156820231076,43.99522598339246],[19.245800355202277,43.9882838871917],[19.24986322240983,43.97183884108972],[19.254941805519934,43.96586877172649],[19.286936882531165,43.940763548399104],[19.29387761356105,43.92954808067941],[19.30166477480958,43.92637810896264],[19.306743357919686,43.91991572013444],[19.31063693944327,43.90869632147809],[19.315376950286065,43.903695690703614],[19.332644134119562,43.901744110602294],[19.332474848435538,43.89808472602931],[19.319778389760927,43.88808126204066],[19.326888406474836,43.88332292661181],[19.34804917183186,43.87356105020234],[19.356005618764357,43.8716084826454],[19.355667046497047,43.865628347170514],[19.352281324723435,43.86147851372249],[19.352789182674712,43.85781665511462],[19.369379222872908,43.843411163494466],[19.39516361420948,43.82891823259041],[19.399131257601482,43.82472004349529],[19.40177635349596,43.81116932960094],[19.407595564283895,43.80219744645507],[19.412092226674986,43.79818829755192],[19.426111232847177,43.793415150289036],[19.44198180731462,43.78386771092619],[19.46605217716632,43.77336376792363],[19.469564864327083,43.76989515114036],[19.470443036117274,43.76191809804186],[19.484324497277782,43.75176950505869],[19.487540934266747,43.74565506393009],[19.5232603053189,43.720701670445806],[19.527492458210418,43.71531820277289],[19.52698459935982,43.7018574183852],[19.52969317749819,43.69108661415595],[19.538326769864568,43.678599852201444],[19.543236067290707,43.674804340847686],[19.535787478309544,43.660354714098844],[19.524106735537487,43.644676609837745],[19.520551727180532,43.63218019096308],[19.517335291090887,43.62850427864959],[19.51174884913013,43.62593100621103],[19.503623115614346,43.628749346605105],[19.501760967694565,43.62617608495839],[19.50847824147769,43.61161179824592],[19.511403504967802,43.598274857698584],[19.519204210006365,43.59121292773449],[19.51703734749566,43.58838792426337],[19.4928768323,43.58046151019062],[19.479225599381948,43.57324050184775],[19.474675189008792,43.57394694359664],[19.458315377952374,43.582815999159095],[19.45008130131106,43.58399320991873],[19.44217225404634,43.58289448119541],[19.42727507518464,43.573583912467654],[19.414070757659374,43.57321597283891],[19.392740706618383,43.58940317521643],[19.3813985370129,43.60570860516805],[19.374288520299046,43.607792439569494],[19.356852049882264,43.59945666938984],[19.334167709772032,43.59197801067671],[19.324687687187065,43.59062930100151],[19.316054094820686,43.591610183463274],[19.29946405552181,43.58891271734808],[19.294724043779638,43.5917327925344],[19.28609045141326,43.59295887065542],[19.27593328429367,43.59050668923237],[19.2576503836583,43.583272171273734],[19.25612680890515,43.58069696349412],[19.257819669342325,43.57701790355344],[19.25646538117246,43.565488728022444],[19.260528247480693,43.556779058406846],[19.250878939211702,43.54365083971453],[19.248847505607955,43.527696818953075],[19.232765324260356,43.52462825389085],[19.219730292419115,43.52720585926306],[19.197045953208203,43.52745133910804],[19.18451878021756,43.523032539120436],[19.15540156702872,43.523646280551475],[19.13813438319528,43.52229604023012],[19.118158621223415,43.51419396607872],[19.097167142449734,43.511493033077045],[19.072112796468446,43.50375787422655],[19.06144777139758,43.50289835077831],[19.04773559502172,43.497372551901776],[19.040625578307868,43.497372551901776],[19.03012983892097,43.501547646406834],[19.02454339696027,43.50719584481243],[19.027251975098636,43.51247520516665],[19.03876343128735,43.52008649229782],[19.015401946642555,43.53371075274907],[19.005244779523025,43.54635033290157],[18.99881190644436,43.55138088501985],[18.994410467868875,43.5524850960104],[18.984253300749288,43.54978587711656],[18.984422586433254,43.53825149001432],[18.987469736838932,43.532974385159775],[18.987131164571622,43.52696037761939],[18.980190433541736,43.520332000921144],[18.96766326055109,43.51370289667142],[18.95987609930262,43.511984121370176],[18.946502496093387,43.512229663268386],[18.93160531723163,43.5092830894431],[18.927542450923397,43.51087916843892],[18.923141011448593,43.50940586578815],[18.919755288775605,43.50498574379708],[18.920432433310225,43.4978637544088],[18.929404597943915,43.49565331075172],[18.941762484351216,43.502529980374334],[18.95276608258871,43.49602172432316],[18.956321090945664,43.48595096406581],[18.95615180436232,43.47428152127526],[18.962076818590333,43.4567116885936],[18.966816830332505,43.45167324222638],[18.973249702511794,43.44933821009039],[18.98679259230437,43.45167324222638],[19.00389049045384,43.442824222659794],[19.011000507167694,43.44688018397335],[19.01438622984068,43.44331586853258],[19.02081910201997,43.42426165804915],[19.03012983892097,43.417376081540965],[19.03266913047605,43.41282625212989],[19.027251975098636,43.405201449087656],[19.027590547365946,43.39905171406542],[19.03876343128735,43.393762443182254],[19.038255572436753,43.386627346175146],[19.040794864891154,43.380844842115835],[19.0347005640798,43.3734621194813],[19.036393425416293,43.36866286759732],[19.05145988996202,43.3527857136898],[19.05772347645734,43.34847724253075],[19.072451368735756,43.34503024544949],[19.076344949359964,43.34010562357571],[19.080746388834825,43.32865433472983],[19.084132111507813,43.325821963113185],[19.083116394705883,43.32040314309063],[19.07312851327032,43.312520361425584],[19.07956138544961,43.30291183921008],[19.07939209976564,43.298723033641124],[19.073297799853606,43.29539642340626],[19.056369187388157,43.29367144278291],[19.04688916480319,43.29096065950688],[19.040625578307868,43.286894258863015],[19.018110524780923,43.2542299738343],[19.011677651702314,43.24979120889725],[19.00389049045384,43.24880477222251],[18.99576475693806,43.25139413353247],[18.98983974270999,43.25620265382946],[18.98831616705752,43.2677908617589],[18.983914728481977,43.27087246069556],[18.96394573750581,43.27540829036036],[18.952353023972933,43.28321701285489],[18.94834432922744,43.28873772786392],[18.946285809842323,43.292917363945264],[18.94791095672531,43.29733327171317],[18.962428933748356,43.30766208793506],[18.96264561999942,43.31830445278831],[18.958203552751797,43.32461015993101],[18.927629124884277,43.32914986297584],[18.91681214856186,43.34397719778951],[18.908243832586834,43.3497082660237],[18.902488104942165,43.3500775681253],[18.897578807516027,43.34724619475611],[18.879465192564624,43.34355290124546],[18.87472518082251,43.34650755368074],[18.855426563385265,43.34601512180046],[18.852040841611597,43.339736261219514],[18.858135141523633,43.32840804729358],[18.846962257602172,43.32027998273509],[18.802778580766926,43.30155666880529],[18.74657558889237,43.28566196282935],[18.72676911260453,43.27543294077765],[18.713395509395298,43.270625938536284],[18.70323834227571,43.26150391627277],[18.691896171770964,43.25583278155767],[18.68867973568132,43.24757170457059],[18.69088045586841,43.242269229841156],[18.718135521137413,43.22376860963368],[18.676829707225238,43.19798171548382],[18.66582610988712,43.17094930076968],[18.652283220094603,43.15366203417557],[18.644665344530097,43.08866758833858],[18.657869662055305,43.052309815545584],[18.662609673797476,43.043773743863255],[18.659054664541202,43.036102637426836],[18.638740330302028,43.030410552105366],[18.63027602451899,43.02496545389266],[18.614193843171392,43.0203862481269],[18.598111661823793,43.02001494593304],[18.57683578234554,43.02903942323087],[18.56643484319352,43.02808901969257],[18.54010746638653,43.0211189437843],[18.527214635347207,43.02080210363425],[18.52309759657686,43.018663388104926],[18.521472449693874,42.99418167194665],[18.506954472670827,42.98609818678193],[18.49005294598669,42.983879005311906],[18.48203555559644,42.97769657633597],[18.480410408713453,42.953436427948816],[18.48398573185608,42.93947854509884],[18.48355235935395,42.92210607853275],[18.48550253561359,42.91552071191137],[18.494603357259166,42.90504614976004],[18.49633684726774,42.89353795091574],[18.508687961780083,42.88671138342363],[18.50186234577069,42.88186882558591],[18.48268561434969,42.874246980413886],[18.485610878739124,42.87043570484394],[18.493194896627244,42.86702123714042],[18.494169984757036,42.86328892834143],[18.474993253336038,42.85630016991695],[18.461328477527275,42.84376508109369],[18.464037055665642,42.83842758766309],[18.4731785059833,42.833213777094215],[18.467592064022597,42.82390230634644],[18.458958471656217,42.81607958770286],[18.456080607833826,42.80924942112392],[18.46115919094393,42.7913632285302],[18.469115638775747,42.77583282892198],[18.476902800024277,42.76427568357599],[18.499756426717795,42.742149542767265],[18.534121508700707,42.72921825401926],[18.54224724221649,42.72461704903765],[18.54901868756241,42.72362214884316],[18.57170302767264,42.735062535207874],[18.575258036029595,42.73394346022258],[18.575596608296905,42.72175666803588],[18.564762296642698,42.71292596586068],[18.56239229077164,42.70620881618396],[18.561715146237077,42.68505748561455],[18.556636563126915,42.67497696501499],[18.563238720990228,42.66539273168928],[18.57965270360944,42.656309996309346],[18.587020035246496,42.65105096333133],[18.588320152752885,42.64770407518296],[18.58160287986908,42.64340066810638],[18.55007503303642,42.64228492151199],[18.54010746638653,42.63590884241921],[18.534148594482076,42.6296118227275],[18.53013989883732,42.62060358538719],[18.529923212586255,42.602981939165204],[18.538915692005617,42.596123300050294],[18.54942497428317,42.591257992962085],[18.553975384656326,42.58535530800111],[18.544116161131967,42.58017005540381],[18.53349853572888,42.578414949290504],[18.527973037225934,42.57969139484203],[18.524722743459904,42.58232398206616],[18.51616363744199,42.583600347578056],[18.495470102263482,42.58264307591725],[18.484202418107145,42.56540966972051],[18.473801478955124,42.561818777514645],[18.461125334166866,42.5642127287345],[18.45202451252129,42.56205817614398],[18.446932385621153,42.55806806858652],[18.439131681481967,42.55719021065977],[18.428730742329947,42.56317536075437],[18.42656387981924,42.56852160908505],[18.405978687766265,42.585993462428405],[18.397419581748352,42.59014131197205],[18.377376105323037,42.59229489329476],[18.371606833888336,42.597887876924005],[18.36585110624361,42.608479271801],[18.355863224808047,42.61296449661427],[18.328777446122274,42.61931801171693],[18.31625027313163,42.6195671562993],[18.313033837041985,42.61832142529357],[18.301193804550508,42.62346628484124],[18.286963774258822,42.643231314973264],[18.279853756645593,42.64995527611518],[18.26495657868321,42.65966638129851],[18.23804008568146,42.6722387641077],[18.23177650008546,42.68082635525212],[18.23025292443299,42.689412760190805],[18.21603289010585,42.701605904289124],[18.196564986984583,42.722254135220226],[18.175573507311583,42.73817097171303],[18.16677062926118,42.74227386864419],[18.154582028537845,42.742025215990964],[18.114969076861485,42.75706690961022],[18.114122646642898,42.760174242647224],[18.117000510465232,42.76663699570082],[18.11513836254545,42.770986546092274],[18.089237586345575,42.7877605228299],[18.066722532818687,42.81334761100351],[18.046746770846823,42.820425664912534],[18.033711739904902,42.8279995267568],[18.025078147538522,42.84239971957146],[18.013058832499155,42.847985097634194],[17.99934665702267,42.851087867511126],[17.99037449238898,42.86213246224338],[17.98292590430708,42.876276586595225],[17.97581588669385,42.90864698127319],[17.962638654950013,42.933053683181015],[17.95581303894062,42.954070801626244],[17.938234368621238,42.96144492044675],[17.92096718388848,42.97705253674525],[17.921475042739075,42.98138728339649],[17.927907914918364,42.98943671573193],[17.938234368621238,42.9983517797109],[17.940096515641756,43.003427835726086],[17.936033648434204,43.017910858799155],[17.937828081900534,43.02579215028754],[17.94411198228221,43.03347444429022],[17.95267108830012,43.03687969034547],[17.955596352689554,43.041155777816925],[17.956788127070467,43.04772770137237],[17.964697174335186,43.05786133593199],[17.97954884840067,43.06336129818544],[17.990435165150814,43.06949078407246],[17.994179503281487,43.07491056367161],[17.990049463012383,43.101701665999144],[17.985932425141357,43.104628512296074],[17.978240064127704,43.106210533089666],[17.929810690610907,43.109058068175386],[17.926560396844877,43.11325003216331],[17.927210455598072,43.119260647460976],[17.939669915034585,43.13784236853053],[17.93815311127713,43.144641077723634],[17.928835602481115,43.152387521267144],[17.903700000054982,43.15981686205856],[17.895357579388815,43.16519071507952],[17.891565570894443,43.17064311218991],[17.891673914019975,43.1738036994812],[17.89911491901836,43.18087966066787],[17.918747391778766,43.20593281594677],[17.950693429658088,43.2176173556565],[17.97673108896862,43.23508404329402],[17.98789008645838,43.24772921093438],[17.994089529708106,43.26669204130474],[17.998288619024606,43.30070197201843],[17.99802410862577,43.31533025988364],[17.993791955734196,43.32687642091014],[17.971837662777943,43.35669384804271],[17.964431394992914,43.36265557709328],[17.954909051211814,43.36746299482138],[17.949089840423824,43.37323139481305],[17.94644474542872,43.37957600033218],[17.9477672929263,43.38803444163625],[17.9556708381387,43.40704624728653],[17.974800169891978,43.42967120516204],[17.968536583396656,43.44208674620643],[17.96989087246584,43.45253349412553],[17.975646600110565,43.45892355677677],[18.008488107340327,43.47907240676619],[18.08415900323547,43.476738433132255],[18.136637700169786,43.473544427933064],[18.146456295022062,43.47047311004604],[18.160507043665177,43.47882672996968],[18.16829420401433,43.48079212006036],[18.172864929173215,43.47993226925888],[18.17946708883511,43.4752642977092],[18.189962827322688,43.471210240260405],[18.203675003698493,43.462118335392915],[18.211123592679712,43.46088959348003],[18.21417074308539,43.46420713675002],[18.210785020412402,43.47722980381246],[18.217725751442345,43.48066928525935],[18.22839077741247,43.48189762427597],[18.2429493831076,43.48128345746562],[18.257846561069982,43.478089692385424],[18.276806607139235,43.47022739727663],[18.290688069199064,43.469613112655054],[18.293587871982766,43.472983248278354],[18.311130789754202,43.48259354035963],[18.3181340893168,43.48465628296117],[18.333686742649093,43.484354225866866],[18.336564607370804,43.5280650364723],[18.32840501617858,43.547803101332136],[18.334363888083033,43.558010755492035],[18.339672700334916,43.561543771827644],[18.346281630992507,43.56264288995743],[18.357115941747338,43.560052078940316],[18.362424754898598,43.56240736650682],[18.36621676429229,43.56546910301677],[18.369067542333255,43.574197139486444],[18.371776120471623,43.58192326644564],[18.375500414512544,43.59639175737374],[18.38413400687898,43.60865046834448],[18.399031185740682,43.62311253361656],[18.410881214196706,43.639408829154206],[18.42831768461349,43.656435572044074],[18.43728984834786,43.66206925808984],[18.447954873418723,43.66525328261298],[18.454895605347986,43.664028677581484],[18.470300641261645,43.64394159842607],[18.487737111678427,43.64124647954145],[18.505681440945807,43.63622343406428],[18.51820861393645,43.63916380436615],[18.529042924691282,43.63732609012703],[18.539707950661466,43.6274014616082],[18.541231525414616,43.620661581566765],[18.545632964889478,43.614411198917765],[18.5579908521961,43.609876202025134],[18.581521622524917,43.59602395803927],[18.598450234091104,43.600805181214184],[18.631224026867415,43.60706188070128],[18.662860216825607,43.60329617018215],[18.679400741251243,43.603325897272384],[18.69368425692295,43.59700475236747],[18.70849679249301,43.58359406381504],[18.721986779666224,43.58110317826913],[18.738121862733806,43.575737845425294],[18.7479087169138,43.56998874218675],[18.762985761983373,43.56481408090514],[18.814565126979062,43.56385576063491],[18.85235232809754,43.57324050184775],[18.878896391155592,43.57810692859192],[18.8937393984545,43.59113445738933],[18.90284022010013,43.6018055124145],[18.911399326118044,43.60698343104059],[18.923425412153108,43.607689476188455],[18.94520237858694,43.621887070631885],[18.968821178154883,43.631690082031696],[19.005414065206992,43.65300611264206],[19.000504767780853,43.66574311725111],[18.98983974270999,43.67443701995256],[18.984422587332574,43.677253085061864],[18.966647544648538,43.6745594608505],[18.960383957253896,43.67774282167392],[18.94531749270817,43.69916489854131],[18.942927172950704,43.71765273038926],[18.929384284057505,43.73816524463041],[18.9146767056655,43.748712362285744],[18.908751691437487,43.76301844464558],[18.90198024609151,43.76277392437714],[18.896989691321266,43.76054874982498],[18.865786873865204,43.75554058003377],[18.846393456193084,43.754914529581924],[18.829017929234112,43.75861693682225],[18.797869283340788,43.76008414206956],[18.779586382705475,43.752136351111744],[18.747083446843646,43.726818660253],[18.72829268735768,43.705406464237],[18.714580511881195,43.68484355828366],[18.700191191870033,43.67272282939513],[18.683939724838467,43.66513082282927],[18.67666042154127,43.665498200381705],[18.655499657083567,43.67504921904629],[18.64280319750958,43.67125348376135],[18.63450817741051,43.66684523102265],[18.62773673296391,43.66562065926604],[18.578305185535953,43.688760845036995],[18.566624443663216,43.69549308623698],[18.557821565612812,43.70308125179838],[18.55003440436434,43.70577359447583],[18.479001948980795,43.70802038603205],[18.459175157907282,43.70684560344188],[18.441081857741608,43.70308614590897],[18.42049666478931,43.70339944362945],[18.408687265904632,43.70723720063637],[18.398861899157396,43.72522830274403],[18.382779717809797,43.73073320587281],[18.374992556561267,43.7348921305674],[18.368728970065945,43.7411299748685],[18.36111109540076,43.76436328453798],[18.352646788718403,43.7699868352243],[18.329116017490264,43.776465487392386],[18.324376006647412,43.7855099791023],[18.338088182123954,43.7917425488796],[18.33487174603431,43.80225089945952],[18.361618953352092,43.82399487246545],[18.370252545718472,43.828757943724156],[18.412154245022464,43.84335744159273],[18.42277187132487,43.840544300179374],[18.42120766700026,43.83339851922631],[18.424762675357215,43.82338419502463],[18.43728984834786,43.81251308670966],[18.46268276569714,43.80041818095435],[18.473009220299332,43.79944070782244],[18.483504958786853,43.80090691212433],[18.505329325787784,43.83194776797518],[18.535123682611925,43.85163981092859],[18.53674882859559,43.85937419276485],[18.53154835946924,43.8685135323737],[18.55137514964349,43.88827158736393],[18.560584315313974,43.903339532193684],[18.5679787327324,43.9206473464979],[18.566285871395905,43.92442727349993],[18.554435842939824,43.933936994396845],[18.548849400979122,43.93454653959117],[18.538692234758855,43.932474059130584],[18.53513722550258,43.94832060551158],[18.517572097174593,43.957880124568135],[18.520063989961216,43.96170155168534],[18.52905646758194,43.96700434927135],[18.53729054512263,43.97862206125916],[18.543466102378773,43.982753987406625],[18.554842129660585,43.98470291001132],[18.562534491573558,43.987899003436326],[18.56838501945316,44.01026684154158],[18.58387808550532,44.02070747407072],[18.59287056312604,44.02374582101288],[18.608580315429265,44.05108392967969],[18.611554037988526,44.056013576965086],[18.64709750974231,44.07650438157202],[18.690080313755516,44.097581717722164],[18.730662694128057,44.115062013001534],[18.74200486373354,44.116398914578326],[18.749284167030737,44.11992332709991],[18.759441334150324,44.12211078768274],[18.766551350864177,44.12028790955941],[18.770952790339038,44.121989264093315],[18.77789352046966,44.13243936918161],[18.780771385191315,44.14713929254435],[18.799562143777962,44.1660858586755],[18.793806416133236,44.17422129857414],[18.796176421104974,44.17786366977259],[18.807349305925754,44.18405518280048],[18.809888597480835,44.19000327992745],[18.804640727787387,44.198014053106135],[18.78398782128096,44.206994534670116],[18.768752070151947,44.23198704326751],[18.76181134002138,44.23987082677729],[18.758764189615704,44.272365118355594],[18.74691416026036,44.29115026337399],[18.748268450228863,44.30096462691603],[18.754024177873532,44.31162528577835],[18.760795622320188,44.318287214383474],[18.763504200458556,44.32603832540843],[18.767567067666107,44.3308822493164],[18.782294959944522,44.342869241822086],[18.792113555696062,44.345895871497305],[18.80599501685657,44.34722753991906],[18.815407324988087,44.35190024460064],[18.821907911620883,44.363907144499194],[18.827541753249363,44.36824451627149],[18.846935171820746,44.369406256893285],[18.854844219085464,44.37250412186779],[18.863511668228966,44.38094497153327],[18.873912608280307,44.38334535740239],[18.87402095140584,44.391087868210604],[18.86806208040076,44.39913899307015],[18.867845394149697,44.402080474034676],[18.88572200716493,44.413535357470835],[18.89287265345024,44.41446403428779],[18.91074926736485,44.40602801847831],[18.921691922144532,44.405950618326415],[18.930251029061765,44.40865956698548],[18.935884870690302,44.41307101411604],[18.94281882982517,44.42374998317524],[18.945310721712474,44.4329570938948],[18.94920049370785,44.437551341721075],[18.96321950077936,44.44699375465808],[18.96454204827694,44.455113009457875],[18.972212824662165,44.46304235442119],[18.98517379463499,44.46417502985378],[18.994431628916573,44.46757292574995],[18.987554380130575,44.487956142661915],[18.99601868591367,44.4949376444568],[19.010831221483727,44.49286215036801],[19.0259082665533,44.51040718334491],[19.026574830564016,44.51682772312097],[19.01100050806707,44.52382839846189],[19.01032336353245,44.528293906538636],[19.013878370990085,44.53275907287298],[19.02403553900899,44.5396371724176],[19.034869850663142,44.54422212125394],[19.034869850663142,44.55194332352562],[19.028775549851787,44.55713043052498],[19.025389828078175,44.56267891749809],[19.032838417059338,44.57920062450927],[19.032838417059338,44.60258829651275],[19.029283408702383,44.60704776294398],[19.017264093663016,44.61235046700051],[19.007276213126772,44.615363151788074],[18.99576475603868,44.61644768021631],[18.975788994966194,44.61692968535675],[18.968001832818402,44.61548365554631],[18.95987609930262,44.607529847224725],[18.957844665698815,44.601262442208],[18.934313894470677,44.573412531163456],[18.935498898755213,44.55134014103476],[18.932113176082282,44.54361885872339],[18.92517244415302,44.53372446900909],[18.914845991349466,44.53058687288592],[18.891653793287958,44.53131094944081],[18.87591018420767,44.53493119282035],[18.86389087006762,44.53601722131776],[18.85796585494029,44.537827225646026],[18.850347980275103,44.5498924789548],[18.845269396265678,44.55266713388119],[18.840529384523506,44.554235358175276],[18.83295891042542,44.55267195874393],[18.819524363758433,44.55282637054063],[18.808798395229815,44.55483368522647],[18.800239288312582,44.559156896273805],[18.79503881918623,44.56456045749917],[18.791896869444997,44.58385479776075],[18.78805068848851,44.591016190944515],[18.77687780366773,44.59451217409759],[18.758256330765107,44.603552534322034],[18.74369772506998,44.615363151788074],[18.740312002397047,44.62006262748832],[18.741497004882945,44.65078059434899],[18.73696690839614,44.66150757101764],[18.736208507416734,44.66844268308341],[18.737833653400457,44.674760618307914],[18.749737008955833,44.68514630046144],[18.758878740761304,44.68962643780992],[18.775523515497866,44.694480473694966],[18.791267123678892,44.701941069524764],[18.807349305925754,44.70506942061735],[18.818522188947895,44.71433316164615],[18.822923628422757,44.72106949656006],[18.82495506202656,44.72924827748608],[18.816490756243468,44.742115487739625],[18.804302155520134,44.75077218638734],[18.801873575904835,44.752874101658506]]],[[[18.745016706585393,44.94924241408508],[18.743867010754002,44.947841091293355],[18.737434138574713,44.942089813494135],[18.704761917028918,44.939573449255306],[18.698159758266286,44.93681730237665],[18.686140444126238,44.92734953485319],[18.66362539059935,44.917160951716596],[18.657700375472018,44.911166823689996],[18.639417474836648,44.90001608287599],[18.631799599272142,44.888983113679785],[18.62739815979728,44.87470906966786],[18.61436312975468,44.85983150681864],[18.605898823971586,44.845430204240586],[18.59794237613977,44.83846828428392],[18.57661232509878,44.834266719133836],[18.57529294487966,44.83252063410566],[18.572549457891228,44.832225847145196],[18.55832942356409,44.83114535667295],[18.548849400979122,44.830905244881194],[18.535306512085924,44.832465953540975],[18.52616506176821,44.83678769509612],[18.52311791136259,44.83954863715991],[18.52277933909528,44.84338972885297],[18.526778723159623,44.85082361391869],[18.524133627265144,44.85701153505437],[18.49239248102822,44.88625452652525],[18.48075405945235,44.889440364980885],[18.47361230116684,44.906865652328065],[18.4696446586741,44.91192361758095],[18.472025244169743,44.920539865622345],[18.4696446586741,44.92503478692595],[18.461973880490234,44.92672029180807],[18.456419180101136,44.925971185322],[18.45350957470714,44.92128904315484],[18.44345821192701,44.91660652147385],[18.425736070962955,44.91791766646719],[18.409071967996965,44.92278737034093],[18.40272373910932,44.92072716112966],[18.41013000689435,44.90873902468627],[18.409071967996965,44.90386812921082],[18.398227075818966,44.89449986357789],[18.35874108863038,44.8485507923852],[18.355524652540737,44.83534715025081],[18.35654037024193,44.82430178120228],[18.35992609111628,44.81781764316975],[18.358063944995138,44.81433512016969],[18.346721774490334,44.80724933748701],[18.322344573043665,44.783463569787955],[18.313710981576605,44.77937815837538],[18.26529515095052,44.77925799456085],[18.250905830939416,44.779738647120894],[18.23888651590005,44.784785258432976],[18.225851484958127,44.78502556267961],[18.218064322810278,44.782141850566006],[18.19622641471733,44.77769584698581],[18.18539210216386,44.76952391889381],[18.158814181429364,44.75774469496173],[18.15813703779412,44.751012630928244],[18.163384906588192,44.74055233472251],[18.156782748724936,44.729488811959186],[18.165585626775282,44.72323458021174],[18.178789944300547,44.7204680695458],[18.189624255954698,44.716498497108034],[18.206085637342312,44.70718697869614],[18.22147036026894,44.70356783338883],[18.229921124060695,44.70210471106361],[18.242441525156323,44.70771635562534],[18.24633510578053,44.706272587609874],[18.253952981345037,44.69869221827133],[18.262925145978727,44.69484149214122],[18.285778771772925,44.690268421550456],[18.314895984062446,44.67570439744003],[18.3221752873597,44.678473047593116],[18.330470307458768,44.677750803856554],[18.34570605768846,44.66137752994911],[18.352308216451092,44.642831620782715],[18.370252545718472,44.63439970138518],[18.39090545132558,44.6362066453205],[18.401909049563017,44.621147067783],[18.406479774721902,44.618255181731286],[18.42120766700026,44.61765268722178],[18.429841259366697,44.61403758976303],[18.430687689585284,44.60765036717078],[18.427471253495582,44.601262442208],[18.413759077119778,44.58969007403772],[18.404617626802064,44.58522927481124],[18.360941808817472,44.580285827429066],[18.331824595628632,44.58149158446912],[18.30947882778571,44.57895946500736],[18.293058074170858,44.57727132421229],[18.277653038257142,44.57871830460613],[18.262925145978727,44.58402359511285],[18.242102952889013,44.58679662136706],[18.230422210116956,44.59511490872609],[18.222296476601173,44.59752578428754],[18.187423536666927,44.591016190944515],[18.153397026051948,44.58679662136706],[18.127496249852072,44.57811540090506],[18.110059779435346,44.570035877253986],[18.106843342446325,44.56991527906695],[18.106335484495048,44.58474700527012],[18.102611190454127,44.59053397086609],[18.102780477037413,44.59644090242574],[18.109721207168036,44.60536043783401],[18.10887477694945,44.609578659327724],[18.101256901384943,44.61765268722178],[18.07856579027907,44.65372384607866],[18.068923252106458,44.65796263776559],[18.0680565071022,44.663279956704685],[18.07607389839177,44.66643929213967],[18.078024074651353,44.67137059237899],[18.075640525889582,44.67630147353424],[18.08019093626274,44.68516059698402],[18.077807388400288,44.68985923451612],[18.060472489214078,44.7001794927894],[18.041295757793023,44.702720766450284],[18.034727455807513,44.705911640210104],[18.014074550200405,44.70988193930009],[17.996638079783622,44.712167744346004],[17.98597305381344,44.71168653060897],[17.960410849880873,44.70651321831042],[17.95194654409778,44.707355417218764],[17.94517509875186,44.714573758172435],[17.939080798839825,44.712408350764804],[17.921580846179154,44.69327706118747],[17.913645559395093,44.68914014200402],[17.90967791600309,44.68425067372965],[17.896716946929587,44.65829197399546],[17.894071851035164,44.64192073165651],[17.894865380433032,44.63269811302757],[17.900155572221934,44.62272097669177],[17.92316790317625,44.61123573394201],[17.937980438746308,44.596923073940786],[17.94194808303763,44.59051890092661],[17.944857687532306,44.56753340933943],[17.95993473260188,44.54585843771679],[17.96125728099878,44.53680910495626],[17.96601845199001,44.52700407457843],[17.97659883466855,44.515688525804876],[17.974218249172907,44.51078443905067],[17.9641668854934,44.50776633404911],[17.959141204103332,44.502861579997955],[17.960199242101396,44.496258375323805],[17.965224923491462,44.49078658253478],[17.964431394992914,44.485502984575135],[17.959405713602848,44.479275272935524],[17.9477672929263,44.4726693972749],[17.94141906313928,44.45756744548129],[17.936128871350377,44.45416896862304],[17.91867124078516,44.446804921310104],[17.872382067578428,44.434529446976455],[17.85095679362115,44.43056297360238],[17.828208971267088,44.42414049308934],[17.813396435696973,44.422818129952816],[17.80413860051607,44.42017331464683],[17.797790371628423,44.40921494601298],[17.793293709237332,44.40524675493384],[17.77398451037692,44.40052236621426],[17.76099180153045,44.39127657925076],[17.743047472263072,44.38474392369318],[17.73492173874729,44.38075138796626],[17.72137884895477,44.37288650370925],[17.714099545657575,44.37058733743572],[17.70495809533986,44.369377214187125],[17.691753777814654,44.37288650370925],[17.678380174605422,44.369377214187125],[17.664498712545594,44.36017945911482],[17.65451083200935,44.3497697308884],[17.62014574912706,44.35182761445287],[17.609142151788944,44.35098025973127],[17.605079285480713,44.34771177537817],[17.596445693114276,44.34952762170241],[17.579347794964804,44.357395642794756],[17.56377347156848,44.35400647122174],[17.5204362258512,44.35436960577272],[17.511633346901476,44.36489954008175],[17.500460462980016,44.36961924153485],[17.49047935343947,44.369638603039164],[17.465668779490613,44.376608540451855],[17.434682649184936,44.404325189056294],[17.42411242344963,44.41643258459618],[17.409723103438523,44.4211481320807],[17.389578054883373,44.44048998442531],[17.36994086517882,44.44689556218049],[17.35288359480211,44.45708985871005],[17.346166321918247,44.45863649028183],[17.338148931527996,44.45755385222856],[17.324064326107816,44.44077039393858],[17.314096759457925,44.434813814406084],[17.306079369067675,44.433498643147914],[17.265152756994212,44.438072603168166],[17.24246841688398,44.451971180225826],[17.225539804418474,44.45160865091856],[17.221307651526956,44.44907088101638],[17.217583357486035,44.441819501668704],[17.226555522119725,44.42912742179311],[17.228079096872875,44.42247808909258],[17.223508371714047,44.414014208688855],[17.213520491177803,44.40712128651819],[17.211658343257966,44.401074194718376],[17.21335120459446,44.391155610543024],[17.21741407180201,44.38776839229752],[17.228248382556842,44.38619568848031],[17.22977195731005,44.382324237473654],[17.226894094386978,44.37687957633142],[17.21555192388223,44.370345314584654],[17.205733329029954,44.367077910317334],[17.198961883684035,44.36126874225869],[17.19574544849371,44.35315914797633],[17.194560445108493,44.330276780748875],[17.19913117026732,44.3259172218024],[17.208272620585035,44.323616213717344],[17.21622906841685,44.3180449756951],[17.23281910771567,44.297087543455405],[17.23654340265597,44.290544384715645],[17.238913408527026,44.27915270293494],[17.241452700082107,44.2547864813111],[17.23806697740912,44.24654089604559],[17.251271294934384,44.22786279643094],[17.258381312547613,44.221433249045276],[17.26718419059796,44.21900682150766],[17.277500062877664,44.20876923071546],[17.278822611274563,44.197202405067],[17.28649338855911,44.181270599358754],[17.285964369560077,44.17406194050619],[17.282261235667534,44.16533448859582],[17.287551426557116,44.145218487243426],[17.286228878160273,44.11769021063475],[17.24443636824384,44.06848708471125],[17.240733233452033,44.06126464914428],[17.228565793776397,44.057653102208974],[17.20211483842911,44.05613238460194],[17.166141538401348,44.056512567600976],[17.146313901065753,44.04854341954325],[17.137003164164753,44.04976015190954],[17.125322422292015,44.05401852183735],[17.093327346180104,44.05997972478451],[17.08113874545677,44.06448064276748],[17.040097017463438,44.11373480521712],[17.02027022728919,44.127579084806996],[16.97161062552999,44.157342045399105],[16.95180415014147,44.16742160462343],[16.943339843459057,44.16972873169567],[16.91845478406111,44.18126301177864],[16.911683339614456,44.19097434089315],[16.901526171595606,44.19959180391868],[16.897463305287374,44.20553833262801],[16.892892580128546,44.216701622581866],[16.891538291059362,44.232229637188084],[16.883243270960236,44.23780901587344],[16.846000325154932,44.23999210754977],[16.829410284956737,44.246177093298286],[16.82433170184663,44.25066383256984],[16.79978521471594,44.264728149284736],[16.790643764398283,44.274425718771965],[16.763930413857565,44.285779537295866],[16.719726423135967,44.32121337989361],[16.704991758962535,44.32586393697119],[16.690148751663628,44.3249338545138],[16.664904806111963,44.330126623644844],[16.646486475670372,44.342370437345835],[16.639119144033316,44.3500408917738],[16.6218925888719,44.35600610659657],[16.604341003434627,44.36677294391626],[16.59697367089825,44.373123675617194],[16.572054754723183,44.378234739541654],[16.566854285596833,44.382958204657484],[16.55940461203329,44.39612924097173],[16.545402348539596,44.409433528934244],[16.535759810366983,44.412916231798704],[16.487621609449775,44.44882918282059],[16.475771581893014,44.45704635850268],[16.454441530852023,44.46840349192769],[16.44631579643692,44.47601395078328],[16.44225293012869,44.48144938578059],[16.437512918386517,44.492681013418064],[16.442043015772583,44.50857067329798],[16.44670176927127,44.51506052382416],[16.45569424779137,44.5241759963252],[16.462411521574495,44.528501484456],[16.482384320280232,44.53416945175883],[16.529731532384346,44.5360549307905],[16.5421634815595,44.535866385225575],[16.55671150763004,44.5322839115733],[16.58845265476623,44.533980899898665],[16.613570482991463,44.52793185117406],[16.648612710408315,44.525638781404666],[16.666726324460342,44.527449106790925],[16.730377905316118,44.52129376899228],[16.743920795108636,44.52213865777287],[16.753570103377626,44.52431117342195],[16.767790137704765,44.52141446790341],[16.78336446110103,44.513930646182416],[16.802663078538274,44.51767267665275],[16.81705239854938,44.51525849068685],[16.826193849766412,44.516948431924675],[16.84041388319423,44.52310422927684],[16.860897503117314,44.53545248844165],[16.86913158065795,44.535915859629256],[16.879424176684438,44.53390789293496],[16.884407959559724,44.53568417448514],[16.89188363522163,44.54340650990258],[16.898059192477774,44.55174547987008],[16.89502558496281,44.55437046512492],[16.88375790080653,44.55877090815096],[16.878015716052516,44.56494640695115],[16.876823941671603,44.56950041910909],[16.876932284797135,44.572819218732036],[16.88668316519596,44.58640117237627],[16.887874938677555,44.59712558597704],[16.873790334156638,44.612707177694176],[16.867073060373514,44.61756592782535],[16.85418023023351,44.62304117491033],[16.852880113626384,44.63383592358906],[16.846487868320537,44.64863688668305],[16.84746295645033,44.670600104511266],[16.840528997315403,44.677380048450516],[16.832944979427282,44.679922323056815],[16.809217836733808,44.68130897153185],[16.80434239698411,44.68662414828589],[16.803367308854263,44.69894731996288],[16.808676121106146,44.71257677399899],[16.809318139020945,44.721099567191345],[16.807202063024818,44.72880478851022],[16.796357170846818,44.75116290944078],[16.775989933988285,44.77238572711968],[16.770435233599187,44.794726992956384],[16.764351514211057,44.79941943595827],[16.735255462069972,44.805237536982816],[16.72732017528591,44.80805253639551],[16.7146237166113,44.81668434450694],[16.704836862431307,44.819874033859605],[16.649120568359592,44.81949878544066],[16.604598319257093,44.852511295160184],[16.597149729376554,44.85383140189771],[16.582929695049415,44.84951093917857],[16.574296103582355,44.851551197829565],[16.56921751957293,44.85479146055752],[16.56058392720655,44.85743154003359],[16.551781049156148,44.85743154003359],[16.5465331794627,44.855391489125964],[16.531974572868307,44.85383140189771],[16.487621609449775,44.85383140189771],[16.471200856734185,44.85611151603371],[16.431418618474538,44.866310918014506],[16.418214300949273,44.867390749283686],[16.407379989295123,44.86043148322642],[16.38740422732326,44.84134918062023],[16.355239864628118,44.82322114144256],[16.346098414310404,44.82490212723144],[16.33763410852731,44.831625577558384],[16.326122651439277,44.852991337080596],[16.318335490190748,44.862471355168964],[16.311394760060182,44.866070952812265],[16.28041539985088,44.86943037391268],[16.2375860111855,44.89390024150299],[16.2308145667389,44.900735551304706],[16.22742884406597,44.90984803176133],[16.223081576153845,44.93304955759106],[16.207480167875474,44.95413808040814],[16.203471472230717,44.96249465910131],[16.194912367112124,44.969163716632295],[16.197079228723453,44.97537214141124],[16.20455490348604,44.98625442560132],[16.21116383414369,44.98954935721713],[16.227306958049724,44.98203970157101],[16.23803292657834,44.981963067641516],[16.283970408207836,44.99598542288902],[16.29698177438945,45.001556048472935],[16.30106830635731,44.998738727010675],[16.30919403987309,45.00125249760475],[16.329677660695552,45.00352676614739],[16.34135840256829,45.00687815630192],[16.34762198906361,45.00376615758216],[16.357609870499175,45.00340706998037],[16.36268845360928,45.007237222319986],[16.36488917379637,45.01740981910791],[16.36488917379637,45.04289321365093],[16.383002787848454,45.057005891408835],[16.392855240377116,45.07453903085167],[16.40195606202269,45.08448452004461],[16.403256179529137,45.08991555555849],[16.393721985381376,45.0982523392741],[16.39025500536428,45.105058534423904],[16.390471691615346,45.109340668936795],[16.410081795538474,45.12195580371741],[16.42617074878109,45.12524770371863],[16.439882924257574,45.1303834531339],[16.460705117347345,45.14029533646067],[16.472216573536116,45.1479370575492],[16.476448726427634,45.15808463519778],[16.47205405884779,45.172999486637025],[16.467503647575313,45.17849847222675],[16.47162068634566,45.18384419895068],[16.485163575238857,45.18926578079123],[16.49249190417811,45.19505332195331],[16.49374001658856,45.20502056124997],[16.504903691452228,45.21244599718506],[16.53478472313651,45.222318615211975],[16.562845589952076,45.214534226573335],[16.567070971847897,45.216060661170616],[16.579313744134026,45.2258288733039],[16.592964976152757,45.23010193815395],[16.603582601555843,45.23010193815395],[16.62470950923654,45.22140285985415],[16.64551138754058,45.20850440805202],[16.69431996199671,45.19388517186326],[16.699567831690104,45.194123766498706],[16.70566213160214,45.1972254068271],[16.720220738196588,45.20724493540547],[16.72953147509753,45.20712566551708],[16.73951935563383,45.20593295494194],[16.74747580346559,45.20044616146123],[16.75983368987295,45.19555531362687],[16.76829799655536,45.19364657542917],[16.793183055953307,45.19221498063689],[16.823823842996035,45.18255076970229],[16.83296529421301,45.183147373652446],[16.83825379257854,45.18613507077697],[16.839770595436676,45.19140372740014],[16.83825379257854,45.20484040905768],[16.83337835192947,45.21033631896603],[16.845404437964476,45.21865550564712],[16.846054496717727,45.2212502323124],[16.84193745794738,45.22811805530404],[16.84377929108149,45.23048344675374],[16.848763074856095,45.23147535490375],[16.852555083350467,45.229567822696936],[16.857213837748475,45.2294915197179],[16.860897503117314,45.23252447072781],[16.876471826513637,45.22727869915269],[16.880196121453878,45.24170340658702],[16.884766846612706,45.245875160110586],[16.89136900537534,45.248854795712305],[16.90321903383142,45.24527921356491],[16.90626618333772,45.249569885342],[16.907959044674215,45.259818511715025],[16.918793356328365,45.26827819318413],[16.92759623437877,45.270541837136136],[16.948587713152506,45.26363148160766],[16.957729163470162,45.259103551587714],[16.959083452539346,45.25421774715136],[16.94537127706286,45.24539840341362],[16.939276977150826,45.235266385835075],[16.93876911830023,45.227994060377625],[16.947233424083322,45.22501332940169],[16.959760597073966,45.2270402439122],[16.965008466767358,45.224297931304534],[16.97161062552999,45.223940228658705],[16.973980631401048,45.22656332893456],[16.972964914599174,45.23145151117836],[16.96720918695445,45.24182260363028],[16.970594908728117,45.24504083386745],[16.980413503580394,45.24432568758044],[16.989385668214084,45.221793965119446],[16.997172829462556,45.22250939559217],[17.001404982354074,45.226682558353446],[17.00196024087245,45.232085752655394],[17.005535564015133,45.23361171600794],[17.01799502255227,45.23353541842488],[17.02276211917649,45.23193315389199],[17.02319549167862,45.22682086329223],[17.017886679426738,45.219571305071725],[17.021678688820487,45.21766337356587],[17.027204187323434,45.21735809869733],[17.032729685826382,45.22300542206261],[17.036846724596728,45.22292911009043],[17.038363528354182,45.219418673033374],[17.050281271263714,45.21109959786821],[17.059707122285943,45.19522128923114],[17.070758120191158,45.18689867433443],[17.116519544241612,45.175033027352356],[17.13598744736288,45.16763364567623],[17.1458060422151,45.16309806512368],[17.167183493823245,45.14733053317764],[17.189393832759208,45.1457258395759],[17.226013806492006,45.140070844993545],[17.237281490648343,45.14435035168742],[17.245298881038593,45.14840030373108],[17.249415918909563,45.15351964231769],[17.252449526424527,45.173228621303906],[17.25960017181052,45.1847605586529],[17.264692298710656,45.18521873355775],[17.28668595139561,45.17246483518403],[17.29600345929225,45.17636004088325],[17.302937418427177,45.17521441970973],[17.307487829699653,45.16597223273243],[17.31290498507707,45.16253467313669],[17.324233612691103,45.1622625238964],[17.326095759711563,45.15856212304362],[17.317462168244504,45.15319014690783],[17.319832173216298,45.147340084877044],[17.340315794038702,45.14089238287721],[17.376373737358165,45.137429426426934],[17.398550219517062,45.13372741398899],[17.412262394993604,45.13814591720035],[17.437066197047386,45.15443649035183],[17.44237500929927,45.15497131177665],[17.44432518555891,45.15351964231769],[17.438366314553832,45.13663172237614],[17.440424833939005,45.13013503700239],[17.448767253705853,45.12723039676547],[17.454942810961995,45.12646599371067],[17.47541965988944,45.138695221307444],[17.48202859054709,45.140605801316724],[17.48766243217557,45.14137001551387],[17.492646215950174,45.13991799981591],[17.491562784694793,45.134262428768125],[17.48018675741298,45.12004459867933],[17.491671127820325,45.11423414279153],[17.507597565475294,45.11713944492948],[17.528561958467662,45.11688619314333],[17.53567197608089,45.12011149205176],[17.54464413981526,45.13313029202942],[17.549045579290123,45.137548842005515],[17.554293448983515,45.139340048704355],[17.559879890944273,45.1355187402977],[17.553785591032238,45.12190324643774],[17.557171312805906,45.1173640263288],[17.569190627845273,45.120230944502566],[17.575115642073285,45.119514227999275],[17.59475283177784,45.10852345589285],[17.606602860233863,45.11437750012158],[17.617437171888014,45.11593051328259],[17.62099218024497,45.12082820046112],[17.637412933859878,45.126800421002656],[17.65874298490087,45.13313029202942],[17.667376577267305,45.13277201651539],[17.67431730739787,45.128591964947304],[17.67770303007086,45.1230977178854],[17.68295089976425,45.12011149205176],[17.704788809655895,45.118200225859766],[17.731326101718253,45.10008779801353],[17.74714419624769,45.09167479495585],[17.77780529807609,45.08196005920939],[17.794381795383572,45.07316182615739],[17.804024332656866,45.06397961676595],[17.829051592856786,45.05196399883954],[17.860254410312848,45.04982082087423],[17.869165631488727,45.05174394372807],[17.881862090163395,45.05688630675769],[17.913349308323973,45.07111508699171],[17.931293637591352,45.08127633253679],[17.934848645948307,45.088925960464735],[17.929431489671572,45.10398317188594],[17.932309353493906,45.10828450242792],[17.96802872544538,45.12094765111328],[17.973276595138827,45.12584490751652],[17.977678033714312,45.134085683207786],[17.990882351239577,45.147817663554406],[17.997315223418866,45.149727937794125],[18.0132281190825,45.149727937794125],[18.02626315002442,45.14089238287721],[18.033542453321616,45.14125060712985],[18.040991042302835,45.14387752053119],[18.051148209422365,45.14375811844246],[18.06181323539255,45.14280288914205],[18.072816832730723,45.139340048704355],[18.077556844472838,45.13635467362934],[18.086529009106528,45.122739379418874],[18.085851864571964,45.11855859310464],[18.07450969406716,45.11342177889202],[18.071970402512136,45.10876240845846],[18.08161971168039,45.105058534423904],[18.088221869543702,45.10039848140485],[18.093977598087747,45.092630880410866],[18.100749042534346,45.08832836995833],[18.10650477107839,45.086894127562005],[18.12123266335675,45.09000160718847],[18.152381309250075,45.09000160718847],[18.167617060379087,45.08247165384381],[18.180313519053698,45.080320056425535],[18.189276715647964,45.08123730016132],[18.210527705489255,45.06474485798884],[18.22255379152432,45.059694081017085],[18.274233457907826,45.04438597313418],[18.29449362058415,45.03527570590916],[18.30034414936307,45.02983947591116],[18.30164426597014,45.01628493809949],[18.30446118813336,45.00893198302464],[18.308903255380983,45.00632758415077],[18.316920645771233,45.00686379322951],[18.328946731806298,45.014599969213236],[18.33371382932978,45.02570453343753],[18.34400642535627,45.03397411980984],[18.347581748498953,45.034280377637344],[18.36798925699867,45.026029214776486],[18.371733595129342,45.02759745525839],[18.37832085662228,45.041317735425196],[18.384310064457964,45.04545767453209],[18.38842710322831,45.046912093218566],[18.393735915480192,45.046070066080745],[18.401536620518698,45.040405194244386],[18.407387148398243,45.04155352417587],[18.405978687766265,45.04821338434027],[18.407603834649308,45.05272940014174],[18.414971166286364,45.057933856862064],[18.42688890919584,45.062831737394845],[18.45337202969546,45.067887019070724],[18.45898068221277,45.073074025346045],[18.489928401574502,45.062185525042025],[18.48981892530321,45.05777773005826],[18.493147225364226,45.05219362093891],[18.520497362463345,45.030145756221714],[18.55939254093306,45.01544246040129],[18.568710048829757,45.01199582934413],[18.577810870475332,45.0020377289581],[18.594495710009085,45.00165469061153],[18.61204729544636,44.996368499007076],[18.62669528475965,44.98837852894599],[18.630924999589126,44.98357236397345],[18.64507027777114,44.978716747979604],[18.66725894754245,44.96684573204493],[18.678630640991344,44.96267557751594],[18.706522492818863,44.955441479540696],[18.731549753018726,44.95383139360399],[18.73924211403238,44.95191456420582],[18.745016706585393,44.94924241408508]]]]}},{"type":"Feature","properties":{"shapeName":"Federation of Bosnia and Herzegovina","shapeISO":"BA-BIH*","shapeID":"54001226B17629474923252","shapeGroup":"BIH","shapeType":"ADM1"},"geometry":{"type":"MultiPolygon","coordinates":[[[[18.78548503150904,44.96656163980788],[18.774677085279336,44.966768311208625],[18.765027775211706,44.96305523441157],[18.74691416026036,44.95155515194875],[18.745016706585393,44.94924241408508],[18.73924211403238,44.95191456420582],[18.731549753018726,44.95383139360399],[18.706522492818863,44.955441479540696],[18.678630640991344,44.96267557751594],[18.66725894754245,44.96684573204493],[18.64507027777114,44.978716747979604],[18.630924999589126,44.98357236397345],[18.62669528475965,44.98837852894599],[18.61204729544636,44.996368499007076],[18.594495710009085,45.00165469061153],[18.577810870475332,45.0020377289581],[18.568710048829757,45.01199582934413],[18.55939254093306,45.01544246040129],[18.520497362463345,45.030145756221714],[18.493147225364226,45.05219362093891],[18.48981892530321,45.05777773005826],[18.489928401574502,45.062185525042025],[18.494508557024346,45.060653092866005],[18.513553245485923,45.06177411308488],[18.518049907877014,45.05953205196266],[18.53233342444804,45.060279415562604],[18.53656557733956,45.06625797092869],[18.536301067840043,45.07391708130831],[18.528894800055014,45.090352681830836],[18.53444950044417,45.09390065659011],[18.540797730231134,45.09408738642378],[18.54846850751568,45.09053942245646],[18.566984176978224,45.072422701246694],[18.575448482761317,45.07111508699171],[18.57782906915628,45.07429066957877],[18.56592613808084,45.08624422439152],[18.564074571584285,45.092780267695275],[18.56724868647774,45.09614136962858],[18.572274367867806,45.09744841101542],[18.59052552783089,45.09016594030595],[18.60269296750647,45.07952065805199],[18.60798315839611,45.08064130775023],[18.614860407182107,45.0869912390545],[18.624118242363068,45.08736474278868],[18.62940843325265,45.085123685309895],[18.629143923753134,45.078213205674956],[18.626498827858654,45.07373028582407],[18.61935706957314,45.06962063318571],[18.61724099357707,45.06513703884332],[18.641046853929197,45.062147781395026],[18.6526852746058,45.058784678470204],[18.65612389899877,45.065510685569734],[18.655859389499255,45.07298309849125],[18.649246650212774,45.085123685309895],[18.654272332502217,45.089979197881746],[18.6635301667838,45.09165985631739],[18.674639568461373,45.0882984899834],[18.67966524985144,45.08269577389092],[18.681781326746886,45.076158577656315],[18.679929759350955,45.069060203565584],[18.669084867172955,45.05897152251782],[18.670407415569798,45.053179068359384],[18.675697606459437,45.04682537968756],[18.68151681724737,45.042713792607515],[18.70696263721601,45.0359551976743],[18.71491908414845,45.03176805675048],[18.724229821049448,45.02339285579569],[18.727276971455126,45.01968344643399],[18.727615543722436,45.01370002213838],[18.72472413611007,44.99736448558258],[18.731116380516596,44.994836178346986],[18.73924211403238,44.99452970917878],[18.751484886318508,45.000352340987774],[18.758527188578967,45.00058216903193],[18.787563144423643,44.99177141381972],[18.79254692729893,44.987786975588506],[18.79623059356709,44.98150325956783],[18.78548503150904,44.96656163980788]]],[[[18.45898068221277,45.073074025346045],[18.45337202969546,45.067887019070724],[18.42688890919584,45.062831737394845],[18.414971166286364,45.057933856862064],[18.407603834649308,45.05272940014174],[18.405978687766265,45.04821338434027],[18.407387148398243,45.04155352417587],[18.401536620518698,45.040405194244386],[18.393735915480192,45.046070066080745],[18.38842710322831,45.046912093218566],[18.384310064457964,45.04545767453209],[18.37832085662228,45.041317735425196],[18.371733595129342,45.02759745525839],[18.36798925699867,45.026029214776486],[18.347581748498953,45.034280377637344],[18.34400642535627,45.03397411980984],[18.33371382932978,45.02570453343753],[18.328946731806298,45.014599969213236],[18.316920645771233,45.00686379322951],[18.308903255380983,45.00632758415077],[18.30446118813336,45.00893198302464],[18.30164426597014,45.01628493809949],[18.30034414936307,45.02983947591116],[18.29449362058415,45.03527570590916],[18.274233457907826,45.04438597313418],[18.22255379152432,45.059694081017085],[18.210527705489255,45.06474485798884],[18.189276715647964,45.08123730016132],[18.191994260926435,45.08151539841697],[18.21230859516561,45.09442349724668],[18.217048606907724,45.10326625123656],[18.216879321223757,45.109718207929006],[18.214509315352643,45.11186869738253],[18.197919275154447,45.11939477464921],[18.20079713987616,45.12536714537754],[18.204690720500423,45.127875354564026],[18.22754434629462,45.13516047917284],[18.265464437533808,45.1394594606856],[18.275283032386085,45.13838474565955],[18.280192329812223,45.13301086745764],[18.28290090705127,45.122261590300184],[18.285778771772925,45.11831968190785],[18.29221164395227,45.115452667506645],[18.29644379684379,45.11748348417552],[18.300675949735364,45.117125109736094],[18.314218839527882,45.10852345589285],[18.32369886211285,45.10553646743409],[18.336903179638057,45.10458059781638],[18.342658907282782,45.10661180119371],[18.378378279234255,45.10744815810608],[18.385001598145266,45.112197237712394],[18.410394516393865,45.11107720764704],[18.430497242853505,45.104729953624485],[18.442929192028657,45.08120162405578],[18.45898068221277,45.073074025346045]]],[[[18.57529294487966,44.83252063410566],[18.57120193981774,44.82710654453143],[18.566543186319052,44.81949878544066],[18.55939254093306,44.81381152228397],[18.5500750321371,44.81004532343297],[18.53057327133945,44.81896082538185],[18.52353096907899,44.81765432988345],[18.522447537823666,44.809507274341286],[18.52688960597061,44.80412651362775],[18.541190897641854,44.79443987719861],[18.543141073002175,44.78998040357283],[18.542165985771703,44.786058856730904],[18.537507231373695,44.780752811692935],[18.546933082395867,44.774138797167836],[18.54985834588598,44.76852397979786],[18.54899160178104,44.7582928425407],[18.574343890458238,44.73543932646379],[18.57586069421569,44.730436509437425],[18.579436017358375,44.72666486968802],[18.589295240882734,44.72897406610031],[18.596337544042456,44.72889709402574],[18.608580315429265,44.72504837698108],[18.636966212520747,44.728820122850436],[18.64325011290242,44.72535628416523],[18.646717092919573,44.71858195559281],[18.650942473916075,44.71480954242651],[18.656467973318343,44.71226879936563],[18.66394364808093,44.713192718768994],[18.672069381596714,44.71658029764268],[18.67705316537132,44.71527148369205],[18.686370673268016,44.71627234369373],[18.699501858823794,44.725066851753866],[18.704424970735886,44.73260393672234],[18.71184430656956,44.73915498431512],[18.717807512306877,44.74270110647092],[18.728277790987306,44.74565604219265],[18.754735180084538,44.75067600749179],[18.762102511721594,44.75044517940154],[18.782362674397973,44.741903862873016],[18.787671486649856,44.74336597975622],[18.801322719567906,44.752445664635786],[18.801873575904835,44.752874101658506],[18.804302155520134,44.75077218638734],[18.816490756243468,44.742115487739625],[18.82495506202656,44.72924827748608],[18.822923628422757,44.72106949656006],[18.818522188947895,44.71433316164615],[18.807349305925754,44.70506942061735],[18.791267123678892,44.701941069524764],[18.775523515497866,44.694480473694966],[18.758878740761304,44.68962643780992],[18.749737008955833,44.68514630046144],[18.737833653400457,44.674760618307914],[18.736208507416734,44.66844268308341],[18.73696690839614,44.66150757101764],[18.741497004882945,44.65078059434899],[18.740312002397047,44.62006262748832],[18.74369772506998,44.615363151788074],[18.758256330765107,44.603552534322034],[18.77687780366773,44.59451217409759],[18.78805068848851,44.591016190944515],[18.791896869444997,44.58385479776075],[18.79503881918623,44.56456045749917],[18.800239288312582,44.559156896273805],[18.808798395229815,44.55483368522647],[18.819524363758433,44.55282637054063],[18.83295891042542,44.55267195874393],[18.840529384523506,44.554235358175276],[18.845269396265678,44.55266713388119],[18.850347980275103,44.5498924789548],[18.85796585494029,44.537827225646026],[18.86389087006762,44.53601722131776],[18.87591018420767,44.53493119282035],[18.891653793287958,44.53131094944081],[18.914845991349466,44.53058687288592],[18.92517244415302,44.53372446900909],[18.932113176082282,44.54361885872339],[18.935498898755213,44.55134014103476],[18.934313894470677,44.573412531163456],[18.957844665698815,44.601262442208],[18.95987609930262,44.607529847224725],[18.968001832818402,44.61548365554631],[18.975788994966194,44.61692968535675],[18.99576475603868,44.61644768021631],[19.007276213126772,44.615363151788074],[19.017264093663016,44.61235046700051],[19.029283408702383,44.60704776294398],[19.032838417059338,44.60258829651275],[19.032838417059338,44.57920062450927],[19.025389828078175,44.56267891749809],[19.028775549851787,44.55713043052498],[19.034869850663142,44.55194332352562],[19.034869850663142,44.54422212125394],[19.02403553900899,44.5396371724176],[19.013878370990085,44.53275907287298],[19.01032336353245,44.528293906538636],[19.01100050806707,44.52382839846189],[19.026574830564016,44.51682772312097],[19.0259082665533,44.51040718334491],[19.010831221483727,44.49286215036801],[18.99601868591367,44.4949376444568],[18.987554380130575,44.487956142661915],[18.994431628916573,44.46757292574995],[18.98517379463499,44.46417502985378],[18.972212824662165,44.46304235442119],[18.96454204827694,44.455113009457875],[18.96321950077936,44.44699375465808],[18.94920049370785,44.437551341721075],[18.945310721712474,44.4329570938948],[18.94281882982517,44.42374998317524],[18.935884870690302,44.41307101411604],[18.930251029061765,44.40865956698548],[18.921691922144532,44.405950618326415],[18.91074926736485,44.40602801847831],[18.89287265345024,44.41446403428779],[18.88572200716493,44.413535357470835],[18.867845394149697,44.402080474034676],[18.86806208040076,44.39913899307015],[18.87402095140584,44.391087868210604],[18.873912608280307,44.38334535740239],[18.863511668228966,44.38094497153327],[18.854844219085464,44.37250412186779],[18.846935171820746,44.369406256893285],[18.827541753249363,44.36824451627149],[18.821907911620883,44.363907144499194],[18.815407324988087,44.35190024460064],[18.80599501685657,44.34722753991906],[18.792113555696062,44.345895871497305],[18.782294959944522,44.342869241822086],[18.767567067666107,44.3308822493164],[18.763504200458556,44.32603832540843],[18.760795622320188,44.318287214383474],[18.754024177873532,44.31162528577835],[18.748268450228863,44.30096462691603],[18.74691416026036,44.29115026337399],[18.758764189615704,44.272365118355594],[18.76181134002138,44.23987082677729],[18.768752070151947,44.23198704326751],[18.78398782128096,44.206994534670116],[18.804640727787387,44.198014053106135],[18.809888597480835,44.19000327992745],[18.807349305925754,44.18405518280048],[18.796176421104974,44.17786366977259],[18.793806416133236,44.17422129857414],[18.799562143777962,44.1660858586755],[18.780771385191315,44.14713929254435],[18.77789352046966,44.13243936918161],[18.770952790339038,44.121989264093315],[18.766551350864177,44.12028790955941],[18.759441334150324,44.12211078768274],[18.749284167030737,44.11992332709991],[18.74200486373354,44.116398914578326],[18.730662694128057,44.115062013001534],[18.690080313755516,44.097581717722164],[18.64709750974231,44.07650438157202],[18.611554037988526,44.056013576965086],[18.608580315429265,44.05108392967969],[18.59287056312604,44.02374582101288],[18.58387808550532,44.02070747407072],[18.56838501945316,44.01026684154158],[18.562534491573558,43.987899003436326],[18.554842129660585,43.98470291001132],[18.543466102378773,43.982753987406625],[18.53729054512263,43.97862206125916],[18.52905646758194,43.96700434927135],[18.520063989961216,43.96170155168534],[18.517572097174593,43.957880124568135],[18.53513722550258,43.94832060551158],[18.538692234758855,43.932474059130584],[18.548849400979122,43.93454653959117],[18.554435842939824,43.933936994396845],[18.566285871395905,43.92442727349993],[18.5679787327324,43.9206473464979],[18.560584315313974,43.903339532193684],[18.55137514964349,43.88827158736393],[18.53154835946924,43.8685135323737],[18.53674882859559,43.85937419276485],[18.535123682611925,43.85163981092859],[18.505329325787784,43.83194776797518],[18.483504958786853,43.80090691212433],[18.473009220299332,43.79944070782244],[18.46268276569714,43.80041818095435],[18.43728984834786,43.81251308670966],[18.424762675357215,43.82338419502463],[18.42120766700026,43.83339851922631],[18.42277187132487,43.840544300179374],[18.412154245022464,43.84335744159273],[18.370252545718472,43.828757943724156],[18.361618953352092,43.82399487246545],[18.33487174603431,43.80225089945952],[18.338088182123954,43.7917425488796],[18.324376006647412,43.7855099791023],[18.329116017490264,43.776465487392386],[18.352646788718403,43.7699868352243],[18.36111109540076,43.76436328453798],[18.368728970065945,43.7411299748685],[18.374992556561267,43.7348921305674],[18.382779717809797,43.73073320587281],[18.398861899157396,43.72522830274403],[18.408687265904632,43.70723720063637],[18.42049666478931,43.70339944362945],[18.441081857741608,43.70308614590897],[18.459175157907282,43.70684560344188],[18.479001948980795,43.70802038603205],[18.55003440436434,43.70577359447583],[18.557821565612812,43.70308125179838],[18.566624443663216,43.69549308623698],[18.578305185535953,43.688760845036995],[18.62773673296391,43.66562065926604],[18.63450817741051,43.66684523102265],[18.64280319750958,43.67125348376135],[18.655499657083567,43.67504921904629],[18.67666042154127,43.665498200381705],[18.683939724838467,43.66513082282927],[18.700191191870033,43.67272282939513],[18.714580511881195,43.68484355828366],[18.72829268735768,43.705406464237],[18.747083446843646,43.726818660253],[18.779586382705475,43.752136351111744],[18.797869283340788,43.76008414206956],[18.829017929234112,43.75861693682225],[18.846393456193084,43.754914529581924],[18.865786873865204,43.75554058003377],[18.896989691321266,43.76054874982498],[18.90198024609151,43.76277392437714],[18.908751691437487,43.76301844464558],[18.9146767056655,43.748712362285744],[18.929384284057505,43.73816524463041],[18.942927172950704,43.71765273038926],[18.94531749270817,43.69916489854131],[18.960383957253896,43.67774282167392],[18.966647544648538,43.6745594608505],[18.984422587332574,43.677253085061864],[18.98983974270999,43.67443701995256],[19.000504767780853,43.66574311725111],[19.005414065206992,43.65300611264206],[18.968821178154883,43.631690082031696],[18.94520237858694,43.621887070631885],[18.923425412153108,43.607689476188455],[18.911399326118044,43.60698343104059],[18.90284022010013,43.6018055124145],[18.8937393984545,43.59113445738933],[18.878896391155592,43.57810692859192],[18.85235232809754,43.57324050184775],[18.814565126979062,43.56385576063491],[18.762985761983373,43.56481408090514],[18.7479087169138,43.56998874218675],[18.738121862733806,43.575737845425294],[18.721986779666224,43.58110317826913],[18.70849679249301,43.58359406381504],[18.69368425692295,43.59700475236747],[18.679400741251243,43.603325897272384],[18.662860216825607,43.60329617018215],[18.631224026867415,43.60706188070128],[18.598450234091104,43.600805181214184],[18.581521622524917,43.59602395803927],[18.5579908521961,43.609876202025134],[18.545632964889478,43.614411198917765],[18.541231525414616,43.620661581566765],[18.539707950661466,43.6274014616082],[18.529042924691282,43.63732609012703],[18.51820861393645,43.63916380436615],[18.505681440945807,43.63622343406428],[18.487737111678427,43.64124647954145],[18.470300641261645,43.64394159842607],[18.454895605347986,43.664028677581484],[18.447954873418723,43.66525328261298],[18.43728984834786,43.66206925808984],[18.42831768461349,43.656435572044074],[18.410881214196706,43.639408829154206],[18.399031185740682,43.62311253361656],[18.38413400687898,43.60865046834448],[18.375500414512544,43.59639175737374],[18.371776120471623,43.58192326644564],[18.369067542333255,43.574197139486444],[18.36621676429229,43.56546910301677],[18.362424754898598,43.56240736650682],[18.357115941747338,43.560052078940316],[18.346281630992507,43.56264288995743],[18.339672700334916,43.561543771827644],[18.334363888083033,43.558010755492035],[18.32840501617858,43.547803101332136],[18.336564607370804,43.5280650364723],[18.333686742649093,43.484354225866866],[18.3181340893168,43.48465628296117],[18.311130789754202,43.48259354035963],[18.293587871982766,43.472983248278354],[18.290688069199064,43.469613112655054],[18.276806607139235,43.47022739727663],[18.257846561069982,43.478089692385424],[18.2429493831076,43.48128345746562],[18.22839077741247,43.48189762427597],[18.217725751442345,43.48066928525935],[18.210785020412402,43.47722980381246],[18.21417074308539,43.46420713675002],[18.211123592679712,43.46088959348003],[18.203675003698493,43.462118335392915],[18.189962827322688,43.471210240260405],[18.17946708883511,43.4752642977092],[18.172864929173215,43.47993226925888],[18.16829420401433,43.48079212006036],[18.160507043665177,43.47882672996968],[18.146456295022062,43.47047311004604],[18.136637700169786,43.473544427933064],[18.08415900323547,43.476738433132255],[18.008488107340327,43.47907240676619],[17.975646600110565,43.45892355677677],[17.96989087246584,43.45253349412553],[17.968536583396656,43.44208674620643],[17.974800169891978,43.42967120516204],[17.9556708381387,43.40704624728653],[17.9477672929263,43.38803444163625],[17.94644474542872,43.37957600033218],[17.949089840423824,43.37323139481305],[17.954909051211814,43.36746299482138],[17.964431394992914,43.36265557709328],[17.971837662777943,43.35669384804271],[17.993791955734196,43.32687642091014],[17.99802410862577,43.31533025988364],[17.998288619024606,43.30070197201843],[17.994089529708106,43.26669204130474],[17.98789008645838,43.24772921093438],[17.97673108896862,43.23508404329402],[17.950693429658088,43.2176173556565],[17.918747391778766,43.20593281594677],[17.89911491901836,43.18087966066787],[17.891673914019975,43.1738036994812],[17.891565570894443,43.17064311218991],[17.895357579388815,43.16519071507952],[17.903700000054982,43.15981686205856],[17.928835602481115,43.152387521267144],[17.93815311127713,43.144641077723634],[17.939669915034585,43.13784236853053],[17.927210455598072,43.119260647460976],[17.926560396844877,43.11325003216331],[17.929810690610907,43.109058068175386],[17.978240064127704,43.106210533089666],[17.985932425141357,43.104628512296074],[17.990049463012383,43.101701665999144],[17.994179503281487,43.07491056367161],[17.990435165150814,43.06949078407246],[17.97954884840067,43.06336129818544],[17.964697174335186,43.05786133593199],[17.956788127070467,43.04772770137237],[17.955596352689554,43.041155777816925],[17.95267108830012,43.03687969034547],[17.94411198228221,43.03347444429022],[17.937828081900534,43.02579215028754],[17.936033648434204,43.017910858799155],[17.940096515641756,43.003427835726086],[17.938234368621238,42.9983517797109],[17.927907914918364,42.98943671573193],[17.921475042739075,42.98138728339649],[17.92096718388848,42.97705253674525],[17.938234368621238,42.96144492044675],[17.95581303894062,42.954070801626244],[17.962638654950013,42.933053683181015],[17.97581588669385,42.90864698127319],[17.98292590430708,42.876276586595225],[17.99037449238898,42.86213246224338],[17.99934665702267,42.851087867511126],[18.013058832499155,42.847985097634194],[18.025078147538522,42.84239971957146],[18.033711739904902,42.8279995267568],[18.046746770846823,42.820425664912534],[18.066722532818687,42.81334761100351],[18.089237586345575,42.7877605228299],[18.11513836254545,42.770986546092274],[18.117000510465232,42.76663699570082],[18.114122646642898,42.760174242647224],[18.114969076861485,42.75706690961022],[18.154582028537845,42.742025215990964],[18.16677062926118,42.74227386864419],[18.175573507311583,42.73817097171303],[18.196564986984583,42.722254135220226],[18.21603289010585,42.701605904289124],[18.23025292443299,42.689412760190805],[18.23177650008546,42.68082635525212],[18.23804008568146,42.6722387641077],[18.26495657868321,42.65966638129851],[18.279853756645593,42.64995527611518],[18.286963774258822,42.643231314973264],[18.301193804550508,42.62346628484124],[18.294073790972732,42.62629367421374],[18.287640918793443,42.624549832109096],[18.279515185277603,42.61894429394408],[18.266310867752395,42.613587419224075],[18.25801584765327,42.60623653888524],[18.252429405692567,42.603619913728096],[18.246663097523992,42.606672631836545],[18.201167452815753,42.64267873463592],[18.190322560637696,42.649099256425586],[18.18053570735708,42.65960413472311],[18.175510025067638,42.662327332240636],[18.158052394502477,42.65921509699916],[18.153555732111386,42.660965748770366],[18.138743196541327,42.68002520859653],[18.13054340025775,42.6839141756987],[18.119433998580234,42.684497500259454],[18.108060087403146,42.690524861832955],[18.095839745108208,42.71130894075509],[18.081450425097103,42.717652413128405],[18.06553753033279,42.72934260597651],[18.040313897768215,42.75408372348511],[18.014074549301085,42.75731550200885],[18.008995966190923,42.760795690368866],[18.004763813299405,42.77993323293242],[18.00087023267514,42.78415760758759],[17.985803768129472,42.78813322616753],[17.97141444721899,42.79782272783666],[17.95194654409778,42.804778357934936],[17.93434078709771,42.81483779482841],[17.914365025125846,42.81247832091782],[17.892696401817545,42.82203984456322],[17.891511399331648,42.82564055466793],[17.903869285739006,42.83445520034729],[17.905900719342753,42.83879998613048],[17.88727924644013,42.84984677880584],[17.875259931400763,42.859278431354596],[17.865441336548486,42.87168630567851],[17.858839177785853,42.891905795616026],[17.84512700230937,42.900959000857256],[17.835139120873805,42.9144743282277],[17.825828384872125,42.91720183259855],[17.8107619203264,42.91658195599251],[17.799081177554342,42.90009094284278],[17.78756972136557,42.89500635765734],[17.781813993720903,42.89550243359048],[17.762853948550912,42.91335849529838],[17.74795676968921,42.91893745400034],[17.729335296786587,42.920177154152384],[17.718331698549093,42.916334003011855],[17.711898826369804,42.91732580684055],[17.697848078625952,42.92525966370255],[17.688097198227183,42.92591416150941],[17.677371229698565,42.91583809525196],[17.661336448018687,42.891950444257645],[17.65396911638169,42.888378405439084],[17.643321155047317,42.894839675510696],[17.62979505829537,42.9107548086875],[17.624377902917956,42.9136064599702],[17.607957149303047,42.92897830730311],[17.60000070147123,42.93306855616896],[17.596784265381586,42.93678672852474],[17.600508559422508,42.93938931526475],[17.633492267454244,42.94994725356298],[17.660903075516558,42.95121606746761],[17.714099545657575,42.968580322324044],[17.717458182549137,42.973178253773426],[17.699581568634528,42.99346846639668],[17.693189324228,43.00487876774099],[17.68549019131933,43.00565621546201],[17.673132304911974,43.030163057778964],[17.667884435218582,43.05144389162234],[17.663652282327007,43.0596078328353],[17.65874298490087,43.06455514730226],[17.649262962315902,43.06851271199213],[17.639992854086984,43.09284116838529],[17.616807427021172,43.101147921939116],[17.510414486739194,43.15404734600827],[17.42753200289968,43.181151432192905],[17.42276490537614,43.184785467575296],[17.420489699739903,43.19134198484477],[17.428182061652876,43.20042515189931],[17.430023894786984,43.20950696727277],[17.425690169765574,43.219850691556246],[17.414422485609293,43.23050841952801],[17.38321966815323,43.24511042740437],[17.358409094204376,43.246294220302104],[17.347466439424693,43.24818824199383],[17.33836561777906,43.256158269588525],[17.32514775736314,43.2643639402437],[17.316662324706556,43.267128371677074],[17.31326468421787,43.27571119281737],[17.3113572869093,43.29011351522661],[17.28993201295208,43.31128858520009],[17.280409668271602,43.325529482000036],[17.27776457237718,43.334187855185405],[17.27326790998609,43.34034416964778],[17.27168085298905,43.35073153443284],[17.264010075704505,43.35919399930367],[17.257926355417,43.37361593502743],[17.25713282691845,43.376499910642394],[17.262158508308573,43.38784221784414],[17.24972655913342,43.40129643987888],[17.249197540134446,43.40552429221236],[17.254487731024028,43.40994400501188],[17.270887324490502,43.416861168408275],[17.282261235667534,43.42838801829248],[17.282790254666565,43.43338230524927],[17.267977719096507,43.46391532293387],[17.24628793474045,43.478888149168824],[17.203153408802848,43.49618873742037],[17.19329418527849,43.498625110560454],[17.182026501122152,43.49956819631524],[17.171300532593534,43.49666030053248],[17.157215927173354,43.488721818457236],[17.149198536783103,43.48675668647195],[17.140856116116936,43.48825019329183],[17.131321921969175,43.49194449674121],[17.11127844554386,43.508055307106815],[17.102719339525947,43.51127695386839],[17.08018397121333,43.51261270791019],[17.057973632277367,43.52824668963308],[17.05201476127229,43.53539454712069],[17.044105713108195,43.53594434765358],[17.02178703194602,43.550001818729015],[17.00531887776407,43.5518078489531],[16.99784320300148,43.565861621116994],[16.98771528813012,43.57409137022063],[16.97072708748516,43.57645238826717],[16.941179752843368,43.60988600823276],[16.92807023555298,43.618436029299346],[16.917127580773297,43.63772794139146],[16.916152492643448,43.64596040824631],[16.900094513850775,43.65966008044842],[16.88521585113068,43.675206094985356],[16.876979956060154,43.690374301632744],[16.86983797744074,43.697242854873934],[16.860130434472012,43.70210551615668],[16.842379498115406,43.70396024107231],[16.831631861321398,43.72009894211254],[16.82490591987238,43.722203669563726],[16.810621963532867,43.72355666990444],[16.795045202973768,43.74736716985905],[16.782856602250433,43.757883321158374],[16.766774420902834,43.765708094752824],[16.740744987691073,43.76727781641813],[16.730560734790117,43.775570741996205],[16.727635470400685,43.783002103564286],[16.710192228088886,43.796532631275966],[16.706833592096643,43.801459172303],[16.711275659344267,43.807714512015195],[16.712367758265486,43.83704956798323],[16.70295355436309,43.85330005385447],[16.67383634117425,43.86184468708268],[16.650136285161466,43.87673383499856],[16.641502692795086,43.87905230252181],[16.58798119327747,43.92168136360408],[16.577155549289216,43.92810825169454],[16.56751734494958,43.937545998049416],[16.55954329198937,43.94124079252862],[16.548652641406306,43.942279912388074],[16.541718682271437,43.94719442048614],[16.533701291881187,43.95702221900024],[16.51679976519705,43.969031764704255],[16.513441129204807,43.97558140305938],[16.512791070451613,43.98540450621306],[16.518078214438106,43.997932060516234],[16.51641406395794,44.00287002203396],[16.512808404884026,44.00531391080841],[16.494731627063004,44.01166455167777],[16.479157303666682,44.01982126054281],[16.442422215812655,44.02055165753302],[16.439036494039044,44.02237761043841],[16.43294219322769,44.031019690606286],[16.431080046207228,44.0374699988414],[16.431926476425815,44.042946124564025],[16.438020777237114,44.0512201994527],[16.43666648816793,44.068737953293976],[16.4320957630091,44.07226520767324],[16.399931400313903,44.07810295978385],[16.392821382700674,44.08053518614997],[16.38841994412519,44.09001991488719],[16.388589229809156,44.098530555540776],[16.38097135514397,44.11092958233439],[16.3726763350449,44.11469739906579],[16.35185414195513,44.120044854286675],[16.336618391725438,44.12138164344816],[16.322059785131046,44.11797884984412],[16.310886901209585,44.12040943674617],[16.311225473476895,44.125027275588366],[16.30665474831801,44.141429839515524],[16.297005439149757,44.146167509423094],[16.279907541000284,44.161835555666414],[16.2685653713948,44.16827160964709],[16.259254634493857,44.179441960178394],[16.231999569224797,44.199591804818],[16.222648204551035,44.20886812736222],[16.212355608524547,44.210421319488376],[16.183969711433065,44.20661592548464],[16.174977232913022,44.20956706876524],[16.18472811331185,44.213605235193484],[16.198596032480964,44.21694427945499],[16.209823087965162,44.22264642459288],[16.224212407976324,44.22470876699606],[16.226920986114692,44.22810540743865],[16.221165257570647,44.237202587729314],[16.221334544153933,44.239749546004816],[16.217610249213692,44.24253894531614],[16.19560305363808,44.24508567246585],[16.193233047766967,44.25612021727426],[16.194248764568897,44.28060708295055],[16.18815446465686,44.28884789101738],[16.187138747854988,44.29769335466466],[16.18222945042885,44.306174054189285],[16.181383020210262,44.31138302011033],[16.183075880647436,44.322162898499016],[16.20643736529223,44.33754199166964],[16.2091459434306,44.34081104349491],[16.208455256005323,44.34740670735374],[16.192962189953164,44.3574779487484],[16.18288628017774,44.36204817208551],[16.165984754392923,44.36576605755755],[16.157317305249478,44.37018073865022],[16.126222830918948,44.38946202615165],[16.12503105653809,44.39279108344181],[16.12784797780199,44.39457166375132],[16.164792980012066,44.39635219100086],[16.16966842066114,44.40037752949945],[16.1702101362888,44.4058732172752],[16.16403457813334,44.41392230786829],[16.146699679846392,44.419726253563795],[16.139115661058952,44.432106077133824],[16.138898974807887,44.43620631566898],[16.145616248591068,44.445566160050305],[16.143882758582492,44.46312149206324],[16.12633117404448,44.4860050976572],[16.127211461939453,44.494130097326206],[16.130427898029097,44.49823564186141],[16.12467216948511,44.50487635186221],[16.11502286121612,44.50922258915119],[16.10016800355055,44.53096399729071],[16.085884487878843,44.5396371724176],[16.072923518805396,44.55132506120265],[16.055201378740662,44.55754507734349],[16.039595314672056,44.55942980004528],[16.01975709681261,44.57507063730014],[16.020286116710963,44.58298367575611],[16.024253760103022,44.586374647771834],[16.045679034060242,44.59711142165486],[16.05996255063127,44.610859130244705],[16.06181411712788,44.6180141850067],[16.058904512633205,44.62987456825675],[16.049117658453213,44.64530826466472],[16.03774374727618,44.65584598980064],[16.030072969991636,44.65866827012462],[16.01896314563271,44.65942687525012],[15.993719199181726,44.66451288855899],[15.98591849504254,44.66782626257202],[15.981259740644589,44.67830452453421],[15.982884887527575,44.688318739917975],[15.956882539197863,44.71011293016767],[15.950598638816189,44.712345793023985],[15.944856453162856,44.712499780340636],[15.935863974642757,44.70988193930009],[15.928713329256766,44.71026692288024],[15.924162917984347,44.71658029764268],[15.917127387618905,44.73514109328687],[15.9218673984617,44.741273795149596],[15.9150959540151,44.74584283587825],[15.90087591968802,44.74632376722815],[15.891057324835742,44.74427978358517],[15.87514442917211,44.729368544722604],[15.870065846062005,44.727083418664904],[15.862447970497499,44.72624150664029],[15.849074367288267,44.72972934553292],[15.844672927813406,44.72684287339996],[15.837224338832243,44.71661879222353],[15.82842146078184,44.71709996549106],[15.815047857572608,44.73285619475763],[15.798288531690446,44.73850814783282],[15.787792792303549,44.74379883604752],[15.777297052916708,44.75858614743282],[15.731970693892436,44.80748954820416],[15.72694501250237,44.81555853000219],[15.72429991660789,44.822500704443996],[15.727738541000917,44.82644048593971],[15.749957344356005,44.8363825451184],[15.77905339559777,44.8375079531296],[15.790691816274375,44.84519765394862],[15.79095632667321,44.849323411646196],[15.771879896639973,44.8636712459313],[15.760368440451202,44.88202645925372],[15.752073420352133,44.9108071560255],[15.737514814657004,44.938015643607116],[15.738191959191624,44.94125103740549],[15.751057703550202,44.94760146603488],[15.753258423737293,44.96305523441157],[15.75596700187566,44.96545079541795],[15.765108452193374,44.96760671407867],[15.778482055402606,44.96820556633389],[15.781529205808226,44.97934307362402],[15.774419188195054,44.988083902050505],[15.775942763847524,44.9917953582692],[15.785761358699801,44.99981607075512],[15.786269216651078,45.00304798057988],[15.766801313529868,45.01585412776586],[15.753427709421317,45.02997347399668],[15.74699483724197,45.041816680195666],[15.745725191464487,45.052431612129226],[15.741757548072428,45.055608233433304],[15.742022057571944,45.060653092866005],[15.757363612141035,45.07018105740991],[15.763182822029648,45.07671893802865],[15.767414974921223,45.08531044302259],[15.769531051816614,45.10024911480485],[15.781963000991766,45.10977047742563],[15.780640453494186,45.12097004782947],[15.767150465421707,45.13515301569919],[15.76371184102868,45.14149688557285],[15.761860274532069,45.14970555186977],[15.761860274532069,45.17208681595383],[15.763447331529164,45.177494302719936],[15.772969676209641,45.18849415528109],[15.778259867099223,45.191103977966236],[15.7864596633828,45.19184961936452],[15.799420632456247,45.1965096579944],[15.806562390741817,45.207133119997536],[15.822697473809399,45.206014954226816],[15.82437890835996,45.20934404119458],[15.823728849606766,45.21140490691096],[15.819286781459823,45.21384731719996],[15.820478555840737,45.216518583365996],[15.838355169755346,45.21621330220216],[15.850428656357451,45.2197668644493],[15.86617226543774,45.2165472033908],[15.879207296379661,45.21559319447039],[15.884963024923707,45.21905140070163],[15.88597874082626,45.223940228658705],[15.89190375505433,45.22739792677294],[15.895797336577857,45.22620564067785],[15.916958101035561,45.227994060377625],[15.925930265669251,45.21809743315009],[15.927792412689769,45.212969587876216],[15.934563857136368,45.21070364885435],[15.954878192274805,45.21809743315009],[15.968251795484036,45.22811328619923],[15.979932537356774,45.23228603707099],[15.98788898518859,45.228947860655296],[16.00044789885152,45.21849989055755],[16.004680051743037,45.216450312232155],[16.01367337742448,45.215332329923115],[16.020021606312127,45.212350936146834],[16.024782779101997,45.20731947841125],[16.02584081710006,45.19893272746344],[16.01446690592303,45.182155516763714],[16.027427874097157,45.177307846280144],[16.043033939065083,45.180477523918626],[16.04594354355976,45.178613028768325],[16.044091977063147,45.16761126694644],[16.05784647373582,45.161643319983284],[16.06604627091872,45.15586127637687],[16.08191684448684,45.14336259570729],[16.093819774662904,45.12974150986287],[16.093819774662904,45.12656900925242],[16.087736054375455,45.11817036117327],[16.088265073374487,45.11275724465116],[16.09223271676649,45.10865039969622],[16.100961532948418,45.10416986844473],[16.129264055691692,45.09707497383101],[16.14619266725782,45.08960571123464],[16.15359893504285,45.08624422439152],[16.163385789222843,45.078213205674956],[16.17158558550642,45.07485104883688],[16.17634675739697,45.07074147713752],[16.173437152902352,45.06233461375149],[16.184938028567217,45.05186353917105],[16.185784458785804,45.04301282708036],[16.195772340221367,45.03021275481484],[16.201020209914816,45.02997347399668],[16.20880737116329,45.032246603098315],[16.2184566803316,45.0310502304838],[16.239448159105336,45.01908513287265],[16.251806045512637,45.02123903435398],[16.266872510058363,45.01693114955299],[16.27821468056311,45.01669181297683],[16.29158828377234,45.0091522018127],[16.29698177438945,45.001556048472935],[16.283970408207836,44.99598542288902],[16.23803292657834,44.981963067641516],[16.227306958049724,44.98203970157101],[16.21116383414369,44.98954935721713],[16.20455490348604,44.98625442560132],[16.197079228723453,44.97537214141124],[16.194912367112124,44.969163716632295],[16.203471472230717,44.96249465910131],[16.207480167875474,44.95413808040814],[16.223081576153845,44.93304955759106],[16.22742884406597,44.90984803176133],[16.2308145667389,44.900735551304706],[16.2375860111855,44.89390024150299],[16.28041539985088,44.86943037391268],[16.311394760060182,44.866070952812265],[16.318335490190748,44.862471355168964],[16.326122651439277,44.852991337080596],[16.33763410852731,44.831625577558384],[16.346098414310404,44.82490212723144],[16.355239864628118,44.82322114144256],[16.38740422732326,44.84134918062023],[16.407379989295123,44.86043148322642],[16.418214300949273,44.867390749283686],[16.431418618474538,44.866310918014506],[16.471200856734185,44.85611151603371],[16.487621609449775,44.85383140189771],[16.531974572868307,44.85383140189771],[16.5465331794627,44.855391489125964],[16.551781049156148,44.85743154003359],[16.56058392720655,44.85743154003359],[16.56921751957293,44.85479146055752],[16.574296103582355,44.851551197829565],[16.582929695049415,44.84951093917857],[16.597149729376554,44.85383140189771],[16.604598319257093,44.852511295160184],[16.649120568359592,44.81949878544066],[16.704836862431307,44.819874033859605],[16.7146237166113,44.81668434450694],[16.72732017528591,44.80805253639551],[16.735255462069972,44.805237536982816],[16.764351514211057,44.79941943595827],[16.770435233599187,44.794726992956384],[16.775989933988285,44.77238572711968],[16.796357170846818,44.75116290944078],[16.807202063024818,44.72880478851022],[16.809318139020945,44.721099567191345],[16.808676121106146,44.71257677399899],[16.803367308854263,44.69894731996288],[16.80434239698411,44.68662414828589],[16.809217836733808,44.68130897153185],[16.832944979427282,44.679922323056815],[16.840528997315403,44.677380048450516],[16.84746295645033,44.670600104511266],[16.846487868320537,44.64863688668305],[16.852880113626384,44.63383592358906],[16.85418023023351,44.62304117491033],[16.867073060373514,44.61756592782535],[16.873790334156638,44.612707177694176],[16.887874938677555,44.59712558597704],[16.88668316519596,44.58640117237627],[16.876932284797135,44.572819218732036],[16.876823941671603,44.56950041910909],[16.878015716052516,44.56494640695115],[16.88375790080653,44.55877090815096],[16.89502558496281,44.55437046512492],[16.898059192477774,44.55174547987008],[16.89188363522163,44.54340650990258],[16.884407959559724,44.53568417448514],[16.879424176684438,44.53390789293496],[16.86913158065795,44.535915859629256],[16.860897503117314,44.53545248844165],[16.84041388319423,44.52310422927684],[16.826193849766412,44.516948431924675],[16.81705239854938,44.51525849068685],[16.802663078538274,44.51767267665275],[16.78336446110103,44.513930646182416],[16.767790137704765,44.52141446790341],[16.753570103377626,44.52431117342195],[16.743920795108636,44.52213865777287],[16.730377905316118,44.52129376899228],[16.666726324460342,44.527449106790925],[16.648612710408315,44.525638781404666],[16.613570482991463,44.52793185117406],[16.58845265476623,44.533980899898665],[16.55671150763004,44.5322839115733],[16.5421634815595,44.535866385225575],[16.529731532384346,44.5360549307905],[16.482384320280232,44.53416945175883],[16.462411521574495,44.528501484456],[16.45569424779137,44.5241759963252],[16.44670176927127,44.51506052382416],[16.442043015772583,44.50857067329798],[16.437512918386517,44.492681013418064],[16.44225293012869,44.48144938578059],[16.44631579643692,44.47601395078328],[16.454441530852023,44.46840349192769],[16.475771581893014,44.45704635850268],[16.487621609449775,44.44882918282059],[16.535759810366983,44.412916231798704],[16.545402348539596,44.409433528934244],[16.55940461203329,44.39612924097173],[16.566854285596833,44.382958204657484],[16.572054754723183,44.378234739541654],[16.59697367089825,44.373123675617194],[16.604341003434627,44.36677294391626],[16.6218925888719,44.35600610659657],[16.639119144033316,44.3500408917738],[16.646486475670372,44.342370437345835],[16.664904806111963,44.330126623644844],[16.690148751663628,44.3249338545138],[16.704991758962535,44.32586393697119],[16.719726423135967,44.32121337989361],[16.763930413857565,44.285779537295866],[16.790643764398283,44.274425718771965],[16.79978521471594,44.264728149284736],[16.82433170184663,44.25066383256984],[16.829410284956737,44.246177093298286],[16.846000325154932,44.23999210754977],[16.883243270960236,44.23780901587344],[16.891538291059362,44.232229637188084],[16.892892580128546,44.216701622581866],[16.897463305287374,44.20553833262801],[16.901526171595606,44.19959180391868],[16.911683339614456,44.19097434089315],[16.91845478406111,44.18126301177864],[16.943339843459057,44.16972873169567],[16.95180415014147,44.16742160462343],[16.97161062552999,44.157342045399105],[17.02027022728919,44.127579084806996],[17.040097017463438,44.11373480521712],[17.08113874545677,44.06448064276748],[17.093327346180104,44.05997972478451],[17.125322422292015,44.05401852183735],[17.137003164164753,44.04976015190954],[17.146313901065753,44.04854341954325],[17.166141538401348,44.056512567600976],[17.20211483842911,44.05613238460194],[17.228565793776397,44.057653102208974],[17.240733233452033,44.06126464914428],[17.24443636824384,44.06848708471125],[17.286228878160273,44.11769021063475],[17.287551426557116,44.145218487243426],[17.282261235667534,44.16533448859582],[17.285964369560077,44.17406194050619],[17.28649338855911,44.181270599358754],[17.278822611274563,44.197202405067],[17.277500062877664,44.20876923071546],[17.26718419059796,44.21900682150766],[17.258381312547613,44.221433249045276],[17.251271294934384,44.22786279643094],[17.23806697740912,44.24654089604559],[17.241452700082107,44.2547864813111],[17.238913408527026,44.27915270293494],[17.23654340265597,44.290544384715645],[17.23281910771567,44.297087543455405],[17.21622906841685,44.3180449756951],[17.208272620585035,44.323616213717344],[17.19913117026732,44.3259172218024],[17.194560445108493,44.330276780748875],[17.19574544849371,44.35315914797633],[17.198961883684035,44.36126874225869],[17.205733329029954,44.367077910317334],[17.21555192388223,44.370345314584654],[17.226894094386978,44.37687957633142],[17.22977195731005,44.382324237473654],[17.228248382556842,44.38619568848031],[17.21741407180201,44.38776839229752],[17.21335120459446,44.391155610543024],[17.211658343257966,44.401074194718376],[17.213520491177803,44.40712128651819],[17.223508371714047,44.414014208688855],[17.228079096872875,44.42247808909258],[17.226555522119725,44.42912742179311],[17.217583357486035,44.441819501668704],[17.221307651526956,44.44907088101638],[17.225539804418474,44.45160865091856],[17.24246841688398,44.451971180225826],[17.265152756994212,44.438072603168166],[17.306079369067675,44.433498643147914],[17.314096759457925,44.434813814406084],[17.324064326107816,44.44077039393858],[17.338148931527996,44.45755385222856],[17.346166321918247,44.45863649028183],[17.35288359480211,44.45708985871005],[17.36994086517882,44.44689556218049],[17.389578054883373,44.44048998442531],[17.409723103438523,44.4211481320807],[17.42411242344963,44.41643258459618],[17.434682649184936,44.404325189056294],[17.465668779490613,44.376608540451855],[17.49047935343947,44.369638603039164],[17.500460462980016,44.36961924153485],[17.511633346901476,44.36489954008175],[17.5204362258512,44.35436960577272],[17.56377347156848,44.35400647122174],[17.579347794964804,44.357395642794756],[17.596445693114276,44.34952762170241],[17.605079285480713,44.34771177537817],[17.609142151788944,44.35098025973127],[17.62014574912706,44.35182761445287],[17.65451083200935,44.3497697308884],[17.664498712545594,44.36017945911482],[17.678380174605422,44.369377214187125],[17.691753777814654,44.37288650370925],[17.70495809533986,44.369377214187125],[17.714099545657575,44.37058733743572],[17.72137884895477,44.37288650370925],[17.73492173874729,44.38075138796626],[17.743047472263072,44.38474392369318],[17.76099180153045,44.39127657925076],[17.77398451037692,44.40052236621426],[17.793293709237332,44.40524675493384],[17.797790371628423,44.40921494601298],[17.80413860051607,44.42017331464683],[17.813396435696973,44.422818129952816],[17.828208971267088,44.42414049308934],[17.85095679362115,44.43056297360238],[17.872382067578428,44.434529446976455],[17.91867124078516,44.446804921310104],[17.936128871350377,44.45416896862304],[17.94141906313928,44.45756744548129],[17.9477672929263,44.4726693972749],[17.959405713602848,44.479275272935524],[17.964431394992914,44.485502984575135],[17.965224923491462,44.49078658253478],[17.960199242101396,44.496258375323805],[17.959141204103332,44.502861579997955],[17.9641668854934,44.50776633404911],[17.974218249172907,44.51078443905067],[17.97659883466855,44.515688525804876],[17.96601845199001,44.52700407457843],[17.96125728099878,44.53680910495626],[17.95993473260188,44.54585843771679],[17.944857687532306,44.56753340933943],[17.94194808303763,44.59051890092661],[17.937980438746308,44.596923073940786],[17.92316790317625,44.61123573394201],[17.900155572221934,44.62272097669177],[17.894865380433032,44.63269811302757],[17.894071851035164,44.64192073165651],[17.896716946929587,44.65829197399546],[17.90967791600309,44.68425067372965],[17.913645559395093,44.68914014200402],[17.921580846179154,44.69327706118747],[17.939080798839825,44.712408350764804],[17.94517509875186,44.714573758172435],[17.95194654409778,44.707355417218764],[17.960410849880873,44.70651321831042],[17.98597305381344,44.71168653060897],[17.996638079783622,44.712167744346004],[18.014074550200405,44.70988193930009],[18.034727455807513,44.705911640210104],[18.041295757793023,44.702720766450284],[18.060472489214078,44.7001794927894],[18.077807388400288,44.68985923451612],[18.08019093626274,44.68516059698402],[18.075640525889582,44.67630147353424],[18.078024074651353,44.67137059237899],[18.07607389839177,44.66643929213967],[18.0680565071022,44.663279956704685],[18.068923252106458,44.65796263776559],[18.07856579027907,44.65372384607866],[18.101256901384943,44.61765268722178],[18.10887477694945,44.609578659327724],[18.109721207168036,44.60536043783401],[18.102780477037413,44.59644090242574],[18.102611190454127,44.59053397086609],[18.106335484495048,44.58474700527012],[18.106843342446325,44.56991527906695],[18.110059779435346,44.570035877253986],[18.127496249852072,44.57811540090506],[18.153397026051948,44.58679662136706],[18.187423536666927,44.591016190944515],[18.222296476601173,44.59752578428754],[18.230422210116956,44.59511490872609],[18.242102952889013,44.58679662136706],[18.262925145978727,44.58402359511285],[18.277653038257142,44.57871830460613],[18.293058074170858,44.57727132421229],[18.30947882778571,44.57895946500736],[18.331824595628632,44.58149158446912],[18.360941808817472,44.580285827429066],[18.404617626802064,44.58522927481124],[18.413759077119778,44.58969007403772],[18.427471253495582,44.601262442208],[18.430687689585284,44.60765036717078],[18.429841259366697,44.61403758976303],[18.42120766700026,44.61765268722178],[18.406479774721902,44.618255181731286],[18.401909049563017,44.621147067783],[18.39090545132558,44.6362066453205],[18.370252545718472,44.63439970138518],[18.352308216451092,44.642831620782715],[18.34570605768846,44.66137752994911],[18.330470307458768,44.677750803856554],[18.3221752873597,44.678473047593116],[18.314895984062446,44.67570439744003],[18.285778771772925,44.690268421550456],[18.262925145978727,44.69484149214122],[18.253952981345037,44.69869221827133],[18.24633510578053,44.706272587609874],[18.242441525156323,44.70771635562534],[18.229921124060695,44.70210471106361],[18.22147036026894,44.70356783338883],[18.206085637342312,44.70718697869614],[18.189624255954698,44.716498497108034],[18.178789944300547,44.7204680695458],[18.165585626775282,44.72323458021174],[18.156782748724936,44.729488811959186],[18.163384906588192,44.74055233472251],[18.15813703779412,44.751012630928244],[18.158814181429364,44.75774469496173],[18.18539210216386,44.76952391889381],[18.19622641471733,44.77769584698581],[18.218064322810278,44.782141850566006],[18.225851484958127,44.78502556267961],[18.23888651590005,44.784785258432976],[18.250905830939416,44.779738647120894],[18.26529515095052,44.77925799456085],[18.313710981576605,44.77937815837538],[18.322344573043665,44.783463569787955],[18.346721774490334,44.80724933748701],[18.358063944995138,44.81433512016969],[18.35992609111628,44.81781764316975],[18.35654037024193,44.82430178120228],[18.355524652540737,44.83534715025081],[18.35874108863038,44.8485507923852],[18.398227075818966,44.89449986357789],[18.409071967996965,44.90386812921082],[18.41013000689435,44.90873902468627],[18.40272373910932,44.92072716112966],[18.409071967996965,44.92278737034093],[18.425736070962955,44.91791766646719],[18.44345821192701,44.91660652147385],[18.45350957470714,44.92128904315484],[18.456419180101136,44.925971185322],[18.461973880490234,44.92672029180807],[18.4696446586741,44.92503478692595],[18.472025244169743,44.920539865622345],[18.4696446586741,44.91192361758095],[18.47361230116684,44.906865652328065],[18.48075405945235,44.889440364980885],[18.49239248102822,44.88625452652525],[18.524133627265144,44.85701153505437],[18.526778723159623,44.85082361391869],[18.52277933909528,44.84338972885297],[18.52311791136259,44.83954863715991],[18.52616506176821,44.83678769509612],[18.535306512085924,44.832465953540975],[18.548849400979122,44.830905244881194],[18.55832942356409,44.83114535667295],[18.572549457891228,44.832225847145196],[18.57529294487966,44.83252063410566]]]]}}],"meta":{"provider":"geoBoundaries","license":"Public Domain","sourceName":"Wikimedia Commons","sourceDataUpdateDate":"Wed Feb 21 08:01:51 2024","sourceUrl":"en.wikipedia.org/wiki/Political_divisions_of_Bosnia_and_Herzegovina"}}