{"type":"FeatureCollection","crs":{"type":"name","properties":{"name":"urn:ogc:def:crs:OGC:1.3:CRS84"}},"features":[{"type":"Feature","properties":{"shapeName":"ASUNCION","shapeISO":"PY-ASU","shapeID":"63826900B42428386495226","shapeGroup":"PRY","shapeType":"ADM1"},"geometry":{"type":"Polygon","coordinates":[[[-57.64207956414275,-25.380386551265897],[-57.65013131196721,-25.36611386643188],[-57.663466776733365,-25.353841255627756],[-57.6678347137083,-25.345314662650104],[-57.66724190467979,-25.335749761306793],[-57.67385790218285,-25.3157988141153],[-57.67283048478365,-25.287615343216718],[-57.66867997982368,-25.28004871863642],[-57.62783604685631,-25.25498361738916],[-57.59366204832384,-25.241651488070342],[-57.57455600765681,-25.2239369144674],[-57.55895703143793,-25.228435242338527],[-57.539847710830145,-25.236209346589998],[-57.52778144727122,-25.243066496097967],[-57.528657587122126,-25.24663465578231],[-57.53357612609252,-25.250355673875696],[-57.53634854490597,-25.260922614989774],[-57.54255800637067,-25.27218505332364],[-57.540311279009764,-25.286100577448867],[-57.54184553434398,-25.29188999321429],[-57.54378598044824,-25.293713275860153],[-57.54323890880788,-25.29628766891335],[-57.560422091162884,-25.320256365095368],[-57.586134741181674,-25.341443457065758],[-57.589484342931144,-25.340443080779245],[-57.5904634631867,-25.338845298661937],[-57.588112628642875,-25.338017108148772],[-57.58978714974613,-25.335114602207547],[-57.591882149987356,-25.335692520284763],[-57.593467958632424,-25.33231329544298],[-57.59438085546112,-25.33281983184523],[-57.59619148039662,-25.33035173901907],[-57.59571869784043,-25.32844989742931],[-57.59747528476948,-25.329068619665268],[-57.60231822496896,-25.325545239083223],[-57.60314194727859,-25.326481030016538],[-57.607849765426536,-25.32078480554114],[-57.609461448185975,-25.322377817433708],[-57.60787421625213,-25.31839294498748],[-57.61144375474881,-25.317339687632956],[-57.61221292078232,-25.314893777920524],[-57.61537669226531,-25.31313322679506],[-57.6216203572882,-25.32352355723831],[-57.619991408953865,-25.32510691741804],[-57.62134047419075,-25.327705694841157],[-57.63397157636039,-25.33801628971916],[-57.63234366348793,-25.33840109011947],[-57.636421004106815,-25.349101998444784],[-57.6352873711524,-25.349377803336726],[-57.63688398967439,-25.36225263256141],[-57.63956213807228,-25.366885434805752],[-57.63609997550394,-25.36903392601103],[-57.64207956414275,-25.380386551265897]]]}},{"type":"Feature","properties":{"shapeName":"CONCEPCION","shapeISO":"PY-1","shapeID":"63826900B27882980507950","shapeGroup":"PRY","shapeType":"ADM1"},"geometry":{"type":"Polygon","coordinates":[[[-56.826067292074114,-22.295926391396403],[-56.609425750133795,-22.365285521266863],[-56.61230262937262,-22.368996381816313],[-56.62180776168719,-22.374534135120985],[-56.63790900497879,-22.379756488765473],[-56.64488971612252,-22.384519337191385],[-56.64675553223439,-22.393385789549676],[-56.64601459939477,-22.407603686356037],[-56.64868412458009,-22.414086881590777],[-56.648658378717776,-22.4221496552208],[-56.65191578781235,-22.4239228489162],[-56.659284513650505,-22.423834666457758],[-56.66110395436631,-22.426363491678316],[-56.665529996400615,-22.427429692472835],[-56.66808161024101,-22.43039810223143],[-56.67323025029533,-22.429527786823158],[-56.67816266505718,-22.431534201363633],[-56.68013410567797,-22.43445157846642],[-56.68241179526459,-22.432540868243727],[-56.6883712725545,-22.437367593539022],[-56.698858867206404,-22.440413879346256],[-56.70515870644248,-22.449879575007188],[-56.7101443770701,-22.450213828595995],[-56.71106767078447,-22.45461051618758],[-56.71682168688943,-22.45866342323025],[-56.7178706356831,-22.463236453544926],[-56.7151005702477,-22.46944244042154],[-56.71843823867264,-22.476960041818444],[-56.715453935848736,-22.477871750287036],[-56.7174821211137,-22.48616397042285],[-56.72037017235053,-22.488486213187954],[-56.718774807513284,-22.49170404038506],[-56.7203592728664,-22.493911078625512],[-56.71974444014398,-22.49598330101466],[-56.72330275614536,-22.499322972899],[-56.72262939170689,-22.50942626918141],[-56.724391810354184,-22.51242855775275],[-56.72770508073053,-22.513315001143535],[-56.73142243816036,-22.51864674130262],[-56.731039782783455,-22.52167698241997],[-56.73500556866017,-22.524718953786646],[-56.73255026959082,-22.532596981179278],[-56.735199917767666,-22.539453578095657],[-56.73866690196509,-22.543660009253003],[-56.73578043695039,-22.556668610180868],[-56.730810231853084,-22.558580065993784],[-56.72859621638446,-22.56108324420114],[-56.73050949293485,-22.568814936902662],[-56.7287873482303,-22.57090337955164],[-56.729363164703095,-22.573664193365488],[-56.72627190200533,-22.57692017970231],[-56.7271914159214,-22.57834005909085],[-56.72566971339239,-22.58320671265455],[-56.727620645512204,-22.592261940226894],[-56.71996802848116,-22.602335048415178],[-56.7182395250193,-22.609351299481524],[-56.71984037710205,-22.615226077812032],[-56.71534118971385,-22.622065781021593],[-56.72118346088642,-22.6250391253927],[-56.720003754991545,-22.625845594580742],[-56.72122795911566,-22.627704171243707],[-56.71923645953331,-22.63261056346485],[-56.720116230747,-22.63397620282752],[-56.718752220689225,-22.63444808947035],[-56.71973193566809,-22.636622430392542],[-56.71819568200913,-22.638327121803357],[-56.721700227573294,-22.640844633963194],[-56.72282008191438,-22.649008589144074],[-56.7267837358597,-22.65148161329635],[-56.72571826006991,-22.65225669767391],[-56.72361674127571,-22.650938673574217],[-56.71947725281183,-22.65690280055091],[-56.716319151959325,-22.657019196994867],[-56.71324286492775,-22.66489566907094],[-56.709354070450026,-22.66407562527756],[-56.7084734317706,-22.667976602285894],[-56.703629053072035,-22.67101208223961],[-56.703983242895106,-22.67493337625687],[-56.70262821845585,-22.676385297275377],[-56.70410421374101,-22.676966189812653],[-56.694170420936594,-22.682218701676053],[-56.692484048690226,-22.689749587826626],[-56.69467375055602,-22.68874652090782],[-56.69440358470778,-22.69039465715944],[-56.69582114085741,-22.69103875044885],[-56.69490831183568,-22.69575712370876],[-56.699936928280415,-22.695229125472277],[-56.70192039077157,-22.69703505615524],[-56.695529580897066,-22.703473084713238],[-56.69601214739994,-22.709264597846595],[-56.690004261422494,-22.71311045011482],[-56.683760880893296,-22.712822700680228],[-56.67894787343202,-22.70984555019315],[-56.67358134574767,-22.710182485779743],[-56.67236023376817,-22.712876539833765],[-56.676171143974095,-22.71883297093887],[-56.67612093747043,-22.722839298356167],[-56.67342013173277,-22.72554841855737],[-56.66559131854155,-22.722767937689348],[-56.669346402167776,-22.72560328086563],[-56.667045846786785,-22.73336292550753],[-56.66695396883069,-22.742396371041355],[-56.663769588142394,-22.74671680949979],[-56.66827744080345,-22.74990606939571],[-56.66937064307138,-22.755260756788037],[-56.66522433984661,-22.757506006553612],[-56.666964452256174,-22.758164581824353],[-56.66849011020228,-22.75688046588306],[-56.666997424409416,-22.761891015543664],[-56.6697503635085,-22.766463222354027],[-56.6667877897493,-22.7664932010921],[-56.667137843226726,-22.768508424928264],[-56.66226835022407,-22.772016783738124],[-56.66292474779432,-22.789091649195157],[-56.66142149104783,-22.793713655235994],[-56.655417322237554,-22.795914020771622],[-56.64907911654283,-22.80197526781928],[-56.65003054576282,-22.805468826436922],[-56.651791126626385,-22.806430237471396],[-56.650940820942054,-22.80840220836343],[-56.65345772571274,-22.815905541007826],[-56.66002858840033,-22.816895315026763],[-56.664423775411855,-22.816005791893165],[-56.6688587450895,-22.820301486191045],[-56.666146260118026,-22.824446738897517],[-56.666324496691566,-22.828286365368065],[-56.67394736992558,-22.8305469826362],[-56.6809034225253,-22.837029080738702],[-56.67726671082043,-22.843571060872176],[-56.687312534799275,-22.84109784984685],[-56.69620596502622,-22.84500400135488],[-56.704188757387605,-22.845723647835978],[-56.70780469994801,-22.843485489608888],[-56.713190571162194,-22.843350744806727],[-56.714302860432475,-22.850367289967707],[-56.70483894268118,-22.868484821805634],[-56.708426722066335,-22.87486909611475],[-56.711139150108735,-22.875528974330532],[-56.71231418989108,-22.877699145707172],[-56.710111197416104,-22.887609411456364],[-56.712980812366666,-22.89333281812722],[-56.713077654659564,-22.896833469192604],[-56.70869428621457,-22.905949308425427],[-56.70632850465461,-22.90393952285784],[-56.708715497887496,-22.900868017506845],[-56.70517034986259,-22.903485704671997],[-56.700507347676506,-22.901665773935836],[-56.69471030057006,-22.90259422421294],[-56.68862634485915,-22.896489345940495],[-56.68706482335818,-22.898988550238276],[-56.683130413443884,-22.898235494002098],[-56.680880823031806,-22.900439674998488],[-56.68041051674073,-22.89594909813669],[-56.67673032834354,-22.898290356603457],[-56.67100164089036,-22.896896482421567],[-56.671685568908224,-22.894540163070104],[-56.6676151761627,-22.89391291191074],[-56.666144223798966,-22.889388581261997],[-56.67000613301412,-22.885453534258314],[-56.66543602765202,-22.88421543220607],[-56.666464896856525,-22.881846306990006],[-56.66456678112414,-22.88112415354425],[-56.65363242818894,-22.882803522921844],[-56.64599844720179,-22.887836414320944],[-56.64299387782804,-22.887075403034956],[-56.63958569326097,-22.888720835220166],[-56.640738952130796,-22.88696643930509],[-56.63974834063548,-22.886431224335755],[-56.637106017663335,-22.890856121279917],[-56.63477835901421,-22.890579787718682],[-56.6338015718334,-22.89284041770889],[-56.63119376262718,-22.891818127169902],[-56.630558086830426,-22.895231290185613],[-56.62579368600327,-22.892862419537305],[-56.62470670254958,-22.893252811420037],[-56.62641262767958,-22.8956010054246],[-56.62302112654976,-22.894147649478292],[-56.62179283855328,-22.89912214992131],[-56.61835894780733,-22.89864872016978],[-56.61874314191674,-22.89593509841956],[-56.61491786535777,-22.89555099013691],[-56.6162112919229,-22.897609221989395],[-56.61561113237276,-22.902332249479077],[-56.617434754996964,-22.90441885235295],[-56.615285385064155,-22.908925851766824],[-56.60743800849342,-22.908545320283068],[-56.59676733995741,-22.913450829132266],[-56.58284463577558,-22.90848265267858],[-56.58230878938014,-22.905545394897423],[-56.58790247716163,-22.89837845148181],[-56.578158004416835,-22.89744954792532],[-56.57691229977109,-22.90298370365211],[-56.57527310629723,-22.900197048452462],[-56.5701576561217,-22.901578952787773],[-56.559494716060684,-22.899517245384008],[-56.5545942974176,-22.894914634226637],[-56.55615289700988,-22.892353514557854],[-56.56143482900008,-22.89560664153689],[-56.5615436793277,-22.892074889351807],[-56.558798702587445,-22.89030578510137],[-56.558178294007156,-22.887883115018315],[-56.54595941568286,-22.883905621528438],[-56.54433125156043,-22.882270439238145],[-56.54721350120275,-22.880390694673324],[-56.54667505527725,-22.87868185086752],[-56.538560441016735,-22.879354084771204],[-56.53979144145081,-22.86627730708987],[-56.542460277943086,-22.86545844816498],[-56.5436618219484,-22.861049082155983],[-56.54090844913148,-22.85786140496945],[-56.536180365540176,-22.856592053568633],[-56.53164229898411,-22.848606786571974],[-56.52192376288537,-22.841396344736914],[-56.521892683729085,-22.83442697545209],[-56.526174466470344,-22.835383762390098],[-56.52644372614504,-22.834142468201996],[-56.51976492763892,-22.82422184567363],[-56.52529111321432,-22.820317896455396],[-56.526011593025494,-22.809764467600544],[-56.51832847690937,-22.808020567269644],[-56.50891372544353,-22.80267566821351],[-56.507531360939794,-22.79521881637976],[-56.5105691940053,-22.788435011825737],[-56.50899770371325,-22.78704806433662],[-56.50436409235553,-22.787354424029793],[-56.50323838635473,-22.78613592378168],[-56.50477059054444,-22.78303769568293],[-56.49527138136501,-22.778915777908995],[-56.49392142640803,-22.77613823299102],[-56.48287482497759,-22.77200163876899],[-56.47158814181488,-22.772840917343476],[-56.46836328272382,-22.7757931736258],[-56.45892081109598,-22.770973728007984],[-56.453952152282746,-22.775116696493516],[-56.45524609478813,-22.768327987477683],[-56.452366557885554,-22.76691795532677],[-56.45016327911562,-22.770112728538724],[-56.44718657073815,-22.770612835464636],[-56.44454502921456,-22.77764972100018],[-56.44271067875169,-22.777918844604386],[-56.44114939174145,-22.776020888090468],[-56.442264687251274,-22.772452079112835],[-56.435931426475946,-22.77057797724506],[-56.42796066751555,-22.760513509582175],[-56.42537965927999,-22.760901712172817],[-56.42159882654629,-22.757509571795822],[-56.417941608456765,-22.759899166471218],[-56.40887560118131,-22.75583697452851],[-56.40864064324094,-22.752579568797483],[-56.41373216617491,-22.75342941046267],[-56.41495194379726,-22.75203370677458],[-56.41345596776744,-22.745117670493293],[-56.41182410949133,-22.743675360372713],[-56.404352596676,-22.74080216138152],[-56.4030051791006,-22.744816992811337],[-56.40617555740811,-22.746310284451525],[-56.40638253576204,-22.74771574613389],[-56.39806469886219,-22.749179646167853],[-56.397201198747666,-22.742315535735237],[-56.39335427024998,-22.741623472633353],[-56.391177970721685,-22.73892776407431],[-56.39018250267603,-22.733363919640034],[-56.39211368840349,-22.73117616197796],[-56.392324498082544,-22.721895146455267],[-56.38462707065275,-22.724851243434863],[-56.3823874849322,-22.7236050331403],[-56.3809098652876,-22.71871677058123],[-56.38516929473865,-22.719550726708995],[-56.3869154340949,-22.715158163997383],[-56.385180366018474,-22.713530007305703],[-56.376105213089325,-22.715866129656547],[-56.37325186680852,-22.71514133521841],[-56.36961219438658,-22.718555198829872],[-56.363852139201484,-22.720090645008003],[-56.361907833390035,-22.71822202383269],[-56.36235650261137,-22.715432501189543],[-56.36017330624641,-22.714439144128765],[-56.3578881717767,-22.71038755171652],[-56.358960512779,-22.706710751217226],[-56.35347467996159,-22.706693191553345],[-56.3480872035828,-22.708780618753533],[-56.34312624374988,-22.708299622830296],[-56.342074452424356,-22.707075797079803],[-56.34431085271837,-22.69811936302398],[-56.342248922463945,-22.694497552738977],[-56.32804890103803,-22.68763644407698],[-56.32404282093461,-22.6905057350207],[-56.3213485706072,-22.689640682797815],[-56.32065191864544,-22.691733464594716],[-56.31554551210422,-22.69054640841061],[-56.31292028682877,-22.68695344144515],[-56.30556061866412,-22.69455484720792],[-56.303045523358485,-22.69340571561174],[-56.30131298362985,-22.68805043443823],[-56.29438733396738,-22.68764065791109],[-56.1304387141025,-23.04287361773082],[-56.13012462494993,-23.045522979091253],[-56.13188001815276,-23.047560459470244],[-56.12919534122732,-23.049447073823327],[-56.12881825240884,-23.054769748999476],[-56.12655413909646,-23.05564697243401],[-56.12861402900822,-23.0613805245549],[-56.12620900171735,-23.064221562187395],[-56.1272492729393,-23.068093280333194],[-56.12578051938727,-23.069349730577173],[-56.12989058225759,-23.07301256955334],[-56.12904095698922,-23.075144106349534],[-56.13021232847879,-23.076207377935145],[-56.13869761452447,-23.077486823769608],[-56.13926671310665,-23.07972098927664],[-56.13614442635299,-23.08822172022644],[-56.138257060177914,-23.08868941090339],[-56.14055204836059,-23.09195818316787],[-56.14546233761975,-23.091226092028496],[-56.14820751000555,-23.093589412548837],[-56.14901069807609,-23.096962919793175],[-56.15204601882932,-23.098144463620383],[-56.15136165952285,-23.099739564094207],[-56.14611515406409,-23.099937087448815],[-56.144022860834,-23.10335363831039],[-56.143744363203666,-23.10627418178574],[-56.14595523018954,-23.105057723970088],[-56.14732161732722,-23.106903251929346],[-56.145808348121285,-23.10975389413757],[-56.1392958765256,-23.11183213854933],[-56.14174433499758,-23.121167126784886],[-56.14457059866725,-23.123241912999045],[-56.1486971660264,-23.121624819360783],[-56.15176492523879,-23.123073015700445],[-56.15394879972175,-23.121327899752387],[-56.15466983389773,-23.12344088277803],[-56.15549686772829,-23.12246978959426],[-56.16083734595783,-23.123103477815235],[-56.16541501096623,-23.125792393284737],[-56.16637364867743,-23.124257398190153],[-56.16947352984053,-23.124793128341906],[-56.17073618645495,-23.122148690026687],[-56.17514004818513,-23.119448434340807],[-56.17494495901949,-23.117514424986382],[-56.1795934525787,-23.11850967848327],[-56.18134207151697,-23.121436314076877],[-56.183509673611184,-23.12110430720333],[-56.18565997608172,-23.123536178690696],[-56.18537519768473,-23.125210268344205],[-56.18794952230754,-23.12799657343104],[-56.186227343818295,-23.12935162897818],[-56.18928284766835,-23.12989126126091],[-56.187104866284734,-23.131316243125],[-56.18891884690019,-23.132766294004913],[-56.18871059683984,-23.13673959436848],[-56.18590233680573,-23.13890198869178],[-56.18714313490773,-23.14461251131163],[-56.18293100764165,-23.147205682670606],[-56.18669509758704,-23.150774980523586],[-56.18243616230308,-23.16054431349601],[-56.18686931146824,-23.161258253822886],[-56.19016100795434,-23.160105483550304],[-56.19484304459748,-23.16402706700455],[-56.19810085227328,-23.162824278390868],[-56.20025755745301,-23.164434021252443],[-56.200267829257,-23.162704321239794],[-56.20397317083953,-23.163657968679377],[-56.20761155663947,-23.161783970634968],[-56.20577987984537,-23.16768661961958],[-56.20314090273897,-23.169344329833287],[-56.203114302807194,-23.17383793548726],[-56.206924665163065,-23.175469499427926],[-56.21214556707356,-23.17367562906301],[-56.213561213171,-23.174468546614918],[-56.21341917159903,-23.1788170598666],[-56.217552398507245,-23.185878608444764],[-56.218659061756654,-23.19132175976109],[-56.21340766261121,-23.191751748411907],[-56.21255802130911,-23.195952190090757],[-56.215340651075394,-23.19884298423763],[-56.214514173183254,-23.201589295803636],[-56.21289454988981,-23.20283221945629],[-56.210153132846685,-23.20051064490259],[-56.20813100385894,-23.205382609115173],[-56.20502461599937,-23.206947647224982],[-56.20420460378056,-23.215569634436328],[-56.200135363197184,-23.21599610185574],[-56.199765827204914,-23.21855947649259],[-56.198088467566635,-23.219287086269834],[-56.19956388015455,-23.22272246938021],[-56.20328487919813,-23.22316590197909],[-56.203254040539484,-23.225274854218007],[-56.20107896007525,-23.226587087992442],[-56.20631207490215,-23.22690264048167],[-56.20764537471897,-23.22382925366912],[-56.21188343098817,-23.224234442483095],[-56.21064040307399,-23.221527459307374],[-56.21359121216126,-23.222170012751],[-56.21360449128761,-23.22438758281621],[-56.211558490691715,-23.22620643538701],[-56.211506045185644,-23.230663756693666],[-56.218491038159854,-23.235016225206486],[-56.22372368804192,-23.230936840907994],[-56.2334105783298,-23.23088502753883],[-56.23650294570152,-23.226672809420037],[-56.23879467995402,-23.22659811373339],[-56.24133380021856,-23.231497044741896],[-56.23597686865304,-23.234316371580167],[-56.23951302585099,-23.240832495857983],[-56.24244314725042,-23.239938872014786],[-56.25047475425479,-23.24410982021803],[-56.25505525416549,-23.243390930163482],[-56.25482827071394,-23.245539621509202],[-56.25643696682523,-23.246405344616473],[-56.25956483424359,-23.244554877783624],[-56.26391734411393,-23.248861322802572],[-56.26679338464935,-23.248924453346376],[-56.26378773010098,-23.25255055017371],[-56.26488481802275,-23.255265481270957],[-56.26662496283361,-23.254808435974162],[-56.26978839026256,-23.256873587115987],[-56.27324196783663,-23.256040538866714],[-56.27559497228298,-23.258061175650383],[-56.274464820361885,-23.259943781673474],[-56.27257016927014,-23.259027234934162],[-56.2682360643709,-23.26153623612471],[-56.26909299616177,-23.26406033327479],[-56.27186988377719,-23.26578943768286],[-56.27358633456822,-23.271076965525552],[-56.27134419201287,-23.273017621144522],[-56.27223621170978,-23.273943087984364],[-56.281255110768285,-23.27108065420485],[-56.28566053259158,-23.27148465258254],[-56.28835967231181,-23.27860109130641],[-56.28243673919388,-23.280692272934886],[-56.281863517376344,-23.28274457464819],[-56.28510775485313,-23.284606563666124],[-56.28608553463456,-23.286557548661122],[-56.28506744087824,-23.287921356105556],[-56.287124305643495,-23.287619090450615],[-56.29295635036742,-23.290748195311956],[-56.29610441804896,-23.296552274949768],[-56.299475902094315,-23.296508658392277],[-56.29954463553364,-23.30567709013692],[-56.29523171949798,-23.30779397783563],[-56.28930291076836,-23.307428490257063],[-56.28984953010292,-23.313609273503953],[-56.2875640968401,-23.317844225611903],[-56.29680239467117,-23.32177448778855],[-56.29930417847235,-23.320886949576387],[-56.30250642843491,-23.32679953177709],[-56.3087650722863,-23.325029777697253],[-56.311682060463255,-23.326844627373593],[-56.30988957184941,-23.32958717453472],[-56.312050066659566,-23.330170248063872],[-56.31171999731656,-23.333601192478774],[-56.30976905554447,-23.335755918219565],[-56.314021383495685,-23.338190823468594],[-56.31422301887359,-23.345397045275924],[-56.31920017929728,-23.34792731340258],[-56.32547942408715,-23.3464151724975],[-56.33251755292325,-23.35186960148422],[-56.33727574794555,-23.352916031520827],[-56.34010166492714,-23.35138864859743],[-56.34537090157366,-23.35346319893424],[-56.349741065725404,-23.35271175278284],[-56.35486413739964,-23.36042956312588],[-56.35950972152658,-23.36022874054028],[-56.36187364618203,-23.363976753973116],[-56.358825065203575,-23.370524733926086],[-56.35524304184136,-23.372379186946006],[-56.35298477986095,-23.37959000143104],[-56.36261918467887,-23.383450371348708],[-56.36295996082002,-23.386915227746567],[-56.3656265502914,-23.389757314281276],[-56.371222970550946,-23.390219725933616],[-56.37427169796854,-23.387840513001315],[-56.38489069744308,-23.390493996789715],[-56.387775986054635,-23.39770715126319],[-56.39755662457004,-23.40816306555221],[-56.4043476386039,-23.408106637059642],[-56.406106807102226,-23.414353085676005],[-56.414706804084915,-23.416172255156052],[-56.41798929214541,-23.421599638347494],[-56.420630868844896,-23.41693651268816],[-56.42277984540803,-23.41592741278934],[-56.4273043853256,-23.416603775822274],[-56.43073478461097,-23.415434332196508],[-56.43482997936557,-23.41902263715899],[-56.4403497842766,-23.416815984510556],[-56.44830518776535,-23.416212056709202],[-56.45401149294665,-23.412026432602946],[-56.45716321426655,-23.40607250227286],[-56.46309941799163,-23.403784008962738],[-56.46576001958841,-23.40874098686478],[-56.4695457657615,-23.40795672745131],[-56.47674827211815,-23.409300441939195],[-56.481591315899045,-23.412340280619485],[-56.4846176629826,-23.415373988587874],[-56.485493689764716,-23.419912418213297],[-56.49137577497651,-23.424027414226693],[-56.49846065350847,-23.425259803897436],[-56.500674655458276,-23.42268301153031],[-56.50323851707927,-23.422113935972593],[-56.50364681953528,-23.424451727914146],[-56.5110294208246,-23.425766960354814],[-56.51507267272599,-23.42795113404047],[-56.5166974534703,-23.431694562370016],[-56.51486424150226,-23.444250961206578],[-56.516509995719694,-23.450468382526466],[-56.52385846978342,-23.45343220605898],[-56.52581252633255,-23.456901659608448],[-56.52903078354856,-23.45680145533237],[-56.53337057681141,-23.451261890439937],[-56.53738939481638,-23.45223594284484],[-56.54300259790235,-23.448788972540836],[-56.55124504373268,-23.45186408267587],[-56.55274464918252,-23.448927148961847],[-56.555513778967196,-23.449429849091853],[-56.556889506725376,-23.447866933225868],[-56.55499268893365,-23.444892807191042],[-56.55624883900095,-23.443439507571775],[-56.5647633717926,-23.445305196468894],[-56.568030372416175,-23.448447933148138],[-56.57151681474678,-23.448265126976654],[-56.58142465730913,-23.452525209671286],[-56.58556752491743,-23.45206896686412],[-56.590891801587084,-23.454969287871116],[-56.59527525368823,-23.45379872227834],[-56.60075482619625,-23.454692465263793],[-56.603636724022074,-23.45744864424409],[-56.6076260725279,-23.45855826015396],[-56.60990185524242,-23.454715602566466],[-56.61413217399027,-23.454918539929416],[-56.616689304710796,-23.45673907412389],[-56.62463671117121,-23.449034166293384],[-56.63278262299907,-23.444627914485313],[-56.639249884390544,-23.443818343827992],[-56.64318862946364,-23.441545855826153],[-56.648306318232834,-23.44403142996112],[-56.65623841709765,-23.441245278478537],[-56.6577538456378,-23.442787962324683],[-56.663236692863045,-23.44238756079261],[-56.66588392377669,-23.44409753559635],[-56.66874868346501,-23.44223442490044],[-56.6711896806337,-23.443036751859026],[-56.67438057499709,-23.441778970108984],[-56.68538182801895,-23.45103767075843],[-56.6885987790618,-23.451401474284236],[-56.698739294488334,-23.446830797656443],[-56.70942343634009,-23.438576996616725],[-56.71029224520475,-23.436352037136484],[-56.71473129672132,-23.436277744831465],[-56.7198204753388,-23.438705958136413],[-56.71932435001478,-23.433812095860453],[-56.72117251730413,-23.43326563392219],[-56.722866560331525,-23.435192852986102],[-56.72713179069328,-23.43269890147037],[-56.731596677276755,-23.4345208899795],[-56.73908808137396,-23.442615244956897],[-56.739351954073214,-23.444787286103967],[-56.7440030618968,-23.443035712278498],[-56.744562623638934,-23.446417727925425],[-56.75200215931079,-23.451157767497126],[-56.76169149608987,-23.447764276661132],[-56.76760037895403,-23.442220481649493],[-56.77135466656361,-23.441978627861886],[-56.772521514763206,-23.439094023705753],[-56.77609746315449,-23.43854941897248],[-56.77687721732142,-23.435471802096462],[-56.780872663349214,-23.43338832026339],[-56.78554974362388,-23.433422303046715],[-56.78999775044243,-23.42760073916683],[-56.791130435101174,-23.427162438337096],[-56.792347328341464,-23.4300228899664],[-56.79640472682115,-23.426124831298132],[-56.80430010796376,-23.425255283974227],[-56.80417556999157,-23.42891113199697],[-56.80718344557151,-23.429519627901964],[-56.80917561306159,-23.432133505174995],[-56.809767723080974,-23.43471816894867],[-56.81241609173637,-23.436865494267394],[-56.81178739712447,-23.43903634780577],[-56.8166125883295,-23.439839262220172],[-56.82409306529712,-23.437841194495952],[-56.82885626352817,-23.440540384168226],[-56.831987721114956,-23.4379598444406],[-56.83666225035488,-23.440218883104244],[-56.84163735476709,-23.440388941518307],[-56.845156173905394,-23.437533640824242],[-56.847240071870026,-23.438855154390755],[-56.852041654483564,-23.434296643368175],[-56.85448363635551,-23.435096114147864],[-56.85302010279352,-23.438503350072203],[-56.858289336795586,-23.442191716030678],[-56.86714230396118,-23.437663855419334],[-56.87232444691532,-23.43934499446218],[-56.87703553858681,-23.435088015206773],[-56.87801758578947,-23.436243314508875],[-56.87691387951819,-23.437781820496856],[-56.88331439614317,-23.443147046999574],[-56.888706688054455,-23.443425872207406],[-56.89261137238824,-23.441202016839636],[-56.89818194107292,-23.442030412893367],[-56.90515539660346,-23.439285927216243],[-56.90929465913801,-23.441982288823283],[-56.91045386995189,-23.445996320406973],[-56.914297192024875,-23.446080944262793],[-56.917934289986285,-23.442399401838628],[-56.92028618929524,-23.445286942117956],[-56.9228794645736,-23.44314411978641],[-56.92505323415015,-23.445124371706942],[-56.92645454437832,-23.443283290326352],[-56.92989488919428,-23.444705126842297],[-56.930133948936536,-23.44334912076193],[-56.92699685689163,-23.441331840369305],[-56.92962000128058,-23.438694119469698],[-56.93172471776763,-23.43983125868787],[-56.93084949569863,-23.44235984263425],[-56.932915038387684,-23.44254400239279],[-56.93442533743157,-23.440931968852016],[-56.93156682471353,-23.437888647030334],[-56.93962997510842,-23.438991525988328],[-56.94078307752245,-23.436426344962072],[-56.94880731095145,-23.43540293145273],[-56.94924300347629,-23.438665080755886],[-56.953967993459464,-23.444457520556746],[-56.95948995045505,-23.443579409683448],[-56.9624290393572,-23.445339428214403],[-56.965608319847675,-23.4402822219679],[-56.964576388749975,-23.437019984380193],[-56.96930298648313,-23.438487055525176],[-56.97735701163856,-23.444203812786487],[-56.980326662219674,-23.449216203687104],[-56.985027755079436,-23.44866134657186],[-56.988209233836784,-23.45207323590677],[-56.99150604965103,-23.44752462717208],[-56.997439499013424,-23.452258786599874],[-56.99792688703807,-23.447419058056344],[-57.00139531402458,-23.450381090325],[-57.00578112902278,-23.451729766578296],[-57.008675945486765,-23.445858478013605],[-57.012345204552844,-23.448608683258882],[-57.01139891931085,-23.444509522989097],[-57.013376582812036,-23.443134139259758],[-57.01615731646167,-23.44620168897228],[-57.01968315753428,-23.447206257640666],[-57.02031404819671,-23.4490045486789],[-57.02338073206866,-23.44646524026601],[-57.03109193853576,-23.448738307417404],[-57.03143566433176,-23.447680372080672],[-57.0265046504022,-23.444058096103497],[-57.02762234848925,-23.44315871497788],[-57.029772490215265,-23.444850905879537],[-57.03040252175832,-23.4423383525263],[-57.03292484132846,-23.442126267778225],[-57.0382284460592,-23.44524576504341],[-57.03900292412831,-23.447123285409035],[-57.04152529676849,-23.44683172095401],[-57.04307439510947,-23.450613171226347],[-57.04611285027913,-23.450480069922246],[-57.04588430644729,-23.452728101184526],[-57.04746098829121,-23.45293920237129],[-57.04803342951829,-23.45053238379031],[-57.0496098812438,-23.450188084718807],[-57.05047067581531,-23.452409325070192],[-57.048608473835806,-23.455292598616907],[-57.05264987236638,-23.453968955919482],[-57.054943477263215,-23.454788010344657],[-57.0564046576082,-23.45293622575702],[-57.0591012604343,-23.45751049160675],[-57.061594321653374,-23.45549958532527],[-57.06297058497371,-23.456107308258687],[-57.06113736735275,-23.45920229051042],[-57.065695347374266,-23.459068203959887],[-57.06643986708414,-23.457428199315498],[-57.06776016179681,-23.460627670081553],[-57.06864805372465,-23.459093379199572],[-57.07028254465599,-23.459991836515115],[-57.070682491111675,-23.457373441756893],[-57.07225915179307,-23.457372719494927],[-57.078254170004406,-23.46366411643834],[-57.07940004864278,-23.462261868302374],[-57.076560506106006,-23.459750861882647],[-57.07698954648053,-23.458084515222165],[-57.08028797666058,-23.460991978219067],[-57.089948147712526,-23.45992884327933],[-57.09255810680688,-23.461725684924676],[-57.09674207480565,-23.459686759141608],[-57.097832376758085,-23.460981962063936],[-57.09660172248702,-23.463786065544667],[-57.10138845640274,-23.462725165152236],[-57.1014206803681,-23.46737973960029],[-57.10506101775934,-23.466636826291886],[-57.10557423307703,-23.46309263991419],[-57.10858618639125,-23.465338530298286],[-57.10846820731362,-23.46129228790189],[-57.11099182038076,-23.462348375240225],[-57.11065021239116,-23.465231293618],[-57.1154949554818,-23.465016208409754],[-57.11535407408238,-23.46784609311066],[-57.11758841073017,-23.46578159431954],[-57.12220354978812,-23.46527556283504],[-57.13069467954224,-23.470690218136493],[-57.13289917536641,-23.467647003993182],[-57.13005884638582,-23.465480782738677],[-57.133557277749816,-23.46637700771507],[-57.135447964412634,-23.464973711362987],[-57.13490636157476,-23.468015531770124],[-57.13978289781617,-23.47070878334977],[-57.13645784860302,-23.47129355106],[-57.13668878440851,-23.47282724686275],[-57.14219370295978,-23.473113237408985],[-57.14245704176799,-23.47805849246892],[-57.14577970491874,-23.475172752905518],[-57.1464153277528,-23.47958872000013],[-57.14963050721974,-23.48312949642803],[-57.1505440211621,-23.479611234373365],[-57.15335521375525,-23.480825032803637],[-57.15584733733458,-23.478865522665284],[-57.16247392689741,-23.481767869569783],[-57.16324610978163,-23.480180274988957],[-57.15897074567525,-23.477407812726877],[-57.16315472877653,-23.475816701827068],[-57.164388705322295,-23.476741033278525],[-57.16390496269988,-23.479703547826162],[-57.165396034498215,-23.479834205281165],[-57.168113475227635,-23.47483291562159],[-57.16977780344468,-23.475968309593526],[-57.168437174883614,-23.481391290542987],[-57.17161839253818,-23.480356408456426],[-57.17339740289454,-23.48141229875912],[-57.175457912232886,-23.478500882744914],[-57.174250985056894,-23.47641296605255],[-57.17519582210582,-23.475433387162827],[-57.180218736163226,-23.47955330931254],[-57.181514404823346,-23.483545220321034],[-57.18211190818245,-23.480185825285513],[-57.186959900472445,-23.481978444619788],[-57.18790059899733,-23.478116133570563],[-57.19180530926487,-23.4818932190439],[-57.19280712845785,-23.480728339614185],[-57.19096716746564,-23.47726612045597],[-57.196015320630096,-23.47868796376967],[-57.19773924776407,-23.481145305101464],[-57.200545620542215,-23.47886732707838],[-57.19997678550225,-23.481909397323538],[-57.20167002439568,-23.482965073501568],[-57.20482021893767,-23.48055434120323],[-57.20626036878921,-23.484783869493107],[-57.20775025204909,-23.484094283312547],[-57.208628773492165,-23.477534398409293],[-57.21175565536618,-23.478640933333104],[-57.21471582971818,-23.48300054305528],[-57.216429412288534,-23.478872532839695],[-57.2200731754112,-23.48040132379971],[-57.2189205162606,-23.47688557402873],[-57.22107107461618,-23.477041217961933],[-57.222786648119836,-23.474261901577936],[-57.225860506047994,-23.4778806376938],[-57.227374074713964,-23.474387511731063],[-57.23078677332685,-23.474937873892646],[-57.23244602738778,-23.472872587740106],[-57.233166254313005,-23.474854994747805],[-57.23159604583868,-23.47866561635692],[-57.23647175528449,-23.47958392093164],[-57.23738449974153,-23.476937894949863],[-57.23979029198905,-23.47553255438764],[-57.2363761761949,-23.474215446932114],[-57.24084581017138,-23.472621823120996],[-57.243374363264444,-23.475685679552786],[-57.25014189207974,-23.476389022836337],[-57.252355801485315,-23.479691251721498],[-57.25688271301919,-23.47807063029761],[-57.26322078512748,-23.47898568099449],[-57.2634864418366,-23.48281995266512],[-57.26770343237854,-23.483923513486296],[-57.26468114631422,-23.49241794269846],[-57.26569421937695,-23.497150105856193],[-57.2677338739791,-23.498997853951586],[-57.27125833189428,-23.497722336985436],[-57.2721866854934,-23.488993441791266],[-57.27569173038082,-23.492319514200997],[-57.279592481815584,-23.492841490587455],[-57.28748669023937,-23.49692629786123],[-57.28923238790753,-23.495336291844183],[-57.289453352690785,-23.491474726793026],[-57.295789739058364,-23.491251259302107],[-57.29718409216995,-23.49928826427957],[-57.298960764164924,-23.498755940366696],[-57.298895362291745,-23.49518582428298],[-57.30087161130148,-23.494177064049534],[-57.302938807712316,-23.49533669308519],[-57.305889461407645,-23.494114401586877],[-57.30767192116241,-23.4961208071713],[-57.31094007334977,-23.495796964602697],[-57.31409896392432,-23.497774095376876],[-57.32149425558771,-23.49659537852807],[-57.32786943456377,-23.500390343750666],[-57.329009425959214,-23.497558199972737],[-57.33474237695927,-23.496752603689785],[-57.343964626423826,-23.503555623605305],[-57.351077122080454,-23.503857109948964],[-57.35633722082152,-23.50844678850293],[-57.36204684666454,-23.509491465299785],[-57.36671391747169,-23.506835938614916],[-57.374150907316746,-23.50537074053063],[-57.37455211060679,-23.50002064744646],[-57.3765243106474,-23.497767977121246],[-57.39379878725981,-23.50187730280115],[-57.39519647387195,-23.499387836780397],[-57.394461969293424,-23.493465781195386],[-57.39698319383507,-23.492771781927836],[-57.40149086556028,-23.494717240863025],[-57.402792444033814,-23.49841632640424],[-57.404455496892126,-23.49838557219252],[-57.409515724974646,-23.48417083182994],[-57.41857436787682,-23.483644295076516],[-57.427418936088685,-23.47899223978718],[-57.44703254343452,-23.47758327664324],[-57.450127238526235,-23.477481414458335],[-57.45196049827398,-23.47184503007036],[-57.44900284603216,-23.456241863146133],[-57.45078086938025,-23.446799792148493],[-57.463108852446894,-23.433326728993205],[-57.46190330216068,-23.42552441978673],[-57.46395839411804,-23.42349889570188],[-57.4737111714218,-23.42047930831421],[-57.475387265271735,-23.418454784764794],[-57.47430794003994,-23.410807521063354],[-57.475807398911776,-23.40649224650213],[-57.48781998549086,-23.38901816860793],[-57.49460203982345,-23.37268577917301],[-57.50203218921517,-23.36494811403492],[-57.51658210410806,-23.356671896273287],[-57.51999928660652,-23.353219090904563],[-57.52243688482773,-23.347217721182737],[-57.521632174215085,-23.341642654033265],[-57.51832919182841,-23.336075865023595],[-57.50008994949218,-23.324360865301497],[-57.49146409546249,-23.320671140552253],[-57.4891426983541,-23.317923383084263],[-57.491635914438554,-23.306552244800855],[-57.49118875412994,-23.286310966947514],[-57.493214467295026,-23.279692535328426],[-57.51006654736136,-23.26169934600576],[-57.539149886786866,-23.238071513208812],[-57.542622884987196,-23.230792592454915],[-57.54365548287261,-23.218996563164986],[-57.54904723788078,-23.21202248574595],[-57.58547625460082,-23.19865339985542],[-57.595861833198,-23.192986925612246],[-57.61191179999103,-23.188309539904814],[-57.623057531780695,-23.178352243138],[-57.63023860517662,-23.166066057191706],[-57.63429262882082,-23.15122231011092],[-57.64118145884665,-23.142111865515044],[-57.64267158596106,-23.137169321930543],[-57.641910506233884,-23.13207335104654],[-57.63133597341706,-23.11962351151519],[-57.62769268411123,-23.111368395277022],[-57.62798353144269,-23.101069677553305],[-57.63191535012947,-23.09447799734407],[-57.63709895590609,-23.09169759934347],[-57.64760232876312,-23.08966310817706],[-57.692443517006936,-23.09777858272844],[-57.70175962207793,-23.0972406385393],[-57.71090153319676,-23.093884680069962],[-57.71661751086629,-23.090435390522607],[-57.72366031557894,-23.08194852773355],[-57.728802128941574,-23.064387601088036],[-57.73410061338669,-23.05767424632394],[-57.763429101339064,-23.037757942027138],[-57.77039596312089,-23.03492850302084],[-57.782971946330925,-23.03433834170065],[-57.788394880287136,-23.03007502064659],[-57.79083268810678,-23.023505031048497],[-57.78965112434934,-23.016203376474152],[-57.7849389458854,-23.006277137080914],[-57.76658840584035,-22.97775987113759],[-57.76595410876982,-22.971236659259482],[-57.76739418651342,-22.965290552124273],[-57.77162512737528,-22.959886402476286],[-57.77808902992657,-22.955058346222174],[-57.79324349443721,-22.938240804661383],[-57.814971590044316,-22.92278836691539],[-57.82137457412025,-22.914973543641356],[-57.82149719203046,-22.908925385719165],[-57.81972363562256,-22.90524912161764],[-57.79843208054705,-22.892743028198357],[-57.78950699374353,-22.877517361748293],[-57.79042475545259,-22.86412591192003],[-57.80076411683351,-22.849210428902303],[-57.807153966163675,-22.832878115519804],[-57.80782213262339,-22.82472695331487],[-57.81021515922352,-22.819033036535256],[-57.81393725803321,-22.816028658342105],[-57.84026404900576,-22.807997209629786],[-57.8671797205389,-22.805531604413805],[-57.87531814696256,-22.80298049259987],[-57.882556198582016,-22.793939286819008],[-57.88356994617992,-22.78981917591267],[-57.8820176968951,-22.78571326502864],[-57.877140118255845,-22.78214052740886],[-57.87675434860687,-22.77603185531863],[-57.887598833150705,-22.758606069346403],[-57.89408610470336,-22.753877262158316],[-57.91803219488865,-22.7478926029383],[-57.92578859941489,-22.743272673436397],[-57.93194112408654,-22.73323748274973],[-57.9402482754112,-22.708271559465718],[-57.93889761205141,-22.692593810984558],[-57.93534719375256,-22.68526177976851],[-57.92405599467423,-22.670499715030044],[-57.917474201002555,-22.664169283972672],[-57.90942790856334,-22.659125053026692],[-57.89047915782437,-22.655726652261166],[-57.86522120579082,-22.654871373327616],[-57.84431612384808,-22.651649645774295],[-57.82970080002521,-22.652846085370136],[-57.79307572229698,-22.663374546249955],[-57.78612579338391,-22.663837877331762],[-57.77680266381057,-22.66126823106209],[-57.772280711688246,-22.654144786884],[-57.772887962215215,-22.639449253520368],[-57.779917095607175,-22.62261784817385],[-57.78538772174818,-22.614912875290333],[-57.79766683440609,-22.60263933109722],[-57.80478521602796,-22.592152311778715],[-57.81500506874322,-22.58193835012058],[-57.8221931654631,-22.578731050504874],[-57.82774430812123,-22.5707306983014],[-57.828763574019646,-22.563525932898884],[-57.82756911098382,-22.550998412131317],[-57.83056743517894,-22.538742851952826],[-57.831710766826625,-22.509166411813617],[-57.84536423717215,-22.484416311111527],[-57.84560977443811,-22.479229890872404],[-57.83917269577376,-22.454742470093503],[-57.839601111528935,-22.44705735573265],[-57.844407696726265,-22.437547236951453],[-57.86200046656038,-22.42396295344954],[-57.86543855851467,-22.417255364274443],[-57.86448091369465,-22.403069052956745],[-57.85573001734592,-22.397712605167346],[-57.837573477800696,-22.399132102089872],[-57.82961405671773,-22.39696897587044],[-57.81927462377786,-22.386578997391105],[-57.81743597509243,-22.383096857756172],[-57.81748676799906,-22.37828175178601],[-57.82135445582225,-22.373316330593042],[-57.84053111339899,-22.362314475399824],[-57.86697962174226,-22.343060247458133],[-57.877698507434616,-22.32925815658557],[-57.87967043229573,-22.322666602373225],[-57.87702845244031,-22.316330396826284],[-57.87729592301141,-22.311988371936042],[-57.882331534674684,-22.300723430178856],[-57.88416211001164,-22.279561582477932],[-57.887007412433796,-22.271456575929275],[-57.891250867825775,-22.26723277468865],[-57.89668595635996,-22.26514774662806],[-57.902923032475144,-22.26570489207854],[-57.92704283485111,-22.276169755363682],[-57.941006005828086,-22.279562778155974],[-57.94958912016203,-22.27846041981515],[-57.95377857702101,-22.273774649029576],[-57.95853710974679,-22.25894546248419],[-57.96005430351498,-22.236732450037472],[-57.96286840520648,-22.232009414143427],[-57.971349266032966,-22.225712400643783],[-57.972552687071904,-22.194305112907358],[-57.97139436417698,-22.18746469175783],[-57.9631909268674,-22.171429345520636],[-57.95616623059166,-22.133552620771493],[-57.95941964830516,-22.12519559702927],[-57.96291963266555,-22.120721469969663],[-57.9901671138976,-22.10463702298831],[-57.993374273291415,-22.097056534516597],[-57.99303375417572,-22.086918515289728],[-57.98811330818901,-22.087815545405075],[-57.98458135369098,-22.09098954919396],[-57.969795923816555,-22.09018361956707],[-57.96620476893274,-22.08833494250183],[-57.96451529918465,-22.08139811950073],[-57.96109304806746,-22.07908761141561],[-57.953796908123046,-22.087536068013687],[-57.951488532984555,-22.08686748485485],[-57.94886253367677,-22.082677615966784],[-57.9415860610212,-22.083130708971254],[-57.93670197676355,-22.08953196735823],[-57.93763247048927,-22.09681674127184],[-57.935972930510964,-22.101668257457696],[-57.92972702139671,-22.106157477982702],[-57.921991064759176,-22.107755099288],[-57.92237604481385,-22.110399771661484],[-57.927727294043514,-22.11523857139592],[-57.93001709615836,-22.12045599055444],[-57.91379412247817,-22.12152772969065],[-57.90594989627583,-22.1255462321327],[-57.892984708448445,-22.122329418255838],[-57.88913874657306,-22.122829190215402],[-57.887527575939274,-22.12395812868832],[-57.886119743769704,-22.13013575742326],[-57.87125191935993,-22.12911819912663],[-57.86331433476594,-22.13738553790858],[-57.86217087385648,-22.137007651673905],[-57.864005298496565,-22.133425130248387],[-57.862664837938226,-22.130049106039692],[-57.85343745035885,-22.127419117444564],[-57.84597123824675,-22.12730440536877],[-57.8348998715848,-22.119610453468272],[-57.828071092619744,-22.120250486440252],[-57.82308234126258,-22.12288646564953],[-57.823838769245505,-22.127711193306435],[-57.819854779399805,-22.137736132982123],[-57.810373664464734,-22.141193735123625],[-57.8040087655902,-22.151049441595084],[-57.798220978206515,-22.148873627708124],[-57.797368052523304,-22.14389567177876],[-57.79211666996293,-22.139219164387654],[-57.78959596021911,-22.13098352131815],[-57.779251176681434,-22.12495798766406],[-57.76834624621066,-22.12957176141125],[-57.76536173383424,-22.134468572813844],[-57.762852592297406,-22.1357315069106],[-57.754106155270975,-22.135428868955486],[-57.74797265480621,-22.1390254692746],[-57.744292697261734,-22.1358533402868],[-57.739385649609446,-22.134529597625644],[-57.73794924930415,-22.132765458046467],[-57.737690743169495,-22.12577439947246],[-57.73420873591784,-22.12092985913944],[-57.74067630349135,-22.11750390750408],[-57.74222962670268,-22.114366611286222],[-57.73817389730383,-22.10281707389378],[-57.7339413281705,-22.099877531337643],[-57.73005707473327,-22.099894930517856],[-57.72882447531926,-22.103744368870313],[-57.72218916478428,-22.111470740968038],[-57.717157568302824,-22.113530061114822],[-57.715270720031064,-22.10411141873766],[-57.708366620348805,-22.10263734335118],[-57.70451390932587,-22.099446943242512],[-57.70442443855453,-22.097351448740593],[-57.70784044459156,-22.092503517684175],[-57.70729308561868,-22.090807500759205],[-57.69948278282491,-22.091920668540876],[-57.689858021944374,-22.088280218182785],[-57.67655945604183,-22.10200424824035],[-57.66931100382968,-22.10135203141497],[-57.66497347210503,-22.10615776779359],[-57.65781444322694,-22.104312189563984],[-57.65267411995397,-22.107065597382103],[-57.64643296680795,-22.104845453474816],[-57.63781337494688,-22.106031170169803],[-57.632883246794876,-22.102694190915646],[-57.625357358950495,-22.100243315486143],[-57.618707452763296,-22.094992725529448],[-57.6115236457182,-22.094518369223437],[-57.609897881978235,-22.096164131656916],[-57.61333148720409,-22.109286836142783],[-57.608618206439715,-22.11571414072858],[-57.61220919743614,-22.12112567573385],[-57.612303310582284,-22.12453568057423],[-57.60730056795948,-22.122724966928452],[-57.60551617263333,-22.124488720020423],[-57.6065205840839,-22.129435658290145],[-57.60438657835909,-22.13102453385185],[-57.5975548449593,-22.131758860140874],[-57.59700779300739,-22.1336038116902],[-57.600922186850475,-22.136737817171188],[-57.60117284897654,-22.13974975193303],[-57.598952623707,-22.139775984286846],[-57.59513196865662,-22.13631636529429],[-57.593008721694055,-22.13676676334397],[-57.59471292384428,-22.1422442383065],[-57.592264823968044,-22.14467427114589],[-57.590262013512955,-22.14358840753361],[-57.588675822077164,-22.139709488974976],[-57.58428614041703,-22.1405383320708],[-57.58645072830892,-22.14624461541266],[-57.585332070011404,-22.15186330320747],[-57.58807009996313,-22.158105020103065],[-57.58797472964863,-22.165639758685845],[-57.58022602223566,-22.17527071079459],[-57.57107572409284,-22.175881209612616],[-57.564899408451275,-22.178441304606146],[-57.557630908693376,-22.177671341170996],[-57.55114260213103,-22.18169550687883],[-57.54028980644478,-22.181153673621193],[-57.52827808700287,-22.17611138133231],[-57.52430063542256,-22.16868012310103],[-57.52161863817282,-22.168304777187444],[-57.50614881437367,-22.184913082440406],[-57.5017652464307,-22.183481183365295],[-57.49904437656062,-22.18606878026276],[-57.49276608239949,-22.181372077959267],[-57.49005312485723,-22.186452921936123],[-57.490550238083294,-22.189586266107028],[-57.488663463411974,-22.19134003945659],[-57.48568158925855,-22.190165487687356],[-57.48292828460607,-22.192346380858147],[-57.471732343031334,-22.186918054775337],[-57.466797455644716,-22.192312101487985],[-57.46470443244595,-22.192846583652333],[-57.46281907691612,-22.18829874265282],[-57.46016013190018,-22.18743899668538],[-57.45779597709474,-22.189699678322338],[-57.45840067123829,-22.193971129710054],[-57.45380437382192,-22.19552884052749],[-57.45204849641289,-22.193925644919418],[-57.455712533740005,-22.190947716092012],[-57.4546950051165,-22.188637816366345],[-57.44620707317908,-22.18742812358566],[-57.44475846982772,-22.188330984200125],[-57.44442689474061,-22.192302403308375],[-57.43880045279698,-22.19232669220628],[-57.438560835361955,-22.19707027274879],[-57.43422386844537,-22.200352260817905],[-57.4318957424775,-22.19992932887134],[-57.42972789639331,-22.1956844889363],[-57.42411409503923,-22.19744280005896],[-57.42381048064282,-22.1985051055987],[-57.42764988235632,-22.20134083044816],[-57.42500517497652,-22.205124035684502],[-57.41963918760173,-22.19727370903278],[-57.41416099064018,-22.19675019936364],[-57.41027094917596,-22.199619364369656],[-57.40697327204077,-22.197689806865128],[-57.40550542641767,-22.199830053328533],[-57.396162437995294,-22.203326697446137],[-57.39825851505971,-22.206302864756697],[-57.397157816278124,-22.20873123163336],[-57.39435223316397,-22.208887116368608],[-57.388930673926176,-22.20473539852024],[-57.385996905266644,-22.204444252035298],[-57.38759382594576,-22.208334194548616],[-57.382168900991324,-22.208347020641177],[-57.38126534092847,-22.211804717719414],[-57.377608586247774,-22.212748280978346],[-57.381633135292816,-22.226046243324497],[-57.37998325348971,-22.22750009024622],[-57.37673407220811,-22.224295997021528],[-57.37382391158531,-22.224591803430165],[-57.37243865311175,-22.227183273257193],[-57.37630043008502,-22.230078873600394],[-57.37430802026427,-22.23219295012842],[-57.3706314042753,-22.23145153293479],[-57.36835541735735,-22.228249569390066],[-57.36441686229416,-22.227476983091158],[-57.363118286533215,-22.228835014621247],[-57.36440696040138,-22.23232836118334],[-57.36025021765307,-22.234022495807462],[-57.35814055973468,-22.231402724647925],[-57.35918559619192,-22.2273847243501],[-57.35753652251205,-22.226385561880182],[-57.35164536118256,-22.228801497897038],[-57.34839159125258,-22.232453795794108],[-57.3463691905526,-22.23180313617034],[-57.344663191771545,-22.228839026823707],[-57.34235136777308,-22.229101383281552],[-57.34184710765084,-22.234111905547334],[-57.34014393701753,-22.235434468740117],[-57.338741989007794,-22.23441201374852],[-57.339654881612645,-22.231315897603157],[-57.33524179575652,-22.22912974185962],[-57.33328472548427,-22.230800573946397],[-57.336747358515346,-22.232812585854536],[-57.336272579834926,-22.234633958958263],[-57.33083693500555,-22.23375072106566],[-57.33005458691401,-22.238422991502325],[-57.325684294038616,-22.238648623732377],[-57.320319489245286,-22.24589115572086],[-57.31451645695742,-22.24143507371754],[-57.31816679969456,-22.237263204237745],[-57.31546916643517,-22.235682956196918],[-57.31437716253556,-22.23269022976373],[-57.31089741095864,-22.232809846063645],[-57.31019792553354,-22.227892049900632],[-57.30526359622159,-22.230214144935122],[-57.303583297892985,-22.228356239613998],[-57.30415150933008,-22.224678248278675],[-57.30253015442822,-22.222413679463983],[-57.29783021551469,-22.222264251231906],[-57.29583967520768,-22.218699358791284],[-57.2918581749077,-22.21854844910868],[-57.29193100784875,-22.224732254732185],[-57.28987306701656,-22.224758519946995],[-57.28915560345312,-22.221638467299474],[-57.28714813098052,-22.2206663242467],[-57.28515813401793,-22.224726198099038],[-57.28161966816143,-22.22527441595247],[-57.27742807225013,-22.228777868730877],[-57.278593571575676,-22.235307628430743],[-57.2753535428324,-22.235715169672694],[-57.27431810579994,-22.23049964837062],[-57.27081393628159,-22.229584027562954],[-57.269858738351175,-22.231008507986196],[-57.271446800618634,-22.235730771499682],[-57.2699840768995,-22.237869802650113],[-57.25947874017956,-22.239364002240283],[-57.255067213988,-22.2375054113263],[-57.25125638838365,-22.241003077906655],[-57.24860905623774,-22.246414138049968],[-57.24010351717671,-22.249304326901793],[-57.23007601913781,-22.24159906733949],[-57.22076866815651,-22.238960417242705],[-57.21815793267041,-22.230151018657416],[-57.21850959113231,-22.22519525015716],[-57.21266689860255,-22.22654458200911],[-57.211235857188385,-22.225471367819168],[-57.212423678012435,-22.2241101629016],[-57.21606028244536,-22.223920171634674],[-57.21770231364387,-22.21610333255084],[-57.214589048718125,-22.21595840164645],[-57.212487782041144,-22.21211255260788],[-57.21058663804272,-22.211654274581953],[-57.21002783664577,-22.213281168655993],[-57.2131986787548,-22.21705789442054],[-57.210476960528354,-22.218416579749015],[-57.206378042268014,-22.214636463640968],[-57.206355656861795,-22.20969473474016],[-57.204722883596425,-22.208603646650282],[-57.19791515527669,-22.209804592958196],[-57.19312546925508,-22.214824380329024],[-57.19273868295094,-22.216455528671016],[-57.19520913338779,-22.217256636006304],[-57.196327550905245,-22.219559034112308],[-57.192850578133495,-22.22156428651408],[-57.19048315882401,-22.22525306343726],[-57.18711705456391,-22.226426909398917],[-57.186498685865494,-22.234160963024397],[-57.18273221893199,-22.23266103127237],[-57.180775161408405,-22.229889694279006],[-57.172140457768386,-22.231403269242293],[-57.17322033866111,-22.226988874717943],[-57.1701423138989,-22.225054267921596],[-57.1688703885424,-22.22540793043304],[-57.168314104394724,-22.22959138237142],[-57.164206530205014,-22.230453837890558],[-57.16031453694499,-22.22360521019663],[-57.15143201806401,-22.23111218369],[-57.1412835669675,-22.223695123170966],[-57.13737607343493,-22.222636938796313],[-57.12775410247061,-22.224569085034144],[-57.1201031003789,-22.2303252461713],[-57.11005559629292,-22.22536348724355],[-57.103898189597224,-22.227395737861873],[-57.109259815562275,-22.231489281372845],[-57.112246034046684,-22.24123976846826],[-57.10495740920302,-22.242902428620067],[-57.10186262795934,-22.24844693131613],[-57.097460762786675,-22.247478444440215],[-57.09422867176728,-22.249201381178633],[-57.092438513434,-22.247522032065937],[-57.09122246464025,-22.242047939917356],[-57.08968781654061,-22.241380256013223],[-57.08673332144353,-22.24467937526664],[-57.085650765325894,-22.24937326147547],[-57.08258315512737,-22.25106877718071],[-57.07958773845903,-22.249159520174526],[-57.07904674359058,-22.244940771447308],[-57.07387553496152,-22.246460964292154],[-57.069674496703804,-22.24265034757097],[-57.06433839971345,-22.243745696298927],[-57.05952517530582,-22.242238802355292],[-57.06061314590322,-22.231311411678874],[-57.05966199960291,-22.229464247020776],[-57.048915843326334,-22.23217360933486],[-57.04807295455544,-22.240562212075595],[-57.04403201915162,-22.24264576239135],[-57.04147790540527,-22.236480523424934],[-57.03120881750904,-22.233786077691537],[-57.02086599354634,-22.23631733954872],[-57.019009395536045,-22.231244802662275],[-57.00954245957797,-22.23585313138555],[-57.00891337704126,-22.23370300173821],[-57.00156409955709,-22.228725332437513],[-57.00024682579519,-22.223232474422183],[-56.99641528523193,-22.222423863347057],[-56.98895368862446,-22.22836810946561],[-56.9893348673964,-22.23224385521816],[-56.99229094688778,-22.2369463796979],[-56.98925221246755,-22.238486556240634],[-56.9869015807936,-22.242538268205845],[-56.971297135942876,-22.24441002538386],[-56.971560015208844,-22.240607649024998],[-56.96631786513585,-22.24083032068379],[-56.95876134495027,-22.237920842928922],[-56.956926218220886,-22.23932340155849],[-56.956596991359675,-22.24450843578114],[-56.95360275731458,-22.249936732493666],[-56.950456740231076,-22.251501504029022],[-56.94750621083619,-22.255852007919803],[-56.935864092840916,-22.25373311828178],[-56.92992234690804,-22.25403567140069],[-56.926451347684925,-22.249784378082712],[-56.92260422359506,-22.25464236396524],[-56.915810338252186,-22.255187997971834],[-56.91532844444093,-22.257383794323275],[-56.91860506054158,-22.257527803524244],[-56.91869177055466,-22.258686872241608],[-56.91181054980773,-22.258825620290395],[-56.90826763900135,-22.26502545022827],[-56.90557968695536,-22.26638627024248],[-56.901648891223296,-22.26424889741325],[-56.90274562853889,-22.257803759748022],[-56.89971342875393,-22.25188479304401],[-56.88916806117018,-22.245289803686184],[-56.88656828172839,-22.24589802348493],[-56.87970476530326,-22.251586542651363],[-56.880027917339405,-22.256873558204706],[-56.87587203879065,-22.263011223955697],[-56.87676296738141,-22.26842067138877],[-56.88088555860868,-22.27594721929332],[-56.87974780191033,-22.27791874848812],[-56.86814102691141,-22.283867507325024],[-56.86726256649933,-22.28864520184742],[-56.85991741473844,-22.29238042086957],[-56.85727678066042,-22.289206071731204],[-56.853298740018644,-22.29056487935225],[-56.8427768386237,-22.30143351826866],[-56.835262090294655,-22.299596037304283],[-56.83098317956514,-22.296338258833906],[-56.826067292074114,-22.295926391396403]]]}},{"type":"Feature","properties":{"shapeName":"SAN PEDRO","shapeISO":"PY-2","shapeID":"63826900B6371140935910","shapeGroup":"PRY","shapeType":"ADM1"},"geometry":{"type":"Polygon","coordinates":[[[-57.44703254343452,-23.47758327664324],[-57.427418936088685,-23.47899223978718],[-57.41857436787682,-23.483644295076516],[-57.409515724974646,-23.48417083182994],[-57.404455496892126,-23.49838557219252],[-57.402792444033814,-23.49841632640424],[-57.40149086556028,-23.494717240863025],[-57.39698319383507,-23.492771781927836],[-57.394461969293424,-23.493465781195386],[-57.39519647387195,-23.499387836780397],[-57.39379878725981,-23.50187730280115],[-57.3765243106474,-23.497767977121246],[-57.37455211060679,-23.50002064744646],[-57.374150907316746,-23.50537074053063],[-57.36671391747169,-23.506835938614916],[-57.36204684666454,-23.509491465299785],[-57.35633722082152,-23.50844678850293],[-57.351077122080454,-23.503857109948964],[-57.343964626423826,-23.503555623605305],[-57.33474237695927,-23.496752603689785],[-57.329009425959214,-23.497558199972737],[-57.32786943456377,-23.500390343750666],[-57.32149425558771,-23.49659537852807],[-57.31409896392432,-23.497774095376876],[-57.31094007334977,-23.495796964602697],[-57.30767192116241,-23.4961208071713],[-57.305889461407645,-23.494114401586877],[-57.302938807712316,-23.49533669308519],[-57.30087161130148,-23.494177064049534],[-57.298895362291745,-23.49518582428298],[-57.298960764164924,-23.498755940366696],[-57.29718409216995,-23.49928826427957],[-57.295789739058364,-23.491251259302107],[-57.289453352690785,-23.491474726793026],[-57.28923238790753,-23.495336291844183],[-57.28748669023937,-23.49692629786123],[-57.279592481815584,-23.492841490587455],[-57.27569173038082,-23.492319514200997],[-57.2721866854934,-23.488993441791266],[-57.27125833189428,-23.497722336985436],[-57.2677338739791,-23.498997853951586],[-57.26569421937695,-23.497150105856193],[-57.26468114631422,-23.49241794269846],[-57.26770343237854,-23.483923513486296],[-57.2634864418366,-23.48281995266512],[-57.26322078512748,-23.47898568099449],[-57.25688271301919,-23.47807063029761],[-57.252355801485315,-23.479691251721498],[-57.25014189207974,-23.476389022836337],[-57.243374363264444,-23.475685679552786],[-57.24084581017138,-23.472621823120996],[-57.2363761761949,-23.474215446932114],[-57.23979029198905,-23.47553255438764],[-57.23738449974153,-23.476937894949863],[-57.23647175528449,-23.47958392093164],[-57.23159604583868,-23.47866561635692],[-57.233166254313005,-23.474854994747805],[-57.23244602738778,-23.472872587740106],[-57.23078677332685,-23.474937873892646],[-57.227374074713964,-23.474387511731063],[-57.225860506047994,-23.4778806376938],[-57.222786648119836,-23.474261901577936],[-57.22107107461618,-23.477041217961933],[-57.2189205162606,-23.47688557402873],[-57.2200731754112,-23.48040132379971],[-57.216429412288534,-23.478872532839695],[-57.21471582971818,-23.48300054305528],[-57.21175565536618,-23.478640933333104],[-57.208628773492165,-23.477534398409293],[-57.20775025204909,-23.484094283312547],[-57.20626036878921,-23.484783869493107],[-57.20482021893767,-23.48055434120323],[-57.20167002439568,-23.482965073501568],[-57.19997678550225,-23.481909397323538],[-57.200545620542215,-23.47886732707838],[-57.19773924776407,-23.481145305101464],[-57.196015320630096,-23.47868796376967],[-57.19096716746564,-23.47726612045597],[-57.19280712845785,-23.480728339614185],[-57.19180530926487,-23.4818932190439],[-57.18790059899733,-23.478116133570563],[-57.186959900472445,-23.481978444619788],[-57.18211190818245,-23.480185825285513],[-57.181514404823346,-23.483545220321034],[-57.180218736163226,-23.47955330931254],[-57.17519582210582,-23.475433387162827],[-57.174250985056894,-23.47641296605255],[-57.175457912232886,-23.478500882744914],[-57.17339740289454,-23.48141229875912],[-57.17161839253818,-23.480356408456426],[-57.168437174883614,-23.481391290542987],[-57.16977780344468,-23.475968309593526],[-57.168113475227635,-23.47483291562159],[-57.165396034498215,-23.479834205281165],[-57.16390496269988,-23.479703547826162],[-57.164388705322295,-23.476741033278525],[-57.16315472877653,-23.475816701827068],[-57.15897074567525,-23.477407812726877],[-57.16324610978163,-23.480180274988957],[-57.16247392689741,-23.481767869569783],[-57.15584733733458,-23.478865522665284],[-57.15335521375525,-23.480825032803637],[-57.1505440211621,-23.479611234373365],[-57.14963050721974,-23.48312949642803],[-57.1464153277528,-23.47958872000013],[-57.14577970491874,-23.475172752905518],[-57.14245704176799,-23.47805849246892],[-57.14219370295978,-23.473113237408985],[-57.13668878440851,-23.47282724686275],[-57.13645784860302,-23.47129355106],[-57.13978289781617,-23.47070878334977],[-57.13490636157476,-23.468015531770124],[-57.135447964412634,-23.464973711362987],[-57.133557277749816,-23.46637700771507],[-57.13005884638582,-23.465480782738677],[-57.13289917536641,-23.467647003993182],[-57.13069467954224,-23.470690218136493],[-57.12220354978812,-23.46527556283504],[-57.11758841073017,-23.46578159431954],[-57.11535407408238,-23.46784609311066],[-57.1154949554818,-23.465016208409754],[-57.11065021239116,-23.465231293618],[-57.11099182038076,-23.462348375240225],[-57.10846820731362,-23.46129228790189],[-57.10858618639125,-23.465338530298286],[-57.10557423307703,-23.46309263991419],[-57.10506101775934,-23.466636826291886],[-57.1014206803681,-23.46737973960029],[-57.10138845640274,-23.462725165152236],[-57.09660172248702,-23.463786065544667],[-57.097832376758085,-23.460981962063936],[-57.09674207480565,-23.459686759141608],[-57.09255810680688,-23.461725684924676],[-57.089948147712526,-23.45992884327933],[-57.08028797666058,-23.460991978219067],[-57.07698954648053,-23.458084515222165],[-57.076560506106006,-23.459750861882647],[-57.07940004864278,-23.462261868302374],[-57.078254170004406,-23.46366411643834],[-57.07225915179307,-23.457372719494927],[-57.070682491111675,-23.457373441756893],[-57.07028254465599,-23.459991836515115],[-57.06864805372465,-23.459093379199572],[-57.06776016179681,-23.460627670081553],[-57.06643986708414,-23.457428199315498],[-57.065695347374266,-23.459068203959887],[-57.06113736735275,-23.45920229051042],[-57.06297058497371,-23.456107308258687],[-57.061594321653374,-23.45549958532527],[-57.0591012604343,-23.45751049160675],[-57.0564046576082,-23.45293622575702],[-57.054943477263215,-23.454788010344657],[-57.05264987236638,-23.453968955919482],[-57.048608473835806,-23.455292598616907],[-57.05047067581531,-23.452409325070192],[-57.0496098812438,-23.450188084718807],[-57.04803342951829,-23.45053238379031],[-57.04746098829121,-23.45293920237129],[-57.04588430644729,-23.452728101184526],[-57.04611285027913,-23.450480069922246],[-57.04307439510947,-23.450613171226347],[-57.04152529676849,-23.44683172095401],[-57.03900292412831,-23.447123285409035],[-57.0382284460592,-23.44524576504341],[-57.03292484132846,-23.442126267778225],[-57.03040252175832,-23.4423383525263],[-57.029772490215265,-23.444850905879537],[-57.02762234848925,-23.44315871497788],[-57.0265046504022,-23.444058096103497],[-57.03143566433176,-23.447680372080672],[-57.03109193853576,-23.448738307417404],[-57.02338073206866,-23.44646524026601],[-57.02031404819671,-23.4490045486789],[-57.01968315753428,-23.447206257640666],[-57.01615731646167,-23.44620168897228],[-57.013376582812036,-23.443134139259758],[-57.01139891931085,-23.444509522989097],[-57.012345204552844,-23.448608683258882],[-57.008675945486765,-23.445858478013605],[-57.00578112902278,-23.451729766578296],[-57.00139531402458,-23.450381090325],[-56.99792688703807,-23.447419058056344],[-56.997439499013424,-23.452258786599874],[-56.99150604965103,-23.44752462717208],[-56.988209233836784,-23.45207323590677],[-56.985027755079436,-23.44866134657186],[-56.980326662219674,-23.449216203687104],[-56.97735701163856,-23.444203812786487],[-56.96930298648313,-23.438487055525176],[-56.964576388749975,-23.437019984380193],[-56.965608319847675,-23.4402822219679],[-56.9624290393572,-23.445339428214403],[-56.95948995045505,-23.443579409683448],[-56.953967993459464,-23.444457520556746],[-56.94924300347629,-23.438665080755886],[-56.94880731095145,-23.43540293145273],[-56.94078307752245,-23.436426344962072],[-56.93962997510842,-23.438991525988328],[-56.93156682471353,-23.437888647030334],[-56.93442533743157,-23.440931968852016],[-56.932915038387684,-23.44254400239279],[-56.93084949569863,-23.44235984263425],[-56.93172471776763,-23.43983125868787],[-56.92962000128058,-23.438694119469698],[-56.92699685689163,-23.441331840369305],[-56.930133948936536,-23.44334912076193],[-56.92989488919428,-23.444705126842297],[-56.92645454437832,-23.443283290326352],[-56.92505323415015,-23.445124371706942],[-56.9228794645736,-23.44314411978641],[-56.92028618929524,-23.445286942117956],[-56.917934289986285,-23.442399401838628],[-56.914297192024875,-23.446080944262793],[-56.91045386995189,-23.445996320406973],[-56.90929465913801,-23.441982288823283],[-56.90515539660346,-23.439285927216243],[-56.89818194107292,-23.442030412893367],[-56.89261137238824,-23.441202016839636],[-56.888706688054455,-23.443425872207406],[-56.88331439614317,-23.443147046999574],[-56.87691387951819,-23.437781820496856],[-56.87801758578947,-23.436243314508875],[-56.87703553858681,-23.435088015206773],[-56.87232444691532,-23.43934499446218],[-56.86714230396118,-23.437663855419334],[-56.858289336795586,-23.442191716030678],[-56.85302010279352,-23.438503350072203],[-56.85448363635551,-23.435096114147864],[-56.852041654483564,-23.434296643368175],[-56.847240071870026,-23.438855154390755],[-56.845156173905394,-23.437533640824242],[-56.84163735476709,-23.440388941518307],[-56.83666225035488,-23.440218883104244],[-56.831987721114956,-23.4379598444406],[-56.82885626352817,-23.440540384168226],[-56.82409306529712,-23.437841194495952],[-56.8166125883295,-23.439839262220172],[-56.81178739712447,-23.43903634780577],[-56.81241609173637,-23.436865494267394],[-56.809767723080974,-23.43471816894867],[-56.80917561306159,-23.432133505174995],[-56.80718344557151,-23.429519627901964],[-56.80417556999157,-23.42891113199697],[-56.80430010796376,-23.425255283974227],[-56.79640472682115,-23.426124831298132],[-56.792347328341464,-23.4300228899664],[-56.791130435101174,-23.427162438337096],[-56.78999775044243,-23.42760073916683],[-56.78554974362388,-23.433422303046715],[-56.780872663349214,-23.43338832026339],[-56.77687721732142,-23.435471802096462],[-56.77609746315449,-23.43854941897248],[-56.772521514763206,-23.439094023705753],[-56.77135466656361,-23.441978627861886],[-56.76760037895403,-23.442220481649493],[-56.76169149608987,-23.447764276661132],[-56.75200215931079,-23.451157767497126],[-56.744562623638934,-23.446417727925425],[-56.7440030618968,-23.443035712278498],[-56.739351954073214,-23.444787286103967],[-56.73908808137396,-23.442615244956897],[-56.731596677276755,-23.4345208899795],[-56.72713179069328,-23.43269890147037],[-56.722866560331525,-23.435192852986102],[-56.72117251730413,-23.43326563392219],[-56.71932435001478,-23.433812095860453],[-56.7198204753388,-23.438705958136413],[-56.71473129672132,-23.436277744831465],[-56.71029224520475,-23.436352037136484],[-56.70942343634009,-23.438576996616725],[-56.698739294488334,-23.446830797656443],[-56.6885987790618,-23.451401474284236],[-56.68538182801895,-23.45103767075843],[-56.67438057499709,-23.441778970108984],[-56.6711896806337,-23.443036751859026],[-56.66874868346501,-23.44223442490044],[-56.66588392377669,-23.44409753559635],[-56.663236692863045,-23.44238756079261],[-56.6577538456378,-23.442787962324683],[-56.65623841709765,-23.441245278478537],[-56.648306318232834,-23.44403142996112],[-56.64318862946364,-23.441545855826153],[-56.639249884390544,-23.443818343827992],[-56.63278262299907,-23.444627914485313],[-56.62463671117121,-23.449034166293384],[-56.616689304710796,-23.45673907412389],[-56.61413217399027,-23.454918539929416],[-56.60990185524242,-23.454715602566466],[-56.6076260725279,-23.45855826015396],[-56.603636724022074,-23.45744864424409],[-56.60075482619625,-23.454692465263793],[-56.59527525368823,-23.45379872227834],[-56.590891801587084,-23.454969287871116],[-56.58556752491743,-23.45206896686412],[-56.58142465730913,-23.452525209671286],[-56.57151681474678,-23.448265126976654],[-56.568030372416175,-23.448447933148138],[-56.5647633717926,-23.445305196468894],[-56.55624883900095,-23.443439507571775],[-56.55499268893365,-23.444892807191042],[-56.556889506725376,-23.447866933225868],[-56.555513778967196,-23.449429849091853],[-56.55274464918252,-23.448927148961847],[-56.55124504373268,-23.45186408267587],[-56.54300259790235,-23.448788972540836],[-56.53738939481638,-23.45223594284484],[-56.53337057681141,-23.451261890439937],[-56.52903078354856,-23.45680145533237],[-56.52581252633255,-23.456901659608448],[-56.52385846978342,-23.45343220605898],[-56.516509995719694,-23.450468382526466],[-56.51486424150226,-23.444250961206578],[-56.5166974534703,-23.431694562370016],[-56.51507267272599,-23.42795113404047],[-56.5110294208246,-23.425766960354814],[-56.50364681953528,-23.424451727914146],[-56.50323851707927,-23.422113935972593],[-56.500674655458276,-23.42268301153031],[-56.49846065350847,-23.425259803897436],[-56.49137577497651,-23.424027414226693],[-56.485493689764716,-23.419912418213297],[-56.4846176629826,-23.415373988587874],[-56.481591315899045,-23.412340280619485],[-56.47674827211815,-23.409300441939195],[-56.4695457657615,-23.40795672745131],[-56.46576001958841,-23.40874098686478],[-56.46309941799163,-23.403784008962738],[-56.45716321426655,-23.40607250227286],[-56.45401149294665,-23.412026432602946],[-56.44830518776535,-23.416212056709202],[-56.4403497842766,-23.416815984510556],[-56.43482997936557,-23.41902263715899],[-56.43073478461097,-23.415434332196508],[-56.4273043853256,-23.416603775822274],[-56.42277984540803,-23.41592741278934],[-56.420630868844896,-23.41693651268816],[-56.41798929214541,-23.421599638347494],[-56.414706804084915,-23.416172255156052],[-56.406106807102226,-23.414353085676005],[-56.4043476386039,-23.408106637059642],[-56.39755662457004,-23.40816306555221],[-56.387775986054635,-23.39770715126319],[-56.38489069744308,-23.390493996789715],[-56.37427169796854,-23.387840513001315],[-56.371222970550946,-23.390219725933616],[-56.3656265502914,-23.389757314281276],[-56.36295996082002,-23.386915227746567],[-56.36261918467887,-23.383450371348708],[-56.35298477986095,-23.37959000143104],[-56.35524304184136,-23.372379186946006],[-56.358825065203575,-23.370524733926086],[-56.36187364618203,-23.363976753973116],[-56.35950972152658,-23.36022874054028],[-56.35486413739964,-23.36042956312588],[-56.349741065725404,-23.35271175278284],[-56.34537090157366,-23.35346319893424],[-56.34010166492714,-23.35138864859743],[-56.33727574794555,-23.352916031520827],[-56.33251755292325,-23.35186960148422],[-56.32547942408715,-23.3464151724975],[-56.31920017929728,-23.34792731340258],[-56.31422301887359,-23.345397045275924],[-56.31191716825559,-23.346859673249035],[-56.309410062806506,-23.345944115691772],[-56.30092403042279,-23.337997717759023],[-56.2987709996358,-23.339054961154048],[-56.29738525831637,-23.342260949914788],[-56.29357274581358,-23.3436237672284],[-56.291067867509064,-23.33995958850615],[-56.29345210969872,-23.33794099541422],[-56.29429950855663,-23.332053848529902],[-56.292355405881274,-23.3292387504782],[-56.28944373536493,-23.328924065518297],[-56.28750745863602,-23.33173319360786],[-56.286104455935714,-23.328734938752863],[-56.28191756477243,-23.329713092999157],[-56.28217749452586,-23.328079194791115],[-56.276805017568385,-23.332333547032714],[-56.27427439487,-23.33122018928426],[-56.27223691957043,-23.324879122199754],[-56.27020817261247,-23.323872398381415],[-56.267251637381406,-23.324902273522902],[-56.26416823451603,-23.32387893982722],[-56.2602687203753,-23.327385869008705],[-56.25943682755338,-23.32341598902142],[-56.25676358517396,-23.320910117134673],[-56.25194850889659,-23.319715976232448],[-56.249524173863,-23.322116422081397],[-56.24111152124916,-23.313571936726866],[-56.23829351742132,-23.314532358085387],[-56.23341030883137,-23.328207651035545],[-56.2315259731621,-23.329306508724112],[-56.22678555796772,-23.319057836760614],[-56.22502200747213,-23.319069741491326],[-56.224692161621526,-23.322057375199613],[-56.21795719513397,-23.320931280835588],[-56.218615625708445,-23.319037930110277],[-56.22201779011392,-23.317467452987515],[-56.21994806578952,-23.312571263312805],[-56.22303081157061,-23.308319136174035],[-56.22023494620014,-23.305480911282853],[-56.217325435707984,-23.30682704557303],[-56.214177944143536,-23.303079872552324],[-56.211642026917225,-23.30541732344441],[-56.20774013561456,-23.304717340765293],[-56.207883771461496,-23.310614127746916],[-56.20323600584471,-23.307704392219183],[-56.19725749735276,-23.307137889193186],[-56.19530973276651,-23.300695846790298],[-56.18908427568867,-23.304106572767424],[-56.18217389709864,-23.302668824995983],[-56.180219469936986,-23.308369114779666],[-56.17412338828378,-23.301554622988903],[-56.17249565524141,-23.304906365870103],[-56.173737923505314,-23.30975755539117],[-56.170421186685424,-23.3082969555588],[-56.16389543083288,-23.309602291328638],[-56.168333274356904,-23.31383144987506],[-56.16328982810954,-23.317206152385552],[-56.162516051725646,-23.319572791781123],[-56.16504539504679,-23.322039522623765],[-56.16251094720443,-23.322812411575175],[-56.16459349757643,-23.35234140114965],[-56.160151652818435,-23.36359002741379],[-56.15893710642621,-23.376897189534716],[-56.15629897658785,-23.385201761943687],[-56.15701117834122,-23.405343159434604],[-56.15476224801699,-23.411098136011418],[-56.15428140917054,-23.423519449326996],[-56.161080135898835,-23.44536456137586],[-56.16705683362967,-23.452459812903566],[-56.1683533182336,-23.456382217889516],[-56.166513082349255,-23.470164654862305],[-56.14186304476713,-23.499430746467432],[-56.14166718507416,-23.502925119246445],[-56.1388783785554,-23.505190349916344],[-56.13533132138186,-23.512008042283174],[-56.1363234965165,-23.518877982226343],[-56.138263447314735,-23.518699056445453],[-56.141048369685805,-23.52311761941712],[-56.1437830051645,-23.533632555866646],[-56.13574354459925,-23.565286307663065],[-56.13212669727996,-23.56510358071131],[-56.128350396526116,-23.57201005632603],[-56.12525328371155,-23.573406174959153],[-56.12092473703237,-23.5835021681464],[-56.117689723553255,-23.58431026255138],[-56.115796107401714,-23.58912712018893],[-56.111069986894094,-23.592130390720055],[-56.113509815739185,-23.596299065484992],[-56.11404515324111,-23.605876058517083],[-56.11192327738752,-23.603312392323314],[-56.10243905155055,-23.601930153286734],[-56.09404987780787,-23.602034977173513],[-56.084361374680135,-23.606561868209592],[-56.07462257563745,-23.607863432853105],[-56.06972328986157,-23.607748348711574],[-56.06091022007259,-23.604190903189398],[-56.053433701677456,-23.597805100133435],[-56.05255574482864,-23.594164400059952],[-56.048541995666405,-23.59066709289107],[-56.047259952980546,-23.586689708044194],[-56.048991545809464,-23.57554137292589],[-56.02157609049001,-23.599061779876827],[-56.010947309621166,-23.617509690912062],[-56.00105679218996,-23.62320411246332],[-55.99714771013646,-23.632183580118262],[-55.992053111050055,-23.638834062492666],[-55.99192443160596,-23.648433977072617],[-55.990063826188916,-23.65477118008427],[-55.98766835977637,-23.6570857402234],[-55.9870425342423,-23.661719441562855],[-55.98292732451392,-23.666718635366315],[-55.97841127293507,-23.668776695510676],[-55.98096129281085,-23.66916410220419],[-55.98048914500347,-23.67085432046631],[-55.97932559446695,-23.670599582794786],[-55.9799810627079,-23.671958560217124],[-55.97862213133503,-23.671847368194356],[-55.98171593866515,-23.67249820459824],[-55.9828145998654,-23.6751636228707],[-55.984847143473395,-23.67429940885328],[-55.98360898559846,-23.67531367487235],[-55.98461013456662,-23.676240386556948],[-55.983027566934034,-23.67633224342515],[-55.98475537139596,-23.67659917357996],[-55.983331790110064,-23.67766333951046],[-55.985423174073915,-23.678767597641627],[-55.985113737256746,-23.680503622971994],[-55.98327375643338,-23.68038079770398],[-55.98503255932676,-23.68143175703317],[-55.984892715344735,-23.68516254258627],[-55.98659439930402,-23.6852333269773],[-55.98338573439711,-23.68742746039655],[-55.983719269041636,-23.689755570435306],[-55.981080130163214,-23.69007050001821],[-55.982377960270966,-23.695702138398143],[-55.98066114963479,-23.695179651606256],[-55.980517127254764,-23.698237327606584],[-55.977906428188525,-23.69844162710497],[-55.97633579836239,-23.7005271274776],[-55.97812299595851,-23.700334460274245],[-55.97739059922648,-23.70170983760332],[-55.97878651226361,-23.70186389134395],[-55.977844569959124,-23.702820413826394],[-55.97907664959134,-23.703816847962116],[-55.97742659369607,-23.70421490587642],[-55.978678976849,-23.704981441158374],[-55.97833724218558,-23.707279538819154],[-55.97697874549096,-23.707066089104586],[-55.97930284739022,-23.71042120766344],[-55.976469989466445,-23.711791225624484],[-55.977764054506835,-23.713154433635403],[-55.97642341709379,-23.714202026570703],[-55.97814769064223,-23.713795954995792],[-55.97770756339894,-23.71802739730306],[-55.97638864046152,-23.718657662086674],[-55.98001991203213,-23.724108771555244],[-55.97577468836037,-23.728545094962527],[-55.976236992805426,-23.733336283344503],[-55.974435369666665,-23.732949472200318],[-55.9761909270874,-23.740415926639592],[-55.97473549357073,-23.739537262599157],[-55.97494160468363,-23.74158337845206],[-55.97347771414343,-23.74060240870589],[-55.97504792874426,-23.742188988045662],[-55.97364892373374,-23.74237566030203],[-55.9762003790023,-23.743943182229277],[-55.974957261790834,-23.746678313506305],[-55.977348668388835,-23.746234087374148],[-55.977398351272576,-23.748168406283284],[-55.981278173254616,-23.752709518553253],[-55.98112018907198,-23.757547713393606],[-55.97937685107051,-23.7591379261447],[-55.98189275628565,-23.759376039285918],[-55.97942410484603,-23.7613874577254],[-55.981345667045886,-23.7628683820029],[-55.9803089161744,-23.764451900530833],[-55.98434389837644,-23.764580721332305],[-55.986692379017704,-23.770514552557252],[-55.983810647861446,-23.776027787186404],[-55.98518089149836,-23.77919479248118],[-55.98666709626713,-23.7785570524972],[-55.9860323190458,-23.780824821934367],[-55.9880563507394,-23.7840642552135],[-55.98910424786272,-23.784241516335666],[-55.98904388950006,-23.782469008041893],[-55.99193114246149,-23.78263556600367],[-55.99270265986552,-23.783435779761756],[-55.990521846123684,-23.78450070622621],[-55.99459976544121,-23.78554969287784],[-55.99331459542033,-23.784121353454555],[-55.99585443479922,-23.784524126547616],[-55.99769413018328,-23.787694081104167],[-56.000008990448194,-23.786857117443827],[-56.00061516146196,-23.78830372649349],[-56.00322518947962,-23.789229380634445],[-56.00380029672073,-23.788278877125748],[-56.007027133793116,-23.79088968769304],[-56.010078871742735,-23.79055714010911],[-56.010284938401206,-23.794318531417],[-56.01193434834862,-23.793329445363447],[-56.01263591951332,-23.79524237086617],[-56.014285324594425,-23.79425325778815],[-56.01459249430276,-23.79608413732797],[-56.018514742791496,-23.798210685550103],[-56.01806456182586,-23.80061608556963],[-56.01894901614649,-23.79956525581105],[-56.02067216140191,-23.800269146904622],[-56.02044805695104,-23.803811963111848],[-56.02164592841169,-23.803774124409724],[-56.02057576562908,-23.804891948009196],[-56.023765494107906,-23.809262945502034],[-56.0230392983068,-23.810610155404365],[-56.02230489801016,-23.809753522255505],[-56.02348056421669,-23.812691781010333],[-56.02551664121559,-23.81285233524467],[-56.02721421523417,-23.822321181080042],[-55.9771072191241,-24.02861380992586],[-55.97803610982972,-24.029757665756676],[-55.98016296925128,-24.02805300745474],[-55.98201509401025,-24.02845058209543],[-55.98341498370156,-24.031364666919554],[-55.98485136225714,-24.028634593222048],[-55.99012737599629,-24.031233454542956],[-55.99276210845606,-24.029283907689226],[-55.994651518870356,-24.029735359402718],[-55.99492519857947,-24.03142306746763],[-56.00247221030364,-24.024728745019342],[-56.008509184316054,-24.02536502910848],[-56.00925535759357,-24.02280585777136],[-56.00666009001672,-24.02215683372326],[-56.006693647556226,-24.020277956206094],[-56.013532024901906,-24.02360616565577],[-56.01392806262427,-24.021817425975673],[-56.01739991097855,-24.02536962779368],[-56.01515455776526,-24.02646159297741],[-56.01554723191668,-24.027623187050775],[-56.01867093344169,-24.029206218862754],[-56.01895018133655,-24.03272033987688],[-56.01657246710543,-24.031089418240136],[-56.01792680452398,-24.034030905421073],[-56.02058452660818,-24.034047924179827],[-56.02284403627635,-24.036152194243552],[-56.028645119185825,-24.035188082499342],[-56.03114808665382,-24.03799624700379],[-56.03343123442552,-24.036974533369126],[-56.035024657693924,-24.03868806678473],[-56.036410415071614,-24.03748503575017],[-56.03651464885866,-24.044018644057832],[-56.04010434137816,-24.04474366019647],[-56.03770504750493,-24.04337634783763],[-56.03917175961521,-24.041576702761976],[-56.04378565540651,-24.04601357743912],[-56.04555878939499,-24.044145537585067],[-56.04861180274163,-24.04764176192589],[-56.04806653460199,-24.04897306327297],[-56.051075764585654,-24.048043412072737],[-56.05179948779216,-24.051050953571167],[-56.05332462915196,-24.049093478808704],[-56.0543272810118,-24.05319156145854],[-56.057064355963334,-24.052874772891425],[-56.06042770663916,-24.055845829768913],[-56.065991773306735,-24.05336855185053],[-56.06705976633327,-24.05377898623564],[-56.06520152602475,-24.056858520474986],[-56.06961231326829,-24.0551819031155],[-56.07130863750615,-24.055982486419914],[-56.06770295692516,-24.057400631452246],[-56.073432182473425,-24.061211208064755],[-56.07283837991847,-24.063999933182792],[-56.0754187499227,-24.064226289385406],[-56.076754591893256,-24.061968883575886],[-56.076289324489224,-24.065513557778754],[-56.07792782313298,-24.066401529877403],[-56.07907377295865,-24.063949779054504],[-56.08069975798931,-24.066593827622235],[-56.079116050688164,-24.068744402110944],[-56.08027132614957,-24.070349474660667],[-56.07792096246356,-24.07003677669837],[-56.07826979713223,-24.07207604542726],[-56.08113573416184,-24.072514768691907],[-56.079793335794186,-24.075685381226865],[-56.08643979936401,-24.074390525815392],[-56.085980341361584,-24.077144982686598],[-56.08367361357421,-24.0787468639011],[-56.08505046237159,-24.08149474464429],[-56.08771219455463,-24.08108916194888],[-56.089239036466324,-24.078867915140727],[-56.09206909576312,-24.081712191953574],[-56.09082943714019,-24.083900051046463],[-56.09347751206675,-24.08272156925843],[-56.095625167801565,-24.084701206748175],[-56.097203645435776,-24.08328802674035],[-56.09594520837418,-24.088162774067722],[-56.10076295791514,-24.088577544338147],[-56.10023041649676,-24.090875006808645],[-56.1044249548478,-24.090144478055905],[-56.10627353770825,-24.093913524650052],[-56.101852266504004,-24.094221287624073],[-56.10111711303923,-24.092653965455256],[-56.100348256428795,-24.095915937566804],[-56.103477985350736,-24.09702315619363],[-56.10232422110734,-24.100616552269035],[-56.10756869303818,-24.100260904936704],[-56.1072250900609,-24.102910731006343],[-56.10373359682558,-24.10427767562937],[-56.10576258262406,-24.106888706416825],[-56.11134138986787,-24.105252880546924],[-56.11050660966183,-24.10700420321476],[-56.114139443371414,-24.10734141914099],[-56.11346429763479,-24.11092011288366],[-56.1184634613467,-24.110123630366104],[-56.120170589222084,-24.112293574121512],[-56.12380443356548,-24.10969774419376],[-56.12893777711683,-24.10884900140633],[-56.13542558114311,-24.114277340669215],[-56.13884309241699,-24.112522892221612],[-56.13923946350526,-24.116195558390345],[-56.14173860079328,-24.11443586859533],[-56.145370001436454,-24.11503576843007],[-56.14485982447943,-24.116947160375723],[-56.14250339083821,-24.117390559237826],[-56.14514764232379,-24.11970598643004],[-56.14714406257951,-24.118733680533104],[-56.148043985927444,-24.12153104250204],[-56.150357341692896,-24.121824919118325],[-56.14900669360617,-24.123520902499486],[-56.15235881981024,-24.125892835389298],[-56.15000050463705,-24.12659976589657],[-56.1559916521035,-24.135080262151103],[-56.1537146470386,-24.137947805371336],[-56.1556470802984,-24.138011189508106],[-56.15688356095066,-24.136226712142918],[-56.16056309009796,-24.13835441374432],[-56.15839209062204,-24.14257487302968],[-56.16068716003174,-24.14573108580491],[-56.15798691401315,-24.14599720187265],[-56.1583825257886,-24.14988055480046],[-56.160641057554564,-24.149331489439724],[-56.15926587280889,-24.150838489282172],[-56.16013604213218,-24.15310980031147],[-56.157310954404906,-24.152143154390235],[-56.15648556141084,-24.15464385467728],[-56.15763429523205,-24.15680750714086],[-56.1597843469154,-24.156633787585694],[-56.15795244970604,-24.158409845602186],[-56.160551363961055,-24.159189663975894],[-56.159072770029454,-24.1610604652207],[-56.161693997408825,-24.162304324719173],[-56.15863204572765,-24.162728207704408],[-56.16102993033253,-24.1658425417527],[-56.15894976218672,-24.170763309920424],[-56.15466254134624,-24.17064174603612],[-56.15500665991923,-24.168598346505593],[-56.15337396482459,-24.168706726219682],[-56.15306125034158,-24.17245308436567],[-56.1547897028613,-24.174008884522014],[-56.1529026939572,-24.175466334306318],[-56.155085477911996,-24.177690113316654],[-56.15119528275654,-24.17879391184964],[-56.15480378894059,-24.17996872186293],[-56.153051689120375,-24.183599439005214],[-56.15147200999412,-24.183727661270446],[-56.15343903409892,-24.186331921229375],[-56.15304311061601,-24.18813036866395],[-56.15012474886075,-24.19063894239726],[-56.152559144957095,-24.196066858851292],[-56.1506268756938,-24.196056101354593],[-56.150894420608324,-24.19930943515945],[-56.14866847551392,-24.199980877831372],[-56.15159694277026,-24.20351422452109],[-56.15427461295379,-24.20357098123711],[-56.15494716899441,-24.205416957697217],[-56.153394232042686,-24.205547899653403],[-56.153644976604326,-24.206749543289817],[-56.156021613387914,-24.206316123613796],[-56.15435685232566,-24.211861535971785],[-56.158022006819834,-24.21913916441755],[-56.16255469827254,-24.221815873615526],[-56.16146052623564,-24.223903309386838],[-56.16378779640016,-24.22408358460424],[-56.161452483686965,-24.225131425771462],[-56.163315021915054,-24.22656522526298],[-56.16635129591403,-24.225381630034004],[-56.165671234247085,-24.226982889763562],[-56.16730820097399,-24.228010669337955],[-56.16579419739555,-24.229132847619724],[-56.167907146838964,-24.229521232970573],[-56.166602287377366,-24.231244687836085],[-56.169077721236036,-24.234412364067506],[-56.17002430742041,-24.2339569661487],[-56.16867659672729,-24.23055820952466],[-56.17252399937922,-24.23103973427393],[-56.17093065272208,-24.23266396234439],[-56.1718143144698,-24.234873882105244],[-56.168920884203274,-24.24215729496604],[-56.171724798201026,-24.24400086768188],[-56.16832954143907,-24.244149825434896],[-56.16951556163952,-24.246682405634193],[-56.16721485905013,-24.24703269617436],[-56.16481297978035,-24.25122039084756],[-56.16755054868821,-24.251584303418742],[-56.16428998235216,-24.252054898285454],[-56.16322938549605,-24.253626134665193],[-56.163022335781136,-24.25735133687771],[-56.16485654667378,-24.25853375044495],[-56.16199609216392,-24.260639377237855],[-56.16333063061479,-24.268392480135635],[-56.161643585833154,-24.267964499114246],[-56.16040563933859,-24.271014097708353],[-56.15603268428567,-24.273864882118108],[-56.15588746890139,-24.27740896938581],[-56.15779475381101,-24.276777560619415],[-56.153417708614995,-24.282503227835072],[-56.15597329595648,-24.282852392381496],[-56.156245974163994,-24.28536603284088],[-56.15175115860613,-24.285843436284846],[-56.14789499251795,-24.284161071512443],[-56.139690109487184,-24.290674269402878],[-56.13920511838303,-24.292597479494706],[-56.13142709440967,-24.296656333023616],[-56.13084897826106,-24.29881623352987],[-56.126492701837314,-24.30121961905027],[-56.128166828208826,-24.301354843505],[-56.12785093310576,-24.30301381256757],[-56.1295216569188,-24.303651425143503],[-56.12920756623115,-24.307278225755066],[-56.12780316779078,-24.307772588358475],[-56.1283542032539,-24.30959005151947],[-56.125282715564,-24.308902496155856],[-56.12653768937602,-24.312440623886186],[-56.12478660760985,-24.312402629163994],[-56.125643626083175,-24.314012521289314],[-56.12424259041396,-24.314004447010223],[-56.123007500830276,-24.31643964051157],[-56.12441430421942,-24.317829416135876],[-56.12661589861977,-24.316586046815207],[-56.12535285839556,-24.318658237757045],[-56.1261609823349,-24.32074235477018],[-56.12823362128909,-24.320544929524743],[-56.1286882772443,-24.32310151061942],[-56.126338687106255,-24.32370207545371],[-56.130433879571726,-24.328428804575655],[-56.12905249319585,-24.327750990415872],[-56.128233828706364,-24.329421024165214],[-56.126849192782934,-24.329217679730117],[-56.12649594539129,-24.331867306333198],[-56.12686676798698,-24.333320875618753],[-56.129881069491184,-24.333547531734638],[-56.13093724254309,-24.337251952761317],[-56.128635002908865,-24.337573695947768],[-56.130089389893946,-24.34095941728755],[-56.12678617668415,-24.340633407718105],[-56.12863386188567,-24.34219315642953],[-56.1248362918965,-24.342869100936813],[-56.125093497831884,-24.345340810245233],[-56.12775448431322,-24.346039982881322],[-56.12501818334094,-24.347433788462197],[-56.12530202884335,-24.350463892991968],[-56.12056600728741,-24.3568423327338],[-56.11992951841004,-24.362965342550357],[-56.117926834688454,-24.363958536644816],[-56.11988869761938,-24.366663452972432],[-56.118034585611866,-24.365996743411124],[-56.11579021862088,-24.368872564556224],[-56.11799510170802,-24.37169057021164],[-56.11815247452627,-24.375361916361857],[-56.12303516270436,-24.378767603946855],[-56.12259409402557,-24.38569814643556],[-56.11119009264557,-24.395741724279063],[-56.11230683535659,-24.39703955640908],[-56.10954305153309,-24.396813122625193],[-56.109804161193786,-24.398546377036418],[-56.09928263234073,-24.39945512794069],[-56.09992602146338,-24.401210689079686],[-56.0939813499343,-24.39945353525306],[-56.09434091551552,-24.402678876536836],[-56.09287091101587,-24.40035778980313],[-56.08869963420244,-24.399772191816066],[-56.08221648219631,-24.404497742757552],[-56.08079134690082,-24.402046689435466],[-56.080048994887576,-24.404935034163895],[-56.079765791693774,-24.401780202319763],[-56.07641749473463,-24.399257350513064],[-56.072721642642634,-24.4024379236995],[-56.065034439427805,-24.40134963037708],[-56.06113688675393,-24.402196372578725],[-56.06111633576208,-24.403497524708378],[-56.05869760476395,-24.402431474710085],[-56.0577308469793,-24.403086110466287],[-56.05909567776795,-24.403140424209482],[-56.05798137765168,-24.40415966072305],[-56.059117380460215,-24.404567899899547],[-56.05541157703886,-24.406804076569987],[-56.056449469493415,-24.40738486156854],[-56.05486943632489,-24.41148810511029],[-56.05650221481266,-24.41269759086282],[-56.0518924913735,-24.42096535644119],[-56.05340078867668,-24.420738315623854],[-56.049315066103524,-24.422717166918005],[-56.05029206215029,-24.424463129160554],[-56.044787837597056,-24.429411477929698],[-56.04440028399726,-24.431875188649858],[-56.03380781778222,-24.434600633630925],[-56.02583192883056,-24.440911915466547],[-56.026432489468675,-24.44279636093598],[-56.0253718122497,-24.443960666078446],[-56.02425794161871,-24.443244044545256],[-56.02440843686132,-24.4452663535822],[-56.02241141648438,-24.44581650266373],[-56.02467202501564,-24.446979715028633],[-56.022325056665444,-24.45142951406098],[-56.020503507209774,-24.467453249976092],[-56.01282246034319,-24.474255509591732],[-56.0137200023232,-24.47591671758931],[-56.01220782419082,-24.475760448875647],[-56.01278759745988,-24.48266714164698],[-56.01050599110325,-24.484910013147555],[-56.01143868822995,-24.486014053508594],[-56.003701693075726,-24.490338044864213],[-56.00408661284865,-24.49224366300676],[-56.002025930169744,-24.492179385337764],[-56.00041853070392,-24.495485062251827],[-56.002368983015096,-24.494709704698646],[-55.99427858059652,-24.502358413637726],[-55.99496008076856,-24.5079651899859],[-55.99254936566934,-24.508551570181528],[-55.993509992213426,-24.512330335057573],[-55.99193327014513,-24.51481407022997],[-55.99393975252444,-24.51941059000359],[-55.99087989505738,-24.528809767724653],[-55.98295721809061,-24.533584182374984],[-55.9809088769696,-24.5383943224598],[-55.97727801290538,-24.539913650138],[-55.97654139696294,-24.543284821009088],[-55.969025693920536,-24.545198042046504],[-55.96955159394391,-24.546745541602586],[-55.96802935787387,-24.546566920686452],[-55.96562119744766,-24.549506059272424],[-55.95897701110094,-24.553190914216838],[-55.95821723436263,-24.55691024427025],[-55.95100925782453,-24.56275949070174],[-55.94518095445895,-24.563007158489995],[-55.94295817263453,-24.565530649234276],[-55.942138020510455,-24.570378840503842],[-55.94048116740505,-24.570570385724928],[-55.94346015824663,-24.585884610870796],[-55.942143091433145,-24.59035001461502],[-55.94413279199617,-24.595470770677622],[-55.94083662642299,-24.610189999244778],[-55.942507243524275,-24.611727912107543],[-55.9419703821965,-24.615146715102494],[-55.9440188533164,-24.619265489731628],[-55.9427816162538,-24.62190274785094],[-55.935172847779924,-24.62354230125645],[-55.933359216259056,-24.629245766892566],[-55.92943666476544,-24.632780427716565],[-55.928722862592245,-24.638211702274383],[-55.92556069417735,-24.64297077839088],[-55.92317993698475,-24.643355599530498],[-55.92073498597589,-24.64783072354652],[-55.916731942291165,-24.649490621644667],[-55.91579800632273,-24.655805202478774],[-55.91313474529953,-24.658756977780687],[-55.91389582297533,-24.660446657843618],[-55.90784654705721,-24.66496768599439],[-55.90116398229217,-24.664173946306178],[-55.89757920510175,-24.667136745338677],[-55.894451177295345,-24.667032483069246],[-55.88628384890691,-24.673121835129923],[-55.8800752223048,-24.672484179008617],[-55.87537823927937,-24.67961014358128],[-55.86703579257615,-24.68485725838006],[-55.85763106132958,-24.701993203697793],[-55.85255034754945,-24.72280981026083],[-55.84827913207134,-24.729012441947706],[-55.844395112303054,-24.731452321401218],[-55.84501201809788,-24.737787254011216],[-55.83999837352583,-24.747708841865496],[-55.83961893764156,-24.76187876839649],[-55.825304579614176,-24.76436336078991],[-55.82124060017246,-24.76952826963886],[-55.820961463521925,-24.7748673873577],[-55.81272943085798,-24.775195148967207],[-55.81082681695342,-24.776679045761107],[-55.80105836509182,-24.775413687592394],[-55.797375834547445,-24.77934383713059],[-55.79048846181335,-24.777139202040544],[-55.78252954636401,-24.78208636029767],[-55.77421430122718,-24.779128900852815],[-55.7710094241686,-24.782922316369955],[-55.76509926625487,-24.780512336125827],[-55.759589459809185,-24.78293648305933],[-55.7489891693981,-24.776545363861572],[-55.7287383193678,-24.782867291025802],[-55.70199130680406,-24.78396972493441],[-55.7057663858346,-24.786314830256135],[-55.7080152810671,-24.79095669656946],[-55.70753587563067,-24.798883236753277],[-55.71211376014331,-24.8198996095373],[-55.7168454099689,-24.826134249380207],[-55.72287318536154,-24.82957189932384],[-55.729978409195645,-24.825007596205463],[-55.75162587183751,-24.82304265845487],[-55.760216935156855,-24.823609664515367],[-55.76695532675545,-24.81937085264329],[-55.77048167623125,-24.81964765122539],[-55.776426734950164,-24.822421800442662],[-55.77585096127358,-24.827570103074635],[-55.78116252869381,-24.837821738014902],[-55.78549585214783,-24.838930650814053],[-55.797102603705866,-24.8366294826782],[-55.80896991204066,-24.843836256388947],[-55.819110229521165,-24.843476266695664],[-55.826973132910624,-24.84574054876662],[-55.834291727580506,-24.85460723704143],[-55.84613613946473,-24.861453090896045],[-55.86014661223094,-24.860386083281334],[-55.86853692363452,-24.857953864455997],[-55.884079410814806,-24.847499381696043],[-55.89542305297167,-24.852002465746292],[-55.909349806451836,-24.846658198391747],[-55.915932641511255,-24.84832119166311],[-55.93831823771456,-24.846132704494142],[-55.94623720852177,-24.842077597071793],[-55.961868667430814,-24.839250448626704],[-55.96624083546448,-24.83590371073364],[-55.97253369669204,-24.833744677767626],[-55.98201641662429,-24.834984186863036],[-55.990516142780606,-24.838418893862535],[-55.98870549207937,-24.863220655824975],[-55.9976557696193,-24.87091606932274],[-55.99955981531934,-24.87430589041541],[-56.015918800875916,-24.881609219346277],[-56.02349042014195,-24.880777973299985],[-56.02425765372428,-24.906037514778678],[-56.02744393344683,-24.910316349189493],[-56.033274992651215,-24.90580257280055],[-56.05065895124369,-24.90620788379561],[-56.06873999398567,-24.921004813587864],[-56.08894135368144,-24.932729176051105],[-56.09523187745273,-24.931299195270032],[-56.10296825278579,-24.922314411192872],[-56.1101289168569,-24.919789281317257],[-56.11883048026318,-24.91881314483782],[-56.12579297525057,-24.91327455264635],[-56.12889635375077,-24.929884604746903],[-56.12838406920391,-24.935165819142618],[-56.14428513280281,-24.93852701246056],[-56.15548722876388,-24.935195436164584],[-56.16189932733091,-24.928345839514787],[-56.17285005730513,-24.906724580807502],[-56.177126577589306,-24.89269209303128],[-56.18645030448334,-24.88308495095078],[-56.18914289906192,-24.872967210992968],[-56.193741305175884,-24.8686303005293],[-56.194989879092255,-24.865462754967965],[-56.19879703504696,-24.86402928853938],[-56.20005586062017,-24.85568264900717],[-56.20350212247532,-24.853556272200077],[-56.20584159980666,-24.847847773093456],[-56.21480051082831,-24.83997517096193],[-56.22443060929739,-24.806769656247386],[-56.222757067358536,-24.800461996508417],[-56.227881117072805,-24.793485137546103],[-56.23263920719744,-24.79042558582278],[-56.23317103792583,-24.787994505685003],[-56.241092873082515,-24.778557015170794],[-56.24448445956722,-24.777332425537153],[-56.24839344237259,-24.770149988550493],[-56.25485496731075,-24.766172567673056],[-56.26678089884881,-24.784442193367557],[-56.27821959453476,-24.80800062301428],[-56.19716325949073,-24.94044677466804],[-56.20089961013432,-24.93777574026439],[-56.20885200782618,-24.935754675497105],[-56.22531060595495,-24.934098223764902],[-56.233670427608025,-24.930456936375606],[-56.23784357851697,-24.926635786656004],[-56.24056689625276,-24.927665634709673],[-56.24955037354957,-24.925557312827753],[-56.26672171422203,-24.929295679796528],[-56.272411774735964,-24.93629074755204],[-56.27176951595849,-24.938771051687503],[-56.27498981686394,-24.93853840926881],[-56.27803336431413,-24.941122419287026],[-56.293842943053306,-24.940701488019908],[-56.29899585348233,-24.939601492148004],[-56.3019030794673,-24.932196390811978],[-56.30500695301379,-24.929948694098453],[-56.31361602187761,-24.927003918873805],[-56.317002120013235,-24.927507132112883],[-56.320872421775555,-24.922675289923617],[-56.32409197469368,-24.923511720947932],[-56.328650230317706,-24.91717464263243],[-56.33480488716995,-24.916813900157546],[-56.34340082016544,-24.921543500129744],[-56.34916417376409,-24.919356220462685],[-56.353092998581396,-24.919391378841535],[-56.35321525213903,-24.920516245730095],[-56.35586643493223,-24.91748885150594],[-56.36050589587535,-24.91761267447431],[-56.36862542768387,-24.912422933627326],[-56.388108281451174,-24.912000887723664],[-56.3921751253274,-24.91335209270681],[-56.39330951198387,-24.91627771482716],[-56.399999157652175,-24.921714271019184],[-56.40102438137057,-24.929223039646978],[-56.402829716485385,-24.9312035253696],[-56.405762311160274,-24.931508748196425],[-56.40696398594659,-24.933667394084477],[-56.412715352816925,-24.93573114184074],[-56.41533242316316,-24.933009594127583],[-56.41993416513248,-24.933533302659775],[-56.42710565664192,-24.944059430366675],[-56.519480387261574,-25.003886163229588],[-56.545366639054286,-25.003150239409603],[-56.55861568494723,-24.99756839697201],[-56.56448447680816,-24.997336822302525],[-56.577830374399646,-24.992426857228647],[-56.58097375195414,-24.988123465047384],[-56.59365347097945,-24.985783485288916],[-56.603331528639856,-24.986206957981224],[-56.60521542393575,-24.98329044792028],[-56.61675649317549,-24.97799684744677],[-56.6186917940629,-24.973526960791656],[-56.61857277782093,-24.970555458055347],[-56.61696153112225,-24.969575973897967],[-56.622700494415945,-24.968705588713863],[-56.62457651012588,-24.96424588282374],[-56.63363203589952,-24.957785471879085],[-56.68473730203626,-24.868785252665187],[-56.689400620787765,-24.871450186493263],[-56.68917081258945,-24.87872882100942],[-56.69308065967313,-24.878000870942685],[-56.6940646503856,-24.880441302379154],[-56.69596307188441,-24.87915372558328],[-56.7014025859205,-24.880943842307037],[-56.7051040699019,-24.877541936905395],[-56.71084684357469,-24.876406211450576],[-56.71136562761989,-24.879748746497437],[-56.71438223460687,-24.879682298972494],[-56.71418809200197,-24.88311376933422],[-56.71715745485192,-24.883178127711627],[-56.72009426423157,-24.88807855260423],[-56.726757659273076,-24.891951720649693],[-56.72801937547411,-24.89480335496841],[-56.733015980237404,-24.89560712002128],[-56.73629858149933,-24.88673532488562],[-56.74910285134505,-24.87342623777112],[-56.76744735921779,-24.86696406382226],[-56.812222380629045,-24.868367436077015],[-56.84286104369942,-24.877233243526916],[-56.86032343889796,-24.875746770671785],[-56.949319252044496,-24.843278952440052],[-56.94712320395489,-24.849956137128068],[-56.956579130109574,-24.867319008884404],[-56.96224511048894,-24.868661689509025],[-56.96328888902596,-24.87070301201548],[-56.973062829684075,-24.86915623571433],[-56.97306300602547,-24.87119278238678],[-56.97614946142887,-24.874625180650312],[-56.978773434348994,-24.875203576316576],[-56.98158413771726,-24.87892482072293],[-56.98363131129367,-24.87888893425644],[-56.984529458963245,-24.881237151761397],[-56.98667720817749,-24.881327671246265],[-56.98480580749348,-24.8832285674216],[-56.984857172946235,-24.885716677087547],[-56.983162620148725,-24.885590058327974],[-56.98643836742122,-24.88693604516186],[-56.9849960188134,-24.88887762115284],[-56.98803592755083,-24.88883273965868],[-56.98794192650069,-24.894617230688485],[-56.9859703196593,-24.897231596042054],[-56.98045032320624,-24.89620593177985],[-56.980900780105145,-24.898626356091757],[-56.982768442473706,-24.89901041009583],[-56.97921738154934,-24.89924025369471],[-56.98119408386351,-24.900911290360515],[-56.979010313637325,-24.901416746977812],[-56.98258169682322,-24.902356452616523],[-56.97879571461143,-24.904162204395803],[-56.97892147055033,-24.9052685451263],[-56.98122416859024,-24.906587408800384],[-56.98329298811005,-24.905458754101005],[-56.98376771355592,-24.907563077372405],[-56.98488778149932,-24.906217545509076],[-56.985250440005125,-24.908958552266046],[-56.98916416576532,-24.908407984543516],[-56.98695537158858,-24.910530140184893],[-56.988108606961056,-24.91177202657095],[-56.9863422039373,-24.911708656885803],[-56.98568721406549,-24.91316713399297],[-56.98936045166299,-24.914549214353176],[-56.98855188416908,-24.917086920064627],[-56.990917892362376,-24.916170416806224],[-56.98947274693969,-24.918690024453067],[-56.99179771737508,-24.920956999017708],[-56.98911198545058,-24.921178091196584],[-56.9891793408175,-24.922478587026657],[-56.99164100704105,-24.922587119587092],[-56.99171510037204,-24.92534163497943],[-56.99449250505023,-24.92564882365782],[-56.991171084478495,-24.92859734443482],[-56.99153647148794,-24.930602287058363],[-56.99368036710161,-24.93206995939033],[-56.99450966547398,-24.929518684963266],[-56.99642364192801,-24.929916114979335],[-56.99879845001382,-24.934255632466485],[-56.99689273600704,-24.934671038823137],[-56.998796582178564,-24.935258092480673],[-56.99755661376939,-24.93673467359464],[-57.000057262024995,-24.935655468833804],[-57.00185962925828,-24.937213333965147],[-57.00127681563132,-24.939322117634312],[-57.003717463359905,-24.93921370274732],[-57.00164548834799,-24.941042550925427],[-57.00446044231941,-24.942139779577527],[-57.004615949034914,-24.945350352408493],[-57.00163073754618,-24.94916156293632],[-57.00216567730084,-24.950751039050875],[-57.00079432699418,-24.950331104091962],[-57.002271889763,-24.952552752084788],[-57.00315010099132,-24.95171283911874],[-57.00365506893958,-24.954151237922538],[-57.00544303745445,-24.951961129633144],[-57.006808483579995,-24.956950782491514],[-57.008715454468465,-24.956792638088693],[-57.0075388547751,-24.958350574580113],[-57.01531368713695,-24.9614702372675],[-57.01262571831969,-24.96313221877038],[-57.01547954291738,-24.96576904097029],[-57.013455343605415,-24.96812636314537],[-57.01116210745782,-24.96803172583469],[-57.01316800698616,-24.970795087514936],[-57.01010225855439,-24.97085854498024],[-57.011918935665655,-24.972912991869546],[-57.0100250534471,-24.9733059853711],[-57.012625764612295,-24.97572161296298],[-57.011849839941185,-24.978832897504805],[-57.01681856150953,-24.98178559395931],[-57.020373983370185,-24.980936224984106],[-57.01854923257887,-24.978394204220972],[-57.02082361199004,-24.9774817604487],[-57.02119672717193,-24.979378242586403],[-57.023129561229915,-24.97834389185238],[-57.02407746592483,-24.98220905908293],[-57.02531923193081,-24.981265101626043],[-57.02475221885717,-24.97936414715125],[-57.02704991931801,-24.979038627137967],[-57.02474418477224,-24.97790562297955],[-57.025155412901235,-24.97658701062941],[-57.02723585232894,-24.97693434265551],[-57.0286339973637,-24.980415576071216],[-57.03116467918859,-24.979371973856576],[-57.030568483598195,-24.977489109453064],[-57.03205860000766,-24.977046271174896],[-57.034675923028864,-24.980572335687548],[-57.03564541059785,-24.97743379363964],[-57.037043312327526,-24.979293862520638],[-57.03602705228526,-24.982310504179896],[-57.03804576057671,-24.982878961929195],[-57.03983799858527,-24.979166705189733],[-57.0383234472685,-24.976688060988764],[-57.03989907134017,-24.97556327260653],[-57.041824624013834,-24.976524558346803],[-57.0419340833232,-24.978827462601565],[-57.04605712920648,-24.981368502763903],[-57.044194295127184,-24.982055432089936],[-57.04467588557857,-24.983202239492716],[-57.04924909131976,-24.98428904526186],[-57.05031173539442,-24.98187738331189],[-57.0525945657118,-24.983037091951978],[-57.05171086716303,-24.986035729684577],[-57.046378373840035,-24.989202889424742],[-57.04581109057566,-24.987550373009043],[-57.044801942557996,-24.988422181876576],[-57.04782347770344,-24.991451176432403],[-57.0525127953831,-24.991725043997956],[-57.04697077298411,-24.9949826075841],[-57.04937927027907,-24.999339330403384],[-57.04739251536177,-25.002171223108654],[-57.04883712387204,-25.002735198802576],[-57.05243903104541,-25.000331703244644],[-57.05326250587365,-25.001830571377987],[-57.04815422940852,-25.003457908354942],[-57.03941103721872,-25.003505637232433],[-57.04647893756982,-25.008764202500274],[-57.04643285586837,-25.010583979241563],[-57.042691166308764,-25.013005428863252],[-57.0446177700668,-25.015199414135527],[-57.05016129990858,-25.013274028941474],[-57.054739080387094,-25.004593547599864],[-57.058622726337724,-25.007373640948007],[-57.06607521054419,-25.003591009141903],[-57.06821852059464,-25.00403256472569],[-57.068935543876606,-25.009179949791392],[-57.074077286318,-25.011259140456723],[-57.074267226690196,-25.017070539400326],[-57.087010792331654,-25.006397932988584],[-57.095970672156824,-25.00519128836628],[-57.103677974093706,-25.010618306325707],[-57.103202883017,-25.01840341498677],[-57.10480316083426,-25.019025438743363],[-57.109227344594444,-25.016574837121475],[-57.112235899461986,-25.011348126040488],[-57.11886308709218,-25.007161592113786],[-57.1250908052526,-25.007115844933786],[-57.12725852507815,-25.000927720990838],[-57.134672646126816,-24.992937719151115],[-57.13888198236342,-24.980041966649424],[-57.14927090616139,-24.981702663702777],[-57.15284532828651,-24.98419161756314],[-57.16202245096753,-24.972802730416827],[-57.1672121407712,-24.97596690783477],[-57.17478404486074,-24.972535424885102],[-57.180097540188626,-24.975242936310554],[-57.18757249813169,-24.969602818487743],[-57.19257138028226,-24.969397753124632],[-57.19194403654305,-24.965352630782355],[-57.184425626766675,-24.96230510248967],[-57.19204512720561,-24.950491808182807],[-57.19381500086116,-24.95057531181604],[-57.194843602875494,-24.95329233624836],[-57.19965768995519,-24.954473553163382],[-57.19571934045519,-24.95739131323904],[-57.19967311706513,-24.964037473932034],[-57.19905626986766,-24.96664377179295],[-57.20079798900892,-24.968312186076226],[-57.19974768535825,-24.971682196471402],[-57.203506154256296,-24.972498935794963],[-57.21235052032057,-24.969596636024825],[-57.20921970427478,-24.972658091550112],[-57.21096041931239,-24.97378903640304],[-57.214219161036375,-24.972736777382217],[-57.22221342822694,-24.963287574243044],[-57.222238792350346,-24.960171808724716],[-57.218382950726294,-24.956836005300644],[-57.219031410091716,-24.95485724159097],[-57.22322631628208,-24.956887527720454],[-57.22820582107443,-24.96344558745444],[-57.23750629023854,-24.956070706251055],[-57.25191760450272,-24.958738294628883],[-57.253062049203,-24.956586955964102],[-57.247595939106326,-24.955661424345116],[-57.247777226985036,-24.953281429953133],[-57.256255813601975,-24.95459917198941],[-57.26019023762997,-24.950686405574167],[-57.263640199628405,-24.952405278313684],[-57.26410095325364,-24.950142174346297],[-57.261764101652716,-24.94618164830132],[-57.26281196650538,-24.94255833334672],[-57.27577695534121,-24.94270180703339],[-57.273619855235275,-24.94047834490025],[-57.27332056283523,-24.9366427501082],[-57.26773072873097,-24.933842079920982],[-57.2637004720342,-24.934962984727626],[-57.26489847280828,-24.93306930347309],[-57.26976104319332,-24.93136348530577],[-57.26633074943077,-24.92671507117908],[-57.269082121382674,-24.92402829490766],[-57.24383020699094,-24.934999951955156],[-57.238986060821766,-24.93602831439143],[-57.22867097228781,-24.935362647548217],[-57.22357159488178,-24.93276490361078],[-57.21933592514179,-24.926652602838978],[-57.21659195522792,-24.920650904492295],[-57.21682373369113,-24.91107754618818],[-57.219670037415,-24.904728990858416],[-57.22425994009158,-24.901096148785946],[-57.24934118736908,-24.894824839730543],[-57.25442799293564,-24.89164179927619],[-57.2597567647936,-24.885631408939865],[-57.25986363843518,-24.87741285324577],[-57.25363370648538,-24.867683429263675],[-57.25399713033428,-24.863262040415872],[-57.257467948514055,-24.86014033363718],[-57.29172335675493,-24.8514661219896],[-57.29840899958712,-24.843180342155005],[-57.300132992968656,-24.83728854419681],[-57.29850449844846,-24.831286048463756],[-57.29128739854027,-24.82444558476071],[-57.27003311543478,-24.81315126307644],[-57.26120291253892,-24.805350385795094],[-57.24636949003729,-24.77415888513363],[-57.23206552917561,-24.75679191266783],[-57.2274545280637,-24.74580783455417],[-57.22657244544671,-24.738272502252848],[-57.23458333809922,-24.70987908096288],[-57.233579549242314,-24.703761875158335],[-57.23034625030531,-24.699120214809255],[-57.22711811980296,-24.697196928169028],[-57.21421675268306,-24.695630881117193],[-57.196237741157134,-24.698261027903737],[-57.18867134467784,-24.69781915839395],[-57.17651225629361,-24.69460521308419],[-57.169560322173076,-24.689627872669917],[-57.175974690974364,-24.665086546027254],[-57.17472755573465,-24.65976394852573],[-57.16665236479681,-24.647874139239104],[-57.157441189018996,-24.618256190726072],[-57.1658519251697,-24.60504756427151],[-57.19010856429015,-24.582187123040338],[-57.19479710754432,-24.569148576981718],[-57.19392188535112,-24.563938483667275],[-57.187958203277276,-24.552787506693157],[-57.16948440100389,-24.541474734556655],[-57.16216670941623,-24.53411749044164],[-57.161539718611785,-24.528283727799344],[-57.16363828079095,-24.52284441890183],[-57.178229528505526,-24.506056117575422],[-57.1940612438194,-24.49340130280842],[-57.19441918112743,-24.484676245794812],[-57.1921827157468,-24.47946782671391],[-57.18710254868592,-24.47698145715959],[-57.16654530573482,-24.472981892454357],[-57.16233244449807,-24.47026793361003],[-57.15799466776959,-24.46664629923899],[-57.15092609201932,-24.45634381438206],[-57.14930819153314,-24.44898004317791],[-57.15795434126132,-24.434299194924744],[-57.16771527292234,-24.421707454407187],[-57.18141144880805,-24.393309304870364],[-57.18053119973636,-24.383280544327352],[-57.17755178234072,-24.37591862386423],[-57.16553340199147,-24.361824513936067],[-57.16404164862878,-24.35593737637242],[-57.16957969236027,-24.334909647150276],[-57.17561860861849,-24.319720200866186],[-57.18030755137151,-24.31263370734143],[-57.19858250721364,-24.296633492466427],[-57.204374275606966,-24.28478498306104],[-57.206461551779896,-24.275939914719274],[-57.20370493037387,-24.252772197578796],[-57.206265026258336,-24.23084365717932],[-57.21883697720976,-24.21201700089945],[-57.22649319061181,-24.20979297135566],[-57.24056120643689,-24.201046501030305],[-57.254348055580245,-24.175924166962847],[-57.26654468839481,-24.16083340449884],[-57.277024117586336,-24.152374301922723],[-57.27984551831156,-24.143644202293526],[-57.275876506834194,-24.135490966726497],[-57.2516558547179,-24.125733005477073],[-57.23310667047439,-24.10967175730822],[-57.210618890058896,-24.09775038951931],[-57.20751325066303,-24.08562898849141],[-57.209106038600304,-24.078374001480846],[-57.217734280022135,-24.071619458304347],[-57.2216736538458,-24.06583321762556],[-57.25829601116233,-24.050592724259868],[-57.263467653086416,-24.045313641609088],[-57.264077391123394,-24.04168617398798],[-57.26382110640049,-24.03703956043992],[-57.25850347493121,-24.03093383788964],[-57.25072245927185,-24.02675131576168],[-57.223688810209495,-24.018013857832283],[-57.21467203317418,-24.011451291773664],[-57.211330267699694,-24.00454627392714],[-57.21232745699464,-23.992093941678256],[-57.2154035003613,-23.98755545928619],[-57.22634150331534,-23.983005516156446],[-57.23914039787416,-23.98482867941986],[-57.240834585796456,-23.983976997308222],[-57.24082852287598,-23.980716362689044],[-57.229842860034694,-23.957998976243914],[-57.229762866258774,-23.95175566842046],[-57.2381516485836,-23.941787748398905],[-57.26305204594181,-23.943975888122957],[-57.27112531564438,-23.939207161381923],[-57.28630936596227,-23.933830589776903],[-57.299218852608455,-23.92399944717826],[-57.302274775157784,-23.917455764971372],[-57.30419173230687,-23.907794005707196],[-57.30304377639549,-23.900664217752315],[-57.29300856909299,-23.893848765477607],[-57.28104010932898,-23.88926496294685],[-57.26519704152739,-23.886024211942825],[-57.253541277249525,-23.87519712694397],[-57.252722711480764,-23.869700810021737],[-57.25530057925547,-23.865981917354652],[-57.27288120669101,-23.851538962427508],[-57.276094248242174,-23.84306384649855],[-57.27268515882466,-23.83504627357575],[-57.25877186985532,-23.824074875871485],[-57.25148020376053,-23.81190284296621],[-57.25049837526083,-23.805218037034916],[-57.252724199330636,-23.787086795866887],[-57.259011798632955,-23.782172998426326],[-57.27224530012041,-23.779029902009043],[-57.27804204365971,-23.771590213651418],[-57.27125065932332,-23.76655032119176],[-57.25574185732083,-23.761376210909994],[-57.2537948073212,-23.756327440765464],[-57.25666068101005,-23.7359661647729],[-57.26648351465629,-23.724656849891282],[-57.29485581242693,-23.710043730087477],[-57.30324176799448,-23.707650113814235],[-57.34319022525047,-23.680226470896073],[-57.36043489303976,-23.673500832820697],[-57.375754254159034,-23.671087025217677],[-57.39492689477883,-23.662718413274348],[-57.4029926044297,-23.662697650314833],[-57.41008346978883,-23.660450230762713],[-57.41909558386643,-23.653739667754408],[-57.421152571012286,-23.641252696966067],[-57.427254966551146,-23.633063654591137],[-57.43815064508768,-23.611636545619277],[-57.4481082909861,-23.59986963011606],[-57.45868529802694,-23.581265170665933],[-57.46315027407049,-23.567284570676268],[-57.46828379008856,-23.560285508076568],[-57.47351675280893,-23.536198207051697],[-57.47008545365369,-23.52298413241017],[-57.45907782259643,-23.508603746855467],[-57.44703254343452,-23.47758327664324]]]}},{"type":"Feature","properties":{"shapeName":"CORDILLERA","shapeISO":"PY-3","shapeID":"63826900B75072183549736","shapeGroup":"PRY","shapeType":"ADM1"},"geometry":{"type":"Polygon","coordinates":[[[-57.269082121382674,-24.92402829490766],[-57.26633074943077,-24.92671507117908],[-57.26976104319332,-24.93136348530577],[-57.26489847280828,-24.93306930347309],[-57.2637004720342,-24.934962984727626],[-57.26773072873097,-24.933842079920982],[-57.27332056283523,-24.9366427501082],[-57.273619855235275,-24.94047834490025],[-57.27577695534121,-24.94270180703339],[-57.26281196650538,-24.94255833334672],[-57.261764101652716,-24.94618164830132],[-57.26410095325364,-24.950142174346297],[-57.263640199628405,-24.952405278313684],[-57.26019023762997,-24.950686405574167],[-57.256255813601975,-24.95459917198941],[-57.247777226985036,-24.953281429953133],[-57.247595939106326,-24.955661424345116],[-57.253062049203,-24.956586955964102],[-57.25191760450272,-24.958738294628883],[-57.23750629023854,-24.956070706251055],[-57.22820582107443,-24.96344558745444],[-57.22322631628208,-24.956887527720454],[-57.219031410091716,-24.95485724159097],[-57.218382950726294,-24.956836005300644],[-57.222238792350346,-24.960171808724716],[-57.22221342822694,-24.963287574243044],[-57.214219161036375,-24.972736777382217],[-57.21096041931239,-24.97378903640304],[-57.20921970427478,-24.972658091550112],[-57.21235052032057,-24.969596636024825],[-57.203506154256296,-24.972498935794963],[-57.19974768535825,-24.971682196471402],[-57.20079798900892,-24.968312186076226],[-57.19905626986766,-24.96664377179295],[-57.19967311706513,-24.964037473932034],[-57.19571934045519,-24.95739131323904],[-57.19965768995519,-24.954473553163382],[-57.194843602875494,-24.95329233624836],[-57.19381500086116,-24.95057531181604],[-57.19204512720561,-24.950491808182807],[-57.184425626766675,-24.96230510248967],[-57.19194403654305,-24.965352630782355],[-57.19257138028226,-24.969397753124632],[-57.18757249813169,-24.969602818487743],[-57.180097540188626,-24.975242936310554],[-57.17478404486074,-24.972535424885102],[-57.1672121407712,-24.97596690783477],[-57.16202245096753,-24.972802730416827],[-57.15284532828651,-24.98419161756314],[-57.14927090616139,-24.981702663702777],[-57.13888198236342,-24.980041966649424],[-57.134672646126816,-24.992937719151115],[-57.12725852507815,-25.000927720990838],[-57.1250908052526,-25.007115844933786],[-57.11886308709218,-25.007161592113786],[-57.112235899461986,-25.011348126040488],[-57.109227344594444,-25.016574837121475],[-57.10480316083426,-25.019025438743363],[-57.103202883017,-25.01840341498677],[-57.103677974093706,-25.010618306325707],[-57.095970672156824,-25.00519128836628],[-57.087010792331654,-25.006397932988584],[-57.074267226690196,-25.017070539400326],[-57.074077286318,-25.011259140456723],[-57.068935543876606,-25.009179949791392],[-57.06821852059464,-25.00403256472569],[-57.06607521054419,-25.003591009141903],[-57.058622726337724,-25.007373640948007],[-57.054739080387094,-25.004593547599864],[-57.05016129990858,-25.013274028941474],[-57.0446177700668,-25.015199414135527],[-57.042691166308764,-25.013005428863252],[-57.04643285586837,-25.010583979241563],[-57.04647893756982,-25.008764202500274],[-57.03941103721872,-25.003505637232433],[-57.04815422940852,-25.003457908354942],[-57.05326250587365,-25.001830571377987],[-57.05243903104541,-25.000331703244644],[-57.04883712387204,-25.002735198802576],[-57.04739251536177,-25.002171223108654],[-57.04937927027907,-24.999339330403384],[-57.04697077298411,-24.9949826075841],[-57.0525127953831,-24.991725043997956],[-57.04782347770344,-24.991451176432403],[-57.044801942557996,-24.988422181876576],[-57.04581109057566,-24.987550373009043],[-57.046378373840035,-24.989202889424742],[-57.05171086716303,-24.986035729684577],[-57.0525945657118,-24.983037091951978],[-57.05031173539442,-24.98187738331189],[-57.04924909131976,-24.98428904526186],[-57.04467588557857,-24.983202239492716],[-57.044194295127184,-24.982055432089936],[-57.04605712920648,-24.981368502763903],[-57.0419340833232,-24.978827462601565],[-57.041824624013834,-24.976524558346803],[-57.03989907134017,-24.97556327260653],[-57.0383234472685,-24.976688060988764],[-57.03983799858527,-24.979166705189733],[-57.03804576057671,-24.982878961929195],[-57.03602705228526,-24.982310504179896],[-57.037043312327526,-24.979293862520638],[-57.03564541059785,-24.97743379363964],[-57.034675923028864,-24.980572335687548],[-57.03205860000766,-24.977046271174896],[-57.030568483598195,-24.977489109453064],[-57.03116467918859,-24.979371973856576],[-57.0286339973637,-24.980415576071216],[-57.02723585232894,-24.97693434265551],[-57.025155412901235,-24.97658701062941],[-57.02474418477224,-24.97790562297955],[-57.02704991931801,-24.979038627137967],[-57.02475221885717,-24.97936414715125],[-57.02531923193081,-24.981265101626043],[-57.02407746592483,-24.98220905908293],[-57.023129561229915,-24.97834389185238],[-57.02119672717193,-24.979378242586403],[-57.02082361199004,-24.9774817604487],[-57.01854923257887,-24.978394204220972],[-57.020373983370185,-24.980936224984106],[-57.01681856150953,-24.98178559395931],[-57.011849839941185,-24.978832897504805],[-57.012625764612295,-24.97572161296298],[-57.0100250534471,-24.9733059853711],[-57.011918935665655,-24.972912991869546],[-57.01010225855439,-24.97085854498024],[-57.01316800698616,-24.970795087514936],[-57.01116210745782,-24.96803172583469],[-57.013455343605415,-24.96812636314537],[-57.01547954291738,-24.96576904097029],[-57.01262571831969,-24.96313221877038],[-57.01531368713695,-24.9614702372675],[-57.0075388547751,-24.958350574580113],[-57.008715454468465,-24.956792638088693],[-57.006808483579995,-24.956950782491514],[-57.00544303745445,-24.951961129633144],[-57.00365506893958,-24.954151237922538],[-57.00315010099132,-24.95171283911874],[-57.002271889763,-24.952552752084788],[-57.00079432699418,-24.950331104091962],[-57.00216567730084,-24.950751039050875],[-57.00163073754618,-24.94916156293632],[-57.004615949034914,-24.945350352408493],[-57.00446044231941,-24.942139779577527],[-57.00164548834799,-24.941042550925427],[-57.003717463359905,-24.93921370274732],[-57.00127681563132,-24.939322117634312],[-57.00185962925828,-24.937213333965147],[-57.000057262024995,-24.935655468833804],[-56.99755661376939,-24.93673467359464],[-56.998796582178564,-24.935258092480673],[-56.99689273600704,-24.934671038823137],[-56.99879845001382,-24.934255632466485],[-56.99642364192801,-24.929916114979335],[-56.99450966547398,-24.929518684963266],[-56.99368036710161,-24.93206995939033],[-56.99153647148794,-24.930602287058363],[-56.991171084478495,-24.92859734443482],[-56.99449250505023,-24.92564882365782],[-56.99171510037204,-24.92534163497943],[-56.99164100704105,-24.922587119587092],[-56.9891793408175,-24.922478587026657],[-56.98911198545058,-24.921178091196584],[-56.99179771737508,-24.920956999017708],[-56.98947274693969,-24.918690024453067],[-56.990917892362376,-24.916170416806224],[-56.98855188416908,-24.917086920064627],[-56.98936045166299,-24.914549214353176],[-56.98568721406549,-24.91316713399297],[-56.9863422039373,-24.911708656885803],[-56.988108606961056,-24.91177202657095],[-56.98695537158858,-24.910530140184893],[-56.98916416576532,-24.908407984543516],[-56.985250440005125,-24.908958552266046],[-56.98488778149932,-24.906217545509076],[-56.98376771355592,-24.907563077372405],[-56.98329298811005,-24.905458754101005],[-56.98122416859024,-24.906587408800384],[-56.97892147055033,-24.9052685451263],[-56.97879571461143,-24.904162204395803],[-56.98258169682322,-24.902356452616523],[-56.979010313637325,-24.901416746977812],[-56.98119408386351,-24.900911290360515],[-56.97921738154934,-24.89924025369471],[-56.982768442473706,-24.89901041009583],[-56.980900780105145,-24.898626356091757],[-56.98045032320624,-24.89620593177985],[-56.9859703196593,-24.897231596042054],[-56.98794192650069,-24.894617230688485],[-56.98803592755083,-24.88883273965868],[-56.9849960188134,-24.88887762115284],[-56.98643836742122,-24.88693604516186],[-56.983162620148725,-24.885590058327974],[-56.984857172946235,-24.885716677087547],[-56.98480580749348,-24.8832285674216],[-56.98667720817749,-24.881327671246265],[-56.984529458963245,-24.881237151761397],[-56.98363131129367,-24.87888893425644],[-56.98158413771726,-24.87892482072293],[-56.978773434348994,-24.875203576316576],[-56.97614946142887,-24.874625180650312],[-56.97306300602547,-24.87119278238678],[-56.973062829684075,-24.86915623571433],[-56.96328888902596,-24.87070301201548],[-56.96224511048894,-24.868661689509025],[-56.956579130109574,-24.867319008884404],[-56.94712320395489,-24.849956137128068],[-56.949319252044496,-24.843278952440052],[-56.86032343889796,-24.875746770671785],[-56.84286104369942,-24.877233243526916],[-56.812222380629045,-24.868367436077015],[-56.76744735921779,-24.86696406382226],[-56.74910285134505,-24.87342623777112],[-56.73629858149933,-24.88673532488562],[-56.733015980237404,-24.89560712002128],[-56.72801937547411,-24.89480335496841],[-56.726757659273076,-24.891951720649693],[-56.72009426423157,-24.88807855260423],[-56.71715745485192,-24.883178127711627],[-56.71418809200197,-24.88311376933422],[-56.71438223460687,-24.879682298972494],[-56.71136562761989,-24.879748746497437],[-56.71084684357469,-24.876406211450576],[-56.7051040699019,-24.877541936905395],[-56.7014025859205,-24.880943842307037],[-56.69596307188441,-24.87915372558328],[-56.6940646503856,-24.880441302379154],[-56.69308065967313,-24.878000870942685],[-56.68917081258945,-24.87872882100942],[-56.689400620787765,-24.871450186493263],[-56.68473730203626,-24.868785252665187],[-56.63363203589952,-24.957785471879085],[-56.62457651012588,-24.96424588282374],[-56.622700494415945,-24.968705588713863],[-56.61696153112225,-24.969575973897967],[-56.61857277782093,-24.970555458055347],[-56.6186917940629,-24.973526960791656],[-56.61675649317549,-24.97799684744677],[-56.60521542393575,-24.98329044792028],[-56.603331528639856,-24.986206957981224],[-56.59365347097945,-24.985783485288916],[-56.58097375195414,-24.988123465047384],[-56.577830374399646,-24.992426857228647],[-56.56448447680816,-24.997336822302525],[-56.56167957256085,-25.16607418278497],[-56.6054931206547,-25.16461782534066],[-56.61903325104188,-25.166776838591463],[-56.663450467987005,-25.26198952347223],[-56.661213896384666,-25.263637361454506],[-56.664143426775375,-25.267518212175773],[-56.654503687040915,-25.279619617938742],[-56.648143270443086,-25.284354705635277],[-56.647331942556995,-25.286055043344437],[-56.6495045141903,-25.289162243210363],[-56.646132097871494,-25.293484378019624],[-56.63824536218773,-25.296729473816843],[-56.63579584305385,-25.303446747218768],[-56.621128243117205,-25.315691721487696],[-56.621982068620454,-25.320687823495057],[-56.61969395444752,-25.321819789640376],[-56.61584720376914,-25.3197734197401],[-56.61328356287784,-25.320638165959732],[-56.61275238455904,-25.318175940730868],[-56.61023160614403,-25.317681645888232],[-56.61073615319724,-25.3158317117107],[-56.60691313894297,-25.314232186172603],[-56.604533001692886,-25.30985050714044],[-56.601112105757906,-25.309922566860237],[-56.60190018128676,-25.30741419657125],[-56.59508031306384,-25.311089129209268],[-56.58952526441577,-25.310419051729074],[-56.586600218738866,-25.308184844806316],[-56.58340715323994,-25.310460589947976],[-56.57845032529765,-25.31009882408154],[-56.57687104517332,-25.312144236258405],[-56.56825851169913,-25.308696687566783],[-56.56552525996806,-25.309040850124543],[-56.56136168579853,-25.306111034734005],[-56.65106867077301,-25.39753274889814],[-56.66703965261475,-25.41033502307429],[-56.71878105714183,-25.43325977693835],[-56.805761249043364,-25.482386084860266],[-56.80557685613237,-25.487261089764203],[-56.80775506587228,-25.490591261364532],[-56.820250147478994,-25.494106682013634],[-56.82209407038732,-25.49617239017154],[-56.83514396243913,-25.4968875003123],[-56.835776346762685,-25.501746596346816],[-56.839470506763995,-25.501750686970635],[-56.84844350178364,-25.50742684608338],[-56.85120686510221,-25.5066124205329],[-56.85085627463785,-25.509736600539757],[-56.85507574567308,-25.514292178037785],[-56.854345331779435,-25.52709209850113],[-56.85644389726637,-25.52988457165971],[-56.85303486599099,-25.53536717333088],[-56.849336865247125,-25.53786032697153],[-56.84699398723167,-25.535047895149656],[-56.83405216012287,-25.53349945475274],[-56.831240232544495,-25.54423670690173],[-56.802285669500236,-25.582017230481284],[-56.78664376732337,-25.595292333966558],[-56.784093853757916,-25.595874565932153],[-56.78390926539568,-25.5987065034139],[-56.71968403788146,-25.658716149423558],[-56.720870877861785,-25.660885675281058],[-56.725613732573706,-25.661106876801497],[-56.72757054757034,-25.66321909717791],[-56.7337126437288,-25.660715514506304],[-56.733948968113516,-25.65889184045311],[-56.73624741780517,-25.658336136969247],[-56.73638428859854,-25.655844041549802],[-56.73680891868836,-25.65870738951685],[-56.739467275189945,-25.660734928049656],[-56.7415980362059,-25.657663922953805],[-56.744035481809,-25.658769904536655],[-56.74649890938553,-25.656737885743652],[-56.7493144959508,-25.64854780611239],[-56.75295891766722,-25.647371054477674],[-56.75468606938906,-25.648647230596247],[-56.75683703758021,-25.646366175322843],[-56.75722483096758,-25.649504831423847],[-56.76079585360306,-25.6487341232158],[-56.764390407473236,-25.647055825107344],[-56.76614313166758,-25.641021916232745],[-56.76951948184536,-25.638846474490972],[-56.772661768256015,-25.638887519687945],[-56.774003296668575,-25.63569740186737],[-56.77722359227703,-25.634925744803336],[-56.77808148431363,-25.632764300075348],[-56.779284708646436,-25.63340275709943],[-56.78194799802444,-25.631776791494545],[-56.78538189895256,-25.633845294339704],[-56.79037134134087,-25.62922903506073],[-56.79893189515973,-25.62948036851724],[-56.80546617165883,-25.62377407973872],[-56.81224067662095,-25.626352130386667],[-56.820317551573346,-25.633997314265308],[-56.823447046283704,-25.643170354355988],[-56.825906546728476,-25.644848423021937],[-56.83725022726242,-25.6492998850206],[-56.846800285571994,-25.648267218969725],[-56.84970980736736,-25.646455156003604],[-56.857588986265945,-25.646702354125367],[-56.857887390456035,-25.651308087378467],[-56.861281868267604,-25.654173045828838],[-56.862564904111075,-25.662256252624807],[-56.877490848241,-25.666670300444135],[-56.88907187683182,-25.66897586854799],[-56.92455432047599,-25.655767402869564],[-56.938609953629786,-25.655281920803578],[-56.945307508786605,-25.651621417572482],[-56.94759106161421,-25.641511264562446],[-56.94304115340692,-25.640173076134555],[-56.93209893264534,-25.628270964309745],[-56.92085672588744,-25.60633514926257],[-56.91399646477309,-25.60355444373887],[-56.9110584774183,-25.604487326056294],[-56.90983953971832,-25.60266696476637],[-56.91100845851683,-25.595118307375518],[-56.914849127802924,-25.5896030434466],[-56.916782723476764,-25.589748642075303],[-56.91753569613067,-25.585346764548767],[-56.916125478080154,-25.583535373506013],[-56.92096280493048,-25.57846751082109],[-56.920959744822184,-25.57554618105161],[-56.9057233294799,-25.569364890800752],[-56.90559203235042,-25.56539594970334],[-56.90864355955958,-25.563691141530064],[-56.91377013752807,-25.565441632601104],[-56.91732783842727,-25.564043973932172],[-56.921398878374745,-25.56776222378045],[-56.925864732206676,-25.568888837665096],[-56.92876047068775,-25.567756961525085],[-56.934166845319176,-25.569059869620354],[-56.936670464224925,-25.56620285459689],[-56.940847727697744,-25.565960781604307],[-56.94590536873035,-25.5617500566401],[-56.94847897799946,-25.562992665255226],[-56.95662638961877,-25.56234511706374],[-56.95773144367089,-25.565068106167736],[-56.96612540175119,-25.56977512610047],[-56.980124962340845,-25.568951415579466],[-56.9870314634085,-25.57166582391794],[-56.991860026568204,-25.571449442709334],[-56.99687454056197,-25.574723152382003],[-56.99952145760309,-25.574786397697306],[-57.004724694302595,-25.581306259963945],[-57.011993126933525,-25.584236202622503],[-57.01434515092477,-25.588516388305678],[-57.01987494280746,-25.59099909323792],[-57.026204569312995,-25.588442501611777],[-57.03412071477332,-25.59175952989518],[-57.03695841004321,-25.591614354542877],[-57.05231885803353,-25.585500621959067],[-57.060013144081,-25.579682105808363],[-57.06375109059313,-25.57850657554282],[-57.076081510314914,-25.58089824908641],[-57.08204014797289,-25.583482231408947],[-57.08918164631325,-25.582540116535966],[-57.09184313642307,-25.579704673757636],[-57.09045774406572,-25.576546550005304],[-57.09101809050479,-25.572458101700136],[-57.09848858469417,-25.563162114483006],[-57.09976598099292,-25.559537698061984],[-57.11091902372927,-25.5468472317065],[-57.11215736994559,-25.53883964255903],[-57.12562267772911,-25.532553402413512],[-57.13020070260813,-25.526821355325513],[-57.12635492940466,-25.522925404777805],[-57.125809128729294,-25.51854322403164],[-57.129725234843725,-25.511460565937035],[-57.13344626274091,-25.497618270246118],[-57.13603563233954,-25.49505568095747],[-57.13503939452361,-25.49048973921696],[-57.13731514064893,-25.48045435962298],[-57.1397054359738,-25.478574379132812],[-57.1412607114824,-25.473788096127777],[-57.1353052252996,-25.47426948135447],[-57.13039912337288,-25.470438387586512],[-57.1320068195023,-25.464497474770567],[-57.13178374334219,-25.45569104845313],[-57.135867096766034,-25.45596728910407],[-57.14023245884511,-25.45384372187631],[-57.144288869263754,-25.445361938855623],[-57.144509876434796,-25.441259529961265],[-57.151597992941966,-25.440956211265576],[-57.16443489668407,-25.43371636351846],[-57.16949168138277,-25.428994621339474],[-57.180034556292185,-25.43048622144909],[-57.1839432960501,-25.415859382219363],[-57.18346649079452,-25.409697501316252],[-57.19008851373285,-25.4081165788928],[-57.1952004348814,-25.40380256596069],[-57.195021592974776,-25.40178313316414],[-57.19300942298827,-25.398746068832054],[-57.19669534672397,-25.39032220250781],[-57.195716459348944,-25.38217096671691],[-57.19781660534656,-25.374257355744053],[-57.19493208186549,-25.369791055250303],[-57.20556296586318,-25.35270873075021],[-57.21539247372554,-25.357002918644163],[-57.21334130976517,-25.36104951778749],[-57.226016124598026,-25.363569675505644],[-57.2283473060457,-25.365616024571914],[-57.23373189611794,-25.366862826446887],[-57.24717467814474,-25.362235264535904],[-57.25083747713063,-25.359185758099464],[-57.26134548961593,-25.36257201389167],[-57.26520703712832,-25.36137758564838],[-57.269057911260084,-25.363673397841907],[-57.279621408166776,-25.35852434092745],[-57.29032577584629,-25.357431472108757],[-57.29626199812741,-25.353490529824224],[-57.311104444011846,-25.333295889649982],[-57.32931656916313,-25.31773080444073],[-57.339724420272844,-25.303764227059258],[-57.34329888996054,-25.294014963104612],[-57.34186786150434,-25.276036996035614],[-57.33451729773155,-25.265712525827443],[-57.327399129768374,-25.248202518441595],[-57.33182646287361,-25.245420214906183],[-57.3335317662879,-25.242201445933013],[-57.33350377552968,-25.237288807121352],[-57.33558296412363,-25.23627717558413],[-57.33765478671617,-25.23205060000246],[-57.345962199698754,-25.23229778940697],[-57.35135062183972,-25.22335370712177],[-57.354414537738016,-25.22216336896174],[-57.355081910071085,-25.219935696757464],[-57.36501698289901,-25.215414203903666],[-57.36585658609226,-25.211416037417077],[-57.3685733290269,-25.211797610778014],[-57.371197556347454,-25.208264551514926],[-57.37371420403122,-25.20866007929584],[-57.375276473724156,-25.201806322902776],[-57.37674785667124,-25.202565677934054],[-57.37945091704113,-25.200888084184626],[-57.382829567581986,-25.20191790983612],[-57.38383339219343,-25.199463468091086],[-57.38206816705388,-25.19917002476862],[-57.38393507053439,-25.198158265131514],[-57.386726412565594,-25.200629925193475],[-57.38802900744051,-25.196169854211018],[-57.39302373707552,-25.19463047609575],[-57.39286358549541,-25.190440646689794],[-57.39445483756724,-25.191447853475232],[-57.39406411189492,-25.193399530480814],[-57.395944350820116,-25.1925411069323],[-57.39516530820452,-25.188434211243514],[-57.39418934348478,-25.188653552145798],[-57.39590950847045,-25.186847329370348],[-57.395247923501394,-25.18548997365207],[-57.39859482572838,-25.185146858557086],[-57.39982898462965,-25.186791636055613],[-57.4014984741392,-25.18289938811004],[-57.400437403428704,-25.18012079854111],[-57.40204526076593,-25.18025641543734],[-57.402077092505415,-25.18230178903026],[-57.404399023092566,-25.18077829968834],[-57.40256849768529,-25.178475939034893],[-57.397797142268,-25.177220022577355],[-57.398793269797245,-25.175316371623982],[-57.40102831005053,-25.175793477042735],[-57.40120254671114,-25.173503712885935],[-57.39745044233261,-25.170818158745053],[-57.396523029755485,-25.168075298812248],[-57.39898563303676,-25.169436840275946],[-57.40010266088181,-25.16792569089233],[-57.403954277719,-25.169482064973167],[-57.40503343873316,-25.16835478886142],[-57.40661071811603,-25.170255951153305],[-57.40737772720299,-25.16609067075672],[-57.4108071347069,-25.16351646353273],[-57.410176004851095,-25.16172561033298],[-57.41244189960581,-25.16148000119702],[-57.41220352885973,-25.15781418139251],[-57.40845685067074,-25.153796846485385],[-57.41248934269347,-25.154011438888432],[-57.41529465206041,-25.15231484799373],[-57.41825106383212,-25.15312832700066],[-57.41874707068804,-25.149194032367475],[-57.42379043478512,-25.150015032937695],[-57.42472666168771,-25.148093316570225],[-57.42659790212436,-25.150259834527294],[-57.42886139551741,-25.147268635533816],[-57.429230147101606,-25.142422568444072],[-57.432177608588056,-25.145227078689263],[-57.43414613831406,-25.1444582242293],[-57.431828979346705,-25.14042824988889],[-57.433922184002505,-25.139604850722314],[-57.434947494741714,-25.141105464867913],[-57.43419170917124,-25.13814559393376],[-57.43059333580997,-25.138788248220678],[-57.42911744748998,-25.13767723109778],[-57.42887437407251,-25.13918155659794],[-57.42752842198642,-25.136385910022636],[-57.43154613395245,-25.13484354894692],[-57.42640998177516,-25.13311547966342],[-57.43112200183257,-25.13183302322701],[-57.43248048080505,-25.133951294722937],[-57.433981370529445,-25.12907029331244],[-57.435431063244515,-25.129892356337898],[-57.43509360722793,-25.132381323239493],[-57.43710786825055,-25.12936815121964],[-57.43633444581936,-25.128417684397544],[-57.438422332569644,-25.12703884626409],[-57.43798746384015,-25.129749361863905],[-57.440367297843416,-25.130424132104007],[-57.44107814106438,-25.129302203663762],[-57.442057693729616,-25.132387805090264],[-57.444774432352986,-25.131137947004643],[-57.44780312858509,-25.127548130850382],[-57.44363491671247,-25.126436335922772],[-57.44732909956163,-25.12583371772316],[-57.44748703969152,-25.12332268873573],[-57.44871898190727,-25.126732592538968],[-57.450803292947185,-25.127128136388208],[-57.45189866044381,-25.124388480863534],[-57.458254389059434,-25.122481539629895],[-57.46317021561667,-25.118230836596428],[-57.46513411103695,-25.119023909878806],[-57.47512445768638,-25.113691177380165],[-57.476461302897135,-25.111447260456906],[-57.474356085567365,-25.111368217904413],[-57.47401211390802,-25.109861181186766],[-57.47585680847191,-25.109024443205303],[-57.478316596476894,-25.10369289634002],[-57.47314431580024,-25.105610463317927],[-57.46046078505285,-25.105253031557496],[-57.44564447785856,-25.099640501855564],[-57.420586998886684,-25.080012920390832],[-57.413345268284786,-25.070636667083257],[-57.40188252767194,-25.0622920098539],[-57.39566756261288,-25.062195814061077],[-57.38573723793954,-25.06640775565569],[-57.37988922482851,-25.064499255134937],[-57.36714482606676,-25.042229487645887],[-57.352197281353256,-25.030037781297676],[-57.34421153746462,-25.018167233875925],[-57.33424524588825,-25.008454579392478],[-57.329380994056244,-25.00133546523315],[-57.31252614676056,-24.96836795465066],[-57.310694041970606,-24.950822387549852],[-57.304272759568036,-24.932900063649853],[-57.299724714489585,-24.927210388856093],[-57.287329962244804,-24.9194686476199],[-57.281753876901384,-24.919144058196757],[-57.269082121382674,-24.92402829490766]]]}},{"type":"Feature","properties":{"shapeName":"GUAIRA","shapeISO":"PY-4","shapeID":"63826900B69896036469417","shapeGroup":"PRY","shapeType":"ADM1"},"geometry":{"type":"Polygon","coordinates":[[[-55.633585467310425,-25.650270482224226],[-55.63594067534961,-25.65081616894689],[-55.637382859048266,-25.654680369995866],[-55.64229033831757,-25.659448099369566],[-55.64290185317826,-25.662794400704755],[-55.64156280981081,-25.664420649555534],[-55.643219510302856,-25.66718529455003],[-55.64146192735171,-25.668816676799356],[-55.64365371006933,-25.6727239112541],[-55.641899659981945,-25.672937826755938],[-55.64331710417491,-25.675284925279627],[-55.645073923375875,-25.67471890109369],[-55.64357272677876,-25.676357199680666],[-55.644763301362154,-25.67652626560749],[-55.64442452764632,-25.678234051780006],[-55.64639811535904,-25.67843746451306],[-55.651158607615855,-25.683709164334967],[-55.65089983200053,-25.6855079927094],[-55.65293070893725,-25.686221971294657],[-55.65163824988073,-25.689947901258176],[-55.65332476911354,-25.691827905913907],[-55.65582150917263,-25.691164760256306],[-55.65514665776292,-25.69618751256059],[-55.66252679435838,-25.699717894909114],[-55.66207313661775,-25.702747371145264],[-55.665630782661424,-25.707836042403862],[-55.66507258514054,-25.709352264899],[-55.66291881843837,-25.70883594714638],[-55.661900654796995,-25.713268711728634],[-55.666486768739226,-25.715197738575725],[-55.67162497115644,-25.7206573607547],[-55.67220604196753,-25.72296948567533],[-55.66987268385696,-25.722108536818986],[-55.66668624880448,-25.72401155036664],[-55.66774243816806,-25.724210813626033],[-55.66645083584021,-25.726239476928342],[-55.667769595255784,-25.72803470357649],[-55.668606905584355,-25.72719366288059],[-55.66784990280253,-25.729213678960928],[-55.670484464606936,-25.72966660782873],[-55.67130131528488,-25.732346547191256],[-55.67505446870246,-25.73446635676663],[-55.67366735733291,-25.737297764656805],[-55.67592524839787,-25.73780134212083],[-55.67903831695119,-25.742217547365517],[-55.682292015294266,-25.74158792994171],[-55.6810644455905,-25.7403037733735],[-55.68357753657957,-25.73993376267609],[-55.685383343799835,-25.73730918046179],[-55.688794748607826,-25.739041841631533],[-55.689608172505686,-25.742985676516035],[-55.69169475394104,-25.742990893888962],[-55.691947189748184,-25.740763071044444],[-55.69439678840817,-25.740329101566683],[-55.69549242637496,-25.736876405985434],[-55.70018293992802,-25.73209248164999],[-55.699872754402975,-25.729737727589104],[-55.70206367516395,-25.729522516366995],[-55.701744769833375,-25.726246754811456],[-55.70261900101748,-25.724679025351413],[-55.70397989426372,-25.72499359998389],[-55.70235215112998,-25.72148498523986],[-55.70412487112544,-25.722078601536136],[-55.7053546350982,-25.720405669116168],[-55.70599520900427,-25.721539954144994],[-55.706040054893045,-25.71969848474036],[-55.70825456847607,-25.719126747402594],[-55.707860267348394,-25.717452929297274],[-55.714154941103565,-25.720239811958134],[-55.714514665679914,-25.717895501965682],[-55.71584828679489,-25.719121631530157],[-55.7172305429225,-25.71802326432086],[-55.71675829309954,-25.716055344615707],[-55.72061177346989,-25.714536270005883],[-55.72226247565788,-25.715589063585114],[-55.723796189234164,-25.71260493694231],[-55.725428014661475,-25.713734274581267],[-55.72434049103896,-25.71115606277],[-55.727400097630984,-25.71110606288603],[-55.72779923365469,-25.709362469806713],[-55.729300972608534,-25.71112716113466],[-55.74160832895586,-25.711184274975015],[-55.74253741395964,-25.71435239153382],[-55.75448724311818,-25.72012513382587],[-55.7586828151248,-25.71694665182678],[-55.76221295745873,-25.717974369445532],[-55.762755831558216,-25.72300355498948],[-55.761592904469424,-25.723950737323836],[-55.764567158873525,-25.72483824440733],[-55.76526780289975,-25.72666801848666],[-55.76244535749702,-25.729104441165735],[-55.762391569711085,-25.731591439206127],[-55.76479783499991,-25.732839789155896],[-55.76409462798246,-25.73450868094585],[-55.762616745576594,-25.734333614669904],[-55.76264763025436,-25.737728731553155],[-55.76067532967995,-25.739264927242367],[-55.76181072350184,-25.739847916781674],[-55.760553404368856,-25.748193427180134],[-55.756844565855076,-25.749344588270233],[-55.75689413339375,-25.747096829869673],[-55.75409038739368,-25.75215610105392],[-55.755364040085205,-25.753710925053387],[-55.752171472553826,-25.754035720921337],[-55.753594375148396,-25.757230570824856],[-55.75771498096563,-25.75773529244322],[-55.76037296244304,-25.759812011229947],[-55.75913770026926,-25.761625310471395],[-55.75796388000958,-25.760644699887294],[-55.75909835046507,-25.762712949021495],[-55.75732489276108,-25.765456124349992],[-55.759478791808924,-25.767659474863937],[-55.75519277777658,-25.771685843385626],[-55.75655748956579,-25.774988513054478],[-55.760916860884166,-25.77542748464649],[-55.76000022991113,-25.777270582857764],[-55.7612275413346,-25.778698562679775],[-55.76688629799154,-25.775667803186344],[-55.76988580772887,-25.77677213901127],[-55.770974070584906,-25.774709217204855],[-55.77148838203217,-25.77632972296339],[-55.773818046921,-25.77554580764345],[-55.77598065509048,-25.77767676712429],[-55.778799374218295,-25.776607962172776],[-55.77918846349108,-25.778538887796433],[-55.78485367284945,-25.781805104394458],[-55.78510689386849,-25.785581282565616],[-55.78806048657135,-25.785971589966625],[-55.78939221858871,-25.788330184303614],[-55.795871832624876,-25.78953966698554],[-55.797638594106324,-25.791676069247412],[-55.79647164521534,-25.794460853035766],[-55.798804820314984,-25.795513949540783],[-55.80014284159839,-25.794369299234443],[-55.79914572920932,-25.792550779171727],[-55.80250500310199,-25.791237688529524],[-55.801023385244974,-25.787081223145208],[-55.80447853370957,-25.787502419485566],[-55.81016670461031,-25.784023271729282],[-55.813624732547865,-25.78408763064003],[-55.81693823246452,-25.788290492884258],[-55.8165359007005,-25.790517362519473],[-55.82062346701647,-25.79457295037842],[-55.81947149011761,-25.796211380785216],[-55.82123704762973,-25.796758409198535],[-55.82178480042819,-25.798857557317643],[-55.823814313918675,-25.797235238441782],[-55.82655758554737,-25.797821709341026],[-55.83411058327254,-25.802320187736143],[-55.83625728281164,-25.799858940695035],[-55.84362606466604,-25.802129825096802],[-55.84765919774098,-25.80163816467827],[-55.84836845800666,-25.805395318951316],[-55.85321896443747,-25.809632131245575],[-55.85408050543334,-25.80879471664387],[-55.85380315837731,-25.811636655789936],[-55.85794273687576,-25.8137278443328],[-55.85808803613509,-25.815999771965146],[-55.86133426651205,-25.818169620922625],[-55.8624595057647,-25.816553217886806],[-55.86340724343574,-25.81850637629464],[-55.86759125224416,-25.819640573839273],[-55.87190071267703,-25.824125381291683],[-55.87088723150634,-25.825205502221618],[-55.87516194668703,-25.827924781844427],[-55.87697190077483,-25.83170838584657],[-55.876299692325695,-25.836199621606465],[-55.887566672958606,-25.85524722279098],[-55.90077737628096,-25.867527960595137],[-55.9113790378988,-25.87298915447023],[-55.9123552613662,-25.876045004515984],[-55.93579872351196,-25.85433710968311],[-55.94397922408477,-25.854986806184552],[-55.94652904873504,-25.856653138339937],[-55.95145731753578,-25.85546988710996],[-55.95916474792252,-25.856979032394978],[-55.9742017974653,-25.85311323736576],[-55.98366493519416,-25.854493526071273],[-55.99343012379689,-25.864863832162833],[-55.998056411905,-25.873148495136284],[-56.00711638443915,-25.874407130742462],[-56.0117708079189,-25.882167876276284],[-56.01739113661375,-25.884255673815176],[-56.0192949467947,-25.887523575042813],[-56.030961951754854,-25.894694413120607],[-56.03825196342759,-25.895040901544537],[-56.04845330800907,-25.890859943293645],[-56.099352313560686,-26.019183193615078],[-56.10908547398456,-26.015559614415217],[-56.11111532760546,-26.017955810171237],[-56.112801075326274,-26.017699806161176],[-56.116576268136754,-26.02482888404181],[-56.11997241279628,-26.025305576890435],[-56.121166241917955,-26.030558788259157],[-56.124820461635245,-26.03180441913658],[-56.12782926543528,-26.02987230985279],[-56.13516861989308,-26.028683937298016],[-56.1417333860261,-26.03572521565388],[-56.14866829095214,-26.038158982540832],[-56.156029721210224,-26.049551878336178],[-56.15893915271049,-26.0499841936356],[-56.160422792741635,-26.054033391321315],[-56.16512237224072,-26.05489583864272],[-56.16680991213907,-26.053916887584947],[-56.16877142338896,-26.058731727335296],[-56.170940263008475,-26.058080550167578],[-56.172056703634475,-26.060664793738564],[-56.18044421944652,-26.06341238139753],[-56.27253970595163,-25.977977670467702],[-56.277796316319495,-25.977967882289903],[-56.280961455257525,-25.976186783710208],[-56.28765750676354,-25.98233283781289],[-56.30164462885588,-25.983687720919793],[-56.31445736938083,-25.994336053635998],[-56.31568082455484,-25.997113893250415],[-56.320766454881415,-25.998212372597038],[-56.3233470756036,-26.00219743583288],[-56.327648469719,-26.00343196191307],[-56.335463810104194,-26.002497418014716],[-56.339916711423704,-26.00447269498444],[-56.341046083235355,-26.009574988328737],[-56.345942926215066,-26.01355213571543],[-56.35230765315237,-26.02633041487523],[-56.357224900007296,-26.025842202163894],[-56.36227411940481,-26.023349859349885],[-56.368340802888106,-26.0236202963371],[-56.37129396216393,-26.017763998648256],[-56.37612793332921,-26.015107692554476],[-56.3791133291158,-26.016068643987577],[-56.38175479957818,-26.015208616543518],[-56.38677006471831,-26.018945624754153],[-56.391861131755334,-26.016520132031747],[-56.395716843735826,-26.017583726112957],[-56.396748636131065,-26.019299131088996],[-56.4003614175351,-26.019029732954905],[-56.400915420374375,-26.020508358270682],[-56.405635187707645,-26.02157075394088],[-56.40631639356895,-26.020625452408265],[-56.410905568332744,-26.023868956202833],[-56.402690998553794,-26.13807287779362],[-56.41013351423291,-26.139789385454932],[-56.421205075063234,-26.135504686640452],[-56.423140369288,-26.132907462080194],[-56.43249849920532,-26.12770755227811],[-56.437335269459226,-26.11926593251281],[-56.439734935919624,-26.11786668491108],[-56.447108746474655,-26.11736241497602],[-56.458087311764935,-26.119756275482164],[-56.463221111627576,-26.118479754112336],[-56.46880117046531,-26.119407884863094],[-56.470640413658295,-26.11799702279163],[-56.48084989775204,-26.11659394628208],[-56.48767506424558,-26.11885767534457],[-56.48958618761651,-26.116963746254296],[-56.494694048163055,-26.119288775761024],[-56.531090822466666,-26.12204837778459],[-56.534659945714374,-26.119644545370022],[-56.538930489672865,-26.12149577643235],[-56.53844539472114,-26.125945780116883],[-56.54231838116316,-26.124328300633017],[-56.543175047912015,-26.127974431970816],[-56.54671944647255,-26.128884060447533],[-56.542075114650785,-26.137655098423473],[-56.54305702392475,-26.141915629137245],[-56.5401395986027,-26.143667099851097],[-56.538714676487075,-26.1493782162707],[-56.54125305486118,-26.152338967206514],[-56.54062004583915,-26.15654017677786],[-56.543632054958984,-26.15804413304508],[-56.543021414600574,-26.161974536868122],[-56.54554597692797,-26.163111211857395],[-56.54640568632841,-26.16606656282232],[-56.55065331153459,-26.166716460260794],[-56.55161758708615,-26.17016872779756],[-56.54894211293237,-26.175203330557153],[-56.55082883387601,-26.176401120349137],[-56.5539764008831,-26.1758149628307],[-56.55213738678421,-26.178820580696204],[-56.55485395514103,-26.179750013848576],[-56.55537817044383,-26.18170651390665],[-56.55123525576421,-26.186718549811445],[-56.5600683746865,-26.189084455997904],[-56.564581619736146,-26.187179422560543],[-56.565682093285034,-26.188469447160085],[-56.56397378705528,-26.19066746975506],[-56.56475577373025,-26.19182109364444],[-56.56671391043102,-26.191077558329138],[-56.56717844418336,-26.186230133044017],[-56.56908822619109,-26.18703948732274],[-56.57026389414932,-26.19103402797166],[-56.57211249692026,-26.191152405596892],[-56.57195923354762,-26.18670493603406],[-56.57575094260521,-26.184300779723323],[-56.57893645286594,-26.185018949515204],[-56.58065036904734,-26.18726777965959],[-56.58452645852539,-26.18501262314982],[-56.58336866540448,-26.187830988584096],[-56.585427921056144,-26.1885096323514],[-56.58929588703584,-26.18266961742055],[-56.59616861810091,-26.180309794255916],[-56.5934852591959,-26.175837153368796],[-56.59737355250241,-26.17603770144642],[-56.603250021753276,-26.17294786751821],[-56.60525783379949,-26.17623109950406],[-56.61180758514885,-26.175061531260923],[-56.613815599595334,-26.178367219608816],[-56.61609614874259,-26.176413916729956],[-56.61776599588112,-26.17931683485892],[-56.62263537084056,-26.178485424220487],[-56.625656112190626,-26.184227054517645],[-56.6286045743754,-26.186027052098844],[-56.627533123979,-26.18877376834792],[-56.62361839230322,-26.190032227209066],[-56.623260351784154,-26.19555282917105],[-56.62680541808714,-26.19709256857974],[-56.62768158168995,-26.190674863597586],[-56.62971897142959,-26.191641763430365],[-56.629164564698826,-26.194631402661013],[-56.6323219517437,-26.192019553136618],[-56.63269197144051,-26.1872926453002],[-56.6367874790102,-26.185366209707595],[-56.63806630799587,-26.182832136685594],[-56.643032574974846,-26.182666750106446],[-56.658975835465185,-26.172631290397863],[-56.6734232094607,-26.166967564449358],[-56.68201027052287,-26.160068716136227],[-56.6910253533997,-26.15661632935779],[-56.69191764054279,-26.153787465579008],[-56.69647008641788,-26.153034130954065],[-56.6992413649022,-26.148457424598735],[-56.70468168576582,-26.146378327541335],[-56.70856159056464,-26.136557496466583],[-56.70734453629319,-26.134690413567856],[-56.709257922241584,-26.13587265209549],[-56.711053019508846,-26.134070338534052],[-56.7117579708844,-26.130116774460433],[-56.707678753353456,-26.125006818034556],[-56.70800817284779,-26.118989233342727],[-56.70578957910226,-26.10898890584192],[-56.70881892517325,-26.10513487708133],[-56.71624934056863,-26.10581336788802],[-56.717293616611066,-26.098885150824707],[-56.7211117328235,-26.097660033296464],[-56.719201841475076,-26.09417538875367],[-56.72111044301273,-26.093723092418212],[-56.72200186806035,-26.0912732549512],[-56.719272050891234,-26.08230149142564],[-56.71633756804019,-26.078042767953914],[-56.714452126305446,-26.07754693155817],[-56.715397526007756,-26.072162583782237],[-56.71401200596813,-26.068873033403538],[-56.709796074358046,-26.065790005185985],[-56.71152274743343,-26.062651125727044],[-56.70751984827099,-26.058186909352585],[-56.708936703249385,-26.05524608413217],[-56.70794085375778,-26.048909722727803],[-56.70431535404078,-26.044911206622807],[-56.70133513834916,-26.044485193232184],[-56.70283476056132,-26.043896838600403],[-56.70242725091686,-26.03530420590416],[-56.706779237347924,-26.03365614492236],[-56.70548646574525,-26.031021344657766],[-56.70208234109026,-26.030883435498268],[-56.701729010122676,-26.029555333780408],[-56.7060487493014,-26.027229994138324],[-56.70780150159019,-26.02471876153545],[-56.70688875592525,-26.021005682375517],[-56.70883880042444,-26.020508471659095],[-56.70961101751854,-26.01738572623032],[-56.710676552791035,-26.01867460450303],[-56.71324992411437,-26.015853414302054],[-56.71238083363586,-26.01135486070236],[-56.71423962221508,-26.00487516352685],[-56.71303864961215,-26.00358604092445],[-56.71438426569124,-26.00136286196888],[-56.722047479884644,-25.99695319276884],[-56.72364079611885,-25.993651338412935],[-56.72295868060768,-25.98973561284],[-56.72560398364968,-25.988345548664082],[-56.72617239995261,-25.979917291726473],[-56.72952834000913,-25.978654912812143],[-56.732260233847754,-25.97472750251543],[-56.73699879542188,-25.973250783205142],[-56.741197905821004,-25.963731869089056],[-56.74258110680409,-25.956117653056147],[-56.74768575529746,-25.951956190565173],[-56.74241296990243,-25.951326337773423],[-56.739658721834225,-25.952807475333746],[-56.73757336975012,-25.957443698543617],[-56.72965889008735,-25.957624482909424],[-56.717456395417905,-25.960570439095605],[-56.70735318145755,-25.953830483762893],[-56.69786297902482,-25.96488317220702],[-56.68983029133879,-25.96705405090231],[-56.68555108174588,-25.962856620240732],[-56.67683282420066,-25.96264989071425],[-56.664486999273926,-25.970846088822235],[-56.65500558143395,-25.969164151115802],[-56.64349968474436,-25.970770663942996],[-56.64126029216822,-25.965365316159822],[-56.63942018161367,-25.969126167277174],[-56.63372232885518,-25.971775647627947],[-56.6314116502503,-25.969950280899617],[-56.62831839935546,-25.971414225191676],[-56.62788522040463,-25.973359029155535],[-56.624971949706065,-25.972958714568485],[-56.62413076024782,-25.975173341680772],[-56.620294661150076,-25.975542578418388],[-56.61764209839959,-25.977923967655926],[-56.60755623018827,-25.979084381015834],[-56.607719090868194,-25.940555221851238],[-56.60841115567964,-25.937036192264017],[-56.61314201052235,-25.932484524171077],[-56.612915934687,-25.93145202173339],[-56.61072931363714,-25.931702773231038],[-56.61185551148711,-25.9252250284851],[-56.61038344250935,-25.923037162723926],[-56.61365051133744,-25.920976647127638],[-56.61066616600091,-25.919680151577438],[-56.608827800013636,-25.915088975082437],[-56.61105302617707,-25.912179431595842],[-56.61492504680749,-25.911496373413186],[-56.611742813330245,-25.909860865587557],[-56.613911523588264,-25.90942441305453],[-56.61520595871333,-25.90463653636711],[-56.61684597257923,-25.90501624020005],[-56.616527699708946,-25.9071822590459],[-56.61963664355966,-25.90543307228098],[-56.62037260220029,-25.908309929345165],[-56.62156257025341,-25.904900661644778],[-56.620196178679436,-25.901544425684197],[-56.62409674560374,-25.9029195418495],[-56.62677220965585,-25.90097286406289],[-56.623440353828634,-25.898729139107747],[-56.62721819985456,-25.89711801747354],[-56.626973170431626,-25.894054770984468],[-56.6291074726665,-25.89015305950479],[-56.62583089850856,-25.88840432735135],[-56.62987685019487,-25.88567995532294],[-56.62996334325278,-25.883752295027936],[-56.63384946094878,-25.885206936584545],[-56.634191622643606,-25.88228662993114],[-56.638973273281664,-25.882226367317237],[-56.64225729813431,-25.878536757324557],[-56.6474691429172,-25.877046033155732],[-56.64828190820063,-25.874560265235452],[-56.646903906303365,-25.870547637757067],[-56.64968123283665,-25.869470777660368],[-56.654159502982765,-25.86180156531739],[-56.65819955062443,-25.85991033221151],[-56.660350638962825,-25.855210782062528],[-56.662561713488216,-25.855247542034224],[-56.66263439802228,-25.853152763714874],[-56.665762565138046,-25.850441982768565],[-56.6895406377286,-25.762165283518428],[-56.669835001279054,-25.700155201847572],[-56.66592275632453,-25.70045331631882],[-56.666910935108966,-25.701724311045968],[-56.66379921917566,-25.704647447848966],[-56.66323264250549,-25.70829882710469],[-56.661323177026226,-25.704790714749638],[-56.65901028245368,-25.704080974100446],[-56.661063541345754,-25.703422046809184],[-56.65966291471397,-25.701969448429306],[-56.66092179270517,-25.700243110670836],[-56.65845785315705,-25.699668462240115],[-56.66128429237489,-25.697178221809118],[-56.65688069053045,-25.696589999053423],[-56.655760320955174,-25.693467446285606],[-56.653941510812516,-25.696248939429967],[-56.65410495057133,-25.693364198393922],[-56.65225903022742,-25.69538707468995],[-56.6502807131348,-25.6938788268866],[-56.64858052737837,-25.685697948696674],[-56.64515838117355,-25.684068754183933],[-56.64408718868122,-25.686337225755995],[-56.640708780097796,-25.686130281158356],[-56.63748254788952,-25.68256893970467],[-56.635520691285976,-25.68437910984257],[-56.635428845145356,-25.68201749879284],[-56.63383686875203,-25.6824243834707],[-56.63180899399259,-25.67894719090265],[-56.62655476425719,-25.67637830798137],[-56.62034218687795,-25.67973503241093],[-56.61797611710444,-25.678351761264086],[-56.614397752978284,-25.680175465312235],[-56.609218606351355,-25.678364690552733],[-56.60781429247725,-25.674324454620304],[-56.60509204108757,-25.67640307313691],[-56.60254199237731,-25.673479418217696],[-56.59753378173632,-25.672278230401332],[-56.597895085680676,-25.667425530746463],[-56.59560767763871,-25.668349314782795],[-56.59092342438989,-25.66701334714686],[-56.586699317312885,-25.664825186336945],[-56.58597929796899,-25.662515947516674],[-56.581281629459156,-25.66137378230563],[-56.57845106343986,-25.65755040597003],[-56.568552073500804,-25.654198401554563],[-56.56954343676185,-25.65175867693551],[-56.566394969954416,-25.651469427571865],[-56.56371927180158,-25.64668903291783],[-56.558912031788594,-25.64746472928346],[-56.55845237987164,-25.64597788370147],[-56.5603531709078,-25.644660703467206],[-56.555999827247796,-25.640407885922677],[-56.5485266664298,-25.638714404209445],[-56.54606509165744,-25.6356907110035],[-56.543604855006805,-25.63578689212552],[-56.544463012450656,-25.632118820405715],[-56.53831663782617,-25.633007055329802],[-56.53728749528801,-25.630588238993635],[-56.5364398706238,-25.632603786737466],[-56.535256258262514,-25.630053529300614],[-56.532476564259305,-25.631317909599055],[-56.535847373792784,-25.628687342930828],[-56.53339065940467,-25.62791195683716],[-56.53384831308079,-25.62532628351429],[-56.53228986818203,-25.626183681756928],[-56.5286139046179,-25.624397448407226],[-56.52872498360417,-25.625756841855956],[-56.52690846394308,-25.62637405115978],[-56.525468504371226,-25.624486599750995],[-56.52411440283045,-25.625922502089406],[-56.52157928830419,-25.623295486709047],[-56.51906888280384,-25.628362176973756],[-56.51807226870568,-25.62771775465305],[-56.51924955335866,-25.62630841843393],[-56.516737298483825,-25.62545129992878],[-56.515356006987716,-25.627117297785848],[-56.50991982077097,-25.625004179129395],[-56.50783238820377,-25.62547575969817],[-56.507304477280655,-25.627144551919702],[-56.502370901417066,-25.625312781218142],[-56.50453623533825,-25.62361796246403],[-56.500921034276395,-25.623808838132867],[-56.498118291266366,-25.62145141039033],[-56.49914021965986,-25.623152577438482],[-56.49473324470629,-25.623178042327083],[-56.49323853957786,-25.62731316934235],[-56.49014365681836,-25.627799058553606],[-56.48981942839353,-25.630994580717978],[-56.48781011914776,-25.63047735042929],[-56.48435756271157,-25.632898815147588],[-56.4846193110184,-25.635157260083886],[-56.47972502234256,-25.635185062034125],[-56.47840465869523,-25.636584530795325],[-56.47605852038681,-25.635203563458294],[-56.47710986657301,-25.634250142073284],[-56.47595753225975,-25.632665749400836],[-56.47404180017596,-25.632396993000395],[-56.47466030903884,-25.630764773960742],[-56.47293334506375,-25.62877193664923],[-56.471277555756174,-25.630987353731417],[-56.4700662377501,-25.630237983902415],[-56.47114694759732,-25.628413308660946],[-56.46862198010093,-25.629514847394677],[-56.46902026986982,-25.62715492990892],[-56.466958426020575,-25.62672752429755],[-56.46475464426425,-25.628259096296713],[-56.46317898018294,-25.62700265068913],[-56.46302504998655,-25.629684016672474],[-56.462082920847074,-25.627504303952648],[-56.45979965817734,-25.62745073022905],[-56.460763274154424,-25.625806301274594],[-56.45511672800763,-25.626656756696395],[-56.44963238848402,-25.621981204417114],[-56.44396187877286,-25.62171141253904],[-56.44273082474659,-25.61950338812932],[-56.43878958800269,-25.620603519564852],[-56.43909585983467,-25.618604536928245],[-56.4361467952811,-25.616940688458097],[-56.43656097713692,-25.614901491530006],[-56.43310447199295,-25.616721228961772],[-56.42869320935789,-25.61482128668385],[-56.429172765546994,-25.609134222348818],[-56.42669758771169,-25.609070356430433],[-56.429378348495284,-25.603459627622193],[-56.42821399119335,-25.60407363873032],[-56.42877542576385,-25.602761957987067],[-56.42448836833567,-25.601950501275905],[-56.424796033229256,-25.598917608385687],[-56.422066834421955,-25.600080756707598],[-56.423282953996676,-25.59684827763221],[-56.42216642300591,-25.59541711881973],[-56.423437101205884,-25.5954627691101],[-56.41918733034504,-25.58969831130293],[-56.418260811302446,-25.587220388017904],[-56.42024972671698,-25.586072433521185],[-56.418532235388284,-25.585270969679904],[-56.417778457107985,-25.582342224710683],[-56.416740252022606,-25.582767018393426],[-56.41680169371776,-25.580875460602158],[-56.414658809822775,-25.580808207656737],[-56.413255873984994,-25.577416306550933],[-56.41048489639087,-25.57931051627927],[-56.4094194432657,-25.576664920680976],[-56.406655107469575,-25.5763196245415],[-56.40756346056472,-25.573952908140814],[-56.40558273358899,-25.572703239392574],[-56.4052461423309,-25.573952538345996],[-56.403372409972896,-25.573091568324838],[-56.40235790362244,-25.57401301187075],[-56.40149187630988,-25.572352452851362],[-56.39768697974094,-25.575917266775733],[-56.39630606100281,-25.573825629542632],[-56.39412695427431,-25.57443066851621],[-56.39263559544635,-25.570564130849785],[-56.3944072120907,-25.569930337083782],[-56.39380787941324,-25.568469498568266],[-56.391941038083324,-25.56874168688226],[-56.39163167999097,-25.56703823205088],[-56.387884620709386,-25.56569067354138],[-56.38578698082415,-25.569009467068604],[-56.38349176567479,-25.569451320045566],[-56.382947735583414,-25.56815321299428],[-56.381587385021284,-25.56927171440909],[-56.380963592944674,-25.56800035341111],[-56.37896772622125,-25.570845397256022],[-56.376349278344975,-25.57012991808131],[-56.3756852871774,-25.57494010526143],[-56.37343908985092,-25.576935175069405],[-56.36919243018612,-25.57674084342055],[-56.369823772944116,-25.57833736590209],[-56.36546123467274,-25.576507989746972],[-56.36061186201443,-25.570996619007303],[-56.35803593909806,-25.571662594869217],[-56.35596755956141,-25.56957208431584],[-56.347397265668526,-25.56960635988593],[-56.34514813211924,-25.571388772774668],[-56.345380310812196,-25.572861704716416],[-56.341584878216175,-25.569729321857686],[-56.34011795432931,-25.57228272433838],[-56.338447962656794,-25.570559482156447],[-56.33490357985201,-25.570349272154054],[-56.333285029526046,-25.57385006487007],[-56.3306149155796,-25.574632515323277],[-56.330437909539164,-25.5728934304306],[-56.32637803557699,-25.571831833890485],[-56.323465227835456,-25.56840957347356],[-56.31696796588456,-25.564776428544917],[-56.31546720779648,-25.56619615661559],[-56.31046807440376,-25.56634426090087],[-56.30730865785595,-25.568794527488258],[-56.29216273523767,-25.569038108015484],[-56.28729246911802,-25.585336096865017],[-56.284362254166844,-25.586441503006416],[-56.27933466067343,-25.583613029208593],[-56.27443455302967,-25.584965871404517],[-56.27099995540515,-25.58281773599102],[-56.26455460191401,-25.58254166935967],[-56.25822689255569,-25.576915697119652],[-56.25550022357684,-25.578003497236512],[-56.252491045377845,-25.572669542198163],[-56.24918806418467,-25.57158710463219],[-56.24552979629963,-25.572200383074595],[-56.244221558652,-25.57511931811147],[-56.236512777560016,-25.578786065322596],[-56.23118222962486,-25.5802661407843],[-56.22753578915532,-25.578982752967768],[-56.22343590653345,-25.581250119085894],[-56.21840207286162,-25.57839696971914],[-56.21354397819392,-25.581635226616296],[-56.21168903399434,-25.5776295379421],[-56.20793046434173,-25.57707196424363],[-56.20701971965089,-25.575428115230686],[-56.19337060272935,-25.584049224935512],[-56.18637404916921,-25.58368540665435],[-56.17984670034032,-25.589446083468175],[-56.168045386285606,-25.59070734054219],[-56.154692368026815,-25.59950704298403],[-56.05997488926871,-25.62242713690534],[-55.933161397960326,-25.627229455227553],[-55.86007836571147,-25.656747153609928],[-55.85862831341656,-25.661449043544923],[-55.85920001875708,-25.668112511899825],[-55.864543673649266,-25.675246585548866],[-55.86175481987601,-25.67848437648781],[-55.84712203853238,-25.685601796027825],[-55.843207832989066,-25.68682585113883],[-55.83717803757784,-25.68534228168886],[-55.83472480893444,-25.68707885997154],[-55.8312526680979,-25.686256521690435],[-55.82549949011759,-25.68802063628285],[-55.823780409515145,-25.687022616533554],[-55.817468733575666,-25.68774808000738],[-55.81226702196968,-25.68945744608898],[-55.808850848380786,-25.692535568793577],[-55.79921977102687,-25.68941381489549],[-55.792683907203724,-25.694745647559465],[-55.786868575160796,-25.692778730125468],[-55.77675062239412,-25.684030931031195],[-55.76835156380942,-25.68110259530075],[-55.76194826216997,-25.68310698944468],[-55.75015912291022,-25.691069264224872],[-55.746603563732336,-25.69124641458095],[-55.74060626298559,-25.68938445921643],[-55.73488091749946,-25.683786669871825],[-55.73068455062642,-25.682748011159454],[-55.724257171974365,-25.677595155724454],[-55.71487086032676,-25.673932844172914],[-55.709173840638094,-25.674094732565546],[-55.693943896102965,-25.678532282180246],[-55.69245931682044,-25.674081336595602],[-55.68810587795661,-25.672669884423097],[-55.68660735626466,-25.668494137038557],[-55.67933419293039,-25.66044255057162],[-55.67973092412714,-25.65421176859196],[-55.67692948150778,-25.651875039622983],[-55.67290796765759,-25.65290844915081],[-55.66954519465051,-25.651631873562657],[-55.66965078238587,-25.648061959803314],[-55.66654199216226,-25.64579446955152],[-55.65643141733226,-25.65010329903408],[-55.650373852144206,-25.647329785249358],[-55.643999042636636,-25.64747838354685],[-55.63892842588075,-25.64494380002725],[-55.63632589205963,-25.649460949421254],[-55.633585467310425,-25.650270482224226]]]}},{"type":"Feature","properties":{"shapeName":"CAAGUAZU","shapeISO":"PY-5","shapeID":"63826900B47245134487422","shapeGroup":"PRY","shapeType":"ADM1"},"geometry":{"type":"Polygon","coordinates":[[[-56.56448447680816,-24.997336822302525],[-56.55861568494723,-24.99756839697201],[-56.545366639054286,-25.003150239409603],[-56.519480387261574,-25.003886163229588],[-56.42710565664192,-24.944059430366675],[-56.41993416513248,-24.933533302659775],[-56.41533242316316,-24.933009594127583],[-56.412715352816925,-24.93573114184074],[-56.40696398594659,-24.933667394084477],[-56.405762311160274,-24.931508748196425],[-56.402829716485385,-24.9312035253696],[-56.40102438137057,-24.929223039646978],[-56.399999157652175,-24.921714271019184],[-56.39330951198387,-24.91627771482716],[-56.3921751253274,-24.91335209270681],[-56.388108281451174,-24.912000887723664],[-56.36862542768387,-24.912422933627326],[-56.36050589587535,-24.91761267447431],[-56.35586643493223,-24.91748885150594],[-56.35321525213903,-24.920516245730095],[-56.353092998581396,-24.919391378841535],[-56.34916417376409,-24.919356220462685],[-56.34340082016544,-24.921543500129744],[-56.33480488716995,-24.916813900157546],[-56.328650230317706,-24.91717464263243],[-56.32409197469368,-24.923511720947932],[-56.320872421775555,-24.922675289923617],[-56.317002120013235,-24.927507132112883],[-56.31361602187761,-24.927003918873805],[-56.30500695301379,-24.929948694098453],[-56.3019030794673,-24.932196390811978],[-56.29899585348233,-24.939601492148004],[-56.293842943053306,-24.940701488019908],[-56.27803336431413,-24.941122419287026],[-56.27498981686394,-24.93853840926881],[-56.27176951595849,-24.938771051687503],[-56.272411774735964,-24.93629074755204],[-56.26672171422203,-24.929295679796528],[-56.24955037354957,-24.925557312827753],[-56.24056689625276,-24.927665634709673],[-56.23784357851697,-24.926635786656004],[-56.233670427608025,-24.930456936375606],[-56.22531060595495,-24.934098223764902],[-56.20885200782618,-24.935754675497105],[-56.20089961013432,-24.93777574026439],[-56.19716325949073,-24.94044677466804],[-56.27821959453476,-24.80800062301428],[-56.26678089884881,-24.784442193367557],[-56.25485496731075,-24.766172567673056],[-56.24839344237259,-24.770149988550493],[-56.24448445956722,-24.777332425537153],[-56.241092873082515,-24.778557015170794],[-56.23317103792583,-24.787994505685003],[-56.23263920719744,-24.79042558582278],[-56.227881117072805,-24.793485137546103],[-56.222757067358536,-24.800461996508417],[-56.22443060929739,-24.806769656247386],[-56.21480051082831,-24.83997517096193],[-56.20584159980666,-24.847847773093456],[-56.20350212247532,-24.853556272200077],[-56.20005586062017,-24.85568264900717],[-56.19879703504696,-24.86402928853938],[-56.194989879092255,-24.865462754967965],[-56.193741305175884,-24.8686303005293],[-56.18914289906192,-24.872967210992968],[-56.18645030448334,-24.88308495095078],[-56.177126577589306,-24.89269209303128],[-56.17285005730513,-24.906724580807502],[-56.16189932733091,-24.928345839514787],[-56.15548722876388,-24.935195436164584],[-56.14428513280281,-24.93852701246056],[-56.12838406920391,-24.935165819142618],[-56.12889635375077,-24.929884604746903],[-56.12579297525057,-24.91327455264635],[-56.11883048026318,-24.91881314483782],[-56.1101289168569,-24.919789281317257],[-56.10296825278579,-24.922314411192872],[-56.09523187745273,-24.931299195270032],[-56.08894135368144,-24.932729176051105],[-56.06873999398567,-24.921004813587864],[-56.05065895124369,-24.90620788379561],[-56.033274992651215,-24.90580257280055],[-56.02744393344683,-24.910316349189493],[-56.02425765372428,-24.906037514778678],[-56.02349042014195,-24.880777973299985],[-56.015918800875916,-24.881609219346277],[-55.99955981531934,-24.87430589041541],[-55.9976557696193,-24.87091606932274],[-55.98870549207937,-24.863220655824975],[-55.990516142780606,-24.838418893862535],[-55.98201641662429,-24.834984186863036],[-55.97253369669204,-24.833744677767626],[-55.96624083546448,-24.83590371073364],[-55.961868667430814,-24.839250448626704],[-55.94623720852177,-24.842077597071793],[-55.93831823771456,-24.846132704494142],[-55.915932641511255,-24.84832119166311],[-55.909349806451836,-24.846658198391747],[-55.89542305297167,-24.852002465746292],[-55.884079410814806,-24.847499381696043],[-55.86853692363452,-24.857953864455997],[-55.86014661223094,-24.860386083281334],[-55.84613613946473,-24.861453090896045],[-55.834291727580506,-24.85460723704143],[-55.826973132910624,-24.84574054876662],[-55.819110229521165,-24.843476266695664],[-55.80896991204066,-24.843836256388947],[-55.797102603705866,-24.8366294826782],[-55.78549585214783,-24.838930650814053],[-55.78116252869381,-24.837821738014902],[-55.77585096127358,-24.827570103074635],[-55.776426734950164,-24.822421800442662],[-55.77048167623125,-24.81964765122539],[-55.76695532675545,-24.81937085264329],[-55.760216935156855,-24.823609664515367],[-55.75162587183751,-24.82304265845487],[-55.729978409195645,-24.825007596205463],[-55.72287318536154,-24.82957189932384],[-55.7168454099689,-24.826134249380207],[-55.71211376014331,-24.8198996095373],[-55.70753587563067,-24.798883236753277],[-55.7080152810671,-24.79095669656946],[-55.7057663858346,-24.786314830256135],[-55.70199130680406,-24.78396972493441],[-55.70370269493488,-24.775973681647862],[-55.70802470636663,-24.769156358378446],[-55.714407617635544,-24.764173500361142],[-55.718268817634154,-24.758095166433534],[-55.726069885151354,-24.755849272066047],[-55.73072986425741,-24.7511813561823],[-55.736106286097865,-24.743188904511864],[-55.73612352345659,-24.73652639083428],[-55.72906842127798,-24.72779506700348],[-55.72920665240571,-24.723088752688334],[-55.71665250467878,-24.712906195568742],[-55.71272572942027,-24.707917313015045],[-55.71141615101311,-24.69460951095724],[-55.7027065245096,-24.6889185489684],[-55.7013082864154,-24.684281571138424],[-55.70265909904526,-24.67603451325171],[-55.70017394574233,-24.671635893524048],[-55.68725634331775,-24.67961707435512],[-55.681658129730216,-24.67907250458873],[-55.67079516769206,-24.67212203922018],[-55.66226939228941,-24.674936870434806],[-55.66277440338033,-24.66147974892339],[-55.668465480482254,-24.65318902535626],[-55.653137429201514,-24.64999671907466],[-55.638464196524914,-24.644826735806323],[-55.627716961505115,-24.64431606924533],[-55.6208095322441,-24.647969213900012],[-55.614764113856445,-24.647170342923253],[-55.60472089730425,-24.640222839595275],[-55.60123877410179,-24.636474131353136],[-55.608551340386654,-24.628861510526853],[-55.60959166258731,-24.624659255547797],[-55.59474638013083,-24.619153218698493],[-55.594488446246736,-24.609901217336866],[-55.59782389553671,-24.60241703058581],[-55.58481428227728,-24.60262560081489],[-55.57787469366556,-24.601238818663504],[-55.564190072044795,-24.581453619426636],[-55.56268618878406,-24.57078577294052],[-55.559260049571364,-24.562411929767944],[-55.55162710270711,-24.55085940645533],[-55.55296776967742,-24.54418287206486],[-55.55116944565659,-24.52781368934284],[-55.55246467180964,-24.51864985425583],[-55.54393161449183,-24.513539304139847],[-55.53153047883896,-24.51655736777623],[-55.52540954457897,-24.515093727564228],[-55.513492217898516,-24.515307131285304],[-55.50523846433032,-24.526291908730116],[-55.4937060161833,-24.533788458098496],[-55.491108351463325,-24.568021218354005],[-55.484022023190704,-24.571583745012397],[-55.47848271019209,-24.55564456181325],[-55.470956661277924,-24.546896951062752],[-55.46047902828632,-24.54142731527852],[-55.443956963845686,-24.54970374893627],[-55.4378383958753,-24.551255404390513],[-55.41898713503311,-24.544158658215526],[-55.40189972169283,-24.535048023166276],[-55.40062696474344,-24.536477593230746],[-55.39998730149334,-24.548949793379133],[-55.39265928744479,-24.544614303453574],[-55.36976794874064,-24.53996418517856],[-55.35923592765577,-24.522966805589512],[-55.345171731037965,-24.509033730894608],[-55.345126016963434,-24.49701777662362],[-55.34273356943082,-24.493647022156374],[-55.33201975299334,-24.49676609970933],[-55.329439768579434,-24.506011388699473],[-55.31267007214266,-24.514867283044925],[-55.30374025084331,-24.50436217463457],[-55.30506474333717,-24.496449437649154],[-55.30415750633114,-24.4935708904469],[-55.296791773512155,-24.487561642301184],[-55.289123531136944,-24.48908524695868],[-55.288585664197214,-24.503819488412017],[-55.28097868687469,-24.500760208736335],[-55.272354502808085,-24.49292001659027],[-55.25252554337781,-24.46750695079385],[-55.23895311693428,-24.475997944113818],[-55.22812066744266,-24.476366731474414],[-55.217106169728694,-24.47524620258955],[-55.21056846863035,-24.468604034179393],[-55.202510546030396,-24.469003843662005],[-55.18029952215151,-24.465455563453965],[-55.16386677530488,-24.469468120908093],[-55.16171285551063,-24.473343616212],[-55.15463539684064,-24.479056762882596],[-55.1430230816659,-24.488102340904227],[-55.1387671418966,-24.49678219492927],[-55.149414205347966,-24.51110620872751],[-55.153501411234146,-24.512280339930072],[-55.1602614719498,-24.517491164160873],[-55.16065273354528,-24.519211369279667],[-55.15668746526618,-24.523225831689455],[-55.15763056372342,-24.528464903663586],[-55.1616991972049,-24.528925354177378],[-55.16409770076456,-24.52695473664568],[-55.174663748674874,-24.524311194792148],[-55.186893326239044,-24.517556270822382],[-55.192712581453236,-24.519151947959877],[-55.20001163650919,-24.516250706279155],[-55.21456034952709,-24.515227270064514],[-55.220522131217855,-24.517103464041817],[-55.22912422345528,-24.516410144844713],[-55.236825617733714,-24.51934894832161],[-55.24556141228703,-24.514633890329684],[-55.25116258349188,-24.515150362816758],[-55.25663401509312,-24.521181795925614],[-55.26930699018146,-24.5230251680981],[-55.2714247261976,-24.526119295359095],[-55.27552320542975,-24.527728221523414],[-55.2766035547801,-24.53407890196724],[-55.28038335473219,-24.540898293773306],[-55.28307867979309,-24.54501913651213],[-55.28756149045398,-24.54745829342544],[-55.28844439457902,-24.55427165599101],[-55.29253989687002,-24.56010117828754],[-55.2953164397292,-24.56238083483951],[-55.29799643846447,-24.562542054289057],[-55.30199612276893,-24.566925621228474],[-55.30118571285385,-24.573715318104718],[-55.302125060836595,-24.575992187829804],[-55.304412372023855,-24.57660484233656],[-55.30293614692017,-24.58105756532334],[-55.30533793277052,-24.583946806313538],[-55.306713174269376,-24.58988981361466],[-55.298426772389455,-24.599556685409226],[-55.299249787225364,-24.602274675445674],[-55.29262310564694,-24.613115609696994],[-55.29478436653163,-24.616422138916352],[-55.2945568130724,-24.619362988075245],[-55.29551816901113,-24.620484443428445],[-55.29858205846894,-24.62010380419271],[-55.30055794855659,-24.624356200302344],[-55.29938028879791,-24.62662269205113],[-55.30133952013865,-24.62896527273717],[-55.30103327547075,-24.63827966434738],[-55.296296657376686,-24.640099552985163],[-55.29488277646558,-24.63937475212459],[-55.29217818239067,-24.644896814960617],[-55.29581337832902,-24.649231319119306],[-55.29530454960049,-24.650417361321423],[-55.29871552111441,-24.651634289920686],[-55.29790456413535,-24.65224358528189],[-55.301255097201455,-24.65555899454181],[-55.30110413825707,-24.657724223858253],[-55.30342924553934,-24.6585721295742],[-55.3024584269834,-24.660497862266475],[-55.305753084591764,-24.66367711719436],[-55.30678985431865,-24.670221222060803],[-55.3095508959901,-24.674116700074773],[-55.312283850446,-24.673596677960244],[-55.31394139916387,-24.67708691805162],[-55.31615245019997,-24.67809136877357],[-55.316037554705666,-24.67993198026859],[-55.31475289528686,-24.679660241407422],[-55.314618326795745,-24.68144645620646],[-55.312856962265634,-24.682130927118358],[-55.31615287276448,-24.685598919871772],[-55.31596478818527,-24.687966899644767],[-55.317388377117254,-24.6880641251707],[-55.31781629671274,-24.69276395732084],[-55.31565764817134,-24.693814185621395],[-55.31518078344602,-24.697673202388145],[-55.313196959804664,-24.69683379999155],[-55.31208419301583,-24.69956155506945],[-55.31051780480897,-24.700699623003164],[-55.30970411089509,-24.699706310624887],[-55.308660889444525,-24.703039753059635],[-55.30580782361516,-24.70517448963035],[-55.30358074599303,-24.704413470837867],[-55.30408008351284,-24.708409870473602],[-55.30108490879048,-24.712488615606198],[-55.30259094119712,-24.715453584038855],[-55.30101227737075,-24.7159729241803],[-55.30367978513521,-24.71934830575033],[-55.30341656607138,-24.72572871486766],[-55.30969784394364,-24.734286777696095],[-55.3112818671654,-24.734254973520603],[-55.31191972549359,-24.73698435592849],[-55.31462867417244,-24.737980929546765],[-55.31363479417592,-24.74061520246498],[-55.315994086706986,-24.741291809836458],[-55.31683819589836,-24.7457841186467],[-55.31961233326619,-24.746361501003364],[-55.323381600198765,-24.751112279329977],[-55.32434629052769,-24.75820170153897],[-55.32320318501291,-24.757958673345765],[-55.32311565330461,-24.761117792637577],[-55.32154532699223,-24.76171416431419],[-55.32284666698108,-24.76250973832235],[-55.32153336125213,-24.763799693765293],[-55.32201905858876,-24.766563448780875],[-55.32070472604317,-24.766363624193232],[-55.323843446712246,-24.771491058754737],[-55.322978717558684,-24.77287633162092],[-55.32557586742196,-24.777248274465503],[-55.324662402996516,-24.777888130883973],[-55.32686045359236,-24.778246781480725],[-55.328453656906454,-24.781447249195214],[-55.32929025639017,-24.784747604327954],[-55.328228839930944,-24.785539319102885],[-55.33027362684609,-24.785444770747862],[-55.33126118080855,-24.78703131941942],[-55.32904117997248,-24.791204959696135],[-55.33043195955125,-24.792502578995677],[-55.3288516959135,-24.79252105380394],[-55.33100998993528,-24.794761723224923],[-55.33010987697464,-24.79721203781466],[-55.331581898514024,-24.801544244262665],[-55.33499055510391,-24.804191557878188],[-55.33429727069386,-24.807217528637832],[-55.336020549246,-24.807846157188326],[-55.33443092356514,-24.809891552123066],[-55.3360962134429,-24.80912457979795],[-55.33622179392789,-24.811942974300134],[-55.33782447335795,-24.81202399811297],[-55.333570922703856,-24.81562430635439],[-55.33483864522239,-24.81851862464306],[-55.3337406130892,-24.820686852127725],[-55.33466593409878,-24.823527697112812],[-55.33584321188343,-24.823342172863477],[-55.33386667619051,-24.826006230084502],[-55.336546201028575,-24.832044750263496],[-55.33899008039147,-24.832591087643678],[-55.33788966171533,-24.833590081478185],[-55.33911078984581,-24.83563965602599],[-55.34159952116472,-24.834868243648657],[-55.3454134083605,-24.83679303017696],[-55.34407016631091,-24.838985700849832],[-55.34561025296597,-24.83812696284414],[-55.3467516174574,-24.839304314859085],[-55.3461636649731,-24.84110808998451],[-55.34742509233478,-24.84083763833736],[-55.3469861586801,-24.84189818574488],[-55.349263946998704,-24.84328220863568],[-55.34758896553982,-24.84474893666839],[-55.3500836443735,-24.846803481850603],[-55.34652592539295,-24.84991069390884],[-55.343201053317955,-24.846528677483153],[-55.34222034835441,-24.849303187424894],[-55.34533222839274,-24.85298533256873],[-55.34254373265778,-24.854597659047123],[-55.34364161886917,-24.85644720126573],[-55.34099126745177,-24.854512707060557],[-55.33953307431522,-24.857557265413394],[-55.34199249739666,-24.858460383513446],[-55.34087420241734,-24.85971651005709],[-55.34237980242976,-24.861511903419284],[-55.343610684351326,-24.86034730278871],[-55.34418151791699,-24.861279085910795],[-55.341994054596476,-24.863954425016495],[-55.33981334420772,-24.8617181410373],[-55.338277700048984,-24.862635539687208],[-55.341669138692865,-24.8651742184759],[-55.338324116230034,-24.866103109513354],[-55.34103404253894,-24.867018065575717],[-55.34084263168592,-24.868243853866122],[-55.33832521969253,-24.86888850078609],[-55.33903400621035,-24.86699582917085],[-55.3376830721735,-24.86750897792827],[-55.336912176905315,-24.870204511104074],[-55.33533408289935,-24.870448757146058],[-55.336734936238,-24.87180062928608],[-55.335530884660265,-24.874134688638325],[-55.332003994183914,-24.873937317093006],[-55.329361844422,-24.877176175959708],[-55.33372931506849,-24.87964470305141],[-55.33343788188217,-24.88140205576662],[-55.32997640851563,-24.88166131000321],[-55.32908444093757,-24.884093599263625],[-55.32671160024686,-24.884310787323447],[-55.32621210913068,-24.882494925846704],[-55.32505343132828,-24.883551829751838],[-55.327456862646166,-24.88593077025669],[-55.32509170293896,-24.887822844590392],[-55.32893601728969,-24.888227096782487],[-55.33013467436317,-24.890867877287217],[-55.32967721779911,-24.892221580319617],[-55.325880221246365,-24.892106792163535],[-55.32734973122306,-24.895626417576285],[-55.32621160514321,-24.897306535734515],[-55.32929381309423,-24.898505793187635],[-55.326875753616456,-24.900817126712568],[-55.338565054284295,-24.908008266942907],[-55.33740557930072,-24.90939028361464],[-55.33528581179828,-24.909064171848872],[-55.33545227127283,-24.910953033685704],[-55.33902200681566,-24.910247969717012],[-55.34021660564738,-24.91248234110022],[-55.34229258705545,-24.91062745700184],[-55.34139309769744,-24.913159045167877],[-55.34418744280026,-24.914919108296964],[-55.34363737392063,-24.91811368757432],[-55.34533786935449,-24.91815514317624],[-55.34485105203482,-24.920506241066285],[-55.34175669265873,-24.921735874185806],[-55.34090308610322,-24.923744296541432],[-55.33434716659121,-24.92550852181954],[-55.32980647610102,-24.924297521999282],[-55.32891143811345,-24.926242201244598],[-55.329427903697116,-24.928464533987707],[-55.330909694678404,-24.92858045210084],[-55.330800579457346,-24.926895378968506],[-55.33177203561225,-24.92782266829231],[-55.330412145519645,-24.929820838130798],[-55.33280517026022,-24.92987020009737],[-55.33070506328671,-24.9311377936562],[-55.33160488814882,-24.932791091976284],[-55.32985241278492,-24.932735345997123],[-55.3310520728482,-24.93482538461094],[-55.329924220100764,-24.93558018571664],[-55.33364868050952,-24.938610380582563],[-55.32936376001481,-24.939049943542912],[-55.330597844729716,-24.94102299959641],[-55.32784463195236,-24.941186239137366],[-55.32759416658082,-24.94282213066909],[-55.330640498151524,-24.942174633763024],[-55.331367850273395,-24.943496454970454],[-55.329486562370995,-24.94508698789773],[-55.33097949386602,-24.946227792491886],[-55.333594442628765,-24.94383738281156],[-55.332509611419795,-24.947229054896937],[-55.33477806200327,-24.94929491438688],[-55.33230840768603,-24.950495181994576],[-55.33449196448612,-24.950962020943145],[-55.33231614057832,-24.952815636781153],[-55.33439171513852,-24.95877973035917],[-55.33250434996515,-24.96383722764891],[-55.33026965632273,-24.965446367262533],[-55.332831492949154,-24.9682243036849],[-55.33013901487139,-24.96957550748649],[-55.331100235892,-24.970963155893617],[-55.32830449473877,-24.97197910543856],[-55.321994635776406,-24.97146570230986],[-55.322657842930255,-24.96980739702431],[-55.32115262382629,-24.969785913664442],[-55.32075051025797,-24.971727044264114],[-55.31850366363493,-24.971931908128056],[-55.31817650215408,-24.974275648860964],[-55.316217888627996,-24.974768133607107],[-55.315135651967594,-24.978683322995913],[-55.313010808572834,-24.978103992677063],[-55.31327240952148,-24.98365953509249],[-55.30883818418222,-24.98217817462082],[-55.3073725935554,-24.983457108816157],[-55.30815360044212,-24.988228556567666],[-55.304577979842016,-24.991126642824014],[-55.30607917941766,-24.992046599221595],[-55.30406587439606,-24.993838396026984],[-55.3044479490858,-24.99509771865548],[-55.30621860895072,-24.99492829289403],[-55.30574719103768,-24.99666091822262],[-55.30781915615261,-24.995334737754263],[-55.307193441276524,-24.99865915084187],[-55.30954536395834,-24.9969659628379],[-55.31138066648026,-25.000584690035843],[-55.31368706579142,-24.99977571816112],[-55.31340454018327,-25.003325252085908],[-55.30859581189455,-25.00508537086056],[-55.30957737465495,-25.01018862909904],[-55.30756281261812,-25.011781817278532],[-55.311184917448806,-25.009963127139166],[-55.311134432546055,-25.010982778868073],[-55.30372634296888,-25.014997388280417],[-55.30245150313654,-25.014215412542946],[-55.303196612280345,-25.016097335437014],[-55.29970846239536,-25.015678281405993],[-55.30062525422111,-25.013454209791952],[-55.2974462086139,-25.015548561740335],[-55.29869898056564,-25.021882851089373],[-55.295877077079666,-25.021417155150267],[-55.29111280315175,-25.0241025919515],[-55.288968370696054,-25.02064710303131],[-55.2867898519791,-25.020725835284882],[-55.28706837265703,-25.024083116640384],[-55.284351689850155,-25.025225477379507],[-55.275867142298964,-25.022165962871473],[-55.273048975335755,-25.023343050740063],[-55.273430272246216,-25.024950024039345],[-55.2774407096829,-25.023944751928],[-55.278478102974084,-25.026692385485223],[-55.275032016958825,-25.025997863861864],[-55.270236296508415,-25.03097093785996],[-55.273714564038265,-25.03322334771302],[-55.27549317661412,-25.03040005446682],[-55.27728839859867,-25.030949040392706],[-55.281226545910755,-25.03856498087611],[-55.275457273134975,-25.038326578003293],[-55.270620830528344,-25.043208880006155],[-55.26756243982588,-25.043502774862652],[-55.26609124271709,-25.036596960157866],[-55.25665064090047,-25.033240783932246],[-55.25561350120839,-25.030375652582766],[-55.249779412367424,-25.032469332850688],[-55.25448183043305,-25.035287325060178],[-55.250042217143154,-25.0381286754414],[-55.241662679723426,-25.034269440904787],[-55.23719579848683,-25.036098904591654],[-55.23644987329729,-25.034338564407072],[-55.23851212346446,-25.031532659440867],[-55.23260628105216,-25.031178135132482],[-55.23119025655885,-25.02903512615298],[-55.228192152794186,-25.02985257888173],[-55.23105232094673,-25.032175323134414],[-55.22708135816626,-25.03500349312198],[-55.23180551898548,-25.0367480797711],[-55.22762148593663,-25.03762813113101],[-55.232381237493136,-25.038971372077054],[-55.23269665514296,-25.04276248205009],[-55.23097720744283,-25.042850352414654],[-55.23331635731175,-25.043604968897526],[-55.22851914776121,-25.044726018154375],[-55.22791946885041,-25.046068587310227],[-55.22580275179281,-25.043027883423214],[-55.22373360119061,-25.045075132975562],[-55.22562378747811,-25.0465964146322],[-55.22452246072216,-25.049693478835],[-55.220288654479106,-25.048238911260782],[-55.221298909570564,-25.051586942373778],[-55.21943194314338,-25.05107252985331],[-55.21801445203421,-25.046676843594632],[-55.21695571987596,-25.047715922860768],[-55.218287566772965,-25.048864948140945],[-55.215438018460745,-25.04905192293718],[-55.21530967888817,-25.044012641784562],[-55.212448507366034,-25.044240052954464],[-55.211768500765295,-25.046240640858446],[-55.21012230641031,-25.045119370316012],[-55.211614265988565,-25.049100719915398],[-55.206621853509404,-25.047009174031757],[-55.204935650837164,-25.049318070636442],[-55.20412997049467,-25.04569254868498],[-55.20206151005603,-25.046136987098215],[-55.201866955913744,-25.039092660269144],[-55.19326725282931,-25.04296972433586],[-55.193395292129594,-25.046573507867656],[-55.19103037650446,-25.045479402496028],[-55.18562925238907,-25.05115990922212],[-55.18298040791473,-25.05087924697119],[-55.18539843612194,-25.052574501186353],[-55.18318873094857,-25.05519271174422],[-55.18048183911445,-25.053845978815822],[-55.17850075596371,-25.05498631034562],[-55.180287116676666,-25.05662875558663],[-55.17629401367966,-25.05881420738901],[-55.17730663047998,-25.06200903829883],[-55.17402836200853,-25.065101483978182],[-55.17401122117,-25.07018406543976],[-55.17112725337656,-25.07023432136031],[-55.1680366768092,-25.075509195603612],[-55.17166425260365,-25.08150340904006],[-55.17049281302358,-25.08353381618714],[-55.16732467531336,-25.083756523825052],[-55.168990091104206,-25.086422297642553],[-55.16681385140161,-25.08560546904733],[-55.16518159253024,-25.087201301292247],[-55.16364664507532,-25.083146791348483],[-55.15944580189791,-25.08667432872591],[-55.15771454320261,-25.092349488741057],[-55.16209454597702,-25.09198402997855],[-55.15872140761499,-25.094420370736763],[-55.159834802078144,-25.096041168362117],[-55.15687218280738,-25.096627306435035],[-55.15593594050341,-25.095550367829304],[-55.15718179759814,-25.09788152714179],[-55.154873426952555,-25.09876013312899],[-55.156490954885676,-25.100563272984733],[-55.153997728974566,-25.09868603857002],[-55.1511756362952,-25.100758903094565],[-55.15107823891228,-25.098870849090137],[-55.14870627539867,-25.098701322847475],[-55.15036620162591,-25.09730916355057],[-55.14512290807203,-25.098408273864976],[-55.138467492491245,-25.105307953130907],[-55.13801846665895,-25.111508987539953],[-55.1349408950509,-25.111921690728227],[-55.13524831648805,-25.114981493667543],[-55.132204992496575,-25.11382823226054],[-55.131334448324054,-25.116954440370947],[-55.130368621799306,-25.11395855345277],[-55.12925216249775,-25.11406182839648],[-55.12618367439095,-25.117611634454875],[-55.119778321693886,-25.12095205202609],[-55.12017039523802,-25.1227490472908],[-55.1157953863694,-25.12380390046303],[-55.11354794146108,-25.126758989148886],[-55.11162282002617,-25.12640043769095],[-55.11360704853918,-25.12775279822936],[-55.11278678541958,-25.12978714489557],[-55.11020798177478,-25.128002884369472],[-55.10537922875219,-25.132337730947334],[-55.1032186993723,-25.129881619077587],[-55.10257120169996,-25.133358037200598],[-55.10060268445376,-25.129911296955825],[-55.09865691425097,-25.130125572741928],[-55.09882573904357,-25.128629135380862],[-55.09247577991982,-25.127843352660147],[-55.09353136941351,-25.12979338496711],[-55.092188753783496,-25.13095873155525],[-55.09436229642632,-25.13415994886153],[-55.090835616168924,-25.136186395207858],[-55.08931543158846,-25.14230111025142],[-55.08563408366265,-25.14281779863492],[-55.089122321869496,-25.1447902602072],[-55.08530462363156,-25.14530066338563],[-55.08193152289895,-25.144015707660408],[-55.08372927090121,-25.14686464115916],[-55.08212704408116,-25.147448751000642],[-55.080608224622054,-25.14277982825712],[-55.07734833718013,-25.14495834294831],[-55.072259913958426,-25.15497153024034],[-55.068118055766135,-25.15490399682218],[-55.069084858904546,-25.157755791836763],[-55.06515287570657,-25.15546109357745],[-55.06347275385517,-25.156608197329955],[-55.065467213736845,-25.158602289718676],[-55.061557310951265,-25.160835116138657],[-55.06102259551513,-25.157876095719327],[-55.05750273477671,-25.15782994801229],[-55.05609073027078,-25.161219314872326],[-55.05839964186424,-25.165158554496447],[-55.057075614445274,-25.166278650051737],[-55.0590862816423,-25.166977586897193],[-55.05574267198566,-25.167294798546408],[-55.05731808766981,-25.169012667755272],[-55.055329519918935,-25.169771944691412],[-55.05422827720535,-25.168452988771058],[-55.05504933265192,-25.1655885091972],[-55.05282902291639,-25.166069368990453],[-55.05243330897459,-25.170410919962492],[-55.05462775108999,-25.172150504723177],[-55.05379857970727,-25.174116630934737],[-55.04637793381921,-25.170443940602333],[-55.04534361110318,-25.1730979094633],[-55.04170726829985,-25.173370302572035],[-55.04289978963889,-25.176265851969],[-55.039361460832204,-25.174359342215695],[-55.036173144547554,-25.175495142843026],[-55.035301309973356,-25.177356767317914],[-55.03460036889744,-25.1746708137525],[-55.032537115763084,-25.177094346217867],[-55.032562483036905,-25.174472207029247],[-55.03054063688199,-25.174973413552042],[-55.02888200303378,-25.17617454523179],[-55.03047775927599,-25.18046577904159],[-55.02695944682936,-25.180748395856785],[-55.02710232432314,-25.182925912689477],[-55.02393663394007,-25.184522132284044],[-55.025810945724075,-25.18510686111955],[-55.02466087676639,-25.187673348164758],[-55.02104046287209,-25.190269978568566],[-55.02251849591286,-25.193088245425937],[-55.01949408818239,-25.19244744838609],[-55.01598322338913,-25.196074529858645],[-55.009758821152914,-25.19407256600346],[-55.00827545217589,-25.19945094891627],[-55.01336926678256,-25.199447263724295],[-55.015993759669854,-25.20517877736354],[-55.02459773133696,-25.208607059733033],[-55.02261292442133,-25.213071644677022],[-55.01944148513827,-25.21339929992596],[-55.0187236498591,-25.21487016667279],[-55.02688796668409,-25.222413457274477],[-55.02843532662793,-25.225693000655788],[-55.02490226013293,-25.22396671674837],[-55.017335958354636,-25.22796830462895],[-55.01796136393534,-25.22998528234441],[-55.024470023545526,-25.228912453158458],[-55.02193419538312,-25.234859145585933],[-55.01259672910616,-25.23370919508786],[-55.01261660814552,-25.236377037003965],[-55.01706989475581,-25.235841090794292],[-55.01700891019627,-25.244222152227128],[-55.01085641311341,-25.241237117703232],[-55.002141747125854,-25.24101565824863],[-55.003688621844894,-25.242625380475943],[-55.003323090961025,-25.25196818555783],[-54.99784420917902,-25.249330238826797],[-54.99368019869925,-25.249255655100168],[-54.9953076020715,-25.24123447990899],[-54.98994561054346,-25.245593963053324],[-54.98411257198834,-25.246859493466243],[-54.98902197557942,-25.255985262534296],[-54.991495666754226,-25.257562599126825],[-54.98021046857317,-25.2636960336594],[-54.97029237163671,-25.258486697218217],[-54.974313901691964,-25.252769072940392],[-54.974674166517836,-25.2480302362393],[-54.972006504360614,-25.247474554672415],[-54.96513307733741,-25.249695443209262],[-54.96671662938727,-25.25652824074129],[-54.963837698273984,-25.256876720671944],[-54.96423726689283,-25.26189680134698],[-54.96749864228367,-25.2613910985985],[-54.970037727938006,-25.26708155007437],[-54.9651782452845,-25.272327077637662],[-54.97086129266241,-25.272179670945455],[-54.97260159846969,-25.268755226502524],[-54.97418026821063,-25.27106077883145],[-54.972488238958135,-25.277740188558447],[-54.97716816729073,-25.278490501930232],[-54.975406223390586,-25.27970304853706],[-54.974729444015324,-25.283313641304524],[-54.96817539875382,-25.28635590653104],[-54.96725160890793,-25.294156135637245],[-54.96377753546279,-25.3002059948818],[-54.962479078741616,-25.30050851530818],[-54.96248858917683,-25.29693392353137],[-54.96057402942083,-25.29600474428942],[-54.95481469665877,-25.304401364360146],[-54.95695948509788,-25.30781625215574],[-54.960365337285644,-25.305096629674864],[-54.963444477594194,-25.30613218403459],[-54.96134121799258,-25.313351839391416],[-54.96444087750048,-25.316662487345724],[-54.95758149526531,-25.321536953248216],[-54.95566207925719,-25.319361898211056],[-54.948758846973355,-25.316643605887823],[-54.941587366395716,-25.32294372597158],[-54.938192126889945,-25.333773733894088],[-54.94158656844871,-25.340564357124496],[-54.93918980864378,-25.344394366285215],[-54.945617019696066,-25.34276906456885],[-54.9505125925084,-25.346624111326634],[-54.93500052276843,-25.35446839257937],[-54.93505760860115,-25.357028325054266],[-54.92324621209288,-25.366457696065748],[-54.92556163083444,-25.368683888618992],[-54.93317104289575,-25.3681365312305],[-54.93166671040221,-25.37420854233757],[-54.933436496596194,-25.377532744317598],[-54.943815757484344,-25.36696323242352],[-54.954467755990805,-25.370546469600843],[-54.950200225254235,-25.365364273063932],[-54.960671126739065,-25.361208400040653],[-54.96621858612025,-25.36569938523121],[-54.96434755951526,-25.37292671480942],[-54.96613026199693,-25.37620109582513],[-54.97102117287736,-25.37982077309472],[-54.97992422389366,-25.383788842690034],[-54.991959008526216,-25.38672948648339],[-55.00016789812732,-25.38751838285847],[-55.008410950591845,-25.38627166646917],[-55.021251397137156,-25.37807227673677],[-55.02481572668096,-25.373367352863028],[-55.03153365555071,-25.35851729827558],[-55.04031727759903,-25.323554403072478],[-55.042375067105354,-25.31950591954662],[-55.05067052480307,-25.314637308992474],[-55.05865518970523,-25.313609776653156],[-55.066607360319374,-25.314621576699423],[-55.08864403997476,-25.322604988008187],[-55.11023871648522,-25.327185190495012],[-55.12367763084292,-25.327808355020665],[-55.145009034830984,-25.325307016562437],[-55.15965235744662,-25.3203945177491],[-55.17272342255389,-25.31229678465408],[-55.19136922422303,-25.29759021465804],[-55.20874429148603,-25.27584190943091],[-55.21796510713447,-25.266677337820337],[-55.22511591060109,-25.262800224083243],[-55.24829839984391,-25.252296904797156],[-55.255248897301726,-25.25057959693614],[-55.280662890842905,-25.249228074707087],[-55.28986227547145,-25.251734422859787],[-55.30715287861946,-25.277278627919266],[-55.32845953225165,-25.335260142140445],[-55.338556093397905,-25.34512244002591],[-55.355385757042335,-25.357608974267084],[-55.378435707499456,-25.361913938142276],[-55.426062279886665,-25.55754175774891],[-55.4306791886509,-25.549723587531204],[-55.428526457096254,-25.5470958386439],[-55.429797266352125,-25.54809355498921],[-55.43216942458802,-25.546864044702655],[-55.43292619477221,-25.5430531807752],[-55.43723302304294,-25.545193773017996],[-55.43709588312564,-25.54310677159704],[-55.43929027255215,-25.54286384217932],[-55.44006497952454,-25.54504791977269],[-55.44335170057834,-25.54595413065665],[-55.44275370506117,-25.543374701770876],[-55.44518357459722,-25.54295813453338],[-55.44455090784361,-25.539448425375944],[-55.44865312998091,-25.540579853152877],[-55.44673225057548,-25.538956962620635],[-55.44868616230086,-25.53922143822953],[-55.44913591953452,-25.535154419447945],[-55.4546151918427,-25.535934603510263],[-55.452861966382,-25.53156894053067],[-55.45642501396645,-25.533412203848403],[-55.45970136830534,-25.53146496587174],[-55.45725200947532,-25.530315157324974],[-55.45765966275618,-25.5277147640236],[-55.46209521529443,-25.529607700246522],[-55.46136927469095,-25.52781697121165],[-55.46595022090124,-25.527476791565384],[-55.466412222040745,-25.524890477554532],[-55.46852952741717,-25.52696658790606],[-55.47147099260732,-25.524965914300967],[-55.475200026086526,-25.52721673605857],[-55.47455398315911,-25.524650452515125],[-55.47787393236236,-25.523691854159747],[-55.47898628750235,-25.527653346513574],[-55.481323754428274,-25.528318615790905],[-55.48222379748287,-25.53067985198389],[-55.48745626243549,-25.53220109685408],[-55.48409306466567,-25.539998498747664],[-55.487121783931606,-25.542846691221946],[-55.48585594094899,-25.545181000257628],[-55.487299523499885,-25.545534487076143],[-55.48812575600366,-25.543683162358388],[-55.4908076829168,-25.54642387546172],[-55.49067871164463,-25.554187002521026],[-55.49481674047809,-25.554572689405752],[-55.49498106527914,-25.556655435021923],[-55.49295035220945,-25.55677899682862],[-55.49273346660816,-25.558054287254503],[-55.49487033430181,-25.557900221301416],[-55.49651768181766,-25.561379558949156],[-55.50352934869066,-25.561920898255067],[-55.50263433838328,-25.565058160438],[-55.504615974732296,-25.566342406544955],[-55.50699073572077,-25.56151385420869],[-55.50791801770595,-25.562588669806477],[-55.50941237156742,-25.561376024659424],[-55.513922161162455,-25.56251433120445],[-55.515479423239185,-25.564570572322257],[-55.51354410346186,-25.56693444661662],[-55.51471450221511,-25.5660615393008],[-55.51605399086815,-25.568679845929747],[-55.51818611782471,-25.568268084953093],[-55.51831888409605,-25.570269239378046],[-55.52261424532,-25.570005702286913],[-55.52258595712531,-25.571955571978744],[-55.524540701056274,-25.572923289098984],[-55.52202591367054,-25.57394069869962],[-55.52493416364245,-25.57406936157434],[-55.525215655768115,-25.5762300104651],[-55.52838811398197,-25.57780583046707],[-55.53037453177815,-25.577261517113563],[-55.530127719144566,-25.57867199904674],[-55.53395983259322,-25.579992501851905],[-55.53516902410321,-25.585028984097402],[-55.536089741844286,-25.584428777345607],[-55.53835453364692,-25.586943298478367],[-55.537862338582116,-25.589913274722303],[-55.536395196599806,-25.59000694115919],[-55.538202731240744,-25.591600495369523],[-55.53721171507081,-25.592348980614734],[-55.539815327693894,-25.593006997536236],[-55.53832875882418,-25.597050460913092],[-55.53959369591797,-25.599112572160774],[-55.53842860067159,-25.59948464127124],[-55.53898153347637,-25.601607352039373],[-55.53688136111455,-25.60067898476928],[-55.53654002086527,-25.60203435722844],[-55.53549622261118,-25.601590537011994],[-55.53716816436953,-25.60416234059577],[-55.53425664905444,-25.608168910421718],[-55.53628564537807,-25.610044596703016],[-55.53456623644957,-25.611309412279656],[-55.535580651482995,-25.61228111315977],[-55.533931132247154,-25.615108546164112],[-55.534762197061454,-25.61601070009206],[-55.53576921633863,-25.614937375917503],[-55.5351492530188,-25.617802218595468],[-55.53658858238611,-25.62083666521234],[-55.54961707005386,-25.619828976004253],[-55.55026911399848,-25.626602312466378],[-55.552353821233055,-25.629169023420587],[-55.553655816161175,-25.628924607406997],[-55.55348420276759,-25.630304269872163],[-55.55679740467837,-25.631194749157906],[-55.55486992138265,-25.633654018754285],[-55.55749577017106,-25.63642915601463],[-55.56187007137543,-25.637357087879383],[-55.564252407918666,-25.6358953340464],[-55.56371149912165,-25.636828982543854],[-55.566323303680086,-25.636999100038462],[-55.56627185290486,-25.63505294633755],[-55.57388404252607,-25.63427878472292],[-55.57387574403441,-25.635605900857577],[-55.574978206706966,-25.63476346273192],[-55.581112495002,-25.637260894875194],[-55.58155886222011,-25.638890372725214],[-55.579307211543146,-25.641419054799783],[-55.58464372155626,-25.644454814981703],[-55.583662201885595,-25.64791678070598],[-55.58615141966129,-25.6487399337845],[-55.58487975334234,-25.64935509923299],[-55.58664175985124,-25.65060908011082],[-55.58542168433985,-25.65244360472369],[-55.58779936728954,-25.652913537827615],[-55.58722489977669,-25.654167464290204],[-55.59027044671617,-25.656350219658297],[-55.59169093912024,-25.655154102243234],[-55.59396437502986,-25.658096761289773],[-55.59434992618354,-25.65654304516224],[-55.59648174080268,-25.658667217057303],[-55.603417661392506,-25.659090373044734],[-55.607308297026805,-25.65743468272349],[-55.6084105254786,-25.659025201341272],[-55.60859094456434,-25.65635445261695],[-55.61030856829306,-25.65518355133956],[-55.60955843809173,-25.652490394820937],[-55.61485490042004,-25.653768636427746],[-55.613891225961616,-25.64831973969598],[-55.61862190924716,-25.649899442318915],[-55.61765464932607,-25.651501899881563],[-55.621016563245746,-25.649606076458383],[-55.627554215233395,-25.650904603927444],[-55.626317489560904,-25.651854525345925],[-55.62778886709501,-25.65227013772235],[-55.633585467310425,-25.650270482224226],[-55.63632589205963,-25.649460949421254],[-55.63892842588075,-25.64494380002725],[-55.643999042636636,-25.64747838354685],[-55.650373852144206,-25.647329785249358],[-55.65643141733226,-25.65010329903408],[-55.66654199216226,-25.64579446955152],[-55.66965078238587,-25.648061959803314],[-55.66954519465051,-25.651631873562657],[-55.67290796765759,-25.65290844915081],[-55.67692948150778,-25.651875039622983],[-55.67973092412714,-25.65421176859196],[-55.67933419293039,-25.66044255057162],[-55.68660735626466,-25.668494137038557],[-55.68810587795661,-25.672669884423097],[-55.69245931682044,-25.674081336595602],[-55.693943896102965,-25.678532282180246],[-55.709173840638094,-25.674094732565546],[-55.71487086032676,-25.673932844172914],[-55.724257171974365,-25.677595155724454],[-55.73068455062642,-25.682748011159454],[-55.73488091749946,-25.683786669871825],[-55.74060626298559,-25.68938445921643],[-55.746603563732336,-25.69124641458095],[-55.75015912291022,-25.691069264224872],[-55.76194826216997,-25.68310698944468],[-55.76835156380942,-25.68110259530075],[-55.77675062239412,-25.684030931031195],[-55.786868575160796,-25.692778730125468],[-55.792683907203724,-25.694745647559465],[-55.79921977102687,-25.68941381489549],[-55.808850848380786,-25.692535568793577],[-55.81226702196968,-25.68945744608898],[-55.817468733575666,-25.68774808000738],[-55.823780409515145,-25.687022616533554],[-55.82549949011759,-25.68802063628285],[-55.8312526680979,-25.686256521690435],[-55.83472480893444,-25.68707885997154],[-55.83717803757784,-25.68534228168886],[-55.843207832989066,-25.68682585113883],[-55.84712203853238,-25.685601796027825],[-55.86175481987601,-25.67848437648781],[-55.864543673649266,-25.675246585548866],[-55.85920001875708,-25.668112511899825],[-55.85862831341656,-25.661449043544923],[-55.86007836571147,-25.656747153609928],[-55.933161397960326,-25.627229455227553],[-56.05997488926871,-25.62242713690534],[-56.154692368026815,-25.59950704298403],[-56.168045386285606,-25.59070734054219],[-56.17984670034032,-25.589446083468175],[-56.18637404916921,-25.58368540665435],[-56.19337060272935,-25.584049224935512],[-56.20701971965089,-25.575428115230686],[-56.20793046434173,-25.57707196424363],[-56.21168903399434,-25.5776295379421],[-56.21354397819392,-25.581635226616296],[-56.21840207286162,-25.57839696971914],[-56.22343590653345,-25.581250119085894],[-56.22753578915532,-25.578982752967768],[-56.23118222962486,-25.5802661407843],[-56.236512777560016,-25.578786065322596],[-56.244221558652,-25.57511931811147],[-56.24552979629963,-25.572200383074595],[-56.24918806418467,-25.57158710463219],[-56.252491045377845,-25.572669542198163],[-56.25550022357684,-25.578003497236512],[-56.25822689255569,-25.576915697119652],[-56.26455460191401,-25.58254166935967],[-56.27099995540515,-25.58281773599102],[-56.27443455302967,-25.584965871404517],[-56.27933466067343,-25.583613029208593],[-56.284362254166844,-25.586441503006416],[-56.28729246911802,-25.585336096865017],[-56.29216273523767,-25.569038108015484],[-56.30730865785595,-25.568794527488258],[-56.31046807440376,-25.56634426090087],[-56.31546720779648,-25.56619615661559],[-56.31696796588456,-25.564776428544917],[-56.323465227835456,-25.56840957347356],[-56.32637803557699,-25.571831833890485],[-56.330437909539164,-25.5728934304306],[-56.3306149155796,-25.574632515323277],[-56.333285029526046,-25.57385006487007],[-56.33490357985201,-25.570349272154054],[-56.338447962656794,-25.570559482156447],[-56.34011795432931,-25.57228272433838],[-56.341584878216175,-25.569729321857686],[-56.345380310812196,-25.572861704716416],[-56.34514813211924,-25.571388772774668],[-56.347397265668526,-25.56960635988593],[-56.35596755956141,-25.56957208431584],[-56.35803593909806,-25.571662594869217],[-56.36061186201443,-25.570996619007303],[-56.36546123467274,-25.576507989746972],[-56.369823772944116,-25.57833736590209],[-56.36919243018612,-25.57674084342055],[-56.37343908985092,-25.576935175069405],[-56.3756852871774,-25.57494010526143],[-56.376349278344975,-25.57012991808131],[-56.37896772622125,-25.570845397256022],[-56.380963592944674,-25.56800035341111],[-56.381587385021284,-25.56927171440909],[-56.382947735583414,-25.56815321299428],[-56.38349176567479,-25.569451320045566],[-56.38578698082415,-25.569009467068604],[-56.387884620709386,-25.56569067354138],[-56.39163167999097,-25.56703823205088],[-56.391941038083324,-25.56874168688226],[-56.39380787941324,-25.568469498568266],[-56.3944072120907,-25.569930337083782],[-56.39263559544635,-25.570564130849785],[-56.39412695427431,-25.57443066851621],[-56.39630606100281,-25.573825629542632],[-56.39768697974094,-25.575917266775733],[-56.40149187630988,-25.572352452851362],[-56.40235790362244,-25.57401301187075],[-56.403372409972896,-25.573091568324838],[-56.4052461423309,-25.573952538345996],[-56.40558273358899,-25.572703239392574],[-56.40756346056472,-25.573952908140814],[-56.406655107469575,-25.5763196245415],[-56.4094194432657,-25.576664920680976],[-56.41048489639087,-25.57931051627927],[-56.413255873984994,-25.577416306550933],[-56.414658809822775,-25.580808207656737],[-56.41680169371776,-25.580875460602158],[-56.416740252022606,-25.582767018393426],[-56.417778457107985,-25.582342224710683],[-56.418532235388284,-25.585270969679904],[-56.42024972671698,-25.586072433521185],[-56.418260811302446,-25.587220388017904],[-56.41918733034504,-25.58969831130293],[-56.423437101205884,-25.5954627691101],[-56.42216642300591,-25.59541711881973],[-56.423282953996676,-25.59684827763221],[-56.422066834421955,-25.600080756707598],[-56.424796033229256,-25.598917608385687],[-56.42448836833567,-25.601950501275905],[-56.42877542576385,-25.602761957987067],[-56.42821399119335,-25.60407363873032],[-56.429378348495284,-25.603459627622193],[-56.42669758771169,-25.609070356430433],[-56.429172765546994,-25.609134222348818],[-56.42869320935789,-25.61482128668385],[-56.43310447199295,-25.616721228961772],[-56.43656097713692,-25.614901491530006],[-56.4361467952811,-25.616940688458097],[-56.43909585983467,-25.618604536928245],[-56.43878958800269,-25.620603519564852],[-56.44273082474659,-25.61950338812932],[-56.44396187877286,-25.62171141253904],[-56.44963238848402,-25.621981204417114],[-56.45511672800763,-25.626656756696395],[-56.460763274154424,-25.625806301274594],[-56.45979965817734,-25.62745073022905],[-56.462082920847074,-25.627504303952648],[-56.46302504998655,-25.629684016672474],[-56.46317898018294,-25.62700265068913],[-56.46475464426425,-25.628259096296713],[-56.466958426020575,-25.62672752429755],[-56.46902026986982,-25.62715492990892],[-56.46862198010093,-25.629514847394677],[-56.47114694759732,-25.628413308660946],[-56.4700662377501,-25.630237983902415],[-56.471277555756174,-25.630987353731417],[-56.47293334506375,-25.62877193664923],[-56.47466030903884,-25.630764773960742],[-56.47404180017596,-25.632396993000395],[-56.47595753225975,-25.632665749400836],[-56.47710986657301,-25.634250142073284],[-56.47605852038681,-25.635203563458294],[-56.47840465869523,-25.636584530795325],[-56.47972502234256,-25.635185062034125],[-56.4846193110184,-25.635157260083886],[-56.48435756271157,-25.632898815147588],[-56.48781011914776,-25.63047735042929],[-56.48981942839353,-25.630994580717978],[-56.49014365681836,-25.627799058553606],[-56.49323853957786,-25.62731316934235],[-56.49473324470629,-25.623178042327083],[-56.49914021965986,-25.623152577438482],[-56.498118291266366,-25.62145141039033],[-56.500921034276395,-25.623808838132867],[-56.50453623533825,-25.62361796246403],[-56.502370901417066,-25.625312781218142],[-56.507304477280655,-25.627144551919702],[-56.50783238820377,-25.62547575969817],[-56.50991982077097,-25.625004179129395],[-56.515356006987716,-25.627117297785848],[-56.516737298483825,-25.62545129992878],[-56.51924955335866,-25.62630841843393],[-56.51807226870568,-25.62771775465305],[-56.51906888280384,-25.628362176973756],[-56.52157928830419,-25.623295486709047],[-56.52411440283045,-25.625922502089406],[-56.525468504371226,-25.624486599750995],[-56.52690846394308,-25.62637405115978],[-56.52872498360417,-25.625756841855956],[-56.5286139046179,-25.624397448407226],[-56.53228986818203,-25.626183681756928],[-56.53384831308079,-25.62532628351429],[-56.53339065940467,-25.62791195683716],[-56.535847373792784,-25.628687342930828],[-56.532476564259305,-25.631317909599055],[-56.535256258262514,-25.630053529300614],[-56.5364398706238,-25.632603786737466],[-56.53728749528801,-25.630588238993635],[-56.53831663782617,-25.633007055329802],[-56.544463012450656,-25.632118820405715],[-56.543604855006805,-25.63578689212552],[-56.54606509165744,-25.6356907110035],[-56.5485266664298,-25.638714404209445],[-56.555999827247796,-25.640407885922677],[-56.5603531709078,-25.644660703467206],[-56.55845237987164,-25.64597788370147],[-56.558912031788594,-25.64746472928346],[-56.56371927180158,-25.64668903291783],[-56.566394969954416,-25.651469427571865],[-56.56954343676185,-25.65175867693551],[-56.568552073500804,-25.654198401554563],[-56.57845106343986,-25.65755040597003],[-56.581281629459156,-25.66137378230563],[-56.58597929796899,-25.662515947516674],[-56.586699317312885,-25.664825186336945],[-56.59092342438989,-25.66701334714686],[-56.59560767763871,-25.668349314782795],[-56.597895085680676,-25.667425530746463],[-56.59753378173632,-25.672278230401332],[-56.60254199237731,-25.673479418217696],[-56.60509204108757,-25.67640307313691],[-56.60781429247725,-25.674324454620304],[-56.609218606351355,-25.678364690552733],[-56.614397752978284,-25.680175465312235],[-56.61797611710444,-25.678351761264086],[-56.62034218687795,-25.67973503241093],[-56.62655476425719,-25.67637830798137],[-56.63180899399259,-25.67894719090265],[-56.63383686875203,-25.6824243834707],[-56.635428845145356,-25.68201749879284],[-56.635520691285976,-25.68437910984257],[-56.63748254788952,-25.68256893970467],[-56.640708780097796,-25.686130281158356],[-56.64408718868122,-25.686337225755995],[-56.64515838117355,-25.684068754183933],[-56.64858052737837,-25.685697948696674],[-56.6502807131348,-25.6938788268866],[-56.65225903022742,-25.69538707468995],[-56.65410495057133,-25.693364198393922],[-56.653941510812516,-25.696248939429967],[-56.655760320955174,-25.693467446285606],[-56.65688069053045,-25.696589999053423],[-56.66128429237489,-25.697178221809118],[-56.65845785315705,-25.699668462240115],[-56.66092179270517,-25.700243110670836],[-56.65966291471397,-25.701969448429306],[-56.661063541345754,-25.703422046809184],[-56.65901028245368,-25.704080974100446],[-56.661323177026226,-25.704790714749638],[-56.66323264250549,-25.70829882710469],[-56.66379921917566,-25.704647447848966],[-56.666910935108966,-25.701724311045968],[-56.66592275632453,-25.70045331631882],[-56.669835001279054,-25.700155201847572],[-56.671990160087645,-25.702273118052123],[-56.6721791847335,-25.70035463849698],[-56.674248486873495,-25.701533194021962],[-56.67457174442949,-25.699718857321884],[-56.67604222292903,-25.70073802249681],[-56.67593583870217,-25.69907623974907],[-56.677165452808275,-25.70117396035285],[-56.6807147390202,-25.699159022273196],[-56.68343635723264,-25.700560113459936],[-56.68533647636654,-25.697182434865116],[-56.687426484832685,-25.698094459648456],[-56.6880924395656,-25.701184196905846],[-56.69291644289821,-25.699749611154388],[-56.69685420121187,-25.700412536285633],[-56.695156313039405,-25.69762770909021],[-56.699535817281976,-25.69574949440501],[-56.699794109538374,-25.694345836083173],[-56.70059959701023,-25.695065389769553],[-56.700092324978016,-25.692170179945272],[-56.703517607914726,-25.69041629971984],[-56.70475895281262,-25.687158925294643],[-56.703095068736495,-25.686988490100255],[-56.70410528934792,-25.68525223390488],[-56.703107208664974,-25.685859742990303],[-56.701603055434866,-25.68358558486812],[-56.70266879725226,-25.680305290369393],[-56.701073051225706,-25.68132244019776],[-56.69916556321067,-25.678487558048012],[-56.70161860509339,-25.67784242166783],[-56.700694947910016,-25.677100054867765],[-56.70244621521867,-25.676385736687763],[-56.70371999688903,-25.672555013028962],[-56.706131147566374,-25.67420338313677],[-56.71045486779743,-25.668694575726114],[-56.712779734608205,-25.67049166404011],[-56.71561663506345,-25.669914771470655],[-56.71847656510766,-25.665883814369963],[-56.717286181929424,-25.661781798498627],[-56.71968403788146,-25.658716149423558],[-56.78390926539568,-25.5987065034139],[-56.784093853757916,-25.595874565932153],[-56.78664376732337,-25.595292333966558],[-56.802285669500236,-25.582017230481284],[-56.831240232544495,-25.54423670690173],[-56.83405216012287,-25.53349945475274],[-56.84699398723167,-25.535047895149656],[-56.849336865247125,-25.53786032697153],[-56.85303486599099,-25.53536717333088],[-56.85644389726637,-25.52988457165971],[-56.854345331779435,-25.52709209850113],[-56.85507574567308,-25.514292178037785],[-56.85085627463785,-25.509736600539757],[-56.85120686510221,-25.5066124205329],[-56.84844350178364,-25.50742684608338],[-56.839470506763995,-25.501750686970635],[-56.835776346762685,-25.501746596346816],[-56.83514396243913,-25.4968875003123],[-56.82209407038732,-25.49617239017154],[-56.820250147478994,-25.494106682013634],[-56.80775506587228,-25.490591261364532],[-56.80557685613237,-25.487261089764203],[-56.805761249043364,-25.482386084860266],[-56.71878105714183,-25.43325977693835],[-56.66703965261475,-25.41033502307429],[-56.65106867077301,-25.39753274889814],[-56.56136168579853,-25.306111034734005],[-56.56552525996806,-25.309040850124543],[-56.56825851169913,-25.308696687566783],[-56.57687104517332,-25.312144236258405],[-56.57845032529765,-25.31009882408154],[-56.58340715323994,-25.310460589947976],[-56.586600218738866,-25.308184844806316],[-56.58952526441577,-25.310419051729074],[-56.59508031306384,-25.311089129209268],[-56.60190018128676,-25.30741419657125],[-56.601112105757906,-25.309922566860237],[-56.604533001692886,-25.30985050714044],[-56.60691313894297,-25.314232186172603],[-56.61073615319724,-25.3158317117107],[-56.61023160614403,-25.317681645888232],[-56.61275238455904,-25.318175940730868],[-56.61328356287784,-25.320638165959732],[-56.61584720376914,-25.3197734197401],[-56.61969395444752,-25.321819789640376],[-56.621982068620454,-25.320687823495057],[-56.621128243117205,-25.315691721487696],[-56.63579584305385,-25.303446747218768],[-56.63824536218773,-25.296729473816843],[-56.646132097871494,-25.293484378019624],[-56.6495045141903,-25.289162243210363],[-56.647331942556995,-25.286055043344437],[-56.648143270443086,-25.284354705635277],[-56.654503687040915,-25.279619617938742],[-56.664143426775375,-25.267518212175773],[-56.661213896384666,-25.263637361454506],[-56.663450467987005,-25.26198952347223],[-56.61903325104188,-25.166776838591463],[-56.6054931206547,-25.16461782534066],[-56.56167957256085,-25.16607418278497],[-56.56448447680816,-24.997336822302525]]]}},{"type":"Feature","properties":{"shapeName":"CAAZAPA","shapeISO":"PY-6","shapeID":"63826900B61362972321879","shapeGroup":"PRY","shapeType":"ADM1"},"geometry":{"type":"Polygon","coordinates":[[[-56.629164564698826,-26.194631402661013],[-56.62971897142959,-26.191641763430365],[-56.62768158168995,-26.190674863597586],[-56.62680541808714,-26.19709256857974],[-56.623260351784154,-26.19555282917105],[-56.62361839230322,-26.190032227209066],[-56.627533123979,-26.18877376834792],[-56.6286045743754,-26.186027052098844],[-56.625656112190626,-26.184227054517645],[-56.62263537084056,-26.178485424220487],[-56.61776599588112,-26.17931683485892],[-56.61609614874259,-26.176413916729956],[-56.613815599595334,-26.178367219608816],[-56.61180758514885,-26.175061531260923],[-56.60525783379949,-26.17623109950406],[-56.603250021753276,-26.17294786751821],[-56.59737355250241,-26.17603770144642],[-56.5934852591959,-26.175837153368796],[-56.59616861810091,-26.180309794255916],[-56.58929588703584,-26.18266961742055],[-56.585427921056144,-26.1885096323514],[-56.58336866540448,-26.187830988584096],[-56.58452645852539,-26.18501262314982],[-56.58065036904734,-26.18726777965959],[-56.57893645286594,-26.185018949515204],[-56.57575094260521,-26.184300779723323],[-56.57195923354762,-26.18670493603406],[-56.57211249692026,-26.191152405596892],[-56.57026389414932,-26.19103402797166],[-56.56908822619109,-26.18703948732274],[-56.56717844418336,-26.186230133044017],[-56.56671391043102,-26.191077558329138],[-56.56475577373025,-26.19182109364444],[-56.56397378705528,-26.19066746975506],[-56.565682093285034,-26.188469447160085],[-56.564581619736146,-26.187179422560543],[-56.5600683746865,-26.189084455997904],[-56.55123525576421,-26.186718549811445],[-56.55537817044383,-26.18170651390665],[-56.55485395514103,-26.179750013848576],[-56.55213738678421,-26.178820580696204],[-56.5539764008831,-26.1758149628307],[-56.55082883387601,-26.176401120349137],[-56.54894211293237,-26.175203330557153],[-56.55161758708615,-26.17016872779756],[-56.55065331153459,-26.166716460260794],[-56.54640568632841,-26.16606656282232],[-56.54554597692797,-26.163111211857395],[-56.543021414600574,-26.161974536868122],[-56.543632054958984,-26.15804413304508],[-56.54062004583915,-26.15654017677786],[-56.54125305486118,-26.152338967206514],[-56.538714676487075,-26.1493782162707],[-56.5401395986027,-26.143667099851097],[-56.54305702392475,-26.141915629137245],[-56.542075114650785,-26.137655098423473],[-56.54671944647255,-26.128884060447533],[-56.543175047912015,-26.127974431970816],[-56.54231838116316,-26.124328300633017],[-56.53844539472114,-26.125945780116883],[-56.538930489672865,-26.12149577643235],[-56.534659945714374,-26.119644545370022],[-56.531090822466666,-26.12204837778459],[-56.494694048163055,-26.119288775761024],[-56.48958618761651,-26.116963746254296],[-56.48767506424558,-26.11885767534457],[-56.48084989775204,-26.11659394628208],[-56.470640413658295,-26.11799702279163],[-56.46880117046531,-26.119407884863094],[-56.463221111627576,-26.118479754112336],[-56.458087311764935,-26.119756275482164],[-56.447108746474655,-26.11736241497602],[-56.439734935919624,-26.11786668491108],[-56.437335269459226,-26.11926593251281],[-56.43249849920532,-26.12770755227811],[-56.423140369288,-26.132907462080194],[-56.421205075063234,-26.135504686640452],[-56.41013351423291,-26.139789385454932],[-56.402690998553794,-26.13807287779362],[-56.410905568332744,-26.023868956202833],[-56.40631639356895,-26.020625452408265],[-56.405635187707645,-26.02157075394088],[-56.400915420374375,-26.020508358270682],[-56.4003614175351,-26.019029732954905],[-56.396748636131065,-26.019299131088996],[-56.395716843735826,-26.017583726112957],[-56.391861131755334,-26.016520132031747],[-56.38677006471831,-26.018945624754153],[-56.38175479957818,-26.015208616543518],[-56.3791133291158,-26.016068643987577],[-56.37612793332921,-26.015107692554476],[-56.37129396216393,-26.017763998648256],[-56.368340802888106,-26.0236202963371],[-56.36227411940481,-26.023349859349885],[-56.357224900007296,-26.025842202163894],[-56.35230765315237,-26.02633041487523],[-56.345942926215066,-26.01355213571543],[-56.341046083235355,-26.009574988328737],[-56.339916711423704,-26.00447269498444],[-56.335463810104194,-26.002497418014716],[-56.327648469719,-26.00343196191307],[-56.3233470756036,-26.00219743583288],[-56.320766454881415,-25.998212372597038],[-56.31568082455484,-25.997113893250415],[-56.31445736938083,-25.994336053635998],[-56.30164462885588,-25.983687720919793],[-56.28765750676354,-25.98233283781289],[-56.280961455257525,-25.976186783710208],[-56.277796316319495,-25.977967882289903],[-56.27253970595163,-25.977977670467702],[-56.18044421944652,-26.06341238139753],[-56.172056703634475,-26.060664793738564],[-56.170940263008475,-26.058080550167578],[-56.16877142338896,-26.058731727335296],[-56.16680991213907,-26.053916887584947],[-56.16512237224072,-26.05489583864272],[-56.160422792741635,-26.054033391321315],[-56.15893915271049,-26.0499841936356],[-56.156029721210224,-26.049551878336178],[-56.14866829095214,-26.038158982540832],[-56.1417333860261,-26.03572521565388],[-56.13516861989308,-26.028683937298016],[-56.12782926543528,-26.02987230985279],[-56.124820461635245,-26.03180441913658],[-56.121166241917955,-26.030558788259157],[-56.11997241279628,-26.025305576890435],[-56.116576268136754,-26.02482888404181],[-56.112801075326274,-26.017699806161176],[-56.11111532760546,-26.017955810171237],[-56.10908547398456,-26.015559614415217],[-56.099352313560686,-26.019183193615078],[-56.04845330800907,-25.890859943293645],[-56.03825196342759,-25.895040901544537],[-56.030961951754854,-25.894694413120607],[-56.0192949467947,-25.887523575042813],[-56.01739113661375,-25.884255673815176],[-56.0117708079189,-25.882167876276284],[-56.00711638443915,-25.874407130742462],[-55.998056411905,-25.873148495136284],[-55.99343012379689,-25.864863832162833],[-55.98366493519416,-25.854493526071273],[-55.9742017974653,-25.85311323736576],[-55.95916474792252,-25.856979032394978],[-55.95145731753578,-25.85546988710996],[-55.94652904873504,-25.856653138339937],[-55.94397922408477,-25.854986806184552],[-55.93579872351196,-25.85433710968311],[-55.9123552613662,-25.876045004515984],[-55.9113790378988,-25.87298915447023],[-55.90077737628096,-25.867527960595137],[-55.887566672958606,-25.85524722279098],[-55.876299692325695,-25.836199621606465],[-55.87697190077483,-25.83170838584657],[-55.87516194668703,-25.827924781844427],[-55.87088723150634,-25.825205502221618],[-55.87190071267703,-25.824125381291683],[-55.86759125224416,-25.819640573839273],[-55.86340724343574,-25.81850637629464],[-55.8624595057647,-25.816553217886806],[-55.86133426651205,-25.818169620922625],[-55.85808803613509,-25.815999771965146],[-55.85794273687576,-25.8137278443328],[-55.85380315837731,-25.811636655789936],[-55.85408050543334,-25.80879471664387],[-55.85321896443747,-25.809632131245575],[-55.84836845800666,-25.805395318951316],[-55.84765919774098,-25.80163816467827],[-55.84362606466604,-25.802129825096802],[-55.83625728281164,-25.799858940695035],[-55.83411058327254,-25.802320187736143],[-55.82655758554737,-25.797821709341026],[-55.823814313918675,-25.797235238441782],[-55.82178480042819,-25.798857557317643],[-55.82123704762973,-25.796758409198535],[-55.81947149011761,-25.796211380785216],[-55.82062346701647,-25.79457295037842],[-55.8165359007005,-25.790517362519473],[-55.81693823246452,-25.788290492884258],[-55.813624732547865,-25.78408763064003],[-55.81016670461031,-25.784023271729282],[-55.80447853370957,-25.787502419485566],[-55.801023385244974,-25.787081223145208],[-55.80250500310199,-25.791237688529524],[-55.79914572920932,-25.792550779171727],[-55.80014284159839,-25.794369299234443],[-55.798804820314984,-25.795513949540783],[-55.79647164521534,-25.794460853035766],[-55.797638594106324,-25.791676069247412],[-55.795871832624876,-25.78953966698554],[-55.78939221858871,-25.788330184303614],[-55.78806048657135,-25.785971589966625],[-55.78510689386849,-25.785581282565616],[-55.78485367284945,-25.781805104394458],[-55.77918846349108,-25.778538887796433],[-55.778799374218295,-25.776607962172776],[-55.77598065509048,-25.77767676712429],[-55.773818046921,-25.77554580764345],[-55.77148838203217,-25.77632972296339],[-55.770974070584906,-25.774709217204855],[-55.76988580772887,-25.77677213901127],[-55.76688629799154,-25.775667803186344],[-55.7612275413346,-25.778698562679775],[-55.76000022991113,-25.777270582857764],[-55.760916860884166,-25.77542748464649],[-55.75655748956579,-25.774988513054478],[-55.75519277777658,-25.771685843385626],[-55.759478791808924,-25.767659474863937],[-55.75732489276108,-25.765456124349992],[-55.75909835046507,-25.762712949021495],[-55.75796388000958,-25.760644699887294],[-55.75913770026926,-25.761625310471395],[-55.76037296244304,-25.759812011229947],[-55.75771498096563,-25.75773529244322],[-55.753594375148396,-25.757230570824856],[-55.752171472553826,-25.754035720921337],[-55.755364040085205,-25.753710925053387],[-55.75409038739368,-25.75215610105392],[-55.75689413339375,-25.747096829869673],[-55.756844565855076,-25.749344588270233],[-55.760553404368856,-25.748193427180134],[-55.76181072350184,-25.739847916781674],[-55.76067532967995,-25.739264927242367],[-55.76264763025436,-25.737728731553155],[-55.762616745576594,-25.734333614669904],[-55.76409462798246,-25.73450868094585],[-55.76479783499991,-25.732839789155896],[-55.762391569711085,-25.731591439206127],[-55.76244535749702,-25.729104441165735],[-55.76526780289975,-25.72666801848666],[-55.764567158873525,-25.72483824440733],[-55.761592904469424,-25.723950737323836],[-55.762755831558216,-25.72300355498948],[-55.76221295745873,-25.717974369445532],[-55.7586828151248,-25.71694665182678],[-55.75448724311818,-25.72012513382587],[-55.74253741395964,-25.71435239153382],[-55.74160832895586,-25.711184274975015],[-55.729300972608534,-25.71112716113466],[-55.72779923365469,-25.709362469806713],[-55.727400097630984,-25.71110606288603],[-55.72434049103896,-25.71115606277],[-55.725428014661475,-25.713734274581267],[-55.723796189234164,-25.71260493694231],[-55.72226247565788,-25.715589063585114],[-55.72061177346989,-25.714536270005883],[-55.71675829309954,-25.716055344615707],[-55.7172305429225,-25.71802326432086],[-55.71584828679489,-25.719121631530157],[-55.714514665679914,-25.717895501965682],[-55.714154941103565,-25.720239811958134],[-55.707860267348394,-25.717452929297274],[-55.70825456847607,-25.719126747402594],[-55.706040054893045,-25.71969848474036],[-55.70599520900427,-25.721539954144994],[-55.7053546350982,-25.720405669116168],[-55.70412487112544,-25.722078601536136],[-55.70235215112998,-25.72148498523986],[-55.70397989426372,-25.72499359998389],[-55.70261900101748,-25.724679025351413],[-55.701744769833375,-25.726246754811456],[-55.70206367516395,-25.729522516366995],[-55.699872754402975,-25.729737727589104],[-55.70018293992802,-25.73209248164999],[-55.69549242637496,-25.736876405985434],[-55.69439678840817,-25.740329101566683],[-55.691947189748184,-25.740763071044444],[-55.69169475394104,-25.742990893888962],[-55.689608172505686,-25.742985676516035],[-55.688794748607826,-25.739041841631533],[-55.685383343799835,-25.73730918046179],[-55.68357753657957,-25.73993376267609],[-55.6810644455905,-25.7403037733735],[-55.682292015294266,-25.74158792994171],[-55.67903831695119,-25.742217547365517],[-55.67592524839787,-25.73780134212083],[-55.67366735733291,-25.737297764656805],[-55.67505446870246,-25.73446635676663],[-55.67130131528488,-25.732346547191256],[-55.670484464606936,-25.72966660782873],[-55.66784990280253,-25.729213678960928],[-55.668606905584355,-25.72719366288059],[-55.667769595255784,-25.72803470357649],[-55.66645083584021,-25.726239476928342],[-55.66774243816806,-25.724210813626033],[-55.66668624880448,-25.72401155036664],[-55.66987268385696,-25.722108536818986],[-55.67220604196753,-25.72296948567533],[-55.67162497115644,-25.7206573607547],[-55.666486768739226,-25.715197738575725],[-55.661900654796995,-25.713268711728634],[-55.66291881843837,-25.70883594714638],[-55.66507258514054,-25.709352264899],[-55.665630782661424,-25.707836042403862],[-55.66207313661775,-25.702747371145264],[-55.66252679435838,-25.699717894909114],[-55.65514665776292,-25.69618751256059],[-55.65582150917263,-25.691164760256306],[-55.65332476911354,-25.691827905913907],[-55.65163824988073,-25.689947901258176],[-55.65293070893725,-25.686221971294657],[-55.65089983200053,-25.6855079927094],[-55.651158607615855,-25.683709164334967],[-55.64639811535904,-25.67843746451306],[-55.64442452764632,-25.678234051780006],[-55.644763301362154,-25.67652626560749],[-55.64357272677876,-25.676357199680666],[-55.645073923375875,-25.67471890109369],[-55.64331710417491,-25.675284925279627],[-55.641899659981945,-25.672937826755938],[-55.64365371006933,-25.6727239112541],[-55.64146192735171,-25.668816676799356],[-55.643219510302856,-25.66718529455003],[-55.64156280981081,-25.664420649555534],[-55.64290185317826,-25.662794400704755],[-55.64229033831757,-25.659448099369566],[-55.637382859048266,-25.654680369995866],[-55.63594067534961,-25.65081616894689],[-55.633585467310425,-25.650270482224226],[-55.62778886709501,-25.65227013772235],[-55.626317489560904,-25.651854525345925],[-55.627554215233395,-25.650904603927444],[-55.621016563245746,-25.649606076458383],[-55.61765464932607,-25.651501899881563],[-55.61862190924716,-25.649899442318915],[-55.613891225961616,-25.64831973969598],[-55.61485490042004,-25.653768636427746],[-55.60955843809173,-25.652490394820937],[-55.61030856829306,-25.65518355133956],[-55.60859094456434,-25.65635445261695],[-55.6084105254786,-25.659025201341272],[-55.607308297026805,-25.65743468272349],[-55.603417661392506,-25.659090373044734],[-55.59648174080268,-25.658667217057303],[-55.59434992618354,-25.65654304516224],[-55.59396437502986,-25.658096761289773],[-55.59169093912024,-25.655154102243234],[-55.59027044671617,-25.656350219658297],[-55.58722489977669,-25.654167464290204],[-55.58779936728954,-25.652913537827615],[-55.58542168433985,-25.65244360472369],[-55.58664175985124,-25.65060908011082],[-55.58487975334234,-25.64935509923299],[-55.58615141966129,-25.6487399337845],[-55.583662201885595,-25.64791678070598],[-55.58464372155626,-25.644454814981703],[-55.579307211543146,-25.641419054799783],[-55.58155886222011,-25.638890372725214],[-55.581112495002,-25.637260894875194],[-55.574978206706966,-25.63476346273192],[-55.57387574403441,-25.635605900857577],[-55.57388404252607,-25.63427878472292],[-55.56627185290486,-25.63505294633755],[-55.566323303680086,-25.636999100038462],[-55.56371149912165,-25.636828982543854],[-55.564252407918666,-25.6358953340464],[-55.56187007137543,-25.637357087879383],[-55.55749577017106,-25.63642915601463],[-55.55486992138265,-25.633654018754285],[-55.55679740467837,-25.631194749157906],[-55.55348420276759,-25.630304269872163],[-55.553655816161175,-25.628924607406997],[-55.552353821233055,-25.629169023420587],[-55.55026911399848,-25.626602312466378],[-55.54961707005386,-25.619828976004253],[-55.53658858238611,-25.62083666521234],[-55.5351492530188,-25.617802218595468],[-55.53576921633863,-25.614937375917503],[-55.534762197061454,-25.61601070009206],[-55.533931132247154,-25.615108546164112],[-55.535580651482995,-25.61228111315977],[-55.53456623644957,-25.611309412279656],[-55.53628564537807,-25.610044596703016],[-55.53425664905444,-25.608168910421718],[-55.53716816436953,-25.60416234059577],[-55.53549622261118,-25.601590537011994],[-55.53654002086527,-25.60203435722844],[-55.53688136111455,-25.60067898476928],[-55.53898153347637,-25.601607352039373],[-55.53842860067159,-25.59948464127124],[-55.53959369591797,-25.599112572160774],[-55.53832875882418,-25.597050460913092],[-55.539815327693894,-25.593006997536236],[-55.53721171507081,-25.592348980614734],[-55.538202731240744,-25.591600495369523],[-55.536395196599806,-25.59000694115919],[-55.537862338582116,-25.589913274722303],[-55.53835453364692,-25.586943298478367],[-55.536089741844286,-25.584428777345607],[-55.53516902410321,-25.585028984097402],[-55.53395983259322,-25.579992501851905],[-55.530127719144566,-25.57867199904674],[-55.53037453177815,-25.577261517113563],[-55.52838811398197,-25.57780583046707],[-55.525215655768115,-25.5762300104651],[-55.52493416364245,-25.57406936157434],[-55.52202591367054,-25.57394069869962],[-55.524540701056274,-25.572923289098984],[-55.52258595712531,-25.571955571978744],[-55.52261424532,-25.570005702286913],[-55.51831888409605,-25.570269239378046],[-55.51818611782471,-25.568268084953093],[-55.51605399086815,-25.568679845929747],[-55.51471450221511,-25.5660615393008],[-55.51354410346186,-25.56693444661662],[-55.515479423239185,-25.564570572322257],[-55.513922161162455,-25.56251433120445],[-55.50941237156742,-25.561376024659424],[-55.50791801770595,-25.562588669806477],[-55.50699073572077,-25.56151385420869],[-55.504615974732296,-25.566342406544955],[-55.50263433838328,-25.565058160438],[-55.50352934869066,-25.561920898255067],[-55.49651768181766,-25.561379558949156],[-55.49487033430181,-25.557900221301416],[-55.49273346660816,-25.558054287254503],[-55.49295035220945,-25.55677899682862],[-55.49498106527914,-25.556655435021923],[-55.49481674047809,-25.554572689405752],[-55.49067871164463,-25.554187002521026],[-55.4908076829168,-25.54642387546172],[-55.48812575600366,-25.543683162358388],[-55.487299523499885,-25.545534487076143],[-55.48585594094899,-25.545181000257628],[-55.487121783931606,-25.542846691221946],[-55.48409306466567,-25.539998498747664],[-55.48745626243549,-25.53220109685408],[-55.48222379748287,-25.53067985198389],[-55.481323754428274,-25.528318615790905],[-55.47898628750235,-25.527653346513574],[-55.47787393236236,-25.523691854159747],[-55.47455398315911,-25.524650452515125],[-55.475200026086526,-25.52721673605857],[-55.47147099260732,-25.524965914300967],[-55.46852952741717,-25.52696658790606],[-55.466412222040745,-25.524890477554532],[-55.46595022090124,-25.527476791565384],[-55.46136927469095,-25.52781697121165],[-55.46209521529443,-25.529607700246522],[-55.45765966275618,-25.5277147640236],[-55.45725200947532,-25.530315157324974],[-55.45970136830534,-25.53146496587174],[-55.45642501396645,-25.533412203848403],[-55.452861966382,-25.53156894053067],[-55.4546151918427,-25.535934603510263],[-55.44913591953452,-25.535154419447945],[-55.44868616230086,-25.53922143822953],[-55.44673225057548,-25.538956962620635],[-55.44865312998091,-25.540579853152877],[-55.44455090784361,-25.539448425375944],[-55.44518357459722,-25.54295813453338],[-55.44275370506117,-25.543374701770876],[-55.44335170057834,-25.54595413065665],[-55.44006497952454,-25.54504791977269],[-55.43929027255215,-25.54286384217932],[-55.43709588312564,-25.54310677159704],[-55.43723302304294,-25.545193773017996],[-55.43292619477221,-25.5430531807752],[-55.43216942458802,-25.546864044702655],[-55.429797266352125,-25.54809355498921],[-55.428526457096254,-25.5470958386439],[-55.4306791886509,-25.549723587531204],[-55.426062279886665,-25.55754175774891],[-55.424244823649886,-25.555362886445653],[-55.42316238937805,-25.556498968282323],[-55.42489378724177,-25.559404888009517],[-55.42128633027322,-25.559357054947363],[-55.42204930641766,-25.56148142211835],[-55.41885606078786,-25.56601996663838],[-55.421566613391505,-25.56738526443841],[-55.41910762145465,-25.5686947540869],[-55.420391555538764,-25.57104892317511],[-55.41819466556009,-25.571966690001055],[-55.42033236792223,-25.57329892017939],[-55.420527716171115,-25.57573996448495],[-55.41803320992437,-25.578232643980662],[-55.416188138316066,-25.576446247674582],[-55.41710675821114,-25.580267020012062],[-55.41311185459976,-25.584061460250844],[-55.414278720083,-25.58629784332645],[-55.41800971039421,-25.586786581350935],[-55.41344049651612,-25.586880551343487],[-55.412508859193366,-25.588547203211373],[-55.415409589719054,-25.58901802708451],[-55.411853832604024,-25.592476442724276],[-55.41232459735484,-25.59426591364373],[-55.40971592054738,-25.593385736623414],[-55.40840376332709,-25.598392765213873],[-55.405239306038155,-25.601388993622617],[-55.403821499584076,-25.599436735587208],[-55.39926025745055,-25.60409432235477],[-55.402036536140535,-25.607998262973677],[-55.400090954492555,-25.611518778183683],[-55.40398574108985,-25.613130514490873],[-55.39927982617503,-25.61376050559188],[-55.4014957999217,-25.615936739644784],[-55.39941218110466,-25.617187184843836],[-55.401535550136295,-25.618151917864882],[-55.400022469350276,-25.62289897865772],[-55.40276676790571,-25.62120012096644],[-55.40238584046789,-25.62255920207161],[-55.406401385255954,-25.62294161047385],[-55.405593092117975,-25.624052279396388],[-55.408692075641156,-25.623905503686057],[-55.4086821160906,-25.628789613562624],[-55.41026995018633,-25.630666696870023],[-55.411774192600255,-25.629315297698728],[-55.4141740488301,-25.63215815005975],[-55.416981536982384,-25.630956261607697],[-55.416270368431135,-25.63395492467315],[-55.41970245504519,-25.63883118649429],[-55.41786179450543,-25.639398086190713],[-55.417737835150376,-25.641906565723144],[-55.42223015491011,-25.64528204517269],[-55.4199056971764,-25.646511820631],[-55.42402328900663,-25.651512775267758],[-55.4260516429535,-25.650365512391488],[-55.42639928962323,-25.65214780554234],[-55.42434586413834,-25.652500324855954],[-55.42678231765964,-25.654603076157603],[-55.42732633541758,-25.659831720564245],[-55.42979386147191,-25.659244373373024],[-55.42957544184815,-25.660519506525237],[-55.43276129534301,-25.65927626691541],[-55.43669652658923,-25.66105187738611],[-55.44013788209915,-25.658159054284315],[-55.44545680091009,-25.657421318438313],[-55.44640726725171,-25.655178902375095],[-55.45091221610891,-25.654305901055885],[-55.45114097514,-25.65573027192899],[-55.452919265770774,-25.654119536638554],[-55.45622999649976,-25.660167383301733],[-55.45533607722968,-25.664071657079038],[-55.460210813571315,-25.667973709289882],[-55.45880800770928,-25.669475640568656],[-55.46018978697821,-25.67062778425665],[-55.458945962975164,-25.671675468147804],[-55.461402973989536,-25.67371017694909],[-55.46031074705435,-25.675508811744535],[-55.46264717645529,-25.675835896165342],[-55.46277962901294,-25.677548139341415],[-55.468728580457835,-25.67712317916498],[-55.47186172203874,-25.67874951672837],[-55.471534632588785,-25.680520138909998],[-55.47707375781603,-25.68040653646329],[-55.477634964154525,-25.685391474916873],[-55.476443823021135,-25.68425502070702],[-55.47443115381512,-25.687190731870054],[-55.47373418563017,-25.68549064537719],[-55.47298577318728,-25.686800934053746],[-55.47383259810507,-25.689202280170274],[-55.47658413957911,-25.6892807040544],[-55.47760762183934,-25.692586700032322],[-55.47246146763451,-25.694510064958394],[-55.470882567056954,-25.696375899775017],[-55.4721222002567,-25.698889711621973],[-55.470515366829254,-25.699622205807128],[-55.470528454855895,-25.701716888280547],[-55.467112744213296,-25.706109345133644],[-55.46555007216725,-25.705379676603687],[-55.466232734486226,-25.709603027000625],[-55.46758194107114,-25.70915678050921],[-55.46671432157468,-25.71304332007434],[-55.46810796025012,-25.71535564976535],[-55.46561976996728,-25.715338501417882],[-55.46745533171102,-25.716996431965885],[-55.46577174520699,-25.717281160459176],[-55.46945087818649,-25.71827683737208],[-55.46850804687345,-25.721079210934956],[-55.47272666214066,-25.72247320535355],[-55.474539856582,-25.72536316646935],[-55.4782510347668,-25.72724373053262],[-55.47770385919889,-25.72912039347146],[-55.480206754002715,-25.73363805744968],[-55.47866665375008,-25.73433069321591],[-55.47730754944213,-25.733138312308323],[-55.474966808620366,-25.73584033573537],[-55.47618022424357,-25.735609274869084],[-55.47936690239791,-25.74123103044574],[-55.48002013917775,-25.739296788914107],[-55.482595831723636,-25.741833487393308],[-55.48114859156756,-25.74305526230463],[-55.485348025522114,-25.747017241591497],[-55.484942087406516,-25.750186428650068],[-55.482888730088064,-25.751979711909044],[-55.48408644253685,-25.75250679491082],[-55.48277916297654,-25.754668968774155],[-55.48411175152234,-25.75748158842639],[-55.48522881343847,-25.756807075176678],[-55.48629937649962,-25.759454442360603],[-55.48712999480967,-25.757192488508554],[-55.48877339629409,-25.759877390539046],[-55.48697766876672,-25.760951145515023],[-55.48998284747231,-25.76239075242116],[-55.48946455940424,-25.76365834896541],[-55.49329894589208,-25.76462800010058],[-55.492207547004185,-25.766178574403572],[-55.49466769221989,-25.771517136588706],[-55.498353609125274,-25.772918481118403],[-55.49606639097624,-25.77426262926035],[-55.498820324501374,-25.777478024028433],[-55.500795813193264,-25.777782783372935],[-55.50218253065732,-25.78169725097785],[-55.5064003353381,-25.782313910875278],[-55.50565337675244,-25.781295079744368],[-55.50805546639178,-25.780037729093795],[-55.508906766098185,-25.783030283683928],[-55.51163715969193,-25.78273323088248],[-55.51442618528939,-25.785632718500963],[-55.51438213869092,-25.789117163821867],[-55.51682465254251,-25.7915797151446],[-55.51726505052906,-25.79580941576249],[-55.51584678388045,-25.79617864615737],[-55.51731329620833,-25.8018001317937],[-55.51902270818777,-25.80158282113158],[-55.51935597052396,-25.80375750265085],[-55.521865034941804,-25.804103537377763],[-55.52319499233656,-25.8118181293452],[-55.52134502443009,-25.813302518399688],[-55.52278964277101,-25.813940155453412],[-55.521669737338804,-25.815066323222126],[-55.523092005605356,-25.815396771220676],[-55.52374348672072,-25.818211165420085],[-55.52232781949176,-25.82678711473742],[-55.52570642463758,-25.83418393959505],[-55.52573331370537,-25.838856304885383],[-55.530024204893856,-25.84589213953872],[-55.52803774102108,-25.847131449502],[-55.528653607229,-25.8515840750633],[-55.52684969589059,-25.85126785267253],[-55.52717459332848,-25.852526066407076],[-55.5240762067179,-25.85365472180989],[-55.52263744332841,-25.856420763703536],[-55.520352395086526,-25.856727018721624],[-55.51801490524023,-25.861587404551777],[-55.51701296931641,-25.85846697391644],[-55.51553501442453,-25.860907522607096],[-55.51409259620943,-25.860152456056245],[-55.51421920076212,-25.86154859972468],[-55.5131433489174,-25.861203541787088],[-55.512829065357344,-25.865136588481132],[-55.51402695006689,-25.865500955538174],[-55.512352864896535,-25.868151617172888],[-55.51372047312186,-25.8688607963114],[-55.512230072674505,-25.86983861789002],[-55.512566494725725,-25.871611579095095],[-55.514594668937676,-25.875311316642783],[-55.51769671554725,-25.872742938761537],[-55.518731217630354,-25.875412289322668],[-55.522540560395605,-25.876697013549638],[-55.525611400632656,-25.880348539992706],[-55.526800342954466,-25.88893735592069],[-55.52313232966913,-25.893102645862697],[-55.520604060670074,-25.89174522874239],[-55.51819896775267,-25.89286724524916],[-55.51971350222707,-25.89657521153585],[-55.51637304794538,-25.898653648651504],[-55.51584419695324,-25.901830641306713],[-55.52059235982929,-25.915538685022373],[-55.52361630122201,-25.91896859977777],[-55.52470512931852,-25.924730585518667],[-55.52226717087922,-25.92708464276425],[-55.52221770678752,-25.93640111507109],[-55.52830692613137,-25.94294978905169],[-55.529209275084604,-25.948330663310895],[-55.53494899932861,-25.957123522160423],[-55.53555751503115,-25.96655499122006],[-55.534070468837655,-25.969993172187714],[-55.53888803580348,-25.97173014194756],[-55.55063974286758,-25.996946403645282],[-55.54464993962779,-25.995035495160028],[-55.54429436260649,-25.996327442918947],[-55.54365041880741,-25.995332387187513],[-55.539820767405715,-25.997487586153646],[-55.53185367070794,-25.99312312020088],[-55.52656776068664,-25.99849068752348],[-55.52470450532819,-25.99430074983712],[-55.51910851253318,-25.990158386307897],[-55.518725084622574,-25.98792454332664],[-55.51593493590574,-25.98648757573199],[-55.51333147619984,-25.987783442649224],[-55.513309808409026,-25.986677291026517],[-55.507921550196315,-25.986563129454588],[-55.506749431771254,-25.985399967345185],[-55.50418124016696,-25.98691270237479],[-55.497986084875244,-25.986871075567866],[-55.48356934411026,-25.99398361092111],[-55.47862822757011,-25.992144192805853],[-55.47536632469832,-25.994204313091785],[-55.47179991502764,-25.993394787210743],[-55.46502104088369,-25.99808519173351],[-55.462081110389356,-25.989342077562824],[-55.45859705933937,-25.989512630597556],[-55.459208361966986,-25.995057727264047],[-55.45703515956113,-25.996957485740918],[-55.45541392202401,-26.00424368931797],[-55.45010352523451,-26.001049695239203],[-55.45036963059436,-26.00004143238461],[-55.443524385694325,-26.002901942742685],[-55.437206989980766,-25.99958831078508],[-55.434787066210156,-26.00329963305654],[-55.43040021666792,-26.002259022125298],[-55.43254220617731,-26.00876870465476],[-55.4312356944579,-26.009819807048437],[-55.42819863781311,-26.00882536144425],[-55.428760074893326,-26.007599177477083],[-55.42682555484741,-26.006950710602208],[-55.42528052432439,-26.00331827925005],[-55.4250269904035,-26.001401636089277],[-55.42696620740925,-26.001174483402572],[-55.4252337161989,-26.000320558301148],[-55.42664351778389,-25.99737028920636],[-55.422320650526444,-25.99726450980546],[-55.42105219156954,-26.000049263419886],[-55.416426116436575,-26.002666364907697],[-55.409657718238684,-25.998502524719132],[-55.40787743362465,-25.999539174733755],[-55.40901406605609,-26.001880832665933],[-55.40559765281459,-26.004041441592776],[-55.403846623744506,-26.00738493221264],[-55.40615812143782,-26.018207540750485],[-55.40477658605189,-26.017808622077503],[-55.403636459893804,-26.019736981374187],[-55.401750217354504,-26.02603097888978],[-55.39834345590617,-26.027004351791753],[-55.395908853502135,-26.030100904855352],[-55.396740898860024,-26.031649352127246],[-55.39394911900892,-26.0331259563484],[-55.39442122197013,-26.03523915423362],[-55.39246207943652,-26.0353256969657],[-55.38872481426696,-26.031803915866902],[-55.38513356403842,-26.03086105726444],[-55.38720670597752,-26.028370026338905],[-55.38757327254847,-26.02439745384902],[-55.38632664773745,-26.02669009220596],[-55.38573325818045,-26.02574007874275],[-55.38606193272458,-26.02732358199521],[-55.384449519604296,-26.026863209317813],[-55.38271135887043,-26.02282196721571],[-55.38031912917953,-26.02258302481032],[-55.37610625905869,-26.01760216546662],[-55.37860535824238,-26.01614518411176],[-55.37800277097736,-26.013010358989092],[-55.384473305870564,-26.014409884680894],[-55.38105507993225,-26.01095468659282],[-55.377570096460204,-26.01141664495189],[-55.375119234668645,-26.009240546875546],[-55.37940384597701,-26.007654646847623],[-55.382070514010756,-26.00925983615379],[-55.383823258335546,-26.00871070267201],[-55.380733475146236,-26.00271789717105],[-55.38157475849218,-25.99978431068558],[-55.37814562736015,-26.001113571988466],[-55.37747813407743,-26.00429734438117],[-55.37561097609119,-26.003680555778303],[-55.37472606634092,-26.00010921997772],[-55.37248617366137,-26.000585057154566],[-55.370254530360214,-26.004080681862455],[-55.36917024987801,-26.00270528913805],[-55.368916895784125,-26.00499995234168],[-55.364735533741126,-26.005801309177418],[-55.3631677653713,-26.00349959161915],[-55.364583865859075,-26.00079380224934],[-55.362623932628864,-26.000663289589543],[-55.36411208778106,-25.99892878393213],[-55.36383627296352,-25.99707049539721],[-55.36229539140833,-25.997025969587693],[-55.36295912056914,-25.99589601005686],[-55.35807937786843,-25.99530805976168],[-55.35876263867346,-25.99277455474586],[-55.349949169703024,-25.993220431869528],[-55.34856428060862,-25.991936254038897],[-55.3505428768395,-25.99125468502065],[-55.34716870232539,-25.98976724247371],[-55.34472570108674,-25.995611713728472],[-55.34306321499193,-25.992934067686793],[-55.33961973431416,-25.99620315848102],[-55.341382682199246,-25.997726472059586],[-55.34058800629296,-25.998651702417725],[-55.3439458560845,-25.99948913469692],[-55.34226911683568,-26.000092819614032],[-55.3444057242177,-26.002225226624684],[-55.342113295707215,-26.002519434814857],[-55.33972775208059,-26.007258583091375],[-55.338532762323986,-26.004811942509328],[-55.336351762534996,-26.007296504589377],[-55.335989704868126,-26.00551843516619],[-55.33417984879215,-26.007095457380014],[-55.333611927256655,-26.005793467751975],[-55.33229094529643,-26.00622058176431],[-55.3308738733184,-26.007878824537766],[-55.332015422065496,-26.00861871282304],[-55.32988204376669,-26.00931176480031],[-55.33011616661462,-26.012447002000762],[-55.32544348465776,-26.012063440760688],[-55.32537832711101,-26.018810706426972],[-55.32723579952816,-26.019622120688158],[-55.32931049062535,-26.018589908044788],[-55.3300820755436,-26.02010641192131],[-55.326206775644906,-26.022345522684773],[-55.32209963034877,-26.019756667103092],[-55.32110596117114,-26.021830463616713],[-55.32316993965718,-26.02375470448944],[-55.32163451179863,-26.026991266802465],[-55.320389885951,-26.027825381364934],[-55.31945196816624,-26.02619856628914],[-55.31862719416749,-26.02995340436319],[-55.316863027175145,-26.029598847858985],[-55.312847218768134,-26.031492897967905],[-55.31506191927693,-26.031699293661084],[-55.31338786581178,-26.033295663265207],[-55.30669838376915,-26.03552841439404],[-55.30519716190082,-26.042380635253373],[-55.30138359024367,-26.03847663828807],[-55.29428296773544,-26.03874502499305],[-55.28922921720083,-26.041578509460575],[-55.287761618456436,-26.048963511705782],[-55.28309771585459,-26.052649943700455],[-55.2785852461651,-26.0507411081738],[-55.27383250292538,-26.040429389946155],[-55.26953601217997,-26.044228101895495],[-55.26501770971883,-26.04411069897243],[-55.26330316767721,-26.03966674180589],[-55.257475041795686,-26.036910943867806],[-55.25530617036114,-26.038970050988056],[-55.25710281962273,-26.040332285662057],[-55.25583957043374,-26.042343646740548],[-55.253409863222466,-26.04184938129691],[-55.25190334562864,-26.047202341126567],[-55.25363185681055,-26.050301532941564],[-55.249055328326165,-26.058122327213436],[-55.24946144574307,-26.060184009996014],[-55.251281733730806,-26.06029778582901],[-55.24993983607099,-26.061694276974567],[-55.25177057926764,-26.063512871356057],[-55.25503039993973,-26.06324087976175],[-55.25354514539484,-26.065290142171396],[-55.25580282931393,-26.065200089904415],[-55.24929891031749,-26.069341547965553],[-55.24819217812695,-26.071508178021823],[-55.25184248130593,-26.071543417764662],[-55.25589358638737,-26.073578417771103],[-55.25079860410523,-26.07658598242682],[-55.25058714626247,-26.078370797164705],[-55.25544915491837,-26.078483831157477],[-55.255717492727435,-26.080274456536515],[-55.25787900546518,-26.081298077137557],[-55.26035135345231,-26.078922164952488],[-55.25975119052058,-26.077470576717516],[-55.26296137739892,-26.076227397653227],[-55.26507578358944,-26.078157577510314],[-55.26832060833199,-26.077700062050457],[-55.269782078021336,-26.07887759292601],[-55.267468907228825,-26.08080873906108],[-55.2683887569539,-26.082196432332644],[-55.27166196287833,-26.083896691868098],[-55.275045020548134,-26.083395550315924],[-55.27824262821079,-26.0868550720038],[-55.27694364419038,-26.088775902080922],[-55.28104635239969,-26.08901893942417],[-55.28152993728103,-26.096160733103062],[-55.2852823896935,-26.094860340204196],[-55.28746293432092,-26.09701668140967],[-55.28974084962219,-26.09506223160922],[-55.2896663310224,-26.093440954790314],[-55.28677086893594,-26.09232331809102],[-55.28719152382428,-26.09029718180108],[-55.28872124275515,-26.089985844319948],[-55.287084001034096,-26.085367021317598],[-55.28839136798697,-26.083586113385763],[-55.29150534404011,-26.085432994980987],[-55.29193128121547,-26.08871493957798],[-55.295932230046155,-26.089516040629544],[-55.29940245523509,-26.08791854325092],[-55.300523275103465,-26.09393490402066],[-55.29584005421381,-26.098032188356044],[-55.299313826156045,-26.098885653738606],[-55.29661734378787,-26.102735553769506],[-55.299558437803235,-26.10318552390818],[-55.302630981625526,-26.10106871896402],[-55.30877562044098,-26.100405194017814],[-55.31030955695537,-26.09689349704642],[-55.30814979484732,-26.09408776325718],[-55.310249099911005,-26.0940130743693],[-55.3095652589515,-26.092596798986246],[-55.31233618895323,-26.093265676078524],[-55.31445772557661,-26.092162069413916],[-55.316739552179854,-26.092603975796308],[-55.31556437734888,-26.09412038895172],[-55.31740946401698,-26.09661541757148],[-55.314103257277395,-26.099975592394745],[-55.316818766856144,-26.10199784155696],[-55.31629943280275,-26.105142314896415],[-55.31714146896134,-26.1045112054837],[-55.3179316402359,-26.106149858845978],[-55.323475917264034,-26.10522594269506],[-55.32357724304154,-26.10302896221326],[-55.32132963547761,-26.10210007821238],[-55.322401258700324,-26.100090424665265],[-55.33446591369069,-26.104495716373403],[-55.337604747572094,-26.103263593213423],[-55.34185875616112,-26.104969104388807],[-55.33795925730753,-26.108950418420264],[-55.34053194743094,-26.111616052353348],[-55.3399815693641,-26.116290412462146],[-55.3474407486352,-26.118411805265417],[-55.343269203742715,-26.125441381042794],[-55.345681078295144,-26.132411145258075],[-55.34377359123856,-26.135011680656643],[-55.34373884051546,-26.139998899969456],[-55.341822553486324,-26.139493889631694],[-55.34334574908342,-26.14127626463173],[-55.34173317899616,-26.143473923975403],[-55.34312312474768,-26.145178035477805],[-55.34216707237269,-26.1483356333453],[-55.343722714509965,-26.147960843346457],[-55.343058472480976,-26.148914615226296],[-55.34942713058583,-26.15311325642666],[-55.348311640784594,-26.153348717825757],[-55.35044646747299,-26.15931319371746],[-55.34899010767332,-26.16093045081493],[-55.351561818144106,-26.165672201054726],[-55.350826172281224,-26.1681869191125],[-55.34573529523173,-26.171427989334635],[-55.349542505807875,-26.177822431781028],[-55.3483652015066,-26.180074783488095],[-55.34978347717153,-26.18468596701128],[-55.34842459813505,-26.185397073660713],[-55.35180359465732,-26.188220755328224],[-55.35150394550134,-26.19280320309593],[-55.35327893783559,-26.193369687894748],[-55.35286688796836,-26.197675516816407],[-55.35463477827578,-26.20191151282869],[-55.358820028660695,-26.205800466862307],[-55.36083418056655,-26.204045056732653],[-55.36156605059785,-26.199481049756166],[-55.363712369029074,-26.199713114981773],[-55.36407687992253,-26.206745050247036],[-55.36815377102014,-26.211711282389196],[-55.36710108446218,-26.212069451089395],[-55.36759782945009,-26.22272735200859],[-55.365493870032275,-26.22189549459388],[-55.36133202441958,-26.22418166621388],[-55.35812805975849,-26.22738138765139],[-55.35670505913472,-26.23146351455502],[-55.357832598304924,-26.237813563863288],[-55.359673822821165,-26.239594919863983],[-55.35827011627732,-26.24420988250512],[-55.36192423060846,-26.255743333312697],[-55.36166539043184,-26.26388749472907],[-55.35981357126408,-26.2690209173866],[-55.364100999600765,-26.27932029949577],[-55.36800698172134,-26.282714001329694],[-55.36949307152292,-26.292122240336433],[-55.375113620260585,-26.297435835139318],[-55.38144737753087,-26.298032426477175],[-55.38999917214089,-26.30203688674877],[-55.391635962663884,-26.31004667832931],[-55.41880231826998,-26.316065351197153],[-55.425787737524345,-26.316433881284393],[-55.436284094454514,-26.320457008811214],[-55.44049318806918,-26.320327863224538],[-55.44833608809817,-26.32437957449481],[-55.45512414040585,-26.325036219126545],[-55.45725631881628,-26.320450908974006],[-55.46253328751083,-26.31788263037755],[-55.471409702582,-26.3172192186369],[-55.48237516307209,-26.310219077945373],[-55.49840116168484,-26.30717945693715],[-55.50719401884322,-26.307912923617845],[-55.51313726363066,-26.31386635983427],[-55.50710397216868,-26.319987015692842],[-55.507140667879064,-26.327220738325003],[-55.49823562654536,-26.350110969992997],[-55.50661706800527,-26.356778398236745],[-55.51717481165166,-26.35258327383958],[-55.531096060091464,-26.352551712539164],[-55.53893968765253,-26.36282141479328],[-55.54585195315359,-26.36618632615965],[-55.56296516823075,-26.367225150974004],[-55.56473995093602,-26.370334653262475],[-55.56446136244052,-26.37715692965571],[-55.56747602355963,-26.390020587165136],[-55.57959682085388,-26.399883191128033],[-55.58239446803958,-26.40507327475925],[-55.591064868687965,-26.410321727979504],[-55.595899186174556,-26.41739054814729],[-55.612578758478215,-26.409338119674263],[-55.620400990314,-26.403080813125026],[-55.6240440016428,-26.3976225006645],[-55.62994108812105,-26.395643326327377],[-55.64069104054025,-26.38525552919138],[-55.642395920234925,-26.381267866656284],[-55.646876294515714,-26.378737355273433],[-55.65011770511259,-26.37364916296763],[-55.6536957452603,-26.371972072730586],[-55.65864506511485,-26.373314030039193],[-55.66123678167632,-26.37850675439689],[-55.66314904783605,-26.37901664600319],[-55.66819328894357,-26.3704781312535],[-55.667651825475595,-26.36553031257519],[-55.67472209553308,-26.36295976753393],[-55.67496357080701,-26.36161232598085],[-55.67713975505139,-26.362359192658463],[-55.68091486220255,-26.358651931279912],[-55.683366248484916,-26.358159893515488],[-55.68661287870497,-26.362116867066156],[-55.68866510514483,-26.360090839601234],[-55.690425221097954,-26.360914947470185],[-55.69194033089232,-26.35835582137915],[-55.693756259519105,-26.36118009697225],[-55.697534155442774,-26.361702015871067],[-55.70020382499805,-26.364430153608335],[-55.70350680781179,-26.36070896375427],[-55.71452523299815,-26.362993069094447],[-55.71758912760778,-26.362050026315938],[-55.721116139485126,-26.3662028632908],[-55.719948883398125,-26.372372115687888],[-55.72591932803089,-26.373386856958227],[-55.73081756635475,-26.369173641110738],[-55.736624841854926,-26.379656914597938],[-55.74275480601184,-26.379643175669116],[-55.7456813795176,-26.38290992507144],[-55.750667214414335,-26.38357195500775],[-55.753419709041836,-26.386277291863212],[-55.75811756421256,-26.380729747676035],[-55.76186082832779,-26.379832281126607],[-55.76604398868257,-26.393830358778654],[-55.77407859910539,-26.392468466133725],[-55.778423368872424,-26.39391400863969],[-55.77977050902136,-26.391700071206724],[-55.78365492196805,-26.389968140992753],[-55.7886871800187,-26.39211889565594],[-55.7915457163972,-26.390703075065666],[-55.79438764962389,-26.39142221453525],[-55.79534454812628,-26.388988157102155],[-55.79884880047272,-26.39066525071741],[-55.7991948523526,-26.38864584622075],[-55.8020099344575,-26.389599340555954],[-55.8040647278582,-26.387061553391295],[-55.80533543466788,-26.38741072288364],[-55.80730858390413,-26.391223530035756],[-55.805851719310695,-26.39708872008844],[-55.80847253030188,-26.395264307771164],[-55.80795470071852,-26.397733714133118],[-55.81053054633731,-26.398766307250117],[-55.81074888188669,-26.397576402941805],[-55.81244357382784,-26.399549593974175],[-55.81513477654381,-26.396533923435577],[-55.8207416415558,-26.401419355943354],[-55.820300667238236,-26.40578084975928],[-55.825340681868276,-26.40922144063072],[-55.82474723999603,-26.411636120605596],[-55.823202091614554,-26.41044975149582],[-55.8200705581195,-26.411277115997237],[-55.82209464184404,-26.414602627315798],[-55.81893905330971,-26.41439603872411],[-55.82286062351182,-26.418346600004114],[-55.822909037452455,-26.420861345212934],[-55.824067824660816,-26.42023890727153],[-55.825439222330914,-26.422444025838157],[-55.82545058502999,-26.424538655803886],[-55.821536568557235,-26.426966623619265],[-55.82558265395707,-26.428760410884188],[-55.82924936446924,-26.425251439812627],[-55.8305463026721,-26.426404119916725],[-55.83210245662793,-26.425220604879897],[-55.831649920388905,-26.427401728081684],[-55.82985658638642,-26.427305807728114],[-55.83117004651585,-26.43017848506143],[-55.8297355541522,-26.430478221269492],[-55.833048487449055,-26.43166091056641],[-55.83260390895342,-26.434668177800074],[-55.835571143162426,-26.434778148403925],[-55.834386987078226,-26.437165478071478],[-55.83634908129353,-26.437510994337945],[-55.834512168342485,-26.437992576973805],[-55.835807450040974,-26.43957855027872],[-55.83479514675993,-26.44138947757068],[-55.837872719414925,-26.440827704933216],[-55.83735125345013,-26.44538269184495],[-55.84176748554571,-26.445730027019994],[-55.8428862039407,-26.443612953018235],[-55.846215515881234,-26.448424811588776],[-55.84755036736187,-26.446566748837057],[-55.85008684013705,-26.446975395417564],[-55.85086970455723,-26.443885021378065],[-55.849699064092185,-26.442534915745377],[-55.852658127446006,-26.44387230668365],[-55.853413648390735,-26.441508466433355],[-55.8506923941766,-26.440213631494256],[-55.85131036208191,-26.439081045735026],[-55.85578357001128,-26.439162068523245],[-55.859133611566264,-26.440958380296124],[-55.86247146551558,-26.440176960393032],[-55.862744558999225,-26.442558071175753],[-55.864757811394554,-26.44230774537956],[-55.86331825139883,-26.4441380604943],[-55.866094799254086,-26.44390732817246],[-55.865534137560495,-26.442656982879463],[-55.86889471840156,-26.44494067929379],[-55.87031799881083,-26.44284384456865],[-55.87024543259747,-26.44617017586364],[-55.872279133317775,-26.445820596349645],[-55.87186932856787,-26.444648204842007],[-55.87361264764568,-26.446761022645227],[-55.87182632628128,-26.44681012822273],[-55.87210621890089,-26.448256855463317],[-55.8764596268223,-26.449871095068307],[-55.876142253925195,-26.451827727038026],[-55.877762215436384,-26.451100144611967],[-55.87580965808708,-26.45276856122244],[-55.87633343158719,-26.454154001757242],[-55.8782163435307,-26.452105845725455],[-55.880531502117435,-26.452932032426848],[-55.88066642471878,-26.454278297968962],[-55.87618087917397,-26.457727982186643],[-55.877372530221244,-26.458446068118626],[-55.879070261784804,-26.45694717042453],[-55.87919086418199,-26.460288563856388],[-55.88061258325841,-26.458873250660528],[-55.88305183221294,-26.45919930433518],[-55.88255639010683,-26.46155631425388],[-55.884136318477076,-26.461740201983588],[-55.884671203189164,-26.463613225389107],[-55.88374044386028,-26.464824766389267],[-55.88706156137297,-26.4655142596026],[-55.887984970635245,-26.46799970458127],[-55.893016265817764,-26.469699989273117],[-55.89283389559239,-26.47231225270822],[-55.89034207835511,-26.472532159538265],[-55.89313149186042,-26.474955320900683],[-55.8938588962466,-26.47815695502749],[-55.89469016661618,-26.475612914292206],[-55.89627014101618,-26.47903329838161],[-55.8992074439982,-26.476884681305275],[-55.89840481384338,-26.47972238901352],[-55.90123790692203,-26.479432745734158],[-55.89706013581391,-26.483901111073656],[-55.90028688635108,-26.484228451661686],[-55.899952616298904,-26.48667252874775],[-55.89818217408092,-26.485846332809874],[-55.89710495778477,-26.487878395171077],[-55.89984387089481,-26.488874580847607],[-55.899405968487365,-26.49027960974934],[-55.90134297714863,-26.489093776903488],[-55.905471972295814,-26.492362124229352],[-55.90597305474794,-26.49884824241576],[-55.90849059119268,-26.497490714297708],[-55.90681959896396,-26.499915547860084],[-55.909356286518836,-26.502110764297047],[-55.90781612566179,-26.50395880000044],[-55.91164086150561,-26.50604646439759],[-55.912917819632,-26.508904608858604],[-55.91076857936416,-26.51102339233121],[-55.912140410237896,-26.511936683420128],[-55.91113990542873,-26.513414193699184],[-55.916486600310435,-26.51309829096177],[-55.91555167229884,-26.51574548737959],[-55.91950247913891,-26.516750519768678],[-55.92418967715554,-26.513856282944374],[-55.92814002762697,-26.51558784765863],[-55.92953841893114,-26.513995833029202],[-55.92997419669528,-26.51678432057176],[-55.931082664891356,-26.516697835137062],[-55.930354298338266,-26.519355710545366],[-55.93204225602401,-26.51785612639576],[-55.93306916101594,-26.519944825766913],[-55.93642893179,-26.521274504143463],[-55.94063464581213,-26.51976648587322],[-55.94182694284596,-26.51587512115684],[-55.94625325925828,-26.51421959956228],[-55.9503261842705,-26.515409765051878],[-55.95506835104931,-26.51127350602442],[-55.9603864281829,-26.511330418558323],[-55.962792090621015,-26.515058568118622],[-55.963446730830526,-26.512702421159027],[-55.96618853131562,-26.51266814781438],[-55.96696663275829,-26.514939894516647],[-55.97185992925051,-26.512429258119333],[-55.97191508292561,-26.510813583278544],[-55.978914869811625,-26.51340082243226],[-55.98078431247759,-26.512222449450608],[-55.97913341980662,-26.511027930950533],[-55.980634848211935,-26.509260081689916],[-55.983909559162406,-26.510664781637974],[-55.98569603327667,-26.509995853310627],[-55.98616235567697,-26.511245082073884],[-55.98771235824721,-26.509075738938595],[-55.98884538936228,-26.511544004067307],[-55.99029937619385,-26.51030838768579],[-55.99289853686362,-26.511161884540748],[-55.998794546244696,-26.51611031155626],[-56.000569961962235,-26.51222701454103],[-56.0037961726538,-26.515730024441254],[-56.005974209755614,-26.514454159464673],[-56.00598634133138,-26.51260793780902],[-56.00751552201463,-26.51471768680664],[-56.008231822902935,-26.512889904561984],[-56.011762126185076,-26.514823911820642],[-56.01369104554734,-26.513622941987155],[-56.015997572550766,-26.51616682519999],[-56.018712557196814,-26.515977875364097],[-56.01808200487057,-26.517991385251673],[-56.02017626617048,-26.521030304021554],[-56.01904162654277,-26.52183506075735],[-56.01964271565916,-26.52646624970691],[-56.01748583546364,-26.526573288537154],[-56.02125450716392,-26.528057291457507],[-56.018670483008734,-26.530147661756523],[-56.020523161039954,-26.53262966621686],[-56.023935443735375,-26.53422400806443],[-56.02705346851095,-26.530850640686],[-56.03069308922024,-26.533913489430212],[-56.02896442844595,-26.536939783943996],[-56.03045453114198,-26.537441973684277],[-56.02974490295864,-26.540213378743136],[-56.02505930721397,-26.54316529209216],[-56.025671064347364,-26.544270938342578],[-56.028095294217465,-26.543596817204328],[-56.030324051779864,-26.547065357043596],[-56.03352051625847,-26.54782739701279],[-56.03602805294022,-26.545072660272208],[-56.03874003858806,-26.545849362282432],[-56.041310373379325,-26.54434990121819],[-56.04009529173222,-26.54252249860947],[-56.046584896990126,-26.538719944333558],[-56.04843691418378,-26.53931916652563],[-56.04735801404036,-26.536490576526173],[-56.04551100026636,-26.535823661397647],[-56.045800671963626,-26.53387094525907],[-56.0507017582851,-26.534124859084052],[-56.05075798900707,-26.527976863763815],[-56.05612296782294,-26.523484705032942],[-56.064211550127425,-26.525736442459614],[-56.063864531062826,-26.528690988241767],[-56.066852092286176,-26.52833588886852],[-56.06903404863,-26.5321962802963],[-56.07194695887482,-26.532630579886018],[-56.073248311674675,-26.53727967978385],[-56.07680763359326,-26.539112982595796],[-56.07822288350279,-26.537943924575814],[-56.077776262361624,-26.540997174766886],[-56.084410162341584,-26.544854471803767],[-56.08504237368565,-26.541716620074244],[-56.085469204721974,-26.54572349056323],[-56.08706430363608,-26.545927828720192],[-56.088505383384664,-26.548632053564905],[-56.091420575796306,-26.54772524831326],[-56.098483780537116,-26.556405852009856],[-56.100471040789635,-26.554702998203656],[-56.100789815732576,-26.55799589428764],[-56.098736161472495,-26.557991947603455],[-56.10093891402537,-26.559554248981996],[-56.0999340124501,-26.561362629379335],[-56.10221650165439,-26.56035229751035],[-56.10301529291075,-26.56228491040343],[-56.10401966388046,-26.560539703808992],[-56.107134371166566,-26.56208958639757],[-56.10593545058045,-26.563761366521916],[-56.107632052291734,-26.564832851262732],[-56.104929534696616,-26.566431995678222],[-56.10910119135593,-26.569031264774235],[-56.109306850601655,-26.570838247812823],[-56.10660048606396,-26.569196172193145],[-56.107748288760945,-26.57161848536337],[-56.11008128806983,-26.572210904611165],[-56.11196046063769,-26.577296639544443],[-56.11350808021913,-26.57753650776423],[-56.111829217673076,-26.579178258783067],[-56.11305145145143,-26.58165967915436],[-56.11496318685441,-26.580831925317042],[-56.11485961852267,-26.58328251331807],[-56.11199601546541,-26.5838334774649],[-56.11558393177143,-26.585643446172323],[-56.11380401058894,-26.58914896797661],[-56.115535360458324,-26.590085152496744],[-56.1166228983995,-26.588552550375393],[-56.11974408026606,-26.59585785932741],[-56.12251429565331,-26.59639410031405],[-56.12227037272601,-26.600310952649412],[-56.12067027090694,-26.601063980233047],[-56.12171393821412,-26.60215835432356],[-56.11905651057436,-26.601794334567227],[-56.1211515381497,-26.60338726755974],[-56.11917830564753,-26.60482413599166],[-56.12065266001949,-26.60591215431459],[-56.11838839486396,-26.607229841795167],[-56.11889954132421,-26.609255380669772],[-56.11675056476268,-26.609282685936662],[-56.116069793047906,-26.61070946719794],[-56.11818654198651,-26.613905127952414],[-56.11575758738196,-26.61424667643827],[-56.11803058544058,-26.615903961135587],[-56.11676469382352,-26.617575397387302],[-56.11774900135298,-26.619301422175575],[-56.11555951441793,-26.621468192894575],[-56.11685249925923,-26.626654030881834],[-56.11923378759066,-26.62855122318112],[-56.12195175730999,-26.627728384907535],[-56.121428845511566,-26.630672937806654],[-56.12513499622011,-26.628709529511845],[-56.12399594454638,-26.631031854633157],[-56.12693189239032,-26.631767668470996],[-56.125214257777536,-26.633553771787152],[-56.12848267659705,-26.632684539193285],[-56.13044055545558,-26.63481820693224],[-56.13385539550261,-26.633349353908134],[-56.13599135948828,-26.6358632262178],[-56.1389457140015,-26.633836203151503],[-56.13697585226711,-26.633111014764367],[-56.137499282184166,-26.632220374918298],[-56.14090919675825,-26.633906763401836],[-56.14394472159577,-26.632512115772318],[-56.146758939847764,-26.636641491395228],[-56.145800445480184,-26.638626510745464],[-56.14779121216297,-26.637401557943196],[-56.14999853601228,-26.638385330300924],[-56.15044295246844,-26.636537151950428],[-56.1530460263783,-26.639030992657652],[-56.15492474581106,-26.637408019696903],[-56.15443729963739,-26.63939589836519],[-56.157367664300494,-26.641634296523527],[-56.15497478484964,-26.642383000539937],[-56.15718926414796,-26.64386778373751],[-56.15576097480717,-26.647673833510982],[-56.15887044864562,-26.648382942439646],[-56.15640400668855,-26.65237244651585],[-56.160550570148274,-26.65263173597858],[-56.15859950787153,-26.655446104065803],[-56.16287481232365,-26.65907821780362],[-56.16479261127459,-26.65608302614151],[-56.16545396281118,-26.65935521218771],[-56.16878261430043,-26.656909950004536],[-56.169257918593466,-26.659612239721618],[-56.172367030224,-26.65955815296905],[-56.16905180480886,-26.66171015012062],[-56.17248637878827,-26.66164442183284],[-56.17282852530576,-26.664449750532892],[-56.174300284807074,-26.66206125400331],[-56.17732690771701,-26.66493631835459],[-56.17888705926484,-26.66352335828018],[-56.17723974988969,-26.66675504791735],[-56.1812750735728,-26.667017612845992],[-56.17847555326291,-26.668978686735247],[-56.18005716307682,-26.672125212147794],[-56.17826337291259,-26.675536632622524],[-56.18131546296533,-26.676931094648666],[-56.180241923139015,-26.67887504876506],[-56.184596562034265,-26.678195893384235],[-56.18429553601055,-26.682189255820063],[-56.1812691678737,-26.682885089729748],[-56.18321354213778,-26.68452592081342],[-56.185637628992566,-26.683817565487022],[-56.18205303443838,-26.685887051102668],[-56.18319487903259,-26.69102177811364],[-56.178970192452894,-26.692870812334508],[-56.17967583071357,-26.696269580356343],[-56.177661574027624,-26.69637981169109],[-56.17677781414048,-26.699155444929858],[-56.1760713928333,-26.69605008333246],[-56.17409707044653,-26.69811514851732],[-56.175927527377254,-26.700066896266307],[-56.17524240259594,-26.701945341320265],[-56.178522552448946,-26.703431478848724],[-56.17598913941536,-26.70503739618382],[-56.17574160908553,-26.70765419690351],[-56.18037631265722,-26.70855679242854],[-56.181803583151265,-26.711223895156586],[-56.185500079373014,-26.71067185412698],[-56.18344610244029,-26.707066741609577],[-56.18456345958838,-26.706323806317407],[-56.187661809645874,-26.710178651320195],[-56.19098114123119,-26.7091999701843],[-56.191737708547166,-26.711678070348103],[-56.193526456533384,-26.70856440991143],[-56.19551848268523,-26.710841851267496],[-56.19724144772255,-26.707416286836857],[-56.2010984126666,-26.708151295394607],[-56.19939278814214,-26.706326968231203],[-56.20034364521453,-26.704309956870546],[-56.20632070883493,-26.704627899668196],[-56.20654332594067,-26.7013337572707],[-56.209376886503605,-26.703317770877245],[-56.21276645654117,-26.703034156554942],[-56.21097105329781,-26.700545874582293],[-56.21532140277897,-26.69756350635878],[-56.2179155808532,-26.700755844491795],[-56.22153527118201,-26.699877405269078],[-56.218876745174406,-26.70260745906899],[-56.22044510866346,-26.70359115468832],[-56.222708173751194,-26.702475005279073],[-56.22333952805547,-26.70535403039218],[-56.22757950296681,-26.702695708491696],[-56.23038199062396,-26.70319395315724],[-56.23273562385451,-26.701766651076003],[-56.232274556756366,-26.699037553032564],[-56.23634565804637,-26.700440870184536],[-56.23596256139269,-26.696935751613832],[-56.238903286117,-26.696847718759592],[-56.240368887751366,-26.694016103110403],[-56.24305614601683,-26.69614763961954],[-56.24684771615642,-26.695544836654484],[-56.24689562904181,-26.69704833762155],[-56.244343034309196,-26.697725456473698],[-56.24390939426501,-26.699271536027503],[-56.249990024379215,-26.702657883462347],[-56.25532275371692,-26.701692821427912],[-56.26027428047377,-26.697773242228287],[-56.26484677613927,-26.699119673004798],[-56.26475924429071,-26.700423843553803],[-56.26244226676075,-26.700809079194],[-56.2631607403598,-26.70241085966214],[-56.26724019115654,-26.70219723402458],[-56.265134990010665,-26.705702964144766],[-56.26924230473979,-26.706162051656648],[-56.267869770210176,-26.70906667862363],[-56.27001187353993,-26.71080667484589],[-56.269188515844924,-26.712915112766076],[-56.2709014783204,-26.713483690914384],[-56.27248449824718,-26.711663538447688],[-56.27504312912811,-26.71164503143353],[-56.27550633485233,-26.70914197912536],[-56.27800142663047,-26.713610275781463],[-56.282424617451134,-26.71565510086389],[-56.28438819450442,-26.718969459772893],[-56.29387948219289,-26.720104948233054],[-56.295650511077746,-26.717301358728978],[-56.29599890348524,-26.721442675474066],[-56.301858626398236,-26.72245122612891],[-56.30417174205781,-26.721306934432445],[-56.307471210536235,-26.72298884523487],[-56.30884104155313,-26.724972778126386],[-56.30748699502756,-26.72899742226412],[-56.310294098796625,-26.727543958419535],[-56.311518358461925,-26.72971675740828],[-56.31755250246504,-26.729077801584026],[-56.31954750479341,-26.72510127472975],[-56.321757056506414,-26.728050652906493],[-56.32526184494245,-26.727069709965775],[-56.32959789928861,-26.728778609532085],[-56.33152501221638,-26.732475874814135],[-56.332562723097126,-26.72480195764093],[-56.33683510240256,-26.726442623790973],[-56.33732025550778,-26.731862038380243],[-56.34077381083422,-26.726357151706072],[-56.34515925067474,-26.731880385081016],[-56.34575482347714,-26.72685872481706],[-56.3487583620564,-26.726461742267592],[-56.350795871552464,-26.728637943660043],[-56.35479302180196,-26.72923400982484],[-56.35558346589547,-26.727914912857308],[-56.352339872316726,-26.724979390089764],[-56.3563639441674,-26.724790045851147],[-56.35701119896912,-26.729149281785396],[-56.35915228407798,-26.729700686346057],[-56.36162583196957,-26.73317882244392],[-56.36787480746649,-26.73459269922332],[-56.37080708428473,-26.739404440481113],[-56.375535619162484,-26.740581001219795],[-56.37817974368454,-26.73940987154619],[-56.380394266818385,-26.741541287270117],[-56.38307083202987,-26.740293464705143],[-56.38360296406899,-26.743243620427588],[-56.386599746160876,-26.744163990350607],[-56.386152906289446,-26.7461483511106],[-56.388869680905614,-26.74608785711054],[-56.389934593388524,-26.748169023446966],[-56.39182301472296,-26.74397431556341],[-56.39578020470896,-26.744903122569212],[-56.39430778506287,-26.748427030193803],[-56.39793326698561,-26.749358875644912],[-56.39762945575881,-26.752025541020085],[-56.40010522096606,-26.751205405486903],[-56.39908461683807,-26.755837276254226],[-56.40559116433813,-26.755918878942232],[-56.403788427073025,-26.762059792583525],[-56.40803471168299,-26.761928618229906],[-56.40627092426743,-26.76433187935034],[-56.40799684139005,-26.76608161998847],[-56.409710679964135,-26.765921739230258],[-56.4101962489349,-26.762583174947768],[-56.41356629237441,-26.763671563460544],[-56.41637785113704,-26.76285704996659],[-56.41626028759809,-26.76654926963846],[-56.421675434367394,-26.76900919678783],[-56.421615354470624,-26.772182509185907],[-56.42733356828781,-26.770323266587834],[-56.42618867865845,-26.773347736082275],[-56.43056308554494,-26.772692750502593],[-56.43098657271993,-26.77488389156999],[-56.43641486971458,-26.773424892243934],[-56.43670619875035,-26.776048865425505],[-56.4387730396079,-26.77508197581496],[-56.43852579798674,-26.771920977378446],[-56.443953028499166,-26.773472730567875],[-56.44224321672816,-26.771249481997565],[-56.44391716432546,-26.77012296711668],[-56.448007034776005,-26.771583538865215],[-56.45097917055424,-26.769920272295277],[-56.44985908386899,-26.77392915800916],[-56.45126448638422,-26.775040615378874],[-56.454536288401414,-26.773825353302893],[-56.45382538137443,-26.777610128005946],[-56.457429447294295,-26.777131914521867],[-56.45810339874977,-26.774087327502304],[-56.461700653153876,-26.77302662990734],[-56.46557703815809,-26.773831309418533],[-56.46853655444078,-26.77240688459487],[-56.47190280830357,-26.775588527617042],[-56.469315969864454,-26.777574194213802],[-56.47047043243064,-26.780788197576605],[-56.472679567777156,-26.778918478552722],[-56.476320996239814,-26.77892295610608],[-56.472480856945296,-26.78191976403531],[-56.4730209577938,-26.78354693017289],[-56.47697014885674,-26.7825548715901],[-56.47788896127165,-26.786485722138394],[-56.48394914239078,-26.78891406399555],[-56.48528424613774,-26.785235232748615],[-56.490929785790605,-26.78662347475855],[-56.488894871082834,-26.793003916530644],[-56.491015313528585,-26.794370364042134],[-56.49724690538655,-26.792735865056034],[-56.49870232915105,-26.790492888799065],[-56.50152102768049,-26.792091880665705],[-56.502791471190925,-26.788990487270677],[-56.50645215693179,-26.7889807182425],[-56.50715986528184,-26.785696747421408],[-56.511229343316856,-26.784315917059466],[-56.508513389768595,-26.78179203452264],[-56.508777411186124,-26.78019487440953],[-56.51318646666032,-26.78066152697847],[-56.51411373083839,-26.77758141470229],[-56.52017243450213,-26.78148439812221],[-56.52077343795344,-26.780299160087857],[-56.51844126624061,-26.778277855064015],[-56.52342832802048,-26.778682951204285],[-56.5247683984745,-26.775590610194932],[-56.52572984437771,-26.779178223456846],[-56.52757871714638,-26.779216000850607],[-56.52977668771128,-26.775246171149227],[-56.52876219631315,-26.773215857423704],[-56.53397181967011,-26.77141831625253],[-56.53444928826846,-26.767641369845535],[-56.53716875790774,-26.77044466413421],[-56.54044231937591,-26.770256685998362],[-56.54078188835226,-26.768826735213512],[-56.53817982476042,-26.76775740558045],[-56.53692140701743,-26.765089827628824],[-56.54098373194056,-26.76365393211082],[-56.537995753044584,-26.760578972339346],[-56.53955253601753,-26.75752781315604],[-56.54899800981982,-26.757454347700712],[-56.549904421739726,-26.762562978339037],[-56.55262148565106,-26.759628212325055],[-56.5562843219712,-26.76157638971322],[-56.56073421396737,-26.759956047348215],[-56.561376640653926,-26.758156802062533],[-56.56418946940683,-26.76132102431034],[-56.56526665596431,-26.75857959315023],[-56.567925287783154,-26.75916556162001],[-56.56785452000671,-26.756104599176837],[-56.57116768175336,-26.75864271117115],[-56.5730143013245,-26.758359365308028],[-56.57860052897705,-26.751739941264834],[-56.58187598983157,-26.750011600510128],[-56.58238795428707,-26.74665440565681],[-56.5850488011208,-26.75125334887305],[-56.58875055665154,-26.746835519323007],[-56.59192132665401,-26.747765615486315],[-56.589309867055576,-26.74948257238357],[-56.591460552300255,-26.7504187495585],[-56.60319348222503,-26.744159005423747],[-56.60143589278342,-26.74170727359123],[-56.60269690609352,-26.740374550081373],[-56.60980803323923,-26.74304876010976],[-56.61024724388327,-26.74695492220844],[-56.61263903220058,-26.748004301933197],[-56.61571524050795,-26.74684344310155],[-56.6179968831113,-26.748140726219745],[-56.618575155221144,-26.744557849462474],[-56.619957531896425,-26.747504950053596],[-56.622421231781445,-26.74774628062991],[-56.62477943032828,-26.743558660829812],[-56.62749714651823,-26.744712484235023],[-56.630800029752464,-26.74043243613902],[-56.63517082994034,-26.74174389662356],[-56.636305006858,-26.73906525079063],[-56.63849046597436,-26.74377485244605],[-56.640101550399145,-26.744113016514355],[-56.64237514952482,-26.74021831842877],[-56.641390510254396,-26.734938484082672],[-56.64742297706489,-26.733581224604908],[-56.64880796365021,-26.731991070951917],[-56.64857366830723,-26.728884570440083],[-56.645699543773134,-26.72471512593467],[-56.64865088462981,-26.725228080558463],[-56.650410682653614,-26.728031369212374],[-56.65277158866346,-26.728068768207226],[-56.654983898435795,-26.72653474748411],[-56.65477469601399,-26.72255703058777],[-56.65646264359954,-26.722118713657206],[-56.65879616537388,-26.72624149976642],[-56.662076001000194,-26.723017020332584],[-56.66203061531349,-26.71880946453628],[-56.660143788145696,-26.71831739971271],[-56.6568804992099,-26.720661563872447],[-56.65518740938861,-26.719894521472877],[-56.656225089097795,-26.713757414683762],[-56.65329525629848,-26.710585670724907],[-56.65563934865332,-26.70627557754995],[-56.65318676039832,-26.706576588104863],[-56.6521627492162,-26.709011877058934],[-56.649839094335356,-26.708428316196116],[-56.64900005222517,-26.70542865964526],[-56.65061028475284,-26.699496147027823],[-56.64715882011534,-26.696345561490542],[-56.65011284654823,-26.694714129421328],[-56.64819842354433,-26.690465822777107],[-56.65235479780679,-26.6865214035334],[-56.649926133841085,-26.685707351670334],[-56.648491037509935,-26.688872948370307],[-56.646611613828036,-26.68778933159548],[-56.64597495648,-26.686049684290282],[-56.64791808625114,-26.683562540475243],[-56.64322475629445,-26.6811852570456],[-56.64494389142899,-26.677997848487262],[-56.642436840606415,-26.679431669584208],[-56.64155710546131,-26.682341271549397],[-56.63831120825543,-26.680576923209667],[-56.635393932823106,-26.682172093267006],[-56.63744938031529,-26.67798794730777],[-56.63612885447713,-26.67229184897309],[-56.6381256047995,-26.669723710400035],[-56.63568013177982,-26.668611419666366],[-56.63644501914203,-26.6662794054332],[-56.64956159447789,-26.66213196814795],[-56.65781188592015,-26.662147559070213],[-56.65910605423776,-26.66414606278081],[-56.655089307759845,-26.66796011919208],[-56.655082446829574,-26.670032239585463],[-56.65786133960509,-26.67167770722951],[-56.662254808945306,-26.671123911888355],[-56.665176219218566,-26.66853501088992],[-56.664697095612865,-26.662692163789327],[-56.67021508845593,-26.661255931902208],[-56.66603624683766,-26.65726441147959],[-56.67128927176542,-26.656148039575307],[-56.67392073244957,-26.652619267642958],[-56.67696251856113,-26.657425099488115],[-56.679378458071774,-26.656356125204876],[-56.68064159187747,-26.652467490609514],[-56.68541713686657,-26.65472634950446],[-56.69227610595682,-26.652998775367582],[-56.69528945121213,-26.657930563695825],[-56.69758739347598,-26.658441093311485],[-56.69899607852829,-26.655103369069273],[-56.70361062427432,-26.653740663915702],[-56.70090301041623,-26.64971710248117],[-56.70145008235751,-26.647271401526538],[-56.70480793700025,-26.64776597796332],[-56.70702489429313,-26.65214058694584],[-56.70881827262709,-26.652482857328714],[-56.71161081113929,-26.647590332327304],[-56.71750887400178,-26.647611203524868],[-56.7192206771629,-26.643289712013004],[-56.72340955926445,-26.641853284435307],[-56.72532047009474,-26.638168645472778],[-56.73127455231527,-26.640076111210174],[-56.73240838019687,-26.6391076324036],[-56.732095161084686,-26.636899452635156],[-56.7271945398823,-26.6346103135498],[-56.7267927934439,-26.629277915911096],[-56.731605492478735,-26.625291741481135],[-56.73936541430316,-26.628868117786826],[-56.73775075125486,-26.62407074287656],[-56.739437147578,-26.622155175101664],[-56.74374918414253,-26.62331420807907],[-56.74616862935613,-26.62687597980744],[-56.75280312626558,-26.628485800936254],[-56.753056542912034,-26.63035524780602],[-56.750115544052626,-26.632047565789055],[-56.752555676788816,-26.63550994376869],[-56.76558516501632,-26.630448680920313],[-56.76660299471262,-26.632147810725154],[-56.76330031739264,-26.63513095689577],[-56.76830968570951,-26.635712549825318],[-56.7696407980119,-26.63842341665876],[-56.771248623222974,-26.63165876338539],[-56.77044991992042,-26.627418349533166],[-56.76336719309184,-26.622783880881933],[-56.76530971105257,-26.620516297180924],[-56.77072792347468,-26.619468734981442],[-56.771585024178854,-26.61689232293715],[-56.78458056496047,-26.62016756281866],[-56.789102931168905,-26.61880192400986],[-56.78992452363164,-26.62013943808979],[-56.78820689265491,-26.623292541193297],[-56.78927816847507,-26.624413732884335],[-56.794902810624485,-26.62061169790556],[-56.79933962004934,-26.620902440029266],[-56.80022181828035,-26.622849440765098],[-56.805526071626375,-26.622798102119006],[-56.805860251244376,-26.62028848349758],[-56.80100104570715,-26.615022347674802],[-56.80627099645363,-26.61275881277901],[-56.80649034045381,-26.61056504971928],[-56.80409034729188,-26.60831804398742],[-56.810039173906986,-26.608145527724044],[-56.81436856879737,-26.603925636409915],[-56.813898352188794,-26.592882457953255],[-56.82048756690651,-26.5880784133699],[-56.821941180888764,-26.58487942390744],[-56.8188313811995,-26.579950126927766],[-56.817434799962804,-26.56715409252104],[-56.814475930513616,-26.566725901436257],[-56.80845694372063,-26.570000019474822],[-56.807105900762586,-26.56824203379523],[-56.81432430083057,-26.563073424260363],[-56.817550635586564,-26.55364666519334],[-56.821210481688745,-26.548355712348933],[-56.820966254216444,-26.54360155965903],[-56.82710446863423,-26.543550447186863],[-56.828860163810575,-26.54831092774835],[-56.83090458940294,-26.549473613174186],[-56.83418233799597,-26.54693124433469],[-56.83375029130015,-26.54087217890978],[-56.83791158595307,-26.53643010888908],[-56.84184454445672,-26.53745482142244],[-56.845771187402526,-26.543490602873344],[-56.8474081468456,-26.54349236453194],[-56.848325444037464,-26.541554222266704],[-56.84744212740296,-26.53543164814369],[-56.84402371201175,-26.53357520754207],[-56.8491135731503,-26.52842334029439],[-56.842046961361525,-26.52573950250117],[-56.84371322294479,-26.522696769589714],[-56.840775672867444,-26.521805068742164],[-56.83946610868621,-26.519474125338004],[-56.8364552451687,-26.519405696678362],[-56.84342231693579,-26.515177117080814],[-56.842103738616025,-26.51064672506031],[-56.839792433279364,-26.509972391454948],[-56.83646575771453,-26.511983886859227],[-56.834290800047405,-26.511599647265417],[-56.83237562210919,-26.508880392168052],[-56.832538837590235,-26.504286633995033],[-56.83093804467386,-26.503721336767445],[-56.82891279291307,-26.50518161945836],[-56.830955279617754,-26.50840198654973],[-56.829648294882624,-26.51272350942593],[-56.82474666631312,-26.512771746620615],[-56.82005004812303,-26.504910683367672],[-56.82140087924902,-26.49576781443769],[-56.81223520314135,-26.48733164209285],[-56.804553455262926,-26.489569902784986],[-56.80392044418559,-26.486535288768653],[-56.79991445275772,-26.48453612629987],[-56.80125690704136,-26.48104919067161],[-56.7982865368942,-26.47906225472768],[-56.79707814388759,-26.47472661375897],[-56.793450089182244,-26.477115907483785],[-56.79175417524344,-26.47620332010047],[-56.795863950525856,-26.473728079765262],[-56.796626313987424,-26.471508027744694],[-56.790684030697335,-26.46880157062609],[-56.787063905437385,-26.461461036727236],[-56.79281912375555,-26.458851981055254],[-56.79177640581666,-26.45778278897142],[-56.78637455509452,-26.458029876787922],[-56.785140625022244,-26.456459682206514],[-56.78598489400878,-26.45393372164885],[-56.789434415014824,-26.453426899761663],[-56.787608920275765,-26.449539902336433],[-56.790319974094345,-26.44797555955654],[-56.788999985126466,-26.44412182327563],[-56.79582311823106,-26.439719230880293],[-56.78990881067901,-26.430788136287465],[-56.78754825827315,-26.430322979983313],[-56.786770700703535,-26.434107091678456],[-56.78408244557943,-26.43327418811574],[-56.78233672202099,-26.430427383963956],[-56.77970592365867,-26.430772233365484],[-56.781551253077325,-26.436376566895266],[-56.78128752100656,-26.43891304753076],[-56.77978923501477,-26.439143865755756],[-56.776715569434266,-26.433298424001315],[-56.77761086513674,-26.43084030136548],[-56.77630349010246,-26.42856293668598],[-56.77165320658253,-26.43111261739536],[-56.769027135005935,-26.426341051425226],[-56.76049413453334,-26.42090957122712],[-56.761342813573656,-26.417833880493518],[-56.75949774700202,-26.413951896973277],[-56.764047683814205,-26.413201031284387],[-56.764904730622575,-26.411858914735255],[-56.76328423033048,-26.410337954076933],[-56.76094677903084,-26.41093409724198],[-56.761228693497856,-26.408789256413005],[-56.75751248345884,-26.405784444397106],[-56.76076341987859,-26.404668504150088],[-56.76210112453964,-26.399209936049512],[-56.7582088128923,-26.399660509917382],[-56.755880205963855,-26.39670065403576],[-56.76087667042109,-26.395691284262515],[-56.764066462802695,-26.397866272839156],[-56.7662478705096,-26.396742344053337],[-56.76593918588788,-26.395443679129407],[-56.7618999195077,-26.39502257987391],[-56.76383391838898,-26.392417274532697],[-56.763378694085276,-26.3899908510031],[-56.75921067458842,-26.389752302909386],[-56.76142791407778,-26.38760460396307],[-56.75990811647096,-26.38376020449536],[-56.76258177750655,-26.382590620296106],[-56.76171369819872,-26.380242733834322],[-56.763219832073524,-26.37829494184083],[-56.75935281794655,-26.376673408326585],[-56.75999910846121,-26.371707341401414],[-56.75644829870417,-26.371067501435057],[-56.756947757340676,-26.368417169329767],[-56.75515600595939,-26.365846060808273],[-56.75212600280667,-26.367353849811316],[-56.75114553238745,-26.370250502734514],[-56.74717316949505,-26.367494849536563],[-56.742193000229804,-26.367754136120872],[-56.74040715672369,-26.370639780978454],[-56.738005287505814,-26.370623217117938],[-56.73803001742578,-26.36565611152865],[-56.74142707582617,-26.365339268272045],[-56.73883484182534,-26.362270978569647],[-56.73422081254115,-26.360295944225477],[-56.73393615861211,-26.358548277078842],[-56.73561481541889,-26.358161326170205],[-56.73692687941484,-26.360325319002435],[-56.738784735644984,-26.360483117396416],[-56.73837001141542,-26.356378614034096],[-56.74339666704366,-26.355274412412378],[-56.74406867321664,-26.35321967678411],[-56.739199170413485,-26.352666437287322],[-56.73710453476747,-26.349574639272593],[-56.73254918432902,-26.34976936374644],[-56.73342296169323,-26.346325466951352],[-56.730669466359906,-26.343549270160473],[-56.73519818469079,-26.34306200846646],[-56.73323375929415,-26.33836952056801],[-56.736426966844796,-26.336238433557657],[-56.736365427735166,-26.33429871613142],[-56.726885285581204,-26.330377584534002],[-56.72727333539874,-26.326412708867036],[-56.72262691939496,-26.327354567454826],[-56.72321343144649,-26.323414464161917],[-56.71882044409483,-26.319648874314744],[-56.71944804136499,-26.318653281920273],[-56.72350989898029,-26.319452127457872],[-56.72495777581859,-26.31219544217653],[-56.7215803854348,-26.31183136924676],[-56.71794582299544,-26.308454572191224],[-56.717896311134005,-26.304077118918258],[-56.711302817447276,-26.308368218211548],[-56.70782205868575,-26.304942039861068],[-56.706705301193615,-26.300965560575705],[-56.69907724790347,-26.300785205868717],[-56.6979413847674,-26.297256012882723],[-56.69996723285406,-26.294781747142974],[-56.69686035704279,-26.293466885536866],[-56.69665887527531,-26.287745553422575],[-56.69288349181242,-26.287054914103134],[-56.69181703356411,-26.28467162524538],[-56.69303771437428,-26.283260265579752],[-56.69669253515618,-26.285202093516858],[-56.69931720929069,-26.281152594972887],[-56.69920444651503,-26.27943770905023],[-56.69505648876593,-26.279989672345668],[-56.693988578297734,-26.27816710772022],[-56.698452234867396,-26.27402401245359],[-56.698531221886896,-26.269952896192063],[-56.69594524353002,-26.2653368015423],[-56.69962003608985,-26.261300973949194],[-56.69872107769923,-26.259967674796602],[-56.69439932267677,-26.260439332623008],[-56.68837510895476,-26.258416936838813],[-56.68816636039593,-26.254668791198036],[-56.68319533289684,-26.252623804941223],[-56.6824090838322,-26.250156481499236],[-56.68496781061253,-26.24934847034976],[-56.685037219445746,-26.247215118603055],[-56.689932716507585,-26.24545054269931],[-56.68642726648381,-26.24503380051243],[-56.687003164697465,-26.239605362231373],[-56.680349568144145,-26.24041591755234],[-56.675079862652204,-26.238510988473152],[-56.6767854762678,-26.236247260871554],[-56.672438991881705,-26.231954995152666],[-56.67394199439934,-26.227273784786195],[-56.66841599879974,-26.223809312545715],[-56.6594278147829,-26.226599075542463],[-56.660679216187525,-26.222669413662253],[-56.655283330135276,-26.21961233956607],[-56.65540115598823,-26.22398134495985],[-56.65104261787791,-26.225004068827943],[-56.649550607031976,-26.222587241174587],[-56.652140072058046,-26.220506251752646],[-56.6511951893757,-26.216382568022052],[-56.64643066411963,-26.222510257357587],[-56.64355275987091,-26.223217401125787],[-56.64213955809855,-26.227591853374076],[-56.63906446613056,-26.227473213506958],[-56.63759830752566,-26.22422727500202],[-56.63887105691774,-26.22120636869603],[-56.637696596678026,-26.209729781556593],[-56.63112838824272,-26.20407925993021],[-56.63269824660917,-26.200273931676097],[-56.628861359082286,-26.199290172189208],[-56.629164564698826,-26.194631402661013]]]}},{"type":"Feature","properties":{"shapeName":"ITAPUA","shapeISO":"PY-7","shapeID":"63826900B60028824512427","shapeGroup":"PRY","shapeType":"ADM1"},"geometry":{"type":"Polygon","coordinates":[[[-56.65879616537388,-26.72624149976642],[-56.65646264359954,-26.722118713657206],[-56.65477469601399,-26.72255703058777],[-56.654983898435795,-26.72653474748411],[-56.65277158866346,-26.728068768207226],[-56.650410682653614,-26.728031369212374],[-56.64865088462981,-26.725228080558463],[-56.645699543773134,-26.72471512593467],[-56.64857366830723,-26.728884570440083],[-56.64880796365021,-26.731991070951917],[-56.64742297706489,-26.733581224604908],[-56.641390510254396,-26.734938484082672],[-56.64237514952482,-26.74021831842877],[-56.640101550399145,-26.744113016514355],[-56.63849046597436,-26.74377485244605],[-56.636305006858,-26.73906525079063],[-56.63517082994034,-26.74174389662356],[-56.630800029752464,-26.74043243613902],[-56.62749714651823,-26.744712484235023],[-56.62477943032828,-26.743558660829812],[-56.622421231781445,-26.74774628062991],[-56.619957531896425,-26.747504950053596],[-56.618575155221144,-26.744557849462474],[-56.6179968831113,-26.748140726219745],[-56.61571524050795,-26.74684344310155],[-56.61263903220058,-26.748004301933197],[-56.61024724388327,-26.74695492220844],[-56.60980803323923,-26.74304876010976],[-56.60269690609352,-26.740374550081373],[-56.60143589278342,-26.74170727359123],[-56.60319348222503,-26.744159005423747],[-56.591460552300255,-26.7504187495585],[-56.589309867055576,-26.74948257238357],[-56.59192132665401,-26.747765615486315],[-56.58875055665154,-26.746835519323007],[-56.5850488011208,-26.75125334887305],[-56.58238795428707,-26.74665440565681],[-56.58187598983157,-26.750011600510128],[-56.57860052897705,-26.751739941264834],[-56.5730143013245,-26.758359365308028],[-56.57116768175336,-26.75864271117115],[-56.56785452000671,-26.756104599176837],[-56.567925287783154,-26.75916556162001],[-56.56526665596431,-26.75857959315023],[-56.56418946940683,-26.76132102431034],[-56.561376640653926,-26.758156802062533],[-56.56073421396737,-26.759956047348215],[-56.5562843219712,-26.76157638971322],[-56.55262148565106,-26.759628212325055],[-56.549904421739726,-26.762562978339037],[-56.54899800981982,-26.757454347700712],[-56.53955253601753,-26.75752781315604],[-56.537995753044584,-26.760578972339346],[-56.54098373194056,-26.76365393211082],[-56.53692140701743,-26.765089827628824],[-56.53817982476042,-26.76775740558045],[-56.54078188835226,-26.768826735213512],[-56.54044231937591,-26.770256685998362],[-56.53716875790774,-26.77044466413421],[-56.53444928826846,-26.767641369845535],[-56.53397181967011,-26.77141831625253],[-56.52876219631315,-26.773215857423704],[-56.52977668771128,-26.775246171149227],[-56.52757871714638,-26.779216000850607],[-56.52572984437771,-26.779178223456846],[-56.5247683984745,-26.775590610194932],[-56.52342832802048,-26.778682951204285],[-56.51844126624061,-26.778277855064015],[-56.52077343795344,-26.780299160087857],[-56.52017243450213,-26.78148439812221],[-56.51411373083839,-26.77758141470229],[-56.51318646666032,-26.78066152697847],[-56.508777411186124,-26.78019487440953],[-56.508513389768595,-26.78179203452264],[-56.511229343316856,-26.784315917059466],[-56.50715986528184,-26.785696747421408],[-56.50645215693179,-26.7889807182425],[-56.502791471190925,-26.788990487270677],[-56.50152102768049,-26.792091880665705],[-56.49870232915105,-26.790492888799065],[-56.49724690538655,-26.792735865056034],[-56.491015313528585,-26.794370364042134],[-56.488894871082834,-26.793003916530644],[-56.490929785790605,-26.78662347475855],[-56.48528424613774,-26.785235232748615],[-56.48394914239078,-26.78891406399555],[-56.47788896127165,-26.786485722138394],[-56.47697014885674,-26.7825548715901],[-56.4730209577938,-26.78354693017289],[-56.472480856945296,-26.78191976403531],[-56.476320996239814,-26.77892295610608],[-56.472679567777156,-26.778918478552722],[-56.47047043243064,-26.780788197576605],[-56.469315969864454,-26.777574194213802],[-56.47190280830357,-26.775588527617042],[-56.46853655444078,-26.77240688459487],[-56.46557703815809,-26.773831309418533],[-56.461700653153876,-26.77302662990734],[-56.45810339874977,-26.774087327502304],[-56.457429447294295,-26.777131914521867],[-56.45382538137443,-26.777610128005946],[-56.454536288401414,-26.773825353302893],[-56.45126448638422,-26.775040615378874],[-56.44985908386899,-26.77392915800916],[-56.45097917055424,-26.769920272295277],[-56.448007034776005,-26.771583538865215],[-56.44391716432546,-26.77012296711668],[-56.44224321672816,-26.771249481997565],[-56.443953028499166,-26.773472730567875],[-56.43852579798674,-26.771920977378446],[-56.4387730396079,-26.77508197581496],[-56.43670619875035,-26.776048865425505],[-56.43641486971458,-26.773424892243934],[-56.43098657271993,-26.77488389156999],[-56.43056308554494,-26.772692750502593],[-56.42618867865845,-26.773347736082275],[-56.42733356828781,-26.770323266587834],[-56.421615354470624,-26.772182509185907],[-56.421675434367394,-26.76900919678783],[-56.41626028759809,-26.76654926963846],[-56.41637785113704,-26.76285704996659],[-56.41356629237441,-26.763671563460544],[-56.4101962489349,-26.762583174947768],[-56.409710679964135,-26.765921739230258],[-56.40799684139005,-26.76608161998847],[-56.40627092426743,-26.76433187935034],[-56.40803471168299,-26.761928618229906],[-56.403788427073025,-26.762059792583525],[-56.40559116433813,-26.755918878942232],[-56.39908461683807,-26.755837276254226],[-56.40010522096606,-26.751205405486903],[-56.39762945575881,-26.752025541020085],[-56.39793326698561,-26.749358875644912],[-56.39430778506287,-26.748427030193803],[-56.39578020470896,-26.744903122569212],[-56.39182301472296,-26.74397431556341],[-56.389934593388524,-26.748169023446966],[-56.388869680905614,-26.74608785711054],[-56.386152906289446,-26.7461483511106],[-56.386599746160876,-26.744163990350607],[-56.38360296406899,-26.743243620427588],[-56.38307083202987,-26.740293464705143],[-56.380394266818385,-26.741541287270117],[-56.37817974368454,-26.73940987154619],[-56.375535619162484,-26.740581001219795],[-56.37080708428473,-26.739404440481113],[-56.36787480746649,-26.73459269922332],[-56.36162583196957,-26.73317882244392],[-56.35915228407798,-26.729700686346057],[-56.35701119896912,-26.729149281785396],[-56.3563639441674,-26.724790045851147],[-56.352339872316726,-26.724979390089764],[-56.35558346589547,-26.727914912857308],[-56.35479302180196,-26.72923400982484],[-56.350795871552464,-26.728637943660043],[-56.3487583620564,-26.726461742267592],[-56.34575482347714,-26.72685872481706],[-56.34515925067474,-26.731880385081016],[-56.34077381083422,-26.726357151706072],[-56.33732025550778,-26.731862038380243],[-56.33683510240256,-26.726442623790973],[-56.332562723097126,-26.72480195764093],[-56.33152501221638,-26.732475874814135],[-56.32959789928861,-26.728778609532085],[-56.32526184494245,-26.727069709965775],[-56.321757056506414,-26.728050652906493],[-56.31954750479341,-26.72510127472975],[-56.31755250246504,-26.729077801584026],[-56.311518358461925,-26.72971675740828],[-56.310294098796625,-26.727543958419535],[-56.30748699502756,-26.72899742226412],[-56.30884104155313,-26.724972778126386],[-56.307471210536235,-26.72298884523487],[-56.30417174205781,-26.721306934432445],[-56.301858626398236,-26.72245122612891],[-56.29599890348524,-26.721442675474066],[-56.295650511077746,-26.717301358728978],[-56.29387948219289,-26.720104948233054],[-56.28438819450442,-26.718969459772893],[-56.282424617451134,-26.71565510086389],[-56.27800142663047,-26.713610275781463],[-56.27550633485233,-26.70914197912536],[-56.27504312912811,-26.71164503143353],[-56.27248449824718,-26.711663538447688],[-56.2709014783204,-26.713483690914384],[-56.269188515844924,-26.712915112766076],[-56.27001187353993,-26.71080667484589],[-56.267869770210176,-26.70906667862363],[-56.26924230473979,-26.706162051656648],[-56.265134990010665,-26.705702964144766],[-56.26724019115654,-26.70219723402458],[-56.2631607403598,-26.70241085966214],[-56.26244226676075,-26.700809079194],[-56.26475924429071,-26.700423843553803],[-56.26484677613927,-26.699119673004798],[-56.26027428047377,-26.697773242228287],[-56.25532275371692,-26.701692821427912],[-56.249990024379215,-26.702657883462347],[-56.24390939426501,-26.699271536027503],[-56.244343034309196,-26.697725456473698],[-56.24689562904181,-26.69704833762155],[-56.24684771615642,-26.695544836654484],[-56.24305614601683,-26.69614763961954],[-56.240368887751366,-26.694016103110403],[-56.238903286117,-26.696847718759592],[-56.23596256139269,-26.696935751613832],[-56.23634565804637,-26.700440870184536],[-56.232274556756366,-26.699037553032564],[-56.23273562385451,-26.701766651076003],[-56.23038199062396,-26.70319395315724],[-56.22757950296681,-26.702695708491696],[-56.22333952805547,-26.70535403039218],[-56.222708173751194,-26.702475005279073],[-56.22044510866346,-26.70359115468832],[-56.218876745174406,-26.70260745906899],[-56.22153527118201,-26.699877405269078],[-56.2179155808532,-26.700755844491795],[-56.21532140277897,-26.69756350635878],[-56.21097105329781,-26.700545874582293],[-56.21276645654117,-26.703034156554942],[-56.209376886503605,-26.703317770877245],[-56.20654332594067,-26.7013337572707],[-56.20632070883493,-26.704627899668196],[-56.20034364521453,-26.704309956870546],[-56.19939278814214,-26.706326968231203],[-56.2010984126666,-26.708151295394607],[-56.19724144772255,-26.707416286836857],[-56.19551848268523,-26.710841851267496],[-56.193526456533384,-26.70856440991143],[-56.191737708547166,-26.711678070348103],[-56.19098114123119,-26.7091999701843],[-56.187661809645874,-26.710178651320195],[-56.18456345958838,-26.706323806317407],[-56.18344610244029,-26.707066741609577],[-56.185500079373014,-26.71067185412698],[-56.181803583151265,-26.711223895156586],[-56.18037631265722,-26.70855679242854],[-56.17574160908553,-26.70765419690351],[-56.17598913941536,-26.70503739618382],[-56.178522552448946,-26.703431478848724],[-56.17524240259594,-26.701945341320265],[-56.175927527377254,-26.700066896266307],[-56.17409707044653,-26.69811514851732],[-56.1760713928333,-26.69605008333246],[-56.17677781414048,-26.699155444929858],[-56.177661574027624,-26.69637981169109],[-56.17967583071357,-26.696269580356343],[-56.178970192452894,-26.692870812334508],[-56.18319487903259,-26.69102177811364],[-56.18205303443838,-26.685887051102668],[-56.185637628992566,-26.683817565487022],[-56.18321354213778,-26.68452592081342],[-56.1812691678737,-26.682885089729748],[-56.18429553601055,-26.682189255820063],[-56.184596562034265,-26.678195893384235],[-56.180241923139015,-26.67887504876506],[-56.18131546296533,-26.676931094648666],[-56.17826337291259,-26.675536632622524],[-56.18005716307682,-26.672125212147794],[-56.17847555326291,-26.668978686735247],[-56.1812750735728,-26.667017612845992],[-56.17723974988969,-26.66675504791735],[-56.17888705926484,-26.66352335828018],[-56.17732690771701,-26.66493631835459],[-56.174300284807074,-26.66206125400331],[-56.17282852530576,-26.664449750532892],[-56.17248637878827,-26.66164442183284],[-56.16905180480886,-26.66171015012062],[-56.172367030224,-26.65955815296905],[-56.169257918593466,-26.659612239721618],[-56.16878261430043,-26.656909950004536],[-56.16545396281118,-26.65935521218771],[-56.16479261127459,-26.65608302614151],[-56.16287481232365,-26.65907821780362],[-56.15859950787153,-26.655446104065803],[-56.160550570148274,-26.65263173597858],[-56.15640400668855,-26.65237244651585],[-56.15887044864562,-26.648382942439646],[-56.15576097480717,-26.647673833510982],[-56.15718926414796,-26.64386778373751],[-56.15497478484964,-26.642383000539937],[-56.157367664300494,-26.641634296523527],[-56.15443729963739,-26.63939589836519],[-56.15492474581106,-26.637408019696903],[-56.1530460263783,-26.639030992657652],[-56.15044295246844,-26.636537151950428],[-56.14999853601228,-26.638385330300924],[-56.14779121216297,-26.637401557943196],[-56.145800445480184,-26.638626510745464],[-56.146758939847764,-26.636641491395228],[-56.14394472159577,-26.632512115772318],[-56.14090919675825,-26.633906763401836],[-56.137499282184166,-26.632220374918298],[-56.13697585226711,-26.633111014764367],[-56.1389457140015,-26.633836203151503],[-56.13599135948828,-26.6358632262178],[-56.13385539550261,-26.633349353908134],[-56.13044055545558,-26.63481820693224],[-56.12848267659705,-26.632684539193285],[-56.125214257777536,-26.633553771787152],[-56.12693189239032,-26.631767668470996],[-56.12399594454638,-26.631031854633157],[-56.12513499622011,-26.628709529511845],[-56.121428845511566,-26.630672937806654],[-56.12195175730999,-26.627728384907535],[-56.11923378759066,-26.62855122318112],[-56.11685249925923,-26.626654030881834],[-56.11555951441793,-26.621468192894575],[-56.11774900135298,-26.619301422175575],[-56.11676469382352,-26.617575397387302],[-56.11803058544058,-26.615903961135587],[-56.11575758738196,-26.61424667643827],[-56.11818654198651,-26.613905127952414],[-56.116069793047906,-26.61070946719794],[-56.11675056476268,-26.609282685936662],[-56.11889954132421,-26.609255380669772],[-56.11838839486396,-26.607229841795167],[-56.12065266001949,-26.60591215431459],[-56.11917830564753,-26.60482413599166],[-56.1211515381497,-26.60338726755974],[-56.11905651057436,-26.601794334567227],[-56.12171393821412,-26.60215835432356],[-56.12067027090694,-26.601063980233047],[-56.12227037272601,-26.600310952649412],[-56.12251429565331,-26.59639410031405],[-56.11974408026606,-26.59585785932741],[-56.1166228983995,-26.588552550375393],[-56.115535360458324,-26.590085152496744],[-56.11380401058894,-26.58914896797661],[-56.11558393177143,-26.585643446172323],[-56.11199601546541,-26.5838334774649],[-56.11485961852267,-26.58328251331807],[-56.11496318685441,-26.580831925317042],[-56.11305145145143,-26.58165967915436],[-56.111829217673076,-26.579178258783067],[-56.11350808021913,-26.57753650776423],[-56.11196046063769,-26.577296639544443],[-56.11008128806983,-26.572210904611165],[-56.107748288760945,-26.57161848536337],[-56.10660048606396,-26.569196172193145],[-56.109306850601655,-26.570838247812823],[-56.10910119135593,-26.569031264774235],[-56.104929534696616,-26.566431995678222],[-56.107632052291734,-26.564832851262732],[-56.10593545058045,-26.563761366521916],[-56.107134371166566,-26.56208958639757],[-56.10401966388046,-26.560539703808992],[-56.10301529291075,-26.56228491040343],[-56.10221650165439,-26.56035229751035],[-56.0999340124501,-26.561362629379335],[-56.10093891402537,-26.559554248981996],[-56.098736161472495,-26.557991947603455],[-56.100789815732576,-26.55799589428764],[-56.100471040789635,-26.554702998203656],[-56.098483780537116,-26.556405852009856],[-56.091420575796306,-26.54772524831326],[-56.088505383384664,-26.548632053564905],[-56.08706430363608,-26.545927828720192],[-56.085469204721974,-26.54572349056323],[-56.08504237368565,-26.541716620074244],[-56.084410162341584,-26.544854471803767],[-56.077776262361624,-26.540997174766886],[-56.07822288350279,-26.537943924575814],[-56.07680763359326,-26.539112982595796],[-56.073248311674675,-26.53727967978385],[-56.07194695887482,-26.532630579886018],[-56.06903404863,-26.5321962802963],[-56.066852092286176,-26.52833588886852],[-56.063864531062826,-26.528690988241767],[-56.064211550127425,-26.525736442459614],[-56.05612296782294,-26.523484705032942],[-56.05075798900707,-26.527976863763815],[-56.0507017582851,-26.534124859084052],[-56.045800671963626,-26.53387094525907],[-56.04551100026636,-26.535823661397647],[-56.04735801404036,-26.536490576526173],[-56.04843691418378,-26.53931916652563],[-56.046584896990126,-26.538719944333558],[-56.04009529173222,-26.54252249860947],[-56.041310373379325,-26.54434990121819],[-56.03874003858806,-26.545849362282432],[-56.03602805294022,-26.545072660272208],[-56.03352051625847,-26.54782739701279],[-56.030324051779864,-26.547065357043596],[-56.028095294217465,-26.543596817204328],[-56.025671064347364,-26.544270938342578],[-56.02505930721397,-26.54316529209216],[-56.02974490295864,-26.540213378743136],[-56.03045453114198,-26.537441973684277],[-56.02896442844595,-26.536939783943996],[-56.03069308922024,-26.533913489430212],[-56.02705346851095,-26.530850640686],[-56.023935443735375,-26.53422400806443],[-56.020523161039954,-26.53262966621686],[-56.018670483008734,-26.530147661756523],[-56.02125450716392,-26.528057291457507],[-56.01748583546364,-26.526573288537154],[-56.01964271565916,-26.52646624970691],[-56.01904162654277,-26.52183506075735],[-56.02017626617048,-26.521030304021554],[-56.01808200487057,-26.517991385251673],[-56.018712557196814,-26.515977875364097],[-56.015997572550766,-26.51616682519999],[-56.01369104554734,-26.513622941987155],[-56.011762126185076,-26.514823911820642],[-56.008231822902935,-26.512889904561984],[-56.00751552201463,-26.51471768680664],[-56.00598634133138,-26.51260793780902],[-56.005974209755614,-26.514454159464673],[-56.0037961726538,-26.515730024441254],[-56.000569961962235,-26.51222701454103],[-55.998794546244696,-26.51611031155626],[-55.99289853686362,-26.511161884540748],[-55.99029937619385,-26.51030838768579],[-55.98884538936228,-26.511544004067307],[-55.98771235824721,-26.509075738938595],[-55.98616235567697,-26.511245082073884],[-55.98569603327667,-26.509995853310627],[-55.983909559162406,-26.510664781637974],[-55.980634848211935,-26.509260081689916],[-55.97913341980662,-26.511027930950533],[-55.98078431247759,-26.512222449450608],[-55.978914869811625,-26.51340082243226],[-55.97191508292561,-26.510813583278544],[-55.97185992925051,-26.512429258119333],[-55.96696663275829,-26.514939894516647],[-55.96618853131562,-26.51266814781438],[-55.963446730830526,-26.512702421159027],[-55.962792090621015,-26.515058568118622],[-55.9603864281829,-26.511330418558323],[-55.95506835104931,-26.51127350602442],[-55.9503261842705,-26.515409765051878],[-55.94625325925828,-26.51421959956228],[-55.94182694284596,-26.51587512115684],[-55.94063464581213,-26.51976648587322],[-55.93642893179,-26.521274504143463],[-55.93306916101594,-26.519944825766913],[-55.93204225602401,-26.51785612639576],[-55.930354298338266,-26.519355710545366],[-55.931082664891356,-26.516697835137062],[-55.92997419669528,-26.51678432057176],[-55.92953841893114,-26.513995833029202],[-55.92814002762697,-26.51558784765863],[-55.92418967715554,-26.513856282944374],[-55.91950247913891,-26.516750519768678],[-55.91555167229884,-26.51574548737959],[-55.916486600310435,-26.51309829096177],[-55.91113990542873,-26.513414193699184],[-55.912140410237896,-26.511936683420128],[-55.91076857936416,-26.51102339233121],[-55.912917819632,-26.508904608858604],[-55.91164086150561,-26.50604646439759],[-55.90781612566179,-26.50395880000044],[-55.909356286518836,-26.502110764297047],[-55.90681959896396,-26.499915547860084],[-55.90849059119268,-26.497490714297708],[-55.90597305474794,-26.49884824241576],[-55.905471972295814,-26.492362124229352],[-55.90134297714863,-26.489093776903488],[-55.899405968487365,-26.49027960974934],[-55.89984387089481,-26.488874580847607],[-55.89710495778477,-26.487878395171077],[-55.89818217408092,-26.485846332809874],[-55.899952616298904,-26.48667252874775],[-55.90028688635108,-26.484228451661686],[-55.89706013581391,-26.483901111073656],[-55.90123790692203,-26.479432745734158],[-55.89840481384338,-26.47972238901352],[-55.8992074439982,-26.476884681305275],[-55.89627014101618,-26.47903329838161],[-55.89469016661618,-26.475612914292206],[-55.8938588962466,-26.47815695502749],[-55.89313149186042,-26.474955320900683],[-55.89034207835511,-26.472532159538265],[-55.89283389559239,-26.47231225270822],[-55.893016265817764,-26.469699989273117],[-55.887984970635245,-26.46799970458127],[-55.88706156137297,-26.4655142596026],[-55.88374044386028,-26.464824766389267],[-55.884671203189164,-26.463613225389107],[-55.884136318477076,-26.461740201983588],[-55.88255639010683,-26.46155631425388],[-55.88305183221294,-26.45919930433518],[-55.88061258325841,-26.458873250660528],[-55.87919086418199,-26.460288563856388],[-55.879070261784804,-26.45694717042453],[-55.877372530221244,-26.458446068118626],[-55.87618087917397,-26.457727982186643],[-55.88066642471878,-26.454278297968962],[-55.880531502117435,-26.452932032426848],[-55.8782163435307,-26.452105845725455],[-55.87633343158719,-26.454154001757242],[-55.87580965808708,-26.45276856122244],[-55.877762215436384,-26.451100144611967],[-55.876142253925195,-26.451827727038026],[-55.8764596268223,-26.449871095068307],[-55.87210621890089,-26.448256855463317],[-55.87182632628128,-26.44681012822273],[-55.87361264764568,-26.446761022645227],[-55.87186932856787,-26.444648204842007],[-55.872279133317775,-26.445820596349645],[-55.87024543259747,-26.44617017586364],[-55.87031799881083,-26.44284384456865],[-55.86889471840156,-26.44494067929379],[-55.865534137560495,-26.442656982879463],[-55.866094799254086,-26.44390732817246],[-55.86331825139883,-26.4441380604943],[-55.864757811394554,-26.44230774537956],[-55.862744558999225,-26.442558071175753],[-55.86247146551558,-26.440176960393032],[-55.859133611566264,-26.440958380296124],[-55.85578357001128,-26.439162068523245],[-55.85131036208191,-26.439081045735026],[-55.8506923941766,-26.440213631494256],[-55.853413648390735,-26.441508466433355],[-55.852658127446006,-26.44387230668365],[-55.849699064092185,-26.442534915745377],[-55.85086970455723,-26.443885021378065],[-55.85008684013705,-26.446975395417564],[-55.84755036736187,-26.446566748837057],[-55.846215515881234,-26.448424811588776],[-55.8428862039407,-26.443612953018235],[-55.84176748554571,-26.445730027019994],[-55.83735125345013,-26.44538269184495],[-55.837872719414925,-26.440827704933216],[-55.83479514675993,-26.44138947757068],[-55.835807450040974,-26.43957855027872],[-55.834512168342485,-26.437992576973805],[-55.83634908129353,-26.437510994337945],[-55.834386987078226,-26.437165478071478],[-55.835571143162426,-26.434778148403925],[-55.83260390895342,-26.434668177800074],[-55.833048487449055,-26.43166091056641],[-55.8297355541522,-26.430478221269492],[-55.83117004651585,-26.43017848506143],[-55.82985658638642,-26.427305807728114],[-55.831649920388905,-26.427401728081684],[-55.83210245662793,-26.425220604879897],[-55.8305463026721,-26.426404119916725],[-55.82924936446924,-26.425251439812627],[-55.82558265395707,-26.428760410884188],[-55.821536568557235,-26.426966623619265],[-55.82545058502999,-26.424538655803886],[-55.825439222330914,-26.422444025838157],[-55.824067824660816,-26.42023890727153],[-55.822909037452455,-26.420861345212934],[-55.82286062351182,-26.418346600004114],[-55.81893905330971,-26.41439603872411],[-55.82209464184404,-26.414602627315798],[-55.8200705581195,-26.411277115997237],[-55.823202091614554,-26.41044975149582],[-55.82474723999603,-26.411636120605596],[-55.825340681868276,-26.40922144063072],[-55.820300667238236,-26.40578084975928],[-55.8207416415558,-26.401419355943354],[-55.81513477654381,-26.396533923435577],[-55.81244357382784,-26.399549593974175],[-55.81074888188669,-26.397576402941805],[-55.81053054633731,-26.398766307250117],[-55.80795470071852,-26.397733714133118],[-55.80847253030188,-26.395264307771164],[-55.805851719310695,-26.39708872008844],[-55.80730858390413,-26.391223530035756],[-55.80533543466788,-26.38741072288364],[-55.8040647278582,-26.387061553391295],[-55.8020099344575,-26.389599340555954],[-55.7991948523526,-26.38864584622075],[-55.79884880047272,-26.39066525071741],[-55.79534454812628,-26.388988157102155],[-55.79438764962389,-26.39142221453525],[-55.7915457163972,-26.390703075065666],[-55.7886871800187,-26.39211889565594],[-55.78365492196805,-26.389968140992753],[-55.77977050902136,-26.391700071206724],[-55.778423368872424,-26.39391400863969],[-55.77407859910539,-26.392468466133725],[-55.76604398868257,-26.393830358778654],[-55.76186082832779,-26.379832281126607],[-55.75811756421256,-26.380729747676035],[-55.753419709041836,-26.386277291863212],[-55.750667214414335,-26.38357195500775],[-55.7456813795176,-26.38290992507144],[-55.74275480601184,-26.379643175669116],[-55.736624841854926,-26.379656914597938],[-55.73081756635475,-26.369173641110738],[-55.72591932803089,-26.373386856958227],[-55.719948883398125,-26.372372115687888],[-55.721116139485126,-26.3662028632908],[-55.71758912760778,-26.362050026315938],[-55.71452523299815,-26.362993069094447],[-55.70350680781179,-26.36070896375427],[-55.70020382499805,-26.364430153608335],[-55.697534155442774,-26.361702015871067],[-55.693756259519105,-26.36118009697225],[-55.69194033089232,-26.35835582137915],[-55.690425221097954,-26.360914947470185],[-55.68866510514483,-26.360090839601234],[-55.68661287870497,-26.362116867066156],[-55.683366248484916,-26.358159893515488],[-55.68091486220255,-26.358651931279912],[-55.67713975505139,-26.362359192658463],[-55.67496357080701,-26.36161232598085],[-55.67472209553308,-26.36295976753393],[-55.667651825475595,-26.36553031257519],[-55.66819328894357,-26.3704781312535],[-55.66314904783605,-26.37901664600319],[-55.66123678167632,-26.37850675439689],[-55.65864506511485,-26.373314030039193],[-55.6536957452603,-26.371972072730586],[-55.65011770511259,-26.37364916296763],[-55.646876294515714,-26.378737355273433],[-55.642395920234925,-26.381267866656284],[-55.64069104054025,-26.38525552919138],[-55.62994108812105,-26.395643326327377],[-55.6240440016428,-26.3976225006645],[-55.620400990314,-26.403080813125026],[-55.612578758478215,-26.409338119674263],[-55.595899186174556,-26.41739054814729],[-55.591064868687965,-26.410321727979504],[-55.58239446803958,-26.40507327475925],[-55.57959682085388,-26.399883191128033],[-55.56747602355963,-26.390020587165136],[-55.56446136244052,-26.37715692965571],[-55.56473995093602,-26.370334653262475],[-55.56296516823075,-26.367225150974004],[-55.54585195315359,-26.36618632615965],[-55.53893968765253,-26.36282141479328],[-55.531096060091464,-26.352551712539164],[-55.51717481165166,-26.35258327383958],[-55.50661706800527,-26.356778398236745],[-55.49823562654536,-26.350110969992997],[-55.507140667879064,-26.327220738325003],[-55.50710397216868,-26.319987015692842],[-55.51313726363066,-26.31386635983427],[-55.50719401884322,-26.307912923617845],[-55.49840116168484,-26.30717945693715],[-55.48237516307209,-26.310219077945373],[-55.471409702582,-26.3172192186369],[-55.46253328751083,-26.31788263037755],[-55.45725631881628,-26.320450908974006],[-55.45512414040585,-26.325036219126545],[-55.44833608809817,-26.32437957449481],[-55.44049318806918,-26.320327863224538],[-55.436284094454514,-26.320457008811214],[-55.425787737524345,-26.316433881284393],[-55.41880231826998,-26.316065351197153],[-55.391635962663884,-26.31004667832931],[-55.38999917214089,-26.30203688674877],[-55.38144737753087,-26.298032426477175],[-55.375113620260585,-26.297435835139318],[-55.36949307152292,-26.292122240336433],[-55.36800698172134,-26.282714001329694],[-55.364100999600765,-26.27932029949577],[-55.35981357126408,-26.2690209173866],[-55.36166539043184,-26.26388749472907],[-55.36192423060846,-26.255743333312697],[-55.35827011627732,-26.24420988250512],[-55.359673822821165,-26.239594919863983],[-55.357832598304924,-26.237813563863288],[-55.35670505913472,-26.23146351455502],[-55.35812805975849,-26.22738138765139],[-55.36133202441958,-26.22418166621388],[-55.365493870032275,-26.22189549459388],[-55.36759782945009,-26.22272735200859],[-55.36710108446218,-26.212069451089395],[-55.36815377102014,-26.211711282389196],[-55.36407687992253,-26.206745050247036],[-55.363712369029074,-26.199713114981773],[-55.36156605059785,-26.199481049756166],[-55.36083418056655,-26.204045056732653],[-55.358820028660695,-26.205800466862307],[-55.35463477827578,-26.20191151282869],[-55.35286688796836,-26.197675516816407],[-55.35327893783559,-26.193369687894748],[-55.35150394550134,-26.19280320309593],[-55.35180359465732,-26.188220755328224],[-55.34842459813505,-26.185397073660713],[-55.34978347717153,-26.18468596701128],[-55.3483652015066,-26.180074783488095],[-55.349542505807875,-26.177822431781028],[-55.34573529523173,-26.171427989334635],[-55.350826172281224,-26.1681869191125],[-55.351561818144106,-26.165672201054726],[-55.34899010767332,-26.16093045081493],[-55.35044646747299,-26.15931319371746],[-55.348311640784594,-26.153348717825757],[-55.34942713058583,-26.15311325642666],[-55.343058472480976,-26.148914615226296],[-55.343722714509965,-26.147960843346457],[-55.34216707237269,-26.1483356333453],[-55.34312312474768,-26.145178035477805],[-55.34173317899616,-26.143473923975403],[-55.34334574908342,-26.14127626463173],[-55.341822553486324,-26.139493889631694],[-55.34373884051546,-26.139998899969456],[-55.34377359123856,-26.135011680656643],[-55.345681078295144,-26.132411145258075],[-55.343269203742715,-26.125441381042794],[-55.3474407486352,-26.118411805265417],[-55.3399815693641,-26.116290412462146],[-55.34053194743094,-26.111616052353348],[-55.33795925730753,-26.108950418420264],[-55.34185875616112,-26.104969104388807],[-55.337604747572094,-26.103263593213423],[-55.33446591369069,-26.104495716373403],[-55.322401258700324,-26.100090424665265],[-55.32132963547761,-26.10210007821238],[-55.32357724304154,-26.10302896221326],[-55.323475917264034,-26.10522594269506],[-55.3179316402359,-26.106149858845978],[-55.31714146896134,-26.1045112054837],[-55.31629943280275,-26.105142314896415],[-55.316818766856144,-26.10199784155696],[-55.314103257277395,-26.099975592394745],[-55.31740946401698,-26.09661541757148],[-55.31556437734888,-26.09412038895172],[-55.316739552179854,-26.092603975796308],[-55.31445772557661,-26.092162069413916],[-55.31233618895323,-26.093265676078524],[-55.3095652589515,-26.092596798986246],[-55.310249099911005,-26.0940130743693],[-55.30814979484732,-26.09408776325718],[-55.31030955695537,-26.09689349704642],[-55.30877562044098,-26.100405194017814],[-55.302630981625526,-26.10106871896402],[-55.299558437803235,-26.10318552390818],[-55.303740481131896,-26.10805986820245],[-55.311856963038146,-26.108362766350158],[-55.31277725117591,-26.11142476996984],[-55.31144475271287,-26.114695105297876],[-55.313064221002065,-26.11864094375398],[-55.31786871241491,-26.117049613719622],[-55.32263491726859,-26.117737073164477],[-55.32261787020709,-26.120156198139764],[-55.3142627520683,-26.12575042371741],[-55.31760323308729,-26.12912505186329],[-55.317655174376334,-26.131955716451397],[-55.32262211297912,-26.133859714395253],[-55.32034074250057,-26.136473619757815],[-55.320567448842134,-26.13871503301551],[-55.31482638414172,-26.141085350001564],[-55.31473782005323,-26.140113881355447],[-55.31214106403756,-26.141252508113933],[-55.312793463077426,-26.14013625606119],[-55.311408665865606,-26.13945652451732],[-55.30895717102087,-26.140100296638998],[-55.30183113805029,-26.146881676146787],[-55.296577452566844,-26.148828187160998],[-55.29785933251645,-26.15496379783164],[-55.299493700866186,-26.154563343959854],[-55.303880640719214,-26.16272153785559],[-55.301257824414854,-26.166220251233877],[-55.29608152389806,-26.166781945545118],[-55.293592499053815,-26.170516795864565],[-55.29360055024673,-26.173270181917847],[-55.29615963592748,-26.177105461515996],[-55.28903843035301,-26.18955065864676],[-55.29030414051873,-26.19537467807226],[-55.28704875546703,-26.196333442568005],[-55.28690704407687,-26.199008299778747],[-55.28460929306592,-26.201314422337873],[-55.27666596567451,-26.203223465666035],[-55.2693496403691,-26.212113018947676],[-55.262773362180624,-26.216669088420208],[-55.261517215332795,-26.235709910429364],[-55.23914002918071,-26.23911568715403],[-55.23489350431189,-26.24322422815898],[-55.23036752848705,-26.24479293514212],[-55.224952230893365,-26.241039044811448],[-55.22481790055655,-26.242102986094878],[-55.22011170121906,-26.24076602818791],[-55.21895466000936,-26.23915328765481],[-55.21202275646613,-26.23997703217873],[-55.20977825854065,-26.23580123627551],[-55.20492478702999,-26.233249265678175],[-55.201291940504646,-26.228586602094765],[-55.19331568737571,-26.225995134866583],[-55.18994589335766,-26.218121965552868],[-55.184147369010674,-26.213548964515844],[-55.16785555882002,-26.21689878794652],[-55.158973290763846,-26.211730327365526],[-55.15326057013401,-26.210894296558628],[-55.14953266906935,-26.206761775616194],[-55.13960639195024,-26.20627260901033],[-55.13308987337331,-26.209902611644903],[-55.129561312395765,-26.215841408800536],[-55.129907885884066,-26.217831778296834],[-55.12801482609426,-26.217387397091503],[-55.12349266711654,-26.219494817121245],[-55.1112818857524,-26.217574690111086],[-55.10874749341657,-26.215835342878574],[-55.10515680844816,-26.21625743449512],[-55.10250076464563,-26.21466080189645],[-55.101104776177976,-26.220283958351963],[-55.10269507822202,-26.222498411600327],[-55.10187602773631,-26.224866089401207],[-55.09390704189838,-26.22763555339619],[-55.08621696547117,-26.225994322446795],[-55.0824142726997,-26.229518110968865],[-55.07889415095934,-26.22965161830733],[-55.07868737933275,-26.236635329444322],[-55.07126686425521,-26.237591985682382],[-55.06996567837892,-26.242439749330643],[-55.068073622879375,-26.243213150340445],[-55.06356972541395,-26.240927492323618],[-55.06462002530707,-26.234812719658052],[-55.059361596084145,-26.230675394230424],[-55.05657137371664,-26.231752438818862],[-55.05524171852088,-26.23504712768444],[-55.05672835385173,-26.236719072154163],[-55.05005634471532,-26.237422982512765],[-55.050927954566085,-26.239772637820465],[-55.04494086978171,-26.23830121952563],[-55.04386008085726,-26.235488341614463],[-55.04087924224704,-26.23751023794359],[-55.04038641165629,-26.235937448445647],[-55.037363677508985,-26.23765631549503],[-55.03806279777681,-26.238527878726465],[-55.03544959466419,-26.237909967086456],[-55.03563694561699,-26.235398701924876],[-55.033675630916406,-26.23444667378243],[-55.03495023482891,-26.234572429401442],[-55.03431704209854,-26.232424531879843],[-55.0356968472655,-26.232095890401727],[-55.034184325727026,-26.231687071754365],[-55.034955988979135,-26.228836286262823],[-55.03684878814814,-26.227494671905202],[-55.03873748625185,-26.229898901258338],[-55.041335863136425,-26.22765970893543],[-55.039746939250136,-26.22628860426643],[-55.0382608703999,-26.22684149589521],[-55.03686399650759,-26.222268636481882],[-55.03401008735109,-26.22471637350281],[-55.031949325050746,-26.224778428228312],[-55.03172493605193,-26.222428514930805],[-55.02800489489824,-26.223636684111362],[-55.02844521860364,-26.227939243578515],[-55.02557472878939,-26.22909129830774],[-55.02359892302806,-26.22534530676243],[-55.01752408251601,-26.229373086938985],[-55.01900347132178,-26.231546254755106],[-55.018228699888084,-26.234703785707506],[-55.015422887771344,-26.23416860937827],[-55.014711909995675,-26.235810588358433],[-55.01241914817353,-26.234790512286168],[-55.01122983972782,-26.236123474315622],[-55.00211377942867,-26.23437226709509],[-54.99865846184622,-26.23224814919334],[-54.99697984530304,-26.230663225784344],[-54.99725018850484,-26.225874087303],[-54.99201916034221,-26.224898465586055],[-54.990971608528874,-26.22336291333375],[-54.98928662944374,-26.22663389779434],[-54.98386201893896,-26.228507534421738],[-54.98195056461394,-26.230859087603786],[-54.98351009146101,-26.232735856084606],[-54.98587620095785,-26.232385435763664],[-54.982682009274455,-26.23494014697525],[-54.98644842385474,-26.238490618395556],[-54.98482635868121,-26.239180936641475],[-54.98548147870286,-26.242290603928865],[-54.98381627447656,-26.242903580690168],[-54.98160352242114,-26.242367039200087],[-54.98102960246734,-26.238148286838367],[-54.974285840390266,-26.23950654591855],[-54.9722338081686,-26.237934130019166],[-54.96610322927087,-26.237842944489657],[-54.965482608232506,-26.23612371494347],[-54.9738048855063,-26.23142140024584],[-54.969260052768156,-26.22691639421335],[-54.96819130730994,-26.229243556539373],[-54.96555924010279,-26.23035713696152],[-54.964125044104186,-26.2283781629524],[-54.96273162228874,-26.228584064239186],[-54.96321161649482,-26.230364492683474],[-54.96199908182538,-26.228230684971926],[-54.957438804127975,-26.2290459697994],[-54.95645558774612,-26.236446886017944],[-54.952182992382966,-26.23663877031544],[-54.950119230057105,-26.23889291811712],[-54.947450541938245,-26.232811893951858],[-54.952817810801136,-26.22825360689441],[-54.95182802435733,-26.225342143172156],[-54.957661478058924,-26.222888850638736],[-54.95864193307858,-26.21846195670645],[-54.957524628735285,-26.216365574099704],[-54.95399695701306,-26.21945646702881],[-54.948084795625874,-26.21756245774181],[-54.94911924732172,-26.21638578570276],[-54.947487163856465,-26.213591495184815],[-54.95015406471237,-26.212189898115486],[-54.95108548499977,-26.209572083449935],[-54.94656309232509,-26.206023503712156],[-54.94341283661423,-26.209597911354788],[-54.9395194411588,-26.208377802538195],[-54.93741642012301,-26.21518032909514],[-54.935030345337346,-26.214090027455246],[-54.936533096833756,-26.216860024649144],[-54.934342758877655,-26.219026388736285],[-54.92921770615867,-26.21395676007832],[-54.92979449169268,-26.212110230657977],[-54.92713227738918,-26.212599883464346],[-54.92831232915687,-26.213415694359234],[-54.924900614279785,-26.214905406601023],[-54.92282673820073,-26.2191672880895],[-54.92418750068761,-26.22076197723816],[-54.92114031366644,-26.224599081611103],[-54.92662465389652,-26.224263126414403],[-54.927328855513636,-26.225712925165084],[-54.92611451334256,-26.22625952545341],[-54.925751276509004,-26.224981623714672],[-54.92259984889874,-26.228415595513624],[-54.9186160631628,-26.229756957931542],[-54.91570849381564,-26.229213869181734],[-54.91619440201732,-26.22325478866783],[-54.912792129999815,-26.221458898741247],[-54.910139617163935,-26.222160472259887],[-54.908341292741085,-26.220387799110593],[-54.917489416338555,-26.21259589142379],[-54.91338797070784,-26.21000915357412],[-54.90944813939255,-26.210601775983402],[-54.902826536550904,-26.207851713850875],[-54.90373078658798,-26.20607326321839],[-54.90777437948269,-26.206384892432542],[-54.915485933672116,-26.202543554414415],[-54.918706468185206,-26.203560499197607],[-54.91957770757978,-26.20211090464069],[-54.91705919178152,-26.1963655304356],[-54.91328357401434,-26.196753062959196],[-54.91045450921028,-26.19476689504806],[-54.916570503322646,-26.192906025579617],[-54.91717433891179,-26.19084331545656],[-54.911874250918785,-26.18787816289326],[-54.91179121653978,-26.181910809223705],[-54.90820589483311,-26.180631193858176],[-54.9054289196167,-26.187888246429342],[-54.90508858506929,-26.190415058967503],[-54.90644843130242,-26.191120829394414],[-54.90370733768922,-26.19450172072108],[-54.900084128137124,-26.193018256002354],[-54.89827722358983,-26.19972968232156],[-54.89671651137301,-26.199133718321324],[-54.896576598961566,-26.195715377896715],[-54.891284282590256,-26.19535806805374],[-54.89333418709334,-26.1924637315723],[-54.883461970953746,-26.19549136145566],[-54.88206717904926,-26.193128623746784],[-54.87687513948472,-26.193941109096695],[-54.870695653866626,-26.190632052234793],[-54.87106640888297,-26.185131806240967],[-54.874271047624646,-26.184425545348226],[-54.874399169934385,-26.174196676586995],[-54.8695816839537,-26.176115617429048],[-54.86454649574412,-26.181154077525445],[-54.86069704896028,-26.179923534731802],[-54.856782294062484,-26.181002511862822],[-54.85869372741039,-26.185643136590603],[-54.855417706474285,-26.18887518617916],[-54.84596309227835,-26.18612676560574],[-54.84387719284051,-26.188156032803764],[-54.84270742114983,-26.186864905701157],[-54.84349499067005,-26.18055536983855],[-54.840626112349106,-26.178995420783323],[-54.836856078662926,-26.18056441728371],[-54.839951007765734,-26.188221375505414],[-54.83517279970547,-26.190298060106503],[-54.83450465313149,-26.19415534297802],[-54.82943654296207,-26.19544570406636],[-54.83598806887645,-26.203310187102993],[-54.82677949122986,-26.201012418984888],[-54.81996393123798,-26.20335802176217],[-54.82213639322793,-26.20534790192189],[-54.82717091200269,-26.206511281544877],[-54.827937472384185,-26.21035394886948],[-54.82421692750701,-26.211975071061293],[-54.82172600598904,-26.211668132942034],[-54.82045647273917,-26.209572861761778],[-54.80819945198358,-26.207626279369656],[-54.81202366775457,-26.19893004502295],[-54.81724208937309,-26.193904713530117],[-54.81519725038762,-26.190011528124764],[-54.81070950717123,-26.189725844544597],[-54.81248366915748,-26.19550461681051],[-54.80334365751339,-26.193284093871412],[-54.80016496524242,-26.196621319882567],[-54.80010657758121,-26.20064302387021],[-54.792862877899715,-26.203757321906306],[-54.792944769214095,-26.20610896831709],[-54.78678891133869,-26.205693350614894],[-54.78223384619565,-26.20802529989661],[-54.785777752107855,-26.218786064372583],[-54.78419965536426,-26.22331235772225],[-54.77934430791267,-26.22358426442228],[-54.78397635817757,-26.229640428141106],[-54.78075925688109,-26.23128883351356],[-54.77849810548045,-26.236394665283317],[-54.77633974995781,-26.236692596977917],[-54.775847536572435,-26.238424452498926],[-54.773782781640335,-26.237724630649513],[-54.77352763193081,-26.23996749661376],[-54.76952911088842,-26.237720763562677],[-54.76947380520056,-26.234002819996483],[-54.761798831865526,-26.234908482881792],[-54.76153193883886,-26.244642220971084],[-54.76375907149405,-26.24645780034215],[-54.76265741032158,-26.249422577941754],[-54.75531341015374,-26.24141826970549],[-54.752941834218184,-26.240558047363017],[-54.74899884451443,-26.24349375700984],[-54.748749742063154,-26.246290580249582],[-54.745515184461325,-26.249092327985576],[-54.74611379385514,-26.250499500004594],[-54.743715137714915,-26.25044111983037],[-54.744230455884534,-26.245163564461574],[-54.740406319475696,-26.238673694166184],[-54.74052176575538,-26.23478245512956],[-54.734855079866236,-26.237794184612802],[-54.73341086685276,-26.240333975250017],[-54.73423162400008,-26.24803464727462],[-54.72663113973932,-26.253314019458685],[-54.72618791110485,-26.25691011764256],[-54.72406496404335,-26.25684023780258],[-54.71899948879693,-26.254865104782695],[-54.722171857758596,-26.24837534121163],[-54.71591223026456,-26.23771507695715],[-54.71347978342832,-26.236074994218917],[-54.70991698616394,-26.23744014841398],[-54.708722754935295,-26.24603539981352],[-54.70595411757053,-26.24786866843695],[-54.70683633210011,-26.24893883787037],[-54.7053393476474,-26.251496444807454],[-54.69912731381683,-26.25597335024505],[-54.69731216971478,-26.25272080730831],[-54.700472283022044,-26.24346004793062],[-54.69966052301326,-26.23842896153664],[-54.70332563080744,-26.234981160337707],[-54.70561301627642,-26.229578560499547],[-54.69316783859405,-26.22807469930417],[-54.690552919231735,-26.233513438481488],[-54.68505840446835,-26.23517066084226],[-54.675660037757964,-26.242850792947085],[-54.675192656615295,-26.2504358435522],[-54.672423343940025,-26.254018612970132],[-54.6785264836122,-26.262465614601528],[-54.678301530175055,-26.27421939902422],[-54.67489039028607,-26.27845603402125],[-54.66338796786646,-26.28571525661506],[-54.65810683767662,-26.294471338619687],[-54.65206463293431,-26.29825068945137],[-54.648160527642254,-26.30976941393398],[-54.64891646042213,-26.314952660522483],[-54.651953259845875,-26.3208455024932],[-54.66447139753983,-26.331805475459245],[-54.67455541485634,-26.3440693885403],[-54.69650339626884,-26.37756968932276],[-54.697846898855786,-26.382193424718622],[-54.69646082550941,-26.404360764988724],[-54.69739403093072,-26.423562656029],[-54.70029629561397,-26.437830659726703],[-54.70464482697555,-26.446146543385414],[-54.71162244901446,-26.455819044159657],[-54.72244825914351,-26.465672198729298],[-54.73580754256988,-26.47508679025154],[-54.752190324842985,-26.49303297159395],[-54.75795117434259,-26.497306419811938],[-54.7734854975514,-26.504481262137663],[-54.78317647875844,-26.511683282339852],[-54.799629399238285,-26.533569445648194],[-54.80718094479761,-26.55463846889287],[-54.80734525917406,-26.56241033516145],[-54.80422043143778,-26.567978565044463],[-54.796356578999855,-26.576375217247836],[-54.7877039077555,-26.582418977269455],[-54.78543001977644,-26.58697027812464],[-54.78727076410673,-26.59411291537429],[-54.78375846983585,-26.61427694654172],[-54.78828390391454,-26.63344281952083],[-54.80089950557237,-26.649083424869293],[-54.812701910397834,-26.669297183914598],[-54.822721749106165,-26.67385062449841],[-54.833143402135356,-26.673729218989433],[-54.8375641865951,-26.6713628441359],[-54.849659848337076,-26.659752052835398],[-54.85554312253596,-26.657126382299772],[-54.86358885168716,-26.65584349350307],[-54.87649652101378,-26.65641144202709],[-54.913814320892875,-26.666699694188864],[-54.940952175324895,-26.681418041574137],[-54.9457849061924,-26.690849053104454],[-54.94809085661603,-26.701741169079114],[-54.94356123733906,-26.73758483341781],[-54.94488353768819,-26.755945078608132],[-54.94903450485284,-26.77022469338453],[-54.95365273056077,-26.778988035092954],[-54.95973692771368,-26.785423070831232],[-54.9681156574337,-26.789417856425015],[-54.9748437083595,-26.790709517315463],[-54.99826911456931,-26.787910197033277],[-55.027500921849686,-26.79005103557681],[-55.053896830683726,-26.79833885794237],[-55.068199390779654,-26.807883088235453],[-55.08448742102369,-26.829965925842505],[-55.09055895783322,-26.83549177992289],[-55.11935393385439,-26.847456515702913],[-55.12888840598367,-26.85345888803414],[-55.139599753237434,-26.864142288166722],[-55.144022692346475,-26.87059479254798],[-55.14945331546955,-26.88981734687825],[-55.14729487316216,-26.903246504752666],[-55.139925704603925,-26.920840871899006],[-55.13104346689746,-26.935209086743612],[-55.13217138493731,-26.945219057216168],[-55.13981261057017,-26.95234555185955],[-55.167915866471475,-26.958725052763555],[-55.19467298684706,-26.96863084769283],[-55.20671362913621,-26.96885697937752],[-55.21363573556634,-26.96561312073895],[-55.238890662745895,-26.941690932998036],[-55.252428835350315,-26.937223755202538],[-55.26212600927244,-26.937246976032856],[-55.27173097871486,-26.940937505091686],[-55.29179045036911,-26.956609842048707],[-55.304141106206046,-26.962828564345386],[-55.31326124310769,-26.963926060584313],[-55.32872959553574,-26.961851799791127],[-55.34696852241544,-26.964184170517626],[-55.37593910285735,-26.965226675421743],[-55.39047484107674,-26.97329821933577],[-55.42448787722112,-26.99711490310289],[-55.436530556322055,-27.010670910025286],[-55.444187938236794,-27.022795476029028],[-55.45066218550196,-27.03583555025293],[-55.456543320135516,-27.058331972731093],[-55.45268025159327,-27.08795014648237],[-55.449115538919884,-27.097081806439185],[-55.45245172767618,-27.10237202808159],[-55.45862954238059,-27.10715179531134],[-55.46768450101422,-27.109847258419755],[-55.48435849902003,-27.10930937028791],[-55.510133960896496,-27.10383475340989],[-55.53908431074801,-27.101083876908554],[-55.55519445095974,-27.106018625079386],[-55.56436077250799,-27.121581686807694],[-55.565794160091365,-27.13237404196871],[-55.56304996231866,-27.14218647672929],[-55.56230430961181,-27.159516823390973],[-55.57449045038839,-27.167409595237952],[-55.58001283092018,-27.167663297395897],[-55.58892476790032,-27.16202024934859],[-55.59777656527796,-27.16112055685946],[-55.606375358405344,-27.162787759020574],[-55.61169492520043,-27.167655274821676],[-55.62003802431242,-27.182350091936414],[-55.62102396336013,-27.19845467964588],[-55.620235311225365,-27.204800152007152],[-55.6168518064372,-27.210272926450116],[-55.60230186006446,-27.218387700127817],[-55.587717785924184,-27.229041814904825],[-55.58004117740746,-27.236587967122905],[-55.57686198018216,-27.24439122205132],[-55.57754288788563,-27.265363441643917],[-55.59542854166875,-27.27528559397051],[-55.59988055235257,-27.279353876123817],[-55.601217550893026,-27.286143929439174],[-55.59943638041787,-27.295867562456106],[-55.59138231665288,-27.314210646752805],[-55.58987698352946,-27.320760323581357],[-55.5907556474781,-27.32627519406418],[-55.60503191510191,-27.341242353811584],[-55.628787380913245,-27.35714863142217],[-55.65073130824461,-27.367431500823596],[-55.6790120690706,-27.37505962726437],[-55.68841678922915,-27.382701552553684],[-55.714021364334556,-27.41239754305313],[-55.71838759310643,-27.42519431132587],[-55.73153719704655,-27.443190592200565],[-55.73612975536021,-27.44465905167087],[-55.74769996471908,-27.444679609857886],[-55.78555345497042,-27.44123806532859],[-55.816378514814375,-27.42631265636695],[-55.82657726210913,-27.425010243296693],[-55.84960343804571,-27.40690586382468],[-55.86362488345012,-27.391892224334214],[-55.864371719099964,-27.37459508370475],[-55.8747864525152,-27.359411825960976],[-55.87946892148337,-27.347235359173954],[-55.88864795937157,-27.341201623626894],[-55.94055865139042,-27.348805618321162],[-55.95954278292216,-27.34830476291739],[-55.98578255643336,-27.342490972480316],[-56.003873798104486,-27.334254495178122],[-56.02439431682035,-27.32260009288596],[-56.046522439739384,-27.30662319864508],[-56.07964646868097,-27.305913638576282],[-56.09812749982241,-27.30832236349489],[-56.110495879206134,-27.311413421079433],[-56.1471953958108,-27.329303466567804],[-56.16226649003753,-27.332090406477825],[-56.175636842903444,-27.340166086596202],[-56.192226812700866,-27.36898628618355],[-56.20408451886036,-27.38202029849907],[-56.209120271019,-27.38506098896598],[-56.26963798917511,-27.39905731612273],[-56.286873439635855,-27.406464867443287],[-56.29249332441842,-27.41105172428414],[-56.29056454402935,-27.448738564536164],[-56.295779055479585,-27.47890915327514],[-56.334237684812535,-27.51063052032695],[-56.35360287582886,-27.535073387037187],[-56.360183836790604,-27.54718010646655],[-56.36217256237429,-27.570264379572308],[-56.36752240003629,-27.581140648543112],[-56.376956993263335,-27.587814955261873],[-56.392358158586504,-27.591236236022986],[-56.407793147907384,-27.591833564631752],[-56.42909182705984,-27.585844898143918],[-56.44595074793883,-27.574358631299372],[-56.48168211770326,-27.555812536584952],[-56.533075559865566,-27.47718722104796],[-56.548836484946925,-27.45843930035792],[-56.57643944414449,-27.442944786062714],[-56.589339118968006,-27.4381945809856],[-56.63702538802492,-27.441639744113008],[-56.675857184940185,-27.452207817000918],[-56.69409462450732,-27.451878535603306],[-56.71908620370819,-27.466246093290902],[-56.721561069621345,-27.483211057715305],[-56.727411029794396,-27.49244087461277],[-56.731599927182266,-27.495036323902152],[-56.75051943552696,-27.497749926893036],[-56.773916870854805,-27.488803707391757],[-56.785824387880695,-27.479836322922935],[-56.80175892257694,-27.471412866431784],[-56.816474712108835,-27.46747909250382],[-56.82373776422772,-27.4615575467585],[-56.82938055132141,-27.460665948359683],[-56.864076281760454,-27.4267359524698],[-56.88483684856016,-27.41255625692062],[-56.848589821422706,-27.410185165945734],[-56.83148840637711,-27.39938195292529],[-56.81719498251335,-27.39720723273676],[-56.80530960232296,-27.400066777543405],[-56.791616999944054,-27.399867267925007],[-56.772510759223074,-27.38833492062212],[-56.69504538924658,-27.369136132967974],[-56.68942127754067,-27.3646305709248],[-56.687481293625424,-27.360069448771817],[-56.68811487967711,-27.357792074099045],[-56.683621401736026,-27.35503362999555],[-56.6854256264634,-27.349963620713023],[-56.68264970934147,-27.348190611510173],[-56.68427559368755,-27.346569884985907],[-56.67984336792459,-27.343649597887424],[-56.67895540103156,-27.344746859161166],[-56.67442827457605,-27.34428488335897],[-56.66965548380968,-27.337722051027924],[-56.66487723924738,-27.338427978032083],[-56.66924900801594,-27.333921258969625],[-56.67169218332147,-27.333369728742653],[-56.67224101973751,-27.3300921875019],[-56.67414908048553,-27.33018863002548],[-56.672898144989865,-27.32499692921384],[-56.67446835221774,-27.322511712716725],[-56.676398364791204,-27.323349430356764],[-56.67796063596053,-27.322266518434215],[-56.67149013828017,-27.31768816033039],[-56.671898503579065,-27.315652500765985],[-56.674682582797374,-27.314532878250013],[-56.67249393372218,-27.310805944852977],[-56.67496333894634,-27.307479308887785],[-56.673252779233785,-27.30726767499523],[-56.67471929502922,-27.304088683339234],[-56.66957090945435,-27.30168867408777],[-56.667781563123235,-27.30336366414026],[-56.66823509686386,-27.301234105105518],[-56.66644045222649,-27.299816934892554],[-56.66937200759265,-27.29655120201622],[-56.67323159289797,-27.29616755003099],[-56.67374855274515,-27.29476488280207],[-56.672142643307325,-27.294901063314587],[-56.67009124392196,-27.291903413878515],[-56.67112995523512,-27.292411435561174],[-56.6731373310448,-27.287807277638002],[-56.675431807033014,-27.28822791495432],[-56.67768014073016,-27.28341659891453],[-56.682050219147214,-27.282343221490027],[-56.68150017899497,-27.278351526527505],[-56.68363057411989,-27.279344943180675],[-56.68455780658115,-27.27749175050324],[-56.687858574147036,-27.276835583518462],[-56.6904655029185,-27.272458200893148],[-56.69184927686412,-27.27397798721078],[-56.69400928389991,-27.271080170857402],[-56.695089518362636,-27.272770796760142],[-56.69643248813876,-27.271902498167616],[-56.69550641807978,-27.269711154241914],[-56.69817934518832,-27.26807833066986],[-56.694274157943184,-27.26704966998411],[-56.692339121862965,-27.263723059916195],[-56.694382010896504,-27.261321524961716],[-56.694364924979055,-27.258333158022506],[-56.697406081224784,-27.256321964448436],[-56.69643348208509,-27.25316901909186],[-56.69755011489128,-27.251857833220477],[-56.694987479233674,-27.248841369387172],[-56.69587234691755,-27.246848061521654],[-56.6987941993661,-27.247752683744014],[-56.699386682392294,-27.246232704479617],[-56.69752995475194,-27.24483836221218],[-56.697196297104206,-27.241926043766483],[-56.70089874712104,-27.242435066452664],[-56.70194733932862,-27.23958890067361],[-56.705780749236375,-27.239488668099895],[-56.703783600470466,-27.237972231581786],[-56.70964438069369,-27.235768076131592],[-56.70717596583883,-27.232219358549823],[-56.7080487079443,-27.229900925284024],[-56.70681964898841,-27.227754153177433],[-56.704134085520785,-27.226222735531174],[-56.702840750228034,-27.226933228518185],[-56.70147512146278,-27.224212826719626],[-56.70007144616318,-27.225351900314166],[-56.698140427150975,-27.224011574364187],[-56.69742717011846,-27.226583081905776],[-56.6939426879318,-27.22712172045579],[-56.69077974699603,-27.223900725160448],[-56.69015521344485,-27.217615694219937],[-56.69572961674652,-27.21017509278157],[-56.695327693840575,-27.2082828008628],[-56.692857993700294,-27.208810077201786],[-56.69023578251115,-27.206055203531637],[-56.688443780163546,-27.20685474607977],[-56.68837320975359,-27.20091399730799],[-56.68404335679148,-27.1998389705608],[-56.67967857405772,-27.200637093762523],[-56.67934465701606,-27.198681712925655],[-56.67305762596186,-27.1971233598037],[-56.6727437368186,-27.195483998819103],[-56.669644533202295,-27.19662331873902],[-56.66826365666815,-27.195825571626752],[-56.66299526821985,-27.190748155180735],[-56.66194276171485,-27.184046650792393],[-56.65676399640445,-27.178201810360072],[-56.65482764650457,-27.172053317771937],[-56.65169593442617,-27.169996157883954],[-56.6500208707821,-27.170822590593946],[-56.645009493832085,-27.169288734405054],[-56.63846594873367,-27.164396755129093],[-56.63892014638362,-27.15910735127527],[-56.64075469316353,-27.156511912786137],[-56.6347771132051,-27.14630681667322],[-56.64075761318084,-27.035483760128788],[-56.625861009645064,-27.016422347852615],[-56.626109611672746,-27.006058165119263],[-56.629228961157985,-26.997258412292513],[-56.64404950026738,-26.97831242394908],[-56.65879616537388,-26.72624149976642]]]}},{"type":"Feature","properties":{"shapeName":"MISIONES","shapeISO":"PY-8","shapeID":"63826900B67002830619694","shapeGroup":"PRY","shapeType":"ADM1"},"geometry":{"type":"Polygon","coordinates":[[[-56.848325444037464,-26.541554222266704],[-56.8474081468456,-26.54349236453194],[-56.845771187402526,-26.543490602873344],[-56.84184454445672,-26.53745482142244],[-56.83791158595307,-26.53643010888908],[-56.83375029130015,-26.54087217890978],[-56.83418233799597,-26.54693124433469],[-56.83090458940294,-26.549473613174186],[-56.828860163810575,-26.54831092774835],[-56.82710446863423,-26.543550447186863],[-56.820966254216444,-26.54360155965903],[-56.821210481688745,-26.548355712348933],[-56.817550635586564,-26.55364666519334],[-56.81432430083057,-26.563073424260363],[-56.807105900762586,-26.56824203379523],[-56.80845694372063,-26.570000019474822],[-56.814475930513616,-26.566725901436257],[-56.817434799962804,-26.56715409252104],[-56.8188313811995,-26.579950126927766],[-56.821941180888764,-26.58487942390744],[-56.82048756690651,-26.5880784133699],[-56.813898352188794,-26.592882457953255],[-56.81436856879737,-26.603925636409915],[-56.810039173906986,-26.608145527724044],[-56.80409034729188,-26.60831804398742],[-56.80649034045381,-26.61056504971928],[-56.80627099645363,-26.61275881277901],[-56.80100104570715,-26.615022347674802],[-56.805860251244376,-26.62028848349758],[-56.805526071626375,-26.622798102119006],[-56.80022181828035,-26.622849440765098],[-56.79933962004934,-26.620902440029266],[-56.794902810624485,-26.62061169790556],[-56.78927816847507,-26.624413732884335],[-56.78820689265491,-26.623292541193297],[-56.78992452363164,-26.62013943808979],[-56.789102931168905,-26.61880192400986],[-56.78458056496047,-26.62016756281866],[-56.771585024178854,-26.61689232293715],[-56.77072792347468,-26.619468734981442],[-56.76530971105257,-26.620516297180924],[-56.76336719309184,-26.622783880881933],[-56.77044991992042,-26.627418349533166],[-56.771248623222974,-26.63165876338539],[-56.7696407980119,-26.63842341665876],[-56.76830968570951,-26.635712549825318],[-56.76330031739264,-26.63513095689577],[-56.76660299471262,-26.632147810725154],[-56.76558516501632,-26.630448680920313],[-56.752555676788816,-26.63550994376869],[-56.750115544052626,-26.632047565789055],[-56.753056542912034,-26.63035524780602],[-56.75280312626558,-26.628485800936254],[-56.74616862935613,-26.62687597980744],[-56.74374918414253,-26.62331420807907],[-56.739437147578,-26.622155175101664],[-56.73775075125486,-26.62407074287656],[-56.73936541430316,-26.628868117786826],[-56.731605492478735,-26.625291741481135],[-56.7267927934439,-26.629277915911096],[-56.7271945398823,-26.6346103135498],[-56.732095161084686,-26.636899452635156],[-56.73240838019687,-26.6391076324036],[-56.73127455231527,-26.640076111210174],[-56.72532047009474,-26.638168645472778],[-56.72340955926445,-26.641853284435307],[-56.7192206771629,-26.643289712013004],[-56.71750887400178,-26.647611203524868],[-56.71161081113929,-26.647590332327304],[-56.70881827262709,-26.652482857328714],[-56.70702489429313,-26.65214058694584],[-56.70480793700025,-26.64776597796332],[-56.70145008235751,-26.647271401526538],[-56.70090301041623,-26.64971710248117],[-56.70361062427432,-26.653740663915702],[-56.69899607852829,-26.655103369069273],[-56.69758739347598,-26.658441093311485],[-56.69528945121213,-26.657930563695825],[-56.69227610595682,-26.652998775367582],[-56.68541713686657,-26.65472634950446],[-56.68064159187747,-26.652467490609514],[-56.679378458071774,-26.656356125204876],[-56.67696251856113,-26.657425099488115],[-56.67392073244957,-26.652619267642958],[-56.67128927176542,-26.656148039575307],[-56.66603624683766,-26.65726441147959],[-56.67021508845593,-26.661255931902208],[-56.664697095612865,-26.662692163789327],[-56.665176219218566,-26.66853501088992],[-56.662254808945306,-26.671123911888355],[-56.65786133960509,-26.67167770722951],[-56.655082446829574,-26.670032239585463],[-56.655089307759845,-26.66796011919208],[-56.65910605423776,-26.66414606278081],[-56.65781188592015,-26.662147559070213],[-56.64956159447789,-26.66213196814795],[-56.63644501914203,-26.6662794054332],[-56.63568013177982,-26.668611419666366],[-56.6381256047995,-26.669723710400035],[-56.63612885447713,-26.67229184897309],[-56.63744938031529,-26.67798794730777],[-56.635393932823106,-26.682172093267006],[-56.63831120825543,-26.680576923209667],[-56.64155710546131,-26.682341271549397],[-56.642436840606415,-26.679431669584208],[-56.64494389142899,-26.677997848487262],[-56.64322475629445,-26.6811852570456],[-56.64791808625114,-26.683562540475243],[-56.64597495648,-26.686049684290282],[-56.646611613828036,-26.68778933159548],[-56.648491037509935,-26.688872948370307],[-56.649926133841085,-26.685707351670334],[-56.65235479780679,-26.6865214035334],[-56.64819842354433,-26.690465822777107],[-56.65011284654823,-26.694714129421328],[-56.64715882011534,-26.696345561490542],[-56.65061028475284,-26.699496147027823],[-56.64900005222517,-26.70542865964526],[-56.649839094335356,-26.708428316196116],[-56.6521627492162,-26.709011877058934],[-56.65318676039832,-26.706576588104863],[-56.65563934865332,-26.70627557754995],[-56.65329525629848,-26.710585670724907],[-56.656225089097795,-26.713757414683762],[-56.65518740938861,-26.719894521472877],[-56.6568804992099,-26.720661563872447],[-56.660143788145696,-26.71831739971271],[-56.66203061531349,-26.71880946453628],[-56.662076001000194,-26.723017020332584],[-56.65879616537388,-26.72624149976642],[-56.64404950026738,-26.97831242394908],[-56.629228961157985,-26.997258412292513],[-56.626109611672746,-27.006058165119263],[-56.625861009645064,-27.016422347852615],[-56.64075761318084,-27.035483760128788],[-56.6347771132051,-27.14630681667322],[-56.64075469316353,-27.156511912786137],[-56.63892014638362,-27.15910735127527],[-56.63846594873367,-27.164396755129093],[-56.645009493832085,-27.169288734405054],[-56.6500208707821,-27.170822590593946],[-56.65169593442617,-27.169996157883954],[-56.65482764650457,-27.172053317771937],[-56.65676399640445,-27.178201810360072],[-56.66194276171485,-27.184046650792393],[-56.66299526821985,-27.190748155180735],[-56.66826365666815,-27.195825571626752],[-56.669644533202295,-27.19662331873902],[-56.6727437368186,-27.195483998819103],[-56.67305762596186,-27.1971233598037],[-56.67934465701606,-27.198681712925655],[-56.67967857405772,-27.200637093762523],[-56.68404335679148,-27.1998389705608],[-56.68837320975359,-27.20091399730799],[-56.688443780163546,-27.20685474607977],[-56.69023578251115,-27.206055203531637],[-56.692857993700294,-27.208810077201786],[-56.695327693840575,-27.2082828008628],[-56.69572961674652,-27.21017509278157],[-56.69015521344485,-27.217615694219937],[-56.69077974699603,-27.223900725160448],[-56.6939426879318,-27.22712172045579],[-56.69742717011846,-27.226583081905776],[-56.698140427150975,-27.224011574364187],[-56.70007144616318,-27.225351900314166],[-56.70147512146278,-27.224212826719626],[-56.702840750228034,-27.226933228518185],[-56.704134085520785,-27.226222735531174],[-56.70681964898841,-27.227754153177433],[-56.7080487079443,-27.229900925284024],[-56.70717596583883,-27.232219358549823],[-56.70964438069369,-27.235768076131592],[-56.703783600470466,-27.237972231581786],[-56.705780749236375,-27.239488668099895],[-56.70194733932862,-27.23958890067361],[-56.70089874712104,-27.242435066452664],[-56.697196297104206,-27.241926043766483],[-56.69752995475194,-27.24483836221218],[-56.699386682392294,-27.246232704479617],[-56.6987941993661,-27.247752683744014],[-56.69587234691755,-27.246848061521654],[-56.694987479233674,-27.248841369387172],[-56.69755011489128,-27.251857833220477],[-56.69643348208509,-27.25316901909186],[-56.697406081224784,-27.256321964448436],[-56.694364924979055,-27.258333158022506],[-56.694382010896504,-27.261321524961716],[-56.692339121862965,-27.263723059916195],[-56.694274157943184,-27.26704966998411],[-56.69817934518832,-27.26807833066986],[-56.69550641807978,-27.269711154241914],[-56.69643248813876,-27.271902498167616],[-56.695089518362636,-27.272770796760142],[-56.69400928389991,-27.271080170857402],[-56.69184927686412,-27.27397798721078],[-56.6904655029185,-27.272458200893148],[-56.687858574147036,-27.276835583518462],[-56.68455780658115,-27.27749175050324],[-56.68363057411989,-27.279344943180675],[-56.68150017899497,-27.278351526527505],[-56.682050219147214,-27.282343221490027],[-56.67768014073016,-27.28341659891453],[-56.675431807033014,-27.28822791495432],[-56.6731373310448,-27.287807277638002],[-56.67112995523512,-27.292411435561174],[-56.67009124392196,-27.291903413878515],[-56.672142643307325,-27.294901063314587],[-56.67374855274515,-27.29476488280207],[-56.67323159289797,-27.29616755003099],[-56.66937200759265,-27.29655120201622],[-56.66644045222649,-27.299816934892554],[-56.66823509686386,-27.301234105105518],[-56.667781563123235,-27.30336366414026],[-56.66957090945435,-27.30168867408777],[-56.67471929502922,-27.304088683339234],[-56.673252779233785,-27.30726767499523],[-56.67496333894634,-27.307479308887785],[-56.67249393372218,-27.310805944852977],[-56.674682582797374,-27.314532878250013],[-56.671898503579065,-27.315652500765985],[-56.67149013828017,-27.31768816033039],[-56.67796063596053,-27.322266518434215],[-56.676398364791204,-27.323349430356764],[-56.67446835221774,-27.322511712716725],[-56.672898144989865,-27.32499692921384],[-56.67414908048553,-27.33018863002548],[-56.67224101973751,-27.3300921875019],[-56.67169218332147,-27.333369728742653],[-56.66924900801594,-27.333921258969625],[-56.66487723924738,-27.338427978032083],[-56.66965548380968,-27.337722051027924],[-56.67442827457605,-27.34428488335897],[-56.67895540103156,-27.344746859161166],[-56.67984336792459,-27.343649597887424],[-56.68427559368755,-27.346569884985907],[-56.68264970934147,-27.348190611510173],[-56.6854256264634,-27.349963620713023],[-56.683621401736026,-27.35503362999555],[-56.68811487967711,-27.357792074099045],[-56.687481293625424,-27.360069448771817],[-56.68942127754067,-27.3646305709248],[-56.69504538924658,-27.369136132967974],[-56.772510759223074,-27.38833492062212],[-56.791616999944054,-27.399867267925007],[-56.80530960232296,-27.400066777543405],[-56.81719498251335,-27.39720723273676],[-56.83148840637711,-27.39938195292529],[-56.848589821422706,-27.410185165945734],[-56.88483684856016,-27.41255625692062],[-56.90701265885592,-27.408388610438607],[-56.921722332427436,-27.40875424725315],[-56.93172515321897,-27.41126364033323],[-56.942556260689145,-27.417564324148227],[-56.958443888446055,-27.432801859913695],[-56.97386039193868,-27.43802363747284],[-56.989879267395274,-27.45177982605824],[-57.00845690339418,-27.460545772759453],[-57.026901755108526,-27.472987429399065],[-57.045856816998324,-27.481721973529503],[-57.061111978493024,-27.48397383640622],[-57.080021215945656,-27.4831791031365],[-57.093664213143995,-27.485239451326777],[-57.11990196136759,-27.48125526216012],[-57.12448854700198,-27.484190214874165],[-57.13179464207718,-27.4861480792217],[-57.14110649246398,-27.484766194942736],[-57.152708366945326,-27.479666064607567],[-57.189737772960605,-27.468978676864893],[-57.212274748552126,-27.4680915405066],[-57.22304669669888,-27.46908989193119],[-57.2333496806626,-27.466991017361956],[-57.25275475680641,-27.45224310163031],[-57.26758870392092,-27.446616121462107],[-57.27778022588666,-27.437203465550464],[-57.31534772356527,-27.417891783306022],[-57.328807123671666,-27.41486500197811],[-57.34197916972888,-27.41630502260092],[-57.18209360492627,-27.108967385665174],[-57.42868052604907,-27.06010570011821],[-57.64009486673544,-26.790442196879972],[-57.743139337543056,-26.40059016044762],[-57.737765524004345,-26.40169982255297],[-57.728520173201375,-26.40007790478488],[-57.72423377368306,-26.39214070292386],[-57.7201103001265,-26.389031577758185],[-57.71553950733689,-26.3884881328025],[-57.71097308247752,-26.394055348425347],[-57.714837402454286,-26.39809010591564],[-57.71542986297722,-26.400904082811117],[-57.71254964780585,-26.40352673133151],[-57.70548051381828,-26.404567814433587],[-57.7032997767242,-26.406590651061688],[-57.70991759753564,-26.419673851713465],[-57.70828499493537,-26.4242371049084],[-57.69691258663125,-26.427339074561797],[-57.69239450121788,-26.41922879420378],[-57.68835383161742,-26.41824225084679],[-57.68485651684456,-26.419907847169423],[-57.684185095578286,-26.421839323109413],[-57.68566023331656,-26.42985270932768],[-57.68084917331675,-26.43417832090579],[-57.67200481709516,-26.434583466906677],[-57.6671745733094,-26.431308479989603],[-57.66342422961854,-26.432276092308864],[-57.663252707641824,-26.434847908343453],[-57.66815313639277,-26.439519989650673],[-57.66206011874965,-26.44343281398183],[-57.66121596969514,-26.447824217666998],[-57.6761201449906,-26.459605544580324],[-57.67487104283142,-26.4683305128341],[-57.66966007997093,-26.46927725004703],[-57.66023447616572,-26.46624710045555],[-57.655550838006846,-26.467107046024452],[-57.65424401099618,-26.47211533053469],[-57.6642278336387,-26.480369116537826],[-57.66297822773649,-26.484482940108176],[-57.65788043034431,-26.48908961394152],[-57.65492481475504,-26.488153051483078],[-57.65389881355662,-26.48245683255388],[-57.64846983403678,-26.47789849210421],[-57.64018447831769,-26.478941926065584],[-57.63892985686123,-26.482301038638774],[-57.643632666277036,-26.490328286149513],[-57.64020987423716,-26.500348242949336],[-57.63647823365205,-26.493881528799164],[-57.633203368586045,-26.49135303263183],[-57.620066283828905,-26.491326867714097],[-57.616856646174924,-26.49738327395272],[-57.612227085184344,-26.500610763704895],[-57.61132683218656,-26.50656707338461],[-57.6050648492248,-26.50891326354957],[-57.608775095935535,-26.517448877605876],[-57.60864143912869,-26.521557468859662],[-57.60415118665936,-26.524259348986515],[-57.59704877602714,-26.53250529947476],[-57.587600806950775,-26.531845905332457],[-57.575897189071334,-26.53362629075842],[-57.5711522352301,-26.529062268423843],[-57.56596045544319,-26.52832843245717],[-57.56388264202891,-26.522719551777424],[-57.56198266342352,-26.521693053863014],[-57.546884380236826,-26.524825792166848],[-57.54889014914955,-26.53504626903618],[-57.54507310068568,-26.54255039691846],[-57.53662618301817,-26.5367976541835],[-57.522753071776506,-26.540062973598626],[-57.51522400147499,-26.5377988180262],[-57.50963306674061,-26.538154263585053],[-57.50811954458908,-26.54017177320875],[-57.51075617572338,-26.543578738994636],[-57.52048414208173,-26.551067975894913],[-57.51898918769129,-26.552889908242186],[-57.50639483714041,-26.551375486713365],[-57.49895897878498,-26.55369677032215],[-57.499125980541685,-26.555710036344735],[-57.50841360135206,-26.561937073945927],[-57.50675666582036,-26.56674966166191],[-57.495321468812186,-26.567041391544187],[-57.489754943458955,-26.558277688170108],[-57.4856577525528,-26.561166037773724],[-57.47116660951257,-26.560132155313593],[-57.47317502074213,-26.574123846076613],[-57.471024084069896,-26.57603474815264],[-57.467449887245955,-26.575075972328108],[-57.46007844274713,-26.56923933079831],[-57.44821290554845,-26.57106895004645],[-57.446070713997884,-26.575331178105124],[-57.45172049127857,-26.576283924302835],[-57.45243372308101,-26.57818543564598],[-57.44700663989101,-26.581151559344743],[-57.44403544150544,-26.58582697208061],[-57.43254075482343,-26.587430168499143],[-57.42832124157548,-26.591586437849024],[-57.4290887947589,-26.59699681839845],[-57.436185973962196,-26.60846320393764],[-57.43564509597491,-26.61367222992011],[-57.424436901953655,-26.606482971642475],[-57.41608776715676,-26.605835706673986],[-57.4134771847179,-26.607383133102243],[-57.410780064472675,-26.619597484591857],[-57.40797157715955,-26.61814974101071],[-57.40580090531264,-26.613172545040438],[-57.39960262372781,-26.610901358165254],[-57.38919812239602,-26.611539123513072],[-57.380342622017196,-26.604990834455133],[-57.37757205118513,-26.61486706164799],[-57.37393907111944,-26.61832025215445],[-57.37304543038682,-26.61649581216195],[-57.37622973630425,-26.61157400261772],[-57.375262759972166,-26.607627702367825],[-57.37123867760518,-26.606563444775773],[-57.36974629657253,-26.612736237838234],[-57.36713456595919,-26.614170835600788],[-57.36473209699698,-26.61286116709521],[-57.36183746985351,-26.603601625375138],[-57.36351416581693,-26.59706476709444],[-57.361346657811296,-26.594419919443823],[-57.357278328616445,-26.594691490821237],[-57.35570730442063,-26.596897843271783],[-57.35478087650564,-26.60911609431535],[-57.35266441498416,-26.61212400948639],[-57.347389130821924,-26.613459833143292],[-57.348795613491454,-26.60736709243621],[-57.34612469739347,-26.604706916882172],[-57.3342962047199,-26.60958564142627],[-57.331492923087566,-26.609529207436903],[-57.327905915629856,-26.604960035265268],[-57.32116385877487,-26.60135059325494],[-57.32382507806636,-26.588503321710824],[-57.320949198596935,-26.584562266982324],[-57.31509517446269,-26.584603337381314],[-57.31336664168304,-26.59020653985678],[-57.31057043047466,-26.592592404774344],[-57.2946922876215,-26.594109995156717],[-57.293781607604835,-26.59114420147506],[-57.29859134545455,-26.58455491044721],[-57.2969668504915,-26.582514527178787],[-57.29469360267777,-26.582504158424076],[-57.28276448251436,-26.59745073129098],[-57.28182499717194,-26.595324826065657],[-57.283961486480216,-26.590337122113826],[-57.28149323873479,-26.587010382861248],[-57.26885558477102,-26.589190574469647],[-57.26508465045838,-26.58790978310656],[-57.26392483423288,-26.58458029294965],[-57.265632505164014,-26.582421347323123],[-57.271524728115615,-26.585405913908595],[-57.27556672373446,-26.5828504220663],[-57.274346718553524,-26.580501027327614],[-57.268988125318366,-26.579279380742854],[-57.26689736758658,-26.577323521265395],[-57.267098703905425,-26.57015589651634],[-57.258713615627286,-26.565831823049482],[-57.25317109523239,-26.565533810354058],[-57.25340692820129,-26.559514009894176],[-57.24761560744873,-26.559188226616378],[-57.2462425623399,-26.55767876044157],[-57.24692272202014,-26.555465807271638],[-57.253110628567185,-26.552179283499452],[-57.25415424525477,-26.54545810559495],[-57.24902119386316,-26.54692301925631],[-57.24574126756404,-26.541581245228947],[-57.242687245503184,-26.53990664410489],[-57.24063543451384,-26.54114199924282],[-57.24011498222833,-26.544496321014613],[-57.23629985141889,-26.54609542745316],[-57.232024161726116,-26.538885387183832],[-57.232906126405084,-26.53719167173685],[-57.24197437237604,-26.533941333597156],[-57.24362524841667,-26.529608279233944],[-57.23963122189026,-26.52473729945045],[-57.239178167939194,-26.51971098855506],[-57.234548925349394,-26.51571893124637],[-57.23299105640694,-26.511866025103068],[-57.23358181104521,-26.510921700215356],[-57.24124366735178,-26.512303478642124],[-57.2437928674379,-26.51049446192093],[-57.25124328238624,-26.498463980358366],[-57.250402152931635,-26.488949835744343],[-57.2471632364505,-26.487683996134155],[-57.24338503952782,-26.49002837951026],[-57.24107975949749,-26.499301822745394],[-57.23838901451285,-26.498691108370036],[-57.23605374964887,-26.493568036683243],[-57.23116801406686,-26.489351419903866],[-57.22943904941641,-26.490912805527273],[-57.23054412257487,-26.49648915307465],[-57.22868080994243,-26.499322228843685],[-57.223850531183814,-26.500191215740937],[-57.2180566976099,-26.497780262705284],[-57.21791693022024,-26.496180865524405],[-57.22514859584376,-26.4879254918891],[-57.22727966173649,-26.478365452284695],[-57.22599968281455,-26.47639872779562],[-57.222301296213764,-26.476828362835814],[-57.21897925052288,-26.479458504869843],[-57.21348076234231,-26.48828521388965],[-57.20878660357361,-26.48862028244711],[-57.2068201224233,-26.484972745069292],[-57.21076895597989,-26.475902487332057],[-57.20834083656038,-26.468892346046783],[-57.20556888501879,-26.46777099089147],[-57.194266608341216,-26.46924031020803],[-57.18654779928808,-26.46752024333107],[-57.18513097626525,-26.463184656525666],[-57.188029746510274,-26.448761206005162],[-57.18053203513712,-26.442022460048314],[-57.18440006129672,-26.432777376404594],[-57.17639445780235,-26.42746563887832],[-57.17058642198365,-26.4122556885934],[-57.16039239444763,-26.40659698654412],[-57.154044724421595,-26.411341339759478],[-57.149330896078176,-26.411807771183202],[-57.14584008255434,-26.406858659372414],[-57.14160113024919,-26.40443270303394],[-57.12597252059182,-26.40264503917056],[-57.12557462328918,-26.39909676449156],[-57.127679248231566,-26.393341060838175],[-57.12657624383723,-26.388424655630565],[-57.12296791857672,-26.382800685965865],[-57.11992775676768,-26.382017496960515],[-57.10521252498649,-26.385349575578125],[-57.10093255546692,-26.38274187637731],[-57.0975796367959,-26.377978890404513],[-57.09417369344858,-26.376891232981848],[-57.08698914683278,-26.376147197394875],[-57.07132904198045,-26.379030879392417],[-57.066937821279346,-26.385531135674718],[-57.06556101639532,-26.394792752707517],[-57.06336629668589,-26.39899329450734],[-57.058200428011126,-26.402009012702216],[-57.04450464427677,-26.40153897144943],[-57.04237112482316,-26.404653118044518],[-57.04228048594605,-26.41324666681717],[-57.033800479758035,-26.4125271859874],[-57.03075187327703,-26.41415436158975],[-57.029343063544886,-26.416977666623087],[-57.017066984093056,-26.41798590745246],[-57.0043004004686,-26.411413675761825],[-56.998695243403155,-26.41204881787025],[-56.99735069223851,-26.41865551901174],[-56.99147885231525,-26.421670603016373],[-56.993190971019516,-26.43203146842939],[-56.980385789174306,-26.43535796181529],[-56.97465242751392,-26.440632022946268],[-56.97157087392771,-26.448548327786433],[-56.966863087817735,-26.448004141902775],[-56.96153640883747,-26.450209813818223],[-56.955298472788364,-26.449316658324456],[-56.95348031003869,-26.45629823851909],[-56.95883774832011,-26.460888829633436],[-56.95760198567264,-26.468273166038678],[-56.96222133545203,-26.4753754481266],[-56.9620217013853,-26.4800994783509],[-56.959874892299624,-26.482446076664363],[-56.947690861195824,-26.48496758345565],[-56.948848968584585,-26.479263453002474],[-56.94614349147783,-26.475489134684626],[-56.94096060070581,-26.474892861317826],[-56.93719596436697,-26.47685219560603],[-56.92571458190653,-26.46499190309108],[-56.91238132734265,-26.46079505961961],[-56.90904643165321,-26.461951713857427],[-56.90144844736868,-26.468601994377327],[-56.90296223768501,-26.474277873276126],[-56.901573442238394,-26.476891508910448],[-56.894407351925715,-26.479055306157598],[-56.8904408857556,-26.483984371828477],[-56.878252098171494,-26.489441349053184],[-56.87973546049641,-26.49178978422826],[-56.88868469544063,-26.490549176467407],[-56.896304013202155,-26.493159850364407],[-56.89848737909535,-26.494805175132132],[-56.89911166162384,-26.49834124049129],[-56.89663403674519,-26.499557622842495],[-56.89036245257484,-26.497057210841156],[-56.88451234567621,-26.50260856952716],[-56.87364851349396,-26.50233196567974],[-56.873149697273504,-26.505510606453182],[-56.880811865968646,-26.504596169159676],[-56.88266053625612,-26.505162211411573],[-56.8840774876858,-26.508164186858384],[-56.87957817361667,-26.523097939917296],[-56.86932908156859,-26.5258592046863],[-56.86929194717836,-26.529483907307743],[-56.86483338849266,-26.52949955917963],[-56.85506608276177,-26.536111355692864],[-56.85521805095337,-26.539795325282036],[-56.848325444037464,-26.541554222266704]]]}},{"type":"Feature","properties":{"shapeName":"PARAGUARI","shapeISO":"PY-9","shapeID":"63826900B9584917578086","shapeGroup":"PRY","shapeType":"ADM1"},"geometry":{"type":"Polygon","coordinates":[[[-57.195021592974776,-25.40178313316414],[-57.1952004348814,-25.40380256596069],[-57.19008851373285,-25.4081165788928],[-57.18346649079452,-25.409697501316252],[-57.1839432960501,-25.415859382219363],[-57.180034556292185,-25.43048622144909],[-57.16949168138277,-25.428994621339474],[-57.16443489668407,-25.43371636351846],[-57.151597992941966,-25.440956211265576],[-57.144509876434796,-25.441259529961265],[-57.144288869263754,-25.445361938855623],[-57.14023245884511,-25.45384372187631],[-57.135867096766034,-25.45596728910407],[-57.13178374334219,-25.45569104845313],[-57.1320068195023,-25.464497474770567],[-57.13039912337288,-25.470438387586512],[-57.1353052252996,-25.47426948135447],[-57.1412607114824,-25.473788096127777],[-57.1397054359738,-25.478574379132812],[-57.13731514064893,-25.48045435962298],[-57.13503939452361,-25.49048973921696],[-57.13603563233954,-25.49505568095747],[-57.13344626274091,-25.497618270246118],[-57.129725234843725,-25.511460565937035],[-57.125809128729294,-25.51854322403164],[-57.12635492940466,-25.522925404777805],[-57.13020070260813,-25.526821355325513],[-57.12562267772911,-25.532553402413512],[-57.11215736994559,-25.53883964255903],[-57.11091902372927,-25.5468472317065],[-57.09976598099292,-25.559537698061984],[-57.09848858469417,-25.563162114483006],[-57.09101809050479,-25.572458101700136],[-57.09045774406572,-25.576546550005304],[-57.09184313642307,-25.579704673757636],[-57.08918164631325,-25.582540116535966],[-57.08204014797289,-25.583482231408947],[-57.076081510314914,-25.58089824908641],[-57.06375109059313,-25.57850657554282],[-57.060013144081,-25.579682105808363],[-57.05231885803353,-25.585500621959067],[-57.03695841004321,-25.591614354542877],[-57.03412071477332,-25.59175952989518],[-57.026204569312995,-25.588442501611777],[-57.01987494280746,-25.59099909323792],[-57.01434515092477,-25.588516388305678],[-57.011993126933525,-25.584236202622503],[-57.004724694302595,-25.581306259963945],[-56.99952145760309,-25.574786397697306],[-56.99687454056197,-25.574723152382003],[-56.991860026568204,-25.571449442709334],[-56.9870314634085,-25.57166582391794],[-56.980124962340845,-25.568951415579466],[-56.96612540175119,-25.56977512610047],[-56.95773144367089,-25.565068106167736],[-56.95662638961877,-25.56234511706374],[-56.94847897799946,-25.562992665255226],[-56.94590536873035,-25.5617500566401],[-56.940847727697744,-25.565960781604307],[-56.936670464224925,-25.56620285459689],[-56.934166845319176,-25.569059869620354],[-56.92876047068775,-25.567756961525085],[-56.925864732206676,-25.568888837665096],[-56.921398878374745,-25.56776222378045],[-56.91732783842727,-25.564043973932172],[-56.91377013752807,-25.565441632601104],[-56.90864355955958,-25.563691141530064],[-56.90559203235042,-25.56539594970334],[-56.9057233294799,-25.569364890800752],[-56.920959744822184,-25.57554618105161],[-56.92096280493048,-25.57846751082109],[-56.916125478080154,-25.583535373506013],[-56.91753569613067,-25.585346764548767],[-56.916782723476764,-25.589748642075303],[-56.914849127802924,-25.5896030434466],[-56.91100845851683,-25.595118307375518],[-56.90983953971832,-25.60266696476637],[-56.9110584774183,-25.604487326056294],[-56.91399646477309,-25.60355444373887],[-56.92085672588744,-25.60633514926257],[-56.93209893264534,-25.628270964309745],[-56.94304115340692,-25.640173076134555],[-56.94759106161421,-25.641511264562446],[-56.945307508786605,-25.651621417572482],[-56.938609953629786,-25.655281920803578],[-56.92455432047599,-25.655767402869564],[-56.88907187683182,-25.66897586854799],[-56.877490848241,-25.666670300444135],[-56.862564904111075,-25.662256252624807],[-56.861281868267604,-25.654173045828838],[-56.857887390456035,-25.651308087378467],[-56.857588986265945,-25.646702354125367],[-56.84970980736736,-25.646455156003604],[-56.846800285571994,-25.648267218969725],[-56.83725022726242,-25.6492998850206],[-56.825906546728476,-25.644848423021937],[-56.823447046283704,-25.643170354355988],[-56.820317551573346,-25.633997314265308],[-56.81224067662095,-25.626352130386667],[-56.80546617165883,-25.62377407973872],[-56.79893189515973,-25.62948036851724],[-56.79037134134087,-25.62922903506073],[-56.78538189895256,-25.633845294339704],[-56.78194799802444,-25.631776791494545],[-56.779284708646436,-25.63340275709943],[-56.77808148431363,-25.632764300075348],[-56.77722359227703,-25.634925744803336],[-56.774003296668575,-25.63569740186737],[-56.772661768256015,-25.638887519687945],[-56.76951948184536,-25.638846474490972],[-56.76614313166758,-25.641021916232745],[-56.764390407473236,-25.647055825107344],[-56.76079585360306,-25.6487341232158],[-56.75722483096758,-25.649504831423847],[-56.75683703758021,-25.646366175322843],[-56.75468606938906,-25.648647230596247],[-56.75295891766722,-25.647371054477674],[-56.7493144959508,-25.64854780611239],[-56.74649890938553,-25.656737885743652],[-56.744035481809,-25.658769904536655],[-56.7415980362059,-25.657663922953805],[-56.739467275189945,-25.660734928049656],[-56.73680891868836,-25.65870738951685],[-56.73638428859854,-25.655844041549802],[-56.73624741780517,-25.658336136969247],[-56.733948968113516,-25.65889184045311],[-56.7337126437288,-25.660715514506304],[-56.72757054757034,-25.66321909717791],[-56.725613732573706,-25.661106876801497],[-56.720870877861785,-25.660885675281058],[-56.71968403788146,-25.658716149423558],[-56.717286181929424,-25.661781798498627],[-56.71847656510766,-25.665883814369963],[-56.71561663506345,-25.669914771470655],[-56.712779734608205,-25.67049166404011],[-56.71045486779743,-25.668694575726114],[-56.706131147566374,-25.67420338313677],[-56.70371999688903,-25.672555013028962],[-56.70244621521867,-25.676385736687763],[-56.700694947910016,-25.677100054867765],[-56.70161860509339,-25.67784242166783],[-56.69916556321067,-25.678487558048012],[-56.701073051225706,-25.68132244019776],[-56.70266879725226,-25.680305290369393],[-56.701603055434866,-25.68358558486812],[-56.703107208664974,-25.685859742990303],[-56.70410528934792,-25.68525223390488],[-56.703095068736495,-25.686988490100255],[-56.70475895281262,-25.687158925294643],[-56.703517607914726,-25.69041629971984],[-56.700092324978016,-25.692170179945272],[-56.70059959701023,-25.695065389769553],[-56.699794109538374,-25.694345836083173],[-56.699535817281976,-25.69574949440501],[-56.695156313039405,-25.69762770909021],[-56.69685420121187,-25.700412536285633],[-56.69291644289821,-25.699749611154388],[-56.6880924395656,-25.701184196905846],[-56.687426484832685,-25.698094459648456],[-56.68533647636654,-25.697182434865116],[-56.68343635723264,-25.700560113459936],[-56.6807147390202,-25.699159022273196],[-56.677165452808275,-25.70117396035285],[-56.67593583870217,-25.69907623974907],[-56.67604222292903,-25.70073802249681],[-56.67457174442949,-25.699718857321884],[-56.674248486873495,-25.701533194021962],[-56.6721791847335,-25.70035463849698],[-56.671990160087645,-25.702273118052123],[-56.669835001279054,-25.700155201847572],[-56.6895406377286,-25.762165283518428],[-56.665762565138046,-25.850441982768565],[-56.66263439802228,-25.853152763714874],[-56.662561713488216,-25.855247542034224],[-56.660350638962825,-25.855210782062528],[-56.65819955062443,-25.85991033221151],[-56.654159502982765,-25.86180156531739],[-56.64968123283665,-25.869470777660368],[-56.646903906303365,-25.870547637757067],[-56.64828190820063,-25.874560265235452],[-56.6474691429172,-25.877046033155732],[-56.64225729813431,-25.878536757324557],[-56.638973273281664,-25.882226367317237],[-56.634191622643606,-25.88228662993114],[-56.63384946094878,-25.885206936584545],[-56.62996334325278,-25.883752295027936],[-56.62987685019487,-25.88567995532294],[-56.62583089850856,-25.88840432735135],[-56.6291074726665,-25.89015305950479],[-56.626973170431626,-25.894054770984468],[-56.62721819985456,-25.89711801747354],[-56.623440353828634,-25.898729139107747],[-56.62677220965585,-25.90097286406289],[-56.62409674560374,-25.9029195418495],[-56.620196178679436,-25.901544425684197],[-56.62156257025341,-25.904900661644778],[-56.62037260220029,-25.908309929345165],[-56.61963664355966,-25.90543307228098],[-56.616527699708946,-25.9071822590459],[-56.61684597257923,-25.90501624020005],[-56.61520595871333,-25.90463653636711],[-56.613911523588264,-25.90942441305453],[-56.611742813330245,-25.909860865587557],[-56.61492504680749,-25.911496373413186],[-56.61105302617707,-25.912179431595842],[-56.608827800013636,-25.915088975082437],[-56.61066616600091,-25.919680151577438],[-56.61365051133744,-25.920976647127638],[-56.61038344250935,-25.923037162723926],[-56.61185551148711,-25.9252250284851],[-56.61072931363714,-25.931702773231038],[-56.612915934687,-25.93145202173339],[-56.61314201052235,-25.932484524171077],[-56.60841115567964,-25.937036192264017],[-56.607719090868194,-25.940555221851238],[-56.60755623018827,-25.979084381015834],[-56.61764209839959,-25.977923967655926],[-56.620294661150076,-25.975542578418388],[-56.62413076024782,-25.975173341680772],[-56.624971949706065,-25.972958714568485],[-56.62788522040463,-25.973359029155535],[-56.62831839935546,-25.971414225191676],[-56.6314116502503,-25.969950280899617],[-56.63372232885518,-25.971775647627947],[-56.63942018161367,-25.969126167277174],[-56.64126029216822,-25.965365316159822],[-56.64349968474436,-25.970770663942996],[-56.65500558143395,-25.969164151115802],[-56.664486999273926,-25.970846088822235],[-56.67683282420066,-25.96264989071425],[-56.68555108174588,-25.962856620240732],[-56.68983029133879,-25.96705405090231],[-56.69786297902482,-25.96488317220702],[-56.70735318145755,-25.953830483762893],[-56.717456395417905,-25.960570439095605],[-56.72965889008735,-25.957624482909424],[-56.73757336975012,-25.957443698543617],[-56.739658721834225,-25.952807475333746],[-56.74241296990243,-25.951326337773423],[-56.74768575529746,-25.951956190565173],[-56.74258110680409,-25.956117653056147],[-56.741197905821004,-25.963731869089056],[-56.73699879542188,-25.973250783205142],[-56.732260233847754,-25.97472750251543],[-56.72952834000913,-25.978654912812143],[-56.72617239995261,-25.979917291726473],[-56.72560398364968,-25.988345548664082],[-56.72295868060768,-25.98973561284],[-56.72364079611885,-25.993651338412935],[-56.722047479884644,-25.99695319276884],[-56.71438426569124,-26.00136286196888],[-56.71303864961215,-26.00358604092445],[-56.71423962221508,-26.00487516352685],[-56.71238083363586,-26.01135486070236],[-56.71324992411437,-26.015853414302054],[-56.710676552791035,-26.01867460450303],[-56.70961101751854,-26.01738572623032],[-56.70883880042444,-26.020508471659095],[-56.70688875592525,-26.021005682375517],[-56.70780150159019,-26.02471876153545],[-56.7060487493014,-26.027229994138324],[-56.701729010122676,-26.029555333780408],[-56.70208234109026,-26.030883435498268],[-56.70548646574525,-26.031021344657766],[-56.706779237347924,-26.03365614492236],[-56.70242725091686,-26.03530420590416],[-56.70283476056132,-26.043896838600403],[-56.70133513834916,-26.044485193232184],[-56.70431535404078,-26.044911206622807],[-56.70794085375778,-26.048909722727803],[-56.708936703249385,-26.05524608413217],[-56.70751984827099,-26.058186909352585],[-56.71152274743343,-26.062651125727044],[-56.709796074358046,-26.065790005185985],[-56.71401200596813,-26.068873033403538],[-56.715397526007756,-26.072162583782237],[-56.714452126305446,-26.07754693155817],[-56.71633756804019,-26.078042767953914],[-56.719272050891234,-26.08230149142564],[-56.72200186806035,-26.0912732549512],[-56.72111044301273,-26.093723092418212],[-56.719201841475076,-26.09417538875367],[-56.7211117328235,-26.097660033296464],[-56.717293616611066,-26.098885150824707],[-56.71624934056863,-26.10581336788802],[-56.70881892517325,-26.10513487708133],[-56.70578957910226,-26.10898890584192],[-56.70800817284779,-26.118989233342727],[-56.707678753353456,-26.125006818034556],[-56.7117579708844,-26.130116774460433],[-56.711053019508846,-26.134070338534052],[-56.709257922241584,-26.13587265209549],[-56.70734453629319,-26.134690413567856],[-56.70856159056464,-26.136557496466583],[-56.70468168576582,-26.146378327541335],[-56.6992413649022,-26.148457424598735],[-56.69647008641788,-26.153034130954065],[-56.69191764054279,-26.153787465579008],[-56.6910253533997,-26.15661632935779],[-56.68201027052287,-26.160068716136227],[-56.6734232094607,-26.166967564449358],[-56.658975835465185,-26.172631290397863],[-56.643032574974846,-26.182666750106446],[-56.63806630799587,-26.182832136685594],[-56.6367874790102,-26.185366209707595],[-56.63269197144051,-26.1872926453002],[-56.6323219517437,-26.192019553136618],[-56.629164564698826,-26.194631402661013],[-56.628861359082286,-26.199290172189208],[-56.63269824660917,-26.200273931676097],[-56.63112838824272,-26.20407925993021],[-56.637696596678026,-26.209729781556593],[-56.63887105691774,-26.22120636869603],[-56.63759830752566,-26.22422727500202],[-56.63906446613056,-26.227473213506958],[-56.64213955809855,-26.227591853374076],[-56.64355275987091,-26.223217401125787],[-56.64643066411963,-26.222510257357587],[-56.6511951893757,-26.216382568022052],[-56.652140072058046,-26.220506251752646],[-56.649550607031976,-26.222587241174587],[-56.65104261787791,-26.225004068827943],[-56.65540115598823,-26.22398134495985],[-56.655283330135276,-26.21961233956607],[-56.660679216187525,-26.222669413662253],[-56.6594278147829,-26.226599075542463],[-56.66841599879974,-26.223809312545715],[-56.67394199439934,-26.227273784786195],[-56.672438991881705,-26.231954995152666],[-56.6767854762678,-26.236247260871554],[-56.675079862652204,-26.238510988473152],[-56.680349568144145,-26.24041591755234],[-56.687003164697465,-26.239605362231373],[-56.68642726648381,-26.24503380051243],[-56.689932716507585,-26.24545054269931],[-56.685037219445746,-26.247215118603055],[-56.68496781061253,-26.24934847034976],[-56.6824090838322,-26.250156481499236],[-56.68319533289684,-26.252623804941223],[-56.68816636039593,-26.254668791198036],[-56.68837510895476,-26.258416936838813],[-56.69439932267677,-26.260439332623008],[-56.69872107769923,-26.259967674796602],[-56.69962003608985,-26.261300973949194],[-56.69594524353002,-26.2653368015423],[-56.698531221886896,-26.269952896192063],[-56.698452234867396,-26.27402401245359],[-56.693988578297734,-26.27816710772022],[-56.69505648876593,-26.279989672345668],[-56.69920444651503,-26.27943770905023],[-56.69931720929069,-26.281152594972887],[-56.69669253515618,-26.285202093516858],[-56.69303771437428,-26.283260265579752],[-56.69181703356411,-26.28467162524538],[-56.69288349181242,-26.287054914103134],[-56.69665887527531,-26.287745553422575],[-56.69686035704279,-26.293466885536866],[-56.69996723285406,-26.294781747142974],[-56.6979413847674,-26.297256012882723],[-56.69907724790347,-26.300785205868717],[-56.706705301193615,-26.300965560575705],[-56.70782205868575,-26.304942039861068],[-56.711302817447276,-26.308368218211548],[-56.717896311134005,-26.304077118918258],[-56.71794582299544,-26.308454572191224],[-56.7215803854348,-26.31183136924676],[-56.72495777581859,-26.31219544217653],[-56.72350989898029,-26.319452127457872],[-56.71944804136499,-26.318653281920273],[-56.71882044409483,-26.319648874314744],[-56.72321343144649,-26.323414464161917],[-56.72262691939496,-26.327354567454826],[-56.72727333539874,-26.326412708867036],[-56.726885285581204,-26.330377584534002],[-56.736365427735166,-26.33429871613142],[-56.736426966844796,-26.336238433557657],[-56.73323375929415,-26.33836952056801],[-56.73519818469079,-26.34306200846646],[-56.730669466359906,-26.343549270160473],[-56.73342296169323,-26.346325466951352],[-56.73254918432902,-26.34976936374644],[-56.73710453476747,-26.349574639272593],[-56.739199170413485,-26.352666437287322],[-56.74406867321664,-26.35321967678411],[-56.74339666704366,-26.355274412412378],[-56.73837001141542,-26.356378614034096],[-56.738784735644984,-26.360483117396416],[-56.73692687941484,-26.360325319002435],[-56.73561481541889,-26.358161326170205],[-56.73393615861211,-26.358548277078842],[-56.73422081254115,-26.360295944225477],[-56.73883484182534,-26.362270978569647],[-56.74142707582617,-26.365339268272045],[-56.73803001742578,-26.36565611152865],[-56.738005287505814,-26.370623217117938],[-56.74040715672369,-26.370639780978454],[-56.742193000229804,-26.367754136120872],[-56.74717316949505,-26.367494849536563],[-56.75114553238745,-26.370250502734514],[-56.75212600280667,-26.367353849811316],[-56.75515600595939,-26.365846060808273],[-56.756947757340676,-26.368417169329767],[-56.75644829870417,-26.371067501435057],[-56.75999910846121,-26.371707341401414],[-56.75935281794655,-26.376673408326585],[-56.763219832073524,-26.37829494184083],[-56.76171369819872,-26.380242733834322],[-56.76258177750655,-26.382590620296106],[-56.75990811647096,-26.38376020449536],[-56.76142791407778,-26.38760460396307],[-56.75921067458842,-26.389752302909386],[-56.763378694085276,-26.3899908510031],[-56.76383391838898,-26.392417274532697],[-56.7618999195077,-26.39502257987391],[-56.76593918588788,-26.395443679129407],[-56.7662478705096,-26.396742344053337],[-56.764066462802695,-26.397866272839156],[-56.76087667042109,-26.395691284262515],[-56.755880205963855,-26.39670065403576],[-56.7582088128923,-26.399660509917382],[-56.76210112453964,-26.399209936049512],[-56.76076341987859,-26.404668504150088],[-56.75751248345884,-26.405784444397106],[-56.761228693497856,-26.408789256413005],[-56.76094677903084,-26.41093409724198],[-56.76328423033048,-26.410337954076933],[-56.764904730622575,-26.411858914735255],[-56.764047683814205,-26.413201031284387],[-56.75949774700202,-26.413951896973277],[-56.761342813573656,-26.417833880493518],[-56.76049413453334,-26.42090957122712],[-56.769027135005935,-26.426341051425226],[-56.77165320658253,-26.43111261739536],[-56.77630349010246,-26.42856293668598],[-56.77761086513674,-26.43084030136548],[-56.776715569434266,-26.433298424001315],[-56.77978923501477,-26.439143865755756],[-56.78128752100656,-26.43891304753076],[-56.781551253077325,-26.436376566895266],[-56.77970592365867,-26.430772233365484],[-56.78233672202099,-26.430427383963956],[-56.78408244557943,-26.43327418811574],[-56.786770700703535,-26.434107091678456],[-56.78754825827315,-26.430322979983313],[-56.78990881067901,-26.430788136287465],[-56.79582311823106,-26.439719230880293],[-56.788999985126466,-26.44412182327563],[-56.790319974094345,-26.44797555955654],[-56.787608920275765,-26.449539902336433],[-56.789434415014824,-26.453426899761663],[-56.78598489400878,-26.45393372164885],[-56.785140625022244,-26.456459682206514],[-56.78637455509452,-26.458029876787922],[-56.79177640581666,-26.45778278897142],[-56.79281912375555,-26.458851981055254],[-56.787063905437385,-26.461461036727236],[-56.790684030697335,-26.46880157062609],[-56.796626313987424,-26.471508027744694],[-56.795863950525856,-26.473728079765262],[-56.79175417524344,-26.47620332010047],[-56.793450089182244,-26.477115907483785],[-56.79707814388759,-26.47472661375897],[-56.7982865368942,-26.47906225472768],[-56.80125690704136,-26.48104919067161],[-56.79991445275772,-26.48453612629987],[-56.80392044418559,-26.486535288768653],[-56.804553455262926,-26.489569902784986],[-56.81223520314135,-26.48733164209285],[-56.82140087924902,-26.49576781443769],[-56.82005004812303,-26.504910683367672],[-56.82474666631312,-26.512771746620615],[-56.829648294882624,-26.51272350942593],[-56.830955279617754,-26.50840198654973],[-56.82891279291307,-26.50518161945836],[-56.83093804467386,-26.503721336767445],[-56.832538837590235,-26.504286633995033],[-56.83237562210919,-26.508880392168052],[-56.834290800047405,-26.511599647265417],[-56.83646575771453,-26.511983886859227],[-56.839792433279364,-26.509972391454948],[-56.842103738616025,-26.51064672506031],[-56.84342231693579,-26.515177117080814],[-56.8364552451687,-26.519405696678362],[-56.83946610868621,-26.519474125338004],[-56.840775672867444,-26.521805068742164],[-56.84371322294479,-26.522696769589714],[-56.842046961361525,-26.52573950250117],[-56.8491135731503,-26.52842334029439],[-56.84402371201175,-26.53357520754207],[-56.84744212740296,-26.53543164814369],[-56.848325444037464,-26.541554222266704],[-56.85521805095337,-26.539795325282036],[-56.85506608276177,-26.536111355692864],[-56.86483338849266,-26.52949955917963],[-56.86929194717836,-26.529483907307743],[-56.86932908156859,-26.5258592046863],[-56.87957817361667,-26.523097939917296],[-56.8840774876858,-26.508164186858384],[-56.88266053625612,-26.505162211411573],[-56.880811865968646,-26.504596169159676],[-56.873149697273504,-26.505510606453182],[-56.87364851349396,-26.50233196567974],[-56.88451234567621,-26.50260856952716],[-56.89036245257484,-26.497057210841156],[-56.89663403674519,-26.499557622842495],[-56.89911166162384,-26.49834124049129],[-56.89848737909535,-26.494805175132132],[-56.896304013202155,-26.493159850364407],[-56.88868469544063,-26.490549176467407],[-56.87973546049641,-26.49178978422826],[-56.878252098171494,-26.489441349053184],[-56.8904408857556,-26.483984371828477],[-56.894407351925715,-26.479055306157598],[-56.901573442238394,-26.476891508910448],[-56.90296223768501,-26.474277873276126],[-56.90144844736868,-26.468601994377327],[-56.90904643165321,-26.461951713857427],[-56.91238132734265,-26.46079505961961],[-56.92571458190653,-26.46499190309108],[-56.93719596436697,-26.47685219560603],[-56.94096060070581,-26.474892861317826],[-56.94614349147783,-26.475489134684626],[-56.948848968584585,-26.479263453002474],[-56.947690861195824,-26.48496758345565],[-56.959874892299624,-26.482446076664363],[-56.9620217013853,-26.4800994783509],[-56.96222133545203,-26.4753754481266],[-56.95760198567264,-26.468273166038678],[-56.95883774832011,-26.460888829633436],[-56.95348031003869,-26.45629823851909],[-56.955298472788364,-26.449316658324456],[-56.96153640883747,-26.450209813818223],[-56.966863087817735,-26.448004141902775],[-56.97157087392771,-26.448548327786433],[-56.97465242751392,-26.440632022946268],[-56.980385789174306,-26.43535796181529],[-56.993190971019516,-26.43203146842939],[-56.99147885231525,-26.421670603016373],[-56.99735069223851,-26.41865551901174],[-56.998695243403155,-26.41204881787025],[-57.0043004004686,-26.411413675761825],[-57.017066984093056,-26.41798590745246],[-57.029343063544886,-26.416977666623087],[-57.03075187327703,-26.41415436158975],[-57.033800479758035,-26.4125271859874],[-57.04228048594605,-26.41324666681717],[-57.04237112482316,-26.404653118044518],[-57.04450464427677,-26.40153897144943],[-57.058200428011126,-26.402009012702216],[-57.06336629668589,-26.39899329450734],[-57.06556101639532,-26.394792752707517],[-57.066937821279346,-26.385531135674718],[-57.07132904198045,-26.379030879392417],[-57.08698914683278,-26.376147197394875],[-57.09417369344858,-26.376891232981848],[-57.0975796367959,-26.377978890404513],[-57.10093255546692,-26.38274187637731],[-57.10521252498649,-26.385349575578125],[-57.11992775676768,-26.382017496960515],[-57.12296791857672,-26.382800685965865],[-57.12657624383723,-26.388424655630565],[-57.127679248231566,-26.393341060838175],[-57.12557462328918,-26.39909676449156],[-57.12597252059182,-26.40264503917056],[-57.14160113024919,-26.40443270303394],[-57.14584008255434,-26.406858659372414],[-57.149330896078176,-26.411807771183202],[-57.154044724421595,-26.411341339759478],[-57.16039239444763,-26.40659698654412],[-57.17058642198365,-26.4122556885934],[-57.17639445780235,-26.42746563887832],[-57.18440006129672,-26.432777376404594],[-57.18053203513712,-26.442022460048314],[-57.188029746510274,-26.448761206005162],[-57.18513097626525,-26.463184656525666],[-57.18654779928808,-26.46752024333107],[-57.194266608341216,-26.46924031020803],[-57.20556888501879,-26.46777099089147],[-57.20834083656038,-26.468892346046783],[-57.21076895597989,-26.475902487332057],[-57.2068201224233,-26.484972745069292],[-57.20878660357361,-26.48862028244711],[-57.21348076234231,-26.48828521388965],[-57.21897925052288,-26.479458504869843],[-57.222301296213764,-26.476828362835814],[-57.22599968281455,-26.47639872779562],[-57.22727966173649,-26.478365452284695],[-57.22514859584376,-26.4879254918891],[-57.21791693022024,-26.496180865524405],[-57.2180566976099,-26.497780262705284],[-57.223850531183814,-26.500191215740937],[-57.22868080994243,-26.499322228843685],[-57.23054412257487,-26.49648915307465],[-57.22943904941641,-26.490912805527273],[-57.23116801406686,-26.489351419903866],[-57.23605374964887,-26.493568036683243],[-57.23838901451285,-26.498691108370036],[-57.24107975949749,-26.499301822745394],[-57.24338503952782,-26.49002837951026],[-57.2471632364505,-26.487683996134155],[-57.250402152931635,-26.488949835744343],[-57.25124328238624,-26.498463980358366],[-57.2437928674379,-26.51049446192093],[-57.24124366735178,-26.512303478642124],[-57.23358181104521,-26.510921700215356],[-57.23299105640694,-26.511866025103068],[-57.234548925349394,-26.51571893124637],[-57.239178167939194,-26.51971098855506],[-57.23963122189026,-26.52473729945045],[-57.24362524841667,-26.529608279233944],[-57.24197437237604,-26.533941333597156],[-57.232906126405084,-26.53719167173685],[-57.232024161726116,-26.538885387183832],[-57.23629985141889,-26.54609542745316],[-57.24011498222833,-26.544496321014613],[-57.24063543451384,-26.54114199924282],[-57.242687245503184,-26.53990664410489],[-57.24574126756404,-26.541581245228947],[-57.24902119386316,-26.54692301925631],[-57.25415424525477,-26.54545810559495],[-57.253110628567185,-26.552179283499452],[-57.24692272202014,-26.555465807271638],[-57.2462425623399,-26.55767876044157],[-57.24761560744873,-26.559188226616378],[-57.25340692820129,-26.559514009894176],[-57.25317109523239,-26.565533810354058],[-57.258713615627286,-26.565831823049482],[-57.267098703905425,-26.57015589651634],[-57.26689736758658,-26.577323521265395],[-57.268988125318366,-26.579279380742854],[-57.274346718553524,-26.580501027327614],[-57.27556672373446,-26.5828504220663],[-57.271524728115615,-26.585405913908595],[-57.265632505164014,-26.582421347323123],[-57.26392483423288,-26.58458029294965],[-57.26508465045838,-26.58790978310656],[-57.26885558477102,-26.589190574469647],[-57.28149323873479,-26.587010382861248],[-57.283961486480216,-26.590337122113826],[-57.28182499717194,-26.595324826065657],[-57.28276448251436,-26.59745073129098],[-57.29469360267777,-26.582504158424076],[-57.2969668504915,-26.582514527178787],[-57.29859134545455,-26.58455491044721],[-57.293781607604835,-26.59114420147506],[-57.2946922876215,-26.594109995156717],[-57.31057043047466,-26.592592404774344],[-57.31336664168304,-26.59020653985678],[-57.31509517446269,-26.584603337381314],[-57.320949198596935,-26.584562266982324],[-57.32382507806636,-26.588503321710824],[-57.32116385877487,-26.60135059325494],[-57.327905915629856,-26.604960035265268],[-57.331492923087566,-26.609529207436903],[-57.3342962047199,-26.60958564142627],[-57.34612469739347,-26.604706916882172],[-57.348795613491454,-26.60736709243621],[-57.347389130821924,-26.613459833143292],[-57.35266441498416,-26.61212400948639],[-57.35478087650564,-26.60911609431535],[-57.35570730442063,-26.596897843271783],[-57.357278328616445,-26.594691490821237],[-57.361346657811296,-26.594419919443823],[-57.36351416581693,-26.59706476709444],[-57.36183746985351,-26.603601625375138],[-57.36473209699698,-26.61286116709521],[-57.36713456595919,-26.614170835600788],[-57.36974629657253,-26.612736237838234],[-57.37123867760518,-26.606563444775773],[-57.375262759972166,-26.607627702367825],[-57.37622973630425,-26.61157400261772],[-57.37304543038682,-26.61649581216195],[-57.37393907111944,-26.61832025215445],[-57.37757205118513,-26.61486706164799],[-57.380342622017196,-26.604990834455133],[-57.38919812239602,-26.611539123513072],[-57.39960262372781,-26.610901358165254],[-57.40580090531264,-26.613172545040438],[-57.40797157715955,-26.61814974101071],[-57.410780064472675,-26.619597484591857],[-57.4134771847179,-26.607383133102243],[-57.41608776715676,-26.605835706673986],[-57.424436901953655,-26.606482971642475],[-57.43564509597491,-26.61367222992011],[-57.436185973962196,-26.60846320393764],[-57.4290887947589,-26.59699681839845],[-57.42832124157548,-26.591586437849024],[-57.43254075482343,-26.587430168499143],[-57.44403544150544,-26.58582697208061],[-57.44700663989101,-26.581151559344743],[-57.45243372308101,-26.57818543564598],[-57.45172049127857,-26.576283924302835],[-57.446070713997884,-26.575331178105124],[-57.44821290554845,-26.57106895004645],[-57.46007844274713,-26.56923933079831],[-57.467449887245955,-26.575075972328108],[-57.471024084069896,-26.57603474815264],[-57.47317502074213,-26.574123846076613],[-57.47116660951257,-26.560132155313593],[-57.4856577525528,-26.561166037773724],[-57.489754943458955,-26.558277688170108],[-57.495321468812186,-26.567041391544187],[-57.50675666582036,-26.56674966166191],[-57.50841360135206,-26.561937073945927],[-57.499125980541685,-26.555710036344735],[-57.49895897878498,-26.55369677032215],[-57.50639483714041,-26.551375486713365],[-57.51898918769129,-26.552889908242186],[-57.52048414208173,-26.551067975894913],[-57.51075617572338,-26.543578738994636],[-57.50811954458908,-26.54017177320875],[-57.50963306674061,-26.538154263585053],[-57.51522400147499,-26.5377988180262],[-57.522753071776506,-26.540062973598626],[-57.53662618301817,-26.5367976541835],[-57.54507310068568,-26.54255039691846],[-57.54889014914955,-26.53504626903618],[-57.546884380236826,-26.524825792166848],[-57.56198266342352,-26.521693053863014],[-57.56388264202891,-26.522719551777424],[-57.56596045544319,-26.52832843245717],[-57.5711522352301,-26.529062268423843],[-57.575897189071334,-26.53362629075842],[-57.587600806950775,-26.531845905332457],[-57.59704877602714,-26.53250529947476],[-57.60415118665936,-26.524259348986515],[-57.60864143912869,-26.521557468859662],[-57.608775095935535,-26.517448877605876],[-57.6050648492248,-26.50891326354957],[-57.61132683218656,-26.50656707338461],[-57.612227085184344,-26.500610763704895],[-57.616856646174924,-26.49738327395272],[-57.620066283828905,-26.491326867714097],[-57.633203368586045,-26.49135303263183],[-57.63647823365205,-26.493881528799164],[-57.64020987423716,-26.500348242949336],[-57.643632666277036,-26.490328286149513],[-57.63892985686123,-26.482301038638774],[-57.64018447831769,-26.478941926065584],[-57.64846983403678,-26.47789849210421],[-57.65389881355662,-26.48245683255388],[-57.65492481475504,-26.488153051483078],[-57.65788043034431,-26.48908961394152],[-57.66297822773649,-26.484482940108176],[-57.6642278336387,-26.480369116537826],[-57.65424401099618,-26.47211533053469],[-57.655550838006846,-26.467107046024452],[-57.66023447616572,-26.46624710045555],[-57.66966007997093,-26.46927725004703],[-57.67487104283142,-26.4683305128341],[-57.6761201449906,-26.459605544580324],[-57.66121596969514,-26.447824217666998],[-57.66206011874965,-26.44343281398183],[-57.66815313639277,-26.439519989650673],[-57.663252707641824,-26.434847908343453],[-57.66342422961854,-26.432276092308864],[-57.6671745733094,-26.431308479989603],[-57.67200481709516,-26.434583466906677],[-57.68084917331675,-26.43417832090579],[-57.68566023331656,-26.42985270932768],[-57.684185095578286,-26.421839323109413],[-57.68485651684456,-26.419907847169423],[-57.68835383161742,-26.41824225084679],[-57.69239450121788,-26.41922879420378],[-57.69691258663125,-26.427339074561797],[-57.70828499493537,-26.4242371049084],[-57.70991759753564,-26.419673851713465],[-57.7032997767242,-26.406590651061688],[-57.70548051381828,-26.404567814433587],[-57.71254964780585,-26.40352673133151],[-57.71542986297722,-26.400904082811117],[-57.714837402454286,-26.39809010591564],[-57.71097308247752,-26.394055348425347],[-57.71553950733689,-26.3884881328025],[-57.7201103001265,-26.389031577758185],[-57.72423377368306,-26.39214070292386],[-57.728520173201375,-26.40007790478488],[-57.737765524004345,-26.40169982255297],[-57.743139337543056,-26.40059016044762],[-57.74791934470317,-26.395297842810272],[-57.74330467851805,-26.387959116595678],[-57.74937681654263,-26.382010407746062],[-57.74601483010698,-26.38028415205806],[-57.74182423443564,-26.380451247439453],[-57.73864812012868,-26.377192421571873],[-57.73275203953292,-26.37604620048253],[-57.73412046234923,-26.371177137729187],[-57.73529230411612,-26.371454076737376],[-57.7334646452504,-26.374271745530255],[-57.73465911178825,-26.375637937130747],[-57.73888130500882,-26.371485118417368],[-57.733854666606966,-26.370124504581014],[-57.730065139925294,-26.366918221865497],[-57.73124943090537,-26.363721894315653],[-57.73736902064153,-26.36288410568572],[-57.735352414103446,-26.361562830614897],[-57.736047272987705,-26.359691777598403],[-57.734289872463215,-26.357440716617713],[-57.72873066301953,-26.356034889975568],[-57.72433773126089,-26.35670088821525],[-57.72357698083443,-26.354320855947204],[-57.72274697538876,-26.355952024185573],[-57.71893823996239,-26.356921440604737],[-57.71987609129128,-26.360228064195326],[-57.717291616337796,-26.36132332463362],[-57.718147257079636,-26.363823168582577],[-57.71607930471022,-26.368473946608788],[-57.719705307909344,-26.371957304142754],[-57.71414178666939,-26.376484102887503],[-57.71321190026519,-26.374684916575447],[-57.71155075410728,-26.37529445564114],[-57.708381573149765,-26.372814882789477],[-57.703247009447594,-26.376930628718856],[-57.69650600752131,-26.37520691555807],[-57.698970199652486,-26.372308786388036],[-57.69893180015828,-26.368536265139742],[-57.70218186262282,-26.366421797059584],[-57.69892257668126,-26.36504419533263],[-57.69746454724556,-26.3667773192849],[-57.693259935502915,-26.366203533232053],[-57.68998001166206,-26.363976965189302],[-57.69129415827629,-26.360483223448817],[-57.68981289503686,-26.3596344292445],[-57.69178526221484,-26.35724103080587],[-57.6885057958022,-26.357695410082304],[-57.68800734293026,-26.35573127451144],[-57.684406230238054,-26.356229546785436],[-57.67951663695824,-26.35391845069825],[-57.68109172500276,-26.35204347159469],[-57.68325470856088,-26.352683967371497],[-57.68301691770443,-26.350966153116136],[-57.680446235070264,-26.350419549792594],[-57.681341993565866,-26.347854554146746],[-57.68474202232638,-26.347916157824194],[-57.68412389260901,-26.3429391094962],[-57.68543430514095,-26.344149552429645],[-57.689612527207586,-26.3430613521374],[-57.691355599329285,-26.344404060558656],[-57.69378933025817,-26.341583975248376],[-57.69038624404959,-26.340645438578495],[-57.69247006918992,-26.337742174601317],[-57.69021840029401,-26.337993547233726],[-57.68995239858997,-26.3394732668191],[-57.68762560186082,-26.33897513088693],[-57.68941262052289,-26.337517189129507],[-57.68644559757069,-26.337240616135325],[-57.68730095765437,-26.334520149098744],[-57.68434504102224,-26.332844407004032],[-57.68517328092106,-26.329136039094767],[-57.681894544145116,-26.32808891212325],[-57.682867031695714,-26.326106561590674],[-57.67818997636411,-26.32633286958267],[-57.67716928980648,-26.324071407448603],[-57.67444059691878,-26.32356344474489],[-57.67439319056968,-26.32212084432391],[-57.676662006154885,-26.32144856756555],[-57.67683430519314,-26.31884363294239],[-57.67839106309823,-26.320631008609052],[-57.68113260479646,-26.32067431664936],[-57.67864275231129,-26.31758463790584],[-57.68157582557973,-26.319452262263642],[-57.68359612668543,-26.319034431644983],[-57.68004330820201,-26.31730761986473],[-57.68267499143798,-26.316608894054635],[-57.68364074356211,-26.31349694406754],[-57.68253165826578,-26.31513860037651],[-57.67886718917907,-26.313493227253755],[-57.67797480339523,-26.309105629161504],[-57.680156495679185,-26.306598507506894],[-57.676831578708324,-26.305885783411124],[-57.67378697447597,-26.30907785525507],[-57.67378386308026,-26.307685300305554],[-57.669702043462955,-26.307280255877522],[-57.669006169332974,-26.306505784452746],[-57.67330323240793,-26.303534919637137],[-57.67187158074105,-26.30206097421069],[-57.66937160642629,-26.304870340525202],[-57.66439158914396,-26.305231326018582],[-57.66581189758341,-26.30370449179578],[-57.663903899960694,-26.30186932789532],[-57.66732676339837,-26.300116772121953],[-57.66343654112894,-26.299844490195756],[-57.66543264368272,-26.297628770237832],[-57.66253675610016,-26.298154201883303],[-57.66264368826823,-26.294300292688895],[-57.65907318376178,-26.297716190281125],[-57.65786556642196,-26.29542551877531],[-57.65632405619895,-26.296229655331942],[-57.655464475693215,-26.294375497493466],[-57.65778549503099,-26.293689208148685],[-57.65724295522265,-26.290574813834933],[-57.65465562467231,-26.290311252145603],[-57.65364482092603,-26.28572002756441],[-57.65248162811572,-26.28693974037209],[-57.6497592243512,-26.286292964279884],[-57.65216990707758,-26.285099211833444],[-57.649555642218004,-26.283797326314797],[-57.6512622336415,-26.28353677644776],[-57.65014435971741,-26.281600577121978],[-57.65143161528686,-26.281639886393243],[-57.65066658468119,-26.28039281890091],[-57.652142370332896,-26.279334225283865],[-57.650342048872176,-26.2783220986962],[-57.650663273972015,-26.276993357027884],[-57.655538134257554,-26.276853799363096],[-57.65621684726979,-26.273767242566546],[-57.64717675569445,-26.270806081541984],[-57.646124298094136,-26.267253327960432],[-57.64384586631573,-26.266383217671205],[-57.6442645061481,-26.26477866078504],[-57.6418420076777,-26.264730819416258],[-57.63494982581196,-26.269664308242298],[-57.629298518183845,-26.268655346499873],[-57.63172110253639,-26.263326514658953],[-57.629098994582066,-26.260552517598196],[-57.6306101397804,-26.25944432772608],[-57.620320240349514,-26.251566003342827],[-57.61984041553356,-26.23833122343257],[-57.61763080318688,-26.236900572571216],[-57.61359665775504,-26.23787043972977],[-57.61065809046591,-26.2367317279255],[-57.61376130943151,-26.231449940487824],[-57.611083425713716,-26.220296667638358],[-57.59480600570477,-26.214491379441895],[-57.59315552553458,-26.210037724148425],[-57.589989113627716,-26.207021417429033],[-57.589075820400225,-26.199702389128298],[-57.58105492837857,-26.185518324115822],[-57.576154305396045,-26.18772802779766],[-57.56556757691337,-26.179729118383264],[-57.556204365712325,-26.177887482617898],[-57.544169990214485,-26.177542536874846],[-57.53119535106057,-26.179281822032205],[-57.52849836705996,-26.173924029230477],[-57.523469408035126,-26.16966697727775],[-57.50811873587449,-26.164855110529103],[-57.503645337225606,-26.157335756097574],[-57.50339930418918,-26.155377225524735],[-57.50497392857943,-26.15444619438381],[-57.501787343573696,-26.15489526031014],[-57.49708294259001,-26.148821202096705],[-57.49990161471893,-26.157520359574125],[-57.49760714710087,-26.161916619259166],[-57.490245549801074,-26.161801913964894],[-57.48701955891758,-26.163365927440182],[-57.48502960342392,-26.166230466974135],[-57.48481743071158,-26.170046124838763],[-57.48160571504811,-26.169677667821464],[-57.47766512462461,-26.165474039295855],[-57.4820674163334,-26.161653450156212],[-57.4828327879389,-26.158598927314404],[-57.4780204735804,-26.149933142015488],[-57.478814430095284,-26.145370616631446],[-57.47238276745777,-26.138276608434623],[-57.475644655355204,-26.131340250776343],[-57.475700293894505,-26.124084856440035],[-57.48654490989396,-26.118644498434957],[-57.48774444384972,-26.116288257173427],[-57.490115700261335,-26.116632366558896],[-57.48866506702144,-26.11504358160046],[-57.48545125098272,-26.11539304529662],[-57.47494203329568,-26.112114210900046],[-57.468135943914945,-26.113369558943273],[-57.489939546865514,-26.05832249987075],[-57.48924803938166,-26.055371633409354],[-57.48403517995189,-26.04935764282881],[-57.48406857907587,-26.04603881991333],[-57.49389059407891,-26.037407519432083],[-57.49356033072147,-26.02935750666803],[-57.49961872828846,-26.025116967902214],[-57.47604970721878,-25.972293075639694],[-57.41609934240621,-25.88925118713214],[-57.415247055649886,-25.881177880330302],[-57.42120752938926,-25.8723504854703],[-57.419318399355205,-25.864418382236156],[-57.42300356770178,-25.854064781649747],[-57.427775571198126,-25.850442807173216],[-57.43282973425455,-25.851389961958926],[-57.44290603747008,-25.844624663514292],[-57.452550937291164,-25.829561624366622],[-57.45252441737689,-25.822586241648736],[-57.45649146626193,-25.817522634047034],[-57.453799139865396,-25.80839078420726],[-57.458263809854195,-25.794666345250835],[-57.461434502799904,-25.790086170457702],[-57.460080074270735,-25.783355496657624],[-57.46325227160448,-25.779256343134122],[-57.457379990036095,-25.772058875397427],[-57.4634749511176,-25.768191035620116],[-57.46240120809414,-25.765308030867],[-57.46820928617059,-25.756149130600953],[-57.4556493222799,-25.73622450452735],[-57.45772467560921,-25.734709777488263],[-57.45798452541096,-25.732218843064118],[-57.453504536176816,-25.731356513502387],[-57.44922742082397,-25.723162721708487],[-57.44411845289621,-25.71822632790057],[-57.442806334713474,-25.714293713781192],[-57.4344837317426,-25.707933937136396],[-57.43158092476158,-25.703449530462343],[-57.42684241175384,-25.70077878722593],[-57.43171619793973,-25.702642333066187],[-57.43346699084236,-25.704890606613812],[-57.43627583769836,-25.70463184351766],[-57.436187864864024,-25.70155793101103],[-57.43177951839431,-25.701042459547224],[-57.428565196968435,-25.695237427909415],[-57.42764533164593,-25.699900085799673],[-57.426140911623705,-25.699960131386135],[-57.42517456517808,-25.6980572370128],[-57.42658757947409,-25.696050023825194],[-57.422294373722174,-25.695464374473403],[-57.419830335053796,-25.69330147497255],[-57.41662601413321,-25.69451576146145],[-57.41810949503923,-25.688988888328662],[-57.4156748058048,-25.683093221191044],[-57.41724897968641,-25.676968840979896],[-57.41648250844998,-25.674112878516013],[-57.42215371623965,-25.66879548267807],[-57.42015542700287,-25.667130774036167],[-57.419435603095245,-25.662382126111897],[-57.42277385951826,-25.65430013363226],[-57.41992600980859,-25.653342757267776],[-57.42151258060929,-25.64705216330492],[-57.41799335517572,-25.645971155510903],[-57.4196076031698,-25.644547100810822],[-57.414029564234504,-25.639522606724807],[-57.413300378114315,-25.63502498819631],[-57.40630853387961,-25.628389516574675],[-57.40473599773368,-25.629778911772547],[-57.40448176974372,-25.62804696893761],[-57.396366363986985,-25.62830095193659],[-57.39469452413685,-25.63166576394962],[-57.394922764465605,-25.636061790418836],[-57.39295514082301,-25.634889820964588],[-57.38973395984618,-25.63660936944425],[-57.39113503220952,-25.63998039369207],[-57.38652282532159,-25.63719851833479],[-57.377609179884885,-25.635582852058352],[-57.37120087772977,-25.62443794716994],[-57.36450474847796,-25.62235979338029],[-57.36051294456479,-25.617023804558777],[-57.358204257022116,-25.619065796217946],[-57.3551308021398,-25.61597592873163],[-57.34586289404209,-25.61278338819514],[-57.34303213313864,-25.609611413242263],[-57.34433447349205,-25.606294251729906],[-57.342951951217024,-25.598852058098228],[-57.34354693069155,-25.587179045642635],[-57.33996436685649,-25.582879973755592],[-57.336117965935735,-25.58261795260188],[-57.334806912424746,-25.584697923213334],[-57.33073583487219,-25.57890071014026],[-57.32412244697937,-25.546417399949462],[-57.322905194552206,-25.528435481333002],[-57.318424329213094,-25.511098471868788],[-57.31538188703322,-25.479063358997344],[-57.312050831335114,-25.461307619875296],[-57.3194602361731,-25.454938766486187],[-57.318747907446486,-25.44718767117176],[-57.31529215767604,-25.448694186796995],[-57.31287221549136,-25.447525402584226],[-57.292278703076754,-25.449401015982158],[-57.29098947424682,-25.451363187778806],[-57.27704873099821,-25.441623687027025],[-57.24861008362695,-25.433872218025744],[-57.23858415880308,-25.429391644675885],[-57.223010309325026,-25.418624622170608],[-57.217909718452354,-25.402679807235113],[-57.21418073618468,-25.405353815972706],[-57.207351662187286,-25.405711281339407],[-57.195021592974776,-25.40178313316414]]]}},{"type":"Feature","properties":{"shapeName":"ALTO PARANA","shapeISO":"PY-10","shapeID":"63826900B70318852287741","shapeGroup":"PRY","shapeType":"ADM1"},"geometry":{"type":"Polygon","coordinates":[[[-55.426062279886665,-25.55754175774891],[-55.378435707499456,-25.361913938142276],[-55.355385757042335,-25.357608974267084],[-55.338556093397905,-25.34512244002591],[-55.32845953225165,-25.335260142140445],[-55.30715287861946,-25.277278627919266],[-55.28986227547145,-25.251734422859787],[-55.280662890842905,-25.249228074707087],[-55.255248897301726,-25.25057959693614],[-55.24829839984391,-25.252296904797156],[-55.22511591060109,-25.262800224083243],[-55.21796510713447,-25.266677337820337],[-55.20874429148603,-25.27584190943091],[-55.19136922422303,-25.29759021465804],[-55.17272342255389,-25.31229678465408],[-55.15965235744662,-25.3203945177491],[-55.145009034830984,-25.325307016562437],[-55.12367763084292,-25.327808355020665],[-55.11023871648522,-25.327185190495012],[-55.08864403997476,-25.322604988008187],[-55.066607360319374,-25.314621576699423],[-55.05865518970523,-25.313609776653156],[-55.05067052480307,-25.314637308992474],[-55.042375067105354,-25.31950591954662],[-55.04031727759903,-25.323554403072478],[-55.03153365555071,-25.35851729827558],[-55.02481572668096,-25.373367352863028],[-55.021251397137156,-25.37807227673677],[-55.008410950591845,-25.38627166646917],[-55.00016789812732,-25.38751838285847],[-54.991959008526216,-25.38672948648339],[-54.97992422389366,-25.383788842690034],[-54.97102117287736,-25.37982077309472],[-54.96613026199693,-25.37620109582513],[-54.96434755951526,-25.37292671480942],[-54.96621858612025,-25.36569938523121],[-54.960671126739065,-25.361208400040653],[-54.950200225254235,-25.365364273063932],[-54.954467755990805,-25.370546469600843],[-54.943815757484344,-25.36696323242352],[-54.933436496596194,-25.377532744317598],[-54.93166671040221,-25.37420854233757],[-54.93317104289575,-25.3681365312305],[-54.92556163083444,-25.368683888618992],[-54.92324621209288,-25.366457696065748],[-54.93505760860115,-25.357028325054266],[-54.93500052276843,-25.35446839257937],[-54.9505125925084,-25.346624111326634],[-54.945617019696066,-25.34276906456885],[-54.93918980864378,-25.344394366285215],[-54.94158656844871,-25.340564357124496],[-54.938192126889945,-25.333773733894088],[-54.941587366395716,-25.32294372597158],[-54.948758846973355,-25.316643605887823],[-54.95566207925719,-25.319361898211056],[-54.95758149526531,-25.321536953248216],[-54.96444087750048,-25.316662487345724],[-54.96134121799258,-25.313351839391416],[-54.963444477594194,-25.30613218403459],[-54.960365337285644,-25.305096629674864],[-54.95695948509788,-25.30781625215574],[-54.95481469665877,-25.304401364360146],[-54.96057402942083,-25.29600474428942],[-54.96248858917683,-25.29693392353137],[-54.962479078741616,-25.30050851530818],[-54.96377753546279,-25.3002059948818],[-54.96725160890793,-25.294156135637245],[-54.96817539875382,-25.28635590653104],[-54.974729444015324,-25.283313641304524],[-54.975406223390586,-25.27970304853706],[-54.97716816729073,-25.278490501930232],[-54.972488238958135,-25.277740188558447],[-54.97418026821063,-25.27106077883145],[-54.97260159846969,-25.268755226502524],[-54.97086129266241,-25.272179670945455],[-54.9651782452845,-25.272327077637662],[-54.970037727938006,-25.26708155007437],[-54.96749864228367,-25.2613910985985],[-54.96423726689283,-25.26189680134698],[-54.963837698273984,-25.256876720671944],[-54.96671662938727,-25.25652824074129],[-54.96513307733741,-25.249695443209262],[-54.972006504360614,-25.247474554672415],[-54.974674166517836,-25.2480302362393],[-54.974313901691964,-25.252769072940392],[-54.97029237163671,-25.258486697218217],[-54.98021046857317,-25.2636960336594],[-54.991495666754226,-25.257562599126825],[-54.98902197557942,-25.255985262534296],[-54.98411257198834,-25.246859493466243],[-54.98994561054346,-25.245593963053324],[-54.9953076020715,-25.24123447990899],[-54.99368019869925,-25.249255655100168],[-54.99784420917902,-25.249330238826797],[-55.003323090961025,-25.25196818555783],[-55.003688621844894,-25.242625380475943],[-55.002141747125854,-25.24101565824863],[-55.01085641311341,-25.241237117703232],[-55.01700891019627,-25.244222152227128],[-55.01706989475581,-25.235841090794292],[-55.01261660814552,-25.236377037003965],[-55.01259672910616,-25.23370919508786],[-55.02193419538312,-25.234859145585933],[-55.024470023545526,-25.228912453158458],[-55.01796136393534,-25.22998528234441],[-55.017335958354636,-25.22796830462895],[-55.02490226013293,-25.22396671674837],[-55.02843532662793,-25.225693000655788],[-55.02688796668409,-25.222413457274477],[-55.0187236498591,-25.21487016667279],[-55.01944148513827,-25.21339929992596],[-55.02261292442133,-25.213071644677022],[-55.02459773133696,-25.208607059733033],[-55.015993759669854,-25.20517877736354],[-55.01336926678256,-25.199447263724295],[-55.00827545217589,-25.19945094891627],[-55.009758821152914,-25.19407256600346],[-55.01598322338913,-25.196074529858645],[-55.01949408818239,-25.19244744838609],[-55.02251849591286,-25.193088245425937],[-55.02104046287209,-25.190269978568566],[-55.02466087676639,-25.187673348164758],[-55.025810945724075,-25.18510686111955],[-55.02393663394007,-25.184522132284044],[-55.02710232432314,-25.182925912689477],[-55.02695944682936,-25.180748395856785],[-55.03047775927599,-25.18046577904159],[-55.02888200303378,-25.17617454523179],[-55.03054063688199,-25.174973413552042],[-55.032562483036905,-25.174472207029247],[-55.032537115763084,-25.177094346217867],[-55.03460036889744,-25.1746708137525],[-55.035301309973356,-25.177356767317914],[-55.036173144547554,-25.175495142843026],[-55.039361460832204,-25.174359342215695],[-55.04289978963889,-25.176265851969],[-55.04170726829985,-25.173370302572035],[-55.04534361110318,-25.1730979094633],[-55.04637793381921,-25.170443940602333],[-55.05379857970727,-25.174116630934737],[-55.05462775108999,-25.172150504723177],[-55.05243330897459,-25.170410919962492],[-55.05282902291639,-25.166069368990453],[-55.05504933265192,-25.1655885091972],[-55.05422827720535,-25.168452988771058],[-55.055329519918935,-25.169771944691412],[-55.05731808766981,-25.169012667755272],[-55.05574267198566,-25.167294798546408],[-55.0590862816423,-25.166977586897193],[-55.057075614445274,-25.166278650051737],[-55.05839964186424,-25.165158554496447],[-55.05609073027078,-25.161219314872326],[-55.05750273477671,-25.15782994801229],[-55.06102259551513,-25.157876095719327],[-55.061557310951265,-25.160835116138657],[-55.065467213736845,-25.158602289718676],[-55.06347275385517,-25.156608197329955],[-55.06515287570657,-25.15546109357745],[-55.069084858904546,-25.157755791836763],[-55.068118055766135,-25.15490399682218],[-55.072259913958426,-25.15497153024034],[-55.07734833718013,-25.14495834294831],[-55.080608224622054,-25.14277982825712],[-55.08212704408116,-25.147448751000642],[-55.08372927090121,-25.14686464115916],[-55.08193152289895,-25.144015707660408],[-55.08530462363156,-25.14530066338563],[-55.089122321869496,-25.1447902602072],[-55.08563408366265,-25.14281779863492],[-55.08931543158846,-25.14230111025142],[-55.090835616168924,-25.136186395207858],[-55.09436229642632,-25.13415994886153],[-55.092188753783496,-25.13095873155525],[-55.09353136941351,-25.12979338496711],[-55.09247577991982,-25.127843352660147],[-55.09882573904357,-25.128629135380862],[-55.09865691425097,-25.130125572741928],[-55.10060268445376,-25.129911296955825],[-55.10257120169996,-25.133358037200598],[-55.1032186993723,-25.129881619077587],[-55.10537922875219,-25.132337730947334],[-55.11020798177478,-25.128002884369472],[-55.11278678541958,-25.12978714489557],[-55.11360704853918,-25.12775279822936],[-55.11162282002617,-25.12640043769095],[-55.11354794146108,-25.126758989148886],[-55.1157953863694,-25.12380390046303],[-55.12017039523802,-25.1227490472908],[-55.119778321693886,-25.12095205202609],[-55.12618367439095,-25.117611634454875],[-55.12925216249775,-25.11406182839648],[-55.130368621799306,-25.11395855345277],[-55.131334448324054,-25.116954440370947],[-55.132204992496575,-25.11382823226054],[-55.13524831648805,-25.114981493667543],[-55.1349408950509,-25.111921690728227],[-55.13801846665895,-25.111508987539953],[-55.138467492491245,-25.105307953130907],[-55.14512290807203,-25.098408273864976],[-55.15036620162591,-25.09730916355057],[-55.14870627539867,-25.098701322847475],[-55.15107823891228,-25.098870849090137],[-55.1511756362952,-25.100758903094565],[-55.153997728974566,-25.09868603857002],[-55.156490954885676,-25.100563272984733],[-55.154873426952555,-25.09876013312899],[-55.15718179759814,-25.09788152714179],[-55.15593594050341,-25.095550367829304],[-55.15687218280738,-25.096627306435035],[-55.159834802078144,-25.096041168362117],[-55.15872140761499,-25.094420370736763],[-55.16209454597702,-25.09198402997855],[-55.15771454320261,-25.092349488741057],[-55.15944580189791,-25.08667432872591],[-55.16364664507532,-25.083146791348483],[-55.16518159253024,-25.087201301292247],[-55.16681385140161,-25.08560546904733],[-55.168990091104206,-25.086422297642553],[-55.16732467531336,-25.083756523825052],[-55.17049281302358,-25.08353381618714],[-55.17166425260365,-25.08150340904006],[-55.1680366768092,-25.075509195603612],[-55.17112725337656,-25.07023432136031],[-55.17401122117,-25.07018406543976],[-55.17402836200853,-25.065101483978182],[-55.17730663047998,-25.06200903829883],[-55.17629401367966,-25.05881420738901],[-55.180287116676666,-25.05662875558663],[-55.17850075596371,-25.05498631034562],[-55.18048183911445,-25.053845978815822],[-55.18318873094857,-25.05519271174422],[-55.18539843612194,-25.052574501186353],[-55.18298040791473,-25.05087924697119],[-55.18562925238907,-25.05115990922212],[-55.19103037650446,-25.045479402496028],[-55.193395292129594,-25.046573507867656],[-55.19326725282931,-25.04296972433586],[-55.201866955913744,-25.039092660269144],[-55.20206151005603,-25.046136987098215],[-55.20412997049467,-25.04569254868498],[-55.204935650837164,-25.049318070636442],[-55.206621853509404,-25.047009174031757],[-55.211614265988565,-25.049100719915398],[-55.21012230641031,-25.045119370316012],[-55.211768500765295,-25.046240640858446],[-55.212448507366034,-25.044240052954464],[-55.21530967888817,-25.044012641784562],[-55.215438018460745,-25.04905192293718],[-55.218287566772965,-25.048864948140945],[-55.21695571987596,-25.047715922860768],[-55.21801445203421,-25.046676843594632],[-55.21943194314338,-25.05107252985331],[-55.221298909570564,-25.051586942373778],[-55.220288654479106,-25.048238911260782],[-55.22452246072216,-25.049693478835],[-55.22562378747811,-25.0465964146322],[-55.22373360119061,-25.045075132975562],[-55.22580275179281,-25.043027883423214],[-55.22791946885041,-25.046068587310227],[-55.22851914776121,-25.044726018154375],[-55.23331635731175,-25.043604968897526],[-55.23097720744283,-25.042850352414654],[-55.23269665514296,-25.04276248205009],[-55.232381237493136,-25.038971372077054],[-55.22762148593663,-25.03762813113101],[-55.23180551898548,-25.0367480797711],[-55.22708135816626,-25.03500349312198],[-55.23105232094673,-25.032175323134414],[-55.228192152794186,-25.02985257888173],[-55.23119025655885,-25.02903512615298],[-55.23260628105216,-25.031178135132482],[-55.23851212346446,-25.031532659440867],[-55.23644987329729,-25.034338564407072],[-55.23719579848683,-25.036098904591654],[-55.241662679723426,-25.034269440904787],[-55.250042217143154,-25.0381286754414],[-55.25448183043305,-25.035287325060178],[-55.249779412367424,-25.032469332850688],[-55.25561350120839,-25.030375652582766],[-55.25665064090047,-25.033240783932246],[-55.26609124271709,-25.036596960157866],[-55.26756243982588,-25.043502774862652],[-55.270620830528344,-25.043208880006155],[-55.275457273134975,-25.038326578003293],[-55.281226545910755,-25.03856498087611],[-55.27728839859867,-25.030949040392706],[-55.27549317661412,-25.03040005446682],[-55.273714564038265,-25.03322334771302],[-55.270236296508415,-25.03097093785996],[-55.275032016958825,-25.025997863861864],[-55.278478102974084,-25.026692385485223],[-55.2774407096829,-25.023944751928],[-55.273430272246216,-25.024950024039345],[-55.273048975335755,-25.023343050740063],[-55.275867142298964,-25.022165962871473],[-55.284351689850155,-25.025225477379507],[-55.28706837265703,-25.024083116640384],[-55.2867898519791,-25.020725835284882],[-55.288968370696054,-25.02064710303131],[-55.29111280315175,-25.0241025919515],[-55.295877077079666,-25.021417155150267],[-55.29869898056564,-25.021882851089373],[-55.2974462086139,-25.015548561740335],[-55.30062525422111,-25.013454209791952],[-55.29970846239536,-25.015678281405993],[-55.303196612280345,-25.016097335437014],[-55.30245150313654,-25.014215412542946],[-55.30372634296888,-25.014997388280417],[-55.311134432546055,-25.010982778868073],[-55.311184917448806,-25.009963127139166],[-55.30756281261812,-25.011781817278532],[-55.30957737465495,-25.01018862909904],[-55.30859581189455,-25.00508537086056],[-55.31340454018327,-25.003325252085908],[-55.31368706579142,-24.99977571816112],[-55.31138066648026,-25.000584690035843],[-55.30954536395834,-24.9969659628379],[-55.307193441276524,-24.99865915084187],[-55.30781915615261,-24.995334737754263],[-55.30574719103768,-24.99666091822262],[-55.30621860895072,-24.99492829289403],[-55.3044479490858,-24.99509771865548],[-55.30406587439606,-24.993838396026984],[-55.30607917941766,-24.992046599221595],[-55.304577979842016,-24.991126642824014],[-55.30815360044212,-24.988228556567666],[-55.3073725935554,-24.983457108816157],[-55.30883818418222,-24.98217817462082],[-55.31327240952148,-24.98365953509249],[-55.313010808572834,-24.978103992677063],[-55.315135651967594,-24.978683322995913],[-55.316217888627996,-24.974768133607107],[-55.31817650215408,-24.974275648860964],[-55.31850366363493,-24.971931908128056],[-55.32075051025797,-24.971727044264114],[-55.32115262382629,-24.969785913664442],[-55.322657842930255,-24.96980739702431],[-55.321994635776406,-24.97146570230986],[-55.32830449473877,-24.97197910543856],[-55.331100235892,-24.970963155893617],[-55.33013901487139,-24.96957550748649],[-55.332831492949154,-24.9682243036849],[-55.33026965632273,-24.965446367262533],[-55.33250434996515,-24.96383722764891],[-55.33439171513852,-24.95877973035917],[-55.33231614057832,-24.952815636781153],[-55.33449196448612,-24.950962020943145],[-55.33230840768603,-24.950495181994576],[-55.33477806200327,-24.94929491438688],[-55.332509611419795,-24.947229054896937],[-55.333594442628765,-24.94383738281156],[-55.33097949386602,-24.946227792491886],[-55.329486562370995,-24.94508698789773],[-55.331367850273395,-24.943496454970454],[-55.330640498151524,-24.942174633763024],[-55.32759416658082,-24.94282213066909],[-55.32784463195236,-24.941186239137366],[-55.330597844729716,-24.94102299959641],[-55.32936376001481,-24.939049943542912],[-55.33364868050952,-24.938610380582563],[-55.329924220100764,-24.93558018571664],[-55.3310520728482,-24.93482538461094],[-55.32985241278492,-24.932735345997123],[-55.33160488814882,-24.932791091976284],[-55.33070506328671,-24.9311377936562],[-55.33280517026022,-24.92987020009737],[-55.330412145519645,-24.929820838130798],[-55.33177203561225,-24.92782266829231],[-55.330800579457346,-24.926895378968506],[-55.330909694678404,-24.92858045210084],[-55.329427903697116,-24.928464533987707],[-55.32891143811345,-24.926242201244598],[-55.32980647610102,-24.924297521999282],[-55.33434716659121,-24.92550852181954],[-55.34090308610322,-24.923744296541432],[-55.34175669265873,-24.921735874185806],[-55.34485105203482,-24.920506241066285],[-55.34533786935449,-24.91815514317624],[-55.34363737392063,-24.91811368757432],[-55.34418744280026,-24.914919108296964],[-55.34139309769744,-24.913159045167877],[-55.34229258705545,-24.91062745700184],[-55.34021660564738,-24.91248234110022],[-55.33902200681566,-24.910247969717012],[-55.33545227127283,-24.910953033685704],[-55.33528581179828,-24.909064171848872],[-55.33740557930072,-24.90939028361464],[-55.338565054284295,-24.908008266942907],[-55.326875753616456,-24.900817126712568],[-55.32929381309423,-24.898505793187635],[-55.32621160514321,-24.897306535734515],[-55.32734973122306,-24.895626417576285],[-55.325880221246365,-24.892106792163535],[-55.32967721779911,-24.892221580319617],[-55.33013467436317,-24.890867877287217],[-55.32893601728969,-24.888227096782487],[-55.32509170293896,-24.887822844590392],[-55.327456862646166,-24.88593077025669],[-55.32505343132828,-24.883551829751838],[-55.32621210913068,-24.882494925846704],[-55.32671160024686,-24.884310787323447],[-55.32908444093757,-24.884093599263625],[-55.32997640851563,-24.88166131000321],[-55.33343788188217,-24.88140205576662],[-55.33372931506849,-24.87964470305141],[-55.329361844422,-24.877176175959708],[-55.332003994183914,-24.873937317093006],[-55.335530884660265,-24.874134688638325],[-55.336734936238,-24.87180062928608],[-55.33533408289935,-24.870448757146058],[-55.336912176905315,-24.870204511104074],[-55.3376830721735,-24.86750897792827],[-55.33903400621035,-24.86699582917085],[-55.33832521969253,-24.86888850078609],[-55.34084263168592,-24.868243853866122],[-55.34103404253894,-24.867018065575717],[-55.338324116230034,-24.866103109513354],[-55.341669138692865,-24.8651742184759],[-55.338277700048984,-24.862635539687208],[-55.33981334420772,-24.8617181410373],[-55.341994054596476,-24.863954425016495],[-55.34418151791699,-24.861279085910795],[-55.343610684351326,-24.86034730278871],[-55.34237980242976,-24.861511903419284],[-55.34087420241734,-24.85971651005709],[-55.34199249739666,-24.858460383513446],[-55.33953307431522,-24.857557265413394],[-55.34099126745177,-24.854512707060557],[-55.34364161886917,-24.85644720126573],[-55.34254373265778,-24.854597659047123],[-55.34533222839274,-24.85298533256873],[-55.34222034835441,-24.849303187424894],[-55.343201053317955,-24.846528677483153],[-55.34652592539295,-24.84991069390884],[-55.3500836443735,-24.846803481850603],[-55.34758896553982,-24.84474893666839],[-55.349263946998704,-24.84328220863568],[-55.3469861586801,-24.84189818574488],[-55.34742509233478,-24.84083763833736],[-55.3461636649731,-24.84110808998451],[-55.3467516174574,-24.839304314859085],[-55.34561025296597,-24.83812696284414],[-55.34407016631091,-24.838985700849832],[-55.3454134083605,-24.83679303017696],[-55.34159952116472,-24.834868243648657],[-55.33911078984581,-24.83563965602599],[-55.33788966171533,-24.833590081478185],[-55.33899008039147,-24.832591087643678],[-55.336546201028575,-24.832044750263496],[-55.33386667619051,-24.826006230084502],[-55.33584321188343,-24.823342172863477],[-55.33466593409878,-24.823527697112812],[-55.3337406130892,-24.820686852127725],[-55.33483864522239,-24.81851862464306],[-55.333570922703856,-24.81562430635439],[-55.33782447335795,-24.81202399811297],[-55.33622179392789,-24.811942974300134],[-55.3360962134429,-24.80912457979795],[-55.33443092356514,-24.809891552123066],[-55.336020549246,-24.807846157188326],[-55.33429727069386,-24.807217528637832],[-55.33499055510391,-24.804191557878188],[-55.331581898514024,-24.801544244262665],[-55.33010987697464,-24.79721203781466],[-55.33100998993528,-24.794761723224923],[-55.3288516959135,-24.79252105380394],[-55.33043195955125,-24.792502578995677],[-55.32904117997248,-24.791204959696135],[-55.33126118080855,-24.78703131941942],[-55.33027362684609,-24.785444770747862],[-55.328228839930944,-24.785539319102885],[-55.32929025639017,-24.784747604327954],[-55.328453656906454,-24.781447249195214],[-55.32686045359236,-24.778246781480725],[-55.324662402996516,-24.777888130883973],[-55.32557586742196,-24.777248274465503],[-55.322978717558684,-24.77287633162092],[-55.323843446712246,-24.771491058754737],[-55.32070472604317,-24.766363624193232],[-55.32201905858876,-24.766563448780875],[-55.32153336125213,-24.763799693765293],[-55.32284666698108,-24.76250973832235],[-55.32154532699223,-24.76171416431419],[-55.32311565330461,-24.761117792637577],[-55.32320318501291,-24.757958673345765],[-55.32434629052769,-24.75820170153897],[-55.323381600198765,-24.751112279329977],[-55.31961233326619,-24.746361501003364],[-55.31683819589836,-24.7457841186467],[-55.315994086706986,-24.741291809836458],[-55.31363479417592,-24.74061520246498],[-55.31462867417244,-24.737980929546765],[-55.31191972549359,-24.73698435592849],[-55.3112818671654,-24.734254973520603],[-55.30969784394364,-24.734286777696095],[-55.30341656607138,-24.72572871486766],[-55.30367978513521,-24.71934830575033],[-55.30101227737075,-24.7159729241803],[-55.30259094119712,-24.715453584038855],[-55.30108490879048,-24.712488615606198],[-55.30408008351284,-24.708409870473602],[-55.30358074599303,-24.704413470837867],[-55.30580782361516,-24.70517448963035],[-55.308660889444525,-24.703039753059635],[-55.30970411089509,-24.699706310624887],[-55.31051780480897,-24.700699623003164],[-55.31208419301583,-24.69956155506945],[-55.313196959804664,-24.69683379999155],[-55.31518078344602,-24.697673202388145],[-55.31565764817134,-24.693814185621395],[-55.31781629671274,-24.69276395732084],[-55.317388377117254,-24.6880641251707],[-55.31596478818527,-24.687966899644767],[-55.31615287276448,-24.685598919871772],[-55.312856962265634,-24.682130927118358],[-55.314618326795745,-24.68144645620646],[-55.31475289528686,-24.679660241407422],[-55.316037554705666,-24.67993198026859],[-55.31615245019997,-24.67809136877357],[-55.31394139916387,-24.67708691805162],[-55.312283850446,-24.673596677960244],[-55.3095508959901,-24.674116700074773],[-55.30678985431865,-24.670221222060803],[-55.305753084591764,-24.66367711719436],[-55.3024584269834,-24.660497862266475],[-55.30342924553934,-24.6585721295742],[-55.30110413825707,-24.657724223858253],[-55.301255097201455,-24.65555899454181],[-55.29790456413535,-24.65224358528189],[-55.29871552111441,-24.651634289920686],[-55.29530454960049,-24.650417361321423],[-55.29581337832902,-24.649231319119306],[-55.29217818239067,-24.644896814960617],[-55.29488277646558,-24.63937475212459],[-55.296296657376686,-24.640099552985163],[-55.30103327547075,-24.63827966434738],[-55.30133952013865,-24.62896527273717],[-55.29938028879791,-24.62662269205113],[-55.30055794855659,-24.624356200302344],[-55.29858205846894,-24.62010380419271],[-55.29551816901113,-24.620484443428445],[-55.2945568130724,-24.619362988075245],[-55.29478436653163,-24.616422138916352],[-55.29262310564694,-24.613115609696994],[-55.299249787225364,-24.602274675445674],[-55.298426772389455,-24.599556685409226],[-55.306713174269376,-24.58988981361466],[-55.30533793277052,-24.583946806313538],[-55.30293614692017,-24.58105756532334],[-55.304412372023855,-24.57660484233656],[-55.302125060836595,-24.575992187829804],[-55.30118571285385,-24.573715318104718],[-55.30199612276893,-24.566925621228474],[-55.29799643846447,-24.562542054289057],[-55.2953164397292,-24.56238083483951],[-55.29253989687002,-24.56010117828754],[-55.28844439457902,-24.55427165599101],[-55.28756149045398,-24.54745829342544],[-55.28307867979309,-24.54501913651213],[-55.28038335473219,-24.540898293773306],[-55.2766035547801,-24.53407890196724],[-55.27552320542975,-24.527728221523414],[-55.2714247261976,-24.526119295359095],[-55.26930699018146,-24.5230251680981],[-55.25663401509312,-24.521181795925614],[-55.25116258349188,-24.515150362816758],[-55.24556141228703,-24.514633890329684],[-55.236825617733714,-24.51934894832161],[-55.22912422345528,-24.516410144844713],[-55.220522131217855,-24.517103464041817],[-55.21456034952709,-24.515227270064514],[-55.20001163650919,-24.516250706279155],[-55.192712581453236,-24.519151947959877],[-55.186893326239044,-24.517556270822382],[-55.174663748674874,-24.524311194792148],[-55.16409770076456,-24.52695473664568],[-55.1616991972049,-24.528925354177378],[-55.15763056372342,-24.528464903663586],[-55.15668746526618,-24.523225831689455],[-55.16065273354528,-24.519211369279667],[-55.1602614719498,-24.517491164160873],[-55.153501411234146,-24.512280339930072],[-55.149414205347966,-24.51110620872751],[-55.1387671418966,-24.49678219492927],[-55.1430230816659,-24.488102340904227],[-55.15463539684064,-24.479056762882596],[-55.154518461903834,-24.47624607230168],[-55.13956748906316,-24.48244586449104],[-55.13403626929872,-24.479881228641304],[-55.122469964190515,-24.493831383167876],[-55.12061965487866,-24.49833614753195],[-55.114136361474664,-24.504967947746085],[-55.11269657169166,-24.508340132407188],[-55.11240411957731,-24.518046565193462],[-55.114884656597916,-24.524578061953083],[-55.11311637776455,-24.53616650815185],[-55.10961940565917,-24.540451824937556],[-55.102953967311606,-24.5437040820562],[-55.08071229053031,-24.54978747793511],[-55.07045521768073,-24.548442203203802],[-55.0663744870185,-24.546548141225657],[-55.0639786790802,-24.54902723657566],[-55.05488595035208,-24.551203321736473],[-55.052729455697325,-24.54883265512068],[-55.05039308423807,-24.54992194527804],[-55.046099095373044,-24.548074242442866],[-55.04434755082407,-24.548882116280193],[-55.03129854025832,-24.544369696883628],[-55.015580482653924,-24.549797096419283],[-55.00942337199795,-24.5493231763782],[-55.00496587138008,-24.551381306409375],[-55.00051626201034,-24.54966569384073],[-54.997195865074005,-24.550966775194457],[-54.99354752128918,-24.54949633641339],[-54.98691235763946,-24.551773176492713],[-54.982374680258445,-24.556501812155],[-54.97800113320488,-24.558208141601813],[-54.97820910914379,-24.559434215667316],[-54.97448583556487,-24.55917204871734],[-54.97085747850054,-24.568494170946334],[-54.96618577384966,-24.568914151104547],[-54.96410536542899,-24.567634871541983],[-54.96148427492264,-24.569229586760084],[-54.959565456288814,-24.56795614126605],[-54.95705728937483,-24.568786901910745],[-54.95251276698872,-24.565142696660867],[-54.948095170969715,-24.566356543699346],[-54.94372325315705,-24.564360509601055],[-54.93898371523385,-24.570410714908434],[-54.93645357886677,-24.567908241551986],[-54.93579247379103,-24.569391525942308],[-54.93509265073112,-24.568328335834458],[-54.93195397085726,-24.568043079020715],[-54.93074787586897,-24.569264065296323],[-54.92912333903578,-24.568095183115496],[-54.92879412267429,-24.569721309908324],[-54.92636420376154,-24.56863959678597],[-54.916518829911816,-24.574585884195187],[-54.91415851955891,-24.573868921778622],[-54.91116032269345,-24.578257026941948],[-54.91175065063747,-24.59053868711706],[-54.90848527063323,-24.591292238865112],[-54.90950336105147,-24.59449597842732],[-54.907243164363194,-24.598843783224755],[-54.90255666891537,-24.598469927479723],[-54.903852502890814,-24.598786634239385],[-54.90468386721991,-24.605089780425537],[-54.90274438515703,-24.607780471034104],[-54.903977780014564,-24.61250139874349],[-54.898344327292406,-24.614354055750436],[-54.89792390894449,-24.618608523221734],[-54.88872316448533,-24.616638520009282],[-54.8897149142837,-24.618635823007324],[-54.888383390047764,-24.61942610658665],[-54.89020629037858,-24.622447688685295],[-54.893574416200266,-24.62351502213698],[-54.8969561943427,-24.621360686977994],[-54.89890757992511,-24.629243414265563],[-54.89039685594327,-24.629871832961125],[-54.88711665308497,-24.63353402390498],[-54.883850993107785,-24.632457809322936],[-54.88076693782486,-24.635603751287963],[-54.87668359434077,-24.635839025823568],[-54.87550152758574,-24.634153243773365],[-54.87561925052776,-24.63531256949813],[-54.873655603931496,-24.635628847726586],[-54.87136777250414,-24.633859624736793],[-54.86399577132413,-24.636263653452744],[-54.860695505740146,-24.640094160012826],[-54.86066344475144,-24.642274184163497],[-54.85896337441894,-24.642040757319524],[-54.859649749539244,-24.649219612442458],[-54.858803012361825,-24.648161476105415],[-54.851315925782515,-24.650188569889732],[-54.85022445249478,-24.648662801790977],[-54.846794989199594,-24.648919707704948],[-54.84665277808863,-24.65098190435909],[-54.8450748355826,-24.64985277621794],[-54.84193658566472,-24.65249030146503],[-54.84370928272211,-24.656495445399944],[-54.84186489772816,-24.654883592818702],[-54.83995540574735,-24.655874313856827],[-54.837706812327156,-24.654400723795135],[-54.833368666762276,-24.65639314088114],[-54.83264678161427,-24.658130806159893],[-54.83532590903145,-24.658829620572526],[-54.83429634697828,-24.66041408626948],[-54.83596030578665,-24.658917797713695],[-54.83573657934324,-24.661564590172528],[-54.84068375190363,-24.6632118640796],[-54.84006644760887,-24.664788350366422],[-54.83567897363936,-24.665492291124455],[-54.83628748509642,-24.667672212367062],[-54.83854253528816,-24.668783292605323],[-54.83926970300724,-24.6679197180452],[-54.8413994946587,-24.670693352269343],[-54.84045717908213,-24.67341350462866],[-54.83876541397775,-24.670316072565015],[-54.83498095518748,-24.668792421620164],[-54.833414668290885,-24.669927466300763],[-54.833955317512974,-24.674561161641485],[-54.830696771590944,-24.67469078014408],[-54.82927436462017,-24.671917934243385],[-54.83060637098331,-24.669036126243537],[-54.82817977508798,-24.66843385294632],[-54.82898648188916,-24.663861472595784],[-54.82305848814617,-24.662455307293875],[-54.82153901299332,-24.663530466674256],[-54.82340925558399,-24.667160655253866],[-54.820885531364034,-24.66688229874644],[-54.82024802065819,-24.668435149032923],[-54.82163879158089,-24.668622699899387],[-54.819813887780704,-24.66911691507284],[-54.81318556783507,-24.667602551690702],[-54.810643719473894,-24.6733164434193],[-54.809307848706304,-24.672897135025206],[-54.80986146440105,-24.673825732256603],[-54.806866189932045,-24.676357599600397],[-54.80682080113922,-24.6751714205164],[-54.8053263474752,-24.675382033943084],[-54.80476214553286,-24.671863728939407],[-54.803934003799895,-24.674120368603916],[-54.80146756575528,-24.673182349774624],[-54.80127161486463,-24.675071653052512],[-54.800033774437864,-24.67391826985827],[-54.79774498488656,-24.675401184579812],[-54.79638099471265,-24.67368890928137],[-54.79617376889659,-24.667288883172],[-54.790176791254446,-24.667597173048364],[-54.783840791028446,-24.66425755873499],[-54.782604433056356,-24.660920996291186],[-54.78081608826225,-24.661182890115835],[-54.78242767141429,-24.658736672322785],[-54.779324320793215,-24.658571617101764],[-54.78134037839854,-24.655552001559943],[-54.78036515362566,-24.65323667646829],[-54.77613284843077,-24.649345692537427],[-54.774795534514496,-24.650010620667118],[-54.772005352853874,-24.648450112458846],[-54.76815590639424,-24.649490760519683],[-54.767233661210476,-24.655464955144925],[-54.76830115244077,-24.655990899084877],[-54.76246567453701,-24.657819653340724],[-54.76144930781474,-24.656809301396855],[-54.75042287847759,-24.660872097599935],[-54.75115480341202,-24.656763639779754],[-54.749814906296706,-24.65908326862886],[-54.74915638749693,-24.657745541503925],[-54.7470447062766,-24.658107526796616],[-54.74708678977356,-24.656946627633307],[-54.74441933176505,-24.65802099658291],[-54.74571866072417,-24.653950766273294],[-54.740752000614116,-24.655081106736],[-54.73793341843928,-24.651919108557593],[-54.73325147324917,-24.65564820373327],[-54.728437906561695,-24.65211217756831],[-54.72931488581178,-24.654605565495725],[-54.72591809879496,-24.654354586997066],[-54.7232104171803,-24.658475443824763],[-54.72361912041764,-24.659801167625535],[-54.72521895994248,-24.658339551189577],[-54.72711513833484,-24.65971735708944],[-54.72739164167297,-24.661421776475386],[-54.72520602642865,-24.663066742960496],[-54.72771692049274,-24.664041886632166],[-54.72793546604104,-24.665858961397426],[-54.72008972520045,-24.669618558038394],[-54.71852425570866,-24.67295637973427],[-54.72039512135195,-24.676734793445455],[-54.713508041057864,-24.679313071001726],[-54.714091003925475,-24.677621065277574],[-54.71174390884094,-24.67722481524508],[-54.7122606976217,-24.680028435952543],[-54.70671406462897,-24.68142815560532],[-54.707839274867716,-24.68268417346696],[-54.7065183667224,-24.68477893103774],[-54.70537522036561,-24.683835126139307],[-54.70323098780871,-24.68586145703418],[-54.70217320425115,-24.685259333248958],[-54.699794354871095,-24.690412559439906],[-54.6974641764943,-24.68892036626836],[-54.69106108511036,-24.690696946500616],[-54.687385247850415,-24.688324531635544],[-54.687280181168106,-24.683429026152762],[-54.68494755706284,-24.682745752896164],[-54.68693627622803,-24.680884708823584],[-54.68432106007781,-24.68128522228381],[-54.68312822882031,-24.680067059938832],[-54.68459768733135,-24.677221484663722],[-54.68413083520284,-24.675054723680038],[-54.682903264389225,-24.67505810189707],[-54.68419918835787,-24.673007823981013],[-54.683119127986224,-24.671969972353697],[-54.676247275712164,-24.671729840611977],[-54.673230417233654,-24.673708738062345],[-54.67130336528732,-24.66994568707438],[-54.66822237042928,-24.673073012536726],[-54.66583034127804,-24.672645224876867],[-54.666924080908785,-24.674252587237344],[-54.665725369939956,-24.674674788748185],[-54.665249190857885,-24.673026802895475],[-54.665947365190256,-24.671279893025698],[-54.6637510435522,-24.66854491165274],[-54.66241839276057,-24.669930380729937],[-54.65954158868572,-24.667670224492575],[-54.655344257675175,-24.667130423927013],[-54.65337226946981,-24.671316831890064],[-54.65319647581209,-24.67812888052418],[-54.64549648880478,-24.678440757378976],[-54.64551652915151,-24.682249525486828],[-54.64788778411922,-24.68362594505674],[-54.642487553638354,-24.685808142882834],[-54.64402916064081,-24.689082788089674],[-54.64859037663549,-24.686866470468118],[-54.65439459707306,-24.689607889193038],[-54.65495429698086,-24.698042692447565],[-54.65786062758304,-24.699843502924832],[-54.65488209280069,-24.70123206018447],[-54.65647784058566,-24.70406080350134],[-54.655037554262734,-24.707971043211522],[-54.656700827240144,-24.711001169121698],[-54.65571096876634,-24.71417758077524],[-54.650916893976024,-24.711958161876822],[-54.643841535083354,-24.702785412663033],[-54.63920758154328,-24.704155308269282],[-54.63831507836555,-24.701680382865423],[-54.631343330131344,-24.700730765380253],[-54.63372447681675,-24.706653576639358],[-54.636625463287814,-24.707565373569782],[-54.63489480439882,-24.709784411879575],[-54.62642127027737,-24.70588863199366],[-54.62331478457595,-24.708004553079427],[-54.619318463055166,-24.70783290950338],[-54.61338794720288,-24.705776516580347],[-54.61079239188679,-24.70271519433683],[-54.61026648883246,-24.696964073630255],[-54.6085222562919,-24.695839349667622],[-54.60223261548137,-24.69511020432942],[-54.597337310071666,-24.69653090106572],[-54.58333757543345,-24.692266974177894],[-54.57925824391308,-24.694183333675433],[-54.57337287977891,-24.69154273508402],[-54.559952371860604,-24.689374827508107],[-54.549585836857,-24.693758081908374],[-54.53639841035789,-24.69186110294492],[-54.53261466685588,-24.6942153597579],[-54.52915438641398,-24.700567200961334],[-54.525297187021465,-24.7037079987654],[-54.51876518924428,-24.703981409423616],[-54.50442114601862,-24.698762749792397],[-54.50292667106782,-24.712185649179542],[-54.49909819066259,-24.71959280197179],[-54.49547289188694,-24.720275300992974],[-54.49197121064653,-24.717356005415468],[-54.48864134033514,-24.710826420694264],[-54.48320335883688,-24.710112666765152],[-54.478915725986255,-24.706429707099996],[-54.47645306215951,-24.706886344145026],[-54.47253729805541,-24.711800976100168],[-54.47216318274702,-24.723400053422704],[-54.463943023030225,-24.721173382902133],[-54.45157319627007,-24.721815811908908],[-54.443583013613406,-24.71812641149909],[-54.442936948335976,-24.698474283037626],[-54.43913372009133,-24.6970086323561],[-54.42506470108707,-24.698938951331336],[-54.422702321802205,-24.68334999853174],[-54.41496295028193,-24.67950488504868],[-54.41210327219899,-24.680646237332436],[-54.40162501951484,-24.690620547510836],[-54.38842208414857,-24.687799947410486],[-54.374845004330695,-24.695547111532335],[-54.34580722364975,-24.70766014151861],[-54.36086252761367,-24.721445519499664],[-54.372402843853315,-24.739802473209696],[-54.38759503122738,-24.773786515518967],[-54.39887295632045,-24.805106614344865],[-54.403228377052656,-24.841490945501906],[-54.42171574342315,-24.882014472022185],[-54.42853552134325,-24.9096232714593],[-54.43986560193413,-24.9668808782239],[-54.43964017181521,-24.977766005701373],[-54.44545264226364,-24.999395773700858],[-54.451380661126926,-25.04307161868853],[-54.45665513395434,-25.0633922327122],[-54.45802046797007,-25.080013101439395],[-54.45496974010038,-25.08981635254049],[-54.42702446808393,-25.118643078459986],[-54.41753048210094,-25.1366317449253],[-54.41701718750068,-25.161003857086133],[-54.43311561272824,-25.181513673491214],[-54.454994200163036,-25.198489048274162],[-54.469490693022365,-25.214301876105612],[-54.48174062888759,-25.256266343305963],[-54.487286014001704,-25.291635877938347],[-54.50177574842184,-25.30847955499299],[-54.51164129047097,-25.328357669308325],[-54.534142803480826,-25.344819319319495],[-54.56484766892177,-25.3793067898389],[-54.58447543327676,-25.397266342732138],[-54.60418395697846,-25.44142154429358],[-54.606453313142694,-25.444631042224287],[-54.619236393500984,-25.452889756110572],[-54.6193046841102,-25.46125758205552],[-54.61553140091028,-25.472207492085385],[-54.602418022062544,-25.48342902672013],[-54.59689114606197,-25.491493054804415],[-54.59662619675127,-25.501867980009873],[-54.60050345873666,-25.50936849137949],[-54.60107995716844,-25.517920522017153],[-54.60031696803769,-25.524523675469325],[-54.59408172161323,-25.54067613081845],[-54.593643340607805,-25.553999422348017],[-54.595159274778894,-25.564340352611104],[-54.59351210116813,-25.589263865241506],[-54.59651902868694,-25.608374713591],[-54.59691289703331,-25.623070070327042],[-54.590953161863695,-25.639483661292516],[-54.58246784378932,-25.652836125852836],[-54.58126262527789,-25.66130437821754],[-54.58603182080634,-25.667060239379776],[-54.59754780264488,-25.668865879342555],[-54.60698746673545,-25.668190717020718],[-54.61858444340522,-25.66301492113076],[-54.63077665264674,-25.659720584757054],[-54.644706676264505,-25.661012480245773],[-54.6510719862054,-25.665260955223225],[-54.65555129876539,-25.67132143968022],[-54.65768172826633,-25.67703271936558],[-54.6576393225713,-25.685055720119927],[-54.65367339578049,-25.696761190133852],[-54.64159071359561,-25.717663114301317],[-54.6359842428417,-25.733669004657852],[-54.63316062581243,-25.75716575540327],[-54.62885607594417,-25.771157111562296],[-54.616718251524404,-25.79127456719402],[-54.59308524535551,-25.816200679674413],[-54.58828899352648,-25.825705777304435],[-54.58712465559522,-25.832040089865274],[-54.59632456673907,-25.860942102929695],[-54.61192509040829,-25.88672277068002],[-54.62251810210534,-25.91554266090766],[-54.62080397721247,-25.937811059521653],[-54.61672669005744,-25.945762787782073],[-54.60954668663217,-25.95324799911418],[-54.607120456885674,-25.959250160012388],[-54.60656736010716,-25.963825721717537],[-54.61067139330369,-25.977435601878685],[-54.61688602596944,-25.983580396347786],[-54.62411147982299,-25.985364411713395],[-54.65119357448119,-25.979768997230593],[-54.66470539889375,-25.980443575505657],[-54.67278658357071,-25.984982677161828],[-54.67830345231564,-25.99296847293085],[-54.679344165399215,-26.00641929630201],[-54.67752766482211,-26.015108510438573],[-54.66906344125244,-26.032715765782296],[-54.65019197188288,-26.06533352890718],[-54.64658732332703,-26.075224918412157],[-54.643179185312526,-26.092294288298202],[-54.64529977266851,-26.108330313423725],[-54.65071428675888,-26.118779416883758],[-54.658308333841354,-26.125360466325446],[-54.66900993225173,-26.138561742061476],[-54.671951488573825,-26.139223031518082],[-54.67372000507628,-26.141715463393954],[-54.672578952993405,-26.156259004310144],[-54.66800727781705,-26.16613513665994],[-54.65835334037662,-26.177155840166808],[-54.6287143677908,-26.195442084340243],[-54.62373999304293,-26.199664812826533],[-54.61742223988032,-26.211251893845883],[-54.619294868701104,-26.21979782951939],[-54.62331562303875,-26.223347968227962],[-54.6484385631482,-26.23781312437948],[-54.672423343940025,-26.254018612970132],[-54.675192656615295,-26.2504358435522],[-54.675660037757964,-26.242850792947085],[-54.68505840446835,-26.23517066084226],[-54.690552919231735,-26.233513438481488],[-54.69316783859405,-26.22807469930417],[-54.70561301627642,-26.229578560499547],[-54.70332563080744,-26.234981160337707],[-54.69966052301326,-26.23842896153664],[-54.700472283022044,-26.24346004793062],[-54.69731216971478,-26.25272080730831],[-54.69912731381683,-26.25597335024505],[-54.7053393476474,-26.251496444807454],[-54.70683633210011,-26.24893883787037],[-54.70595411757053,-26.24786866843695],[-54.708722754935295,-26.24603539981352],[-54.70991698616394,-26.23744014841398],[-54.71347978342832,-26.236074994218917],[-54.71591223026456,-26.23771507695715],[-54.722171857758596,-26.24837534121163],[-54.71899948879693,-26.254865104782695],[-54.72406496404335,-26.25684023780258],[-54.72618791110485,-26.25691011764256],[-54.72663113973932,-26.253314019458685],[-54.73423162400008,-26.24803464727462],[-54.73341086685276,-26.240333975250017],[-54.734855079866236,-26.237794184612802],[-54.74052176575538,-26.23478245512956],[-54.740406319475696,-26.238673694166184],[-54.744230455884534,-26.245163564461574],[-54.743715137714915,-26.25044111983037],[-54.74611379385514,-26.250499500004594],[-54.745515184461325,-26.249092327985576],[-54.748749742063154,-26.246290580249582],[-54.74899884451443,-26.24349375700984],[-54.752941834218184,-26.240558047363017],[-54.75531341015374,-26.24141826970549],[-54.76265741032158,-26.249422577941754],[-54.76375907149405,-26.24645780034215],[-54.76153193883886,-26.244642220971084],[-54.761798831865526,-26.234908482881792],[-54.76947380520056,-26.234002819996483],[-54.76952911088842,-26.237720763562677],[-54.77352763193081,-26.23996749661376],[-54.773782781640335,-26.237724630649513],[-54.775847536572435,-26.238424452498926],[-54.77633974995781,-26.236692596977917],[-54.77849810548045,-26.236394665283317],[-54.78075925688109,-26.23128883351356],[-54.78397635817757,-26.229640428141106],[-54.77934430791267,-26.22358426442228],[-54.78419965536426,-26.22331235772225],[-54.785777752107855,-26.218786064372583],[-54.78223384619565,-26.20802529989661],[-54.78678891133869,-26.205693350614894],[-54.792944769214095,-26.20610896831709],[-54.792862877899715,-26.203757321906306],[-54.80010657758121,-26.20064302387021],[-54.80016496524242,-26.196621319882567],[-54.80334365751339,-26.193284093871412],[-54.81248366915748,-26.19550461681051],[-54.81070950717123,-26.189725844544597],[-54.81519725038762,-26.190011528124764],[-54.81724208937309,-26.193904713530117],[-54.81202366775457,-26.19893004502295],[-54.80819945198358,-26.207626279369656],[-54.82045647273917,-26.209572861761778],[-54.82172600598904,-26.211668132942034],[-54.82421692750701,-26.211975071061293],[-54.827937472384185,-26.21035394886948],[-54.82717091200269,-26.206511281544877],[-54.82213639322793,-26.20534790192189],[-54.81996393123798,-26.20335802176217],[-54.82677949122986,-26.201012418984888],[-54.83598806887645,-26.203310187102993],[-54.82943654296207,-26.19544570406636],[-54.83450465313149,-26.19415534297802],[-54.83517279970547,-26.190298060106503],[-54.839951007765734,-26.188221375505414],[-54.836856078662926,-26.18056441728371],[-54.840626112349106,-26.178995420783323],[-54.84349499067005,-26.18055536983855],[-54.84270742114983,-26.186864905701157],[-54.84387719284051,-26.188156032803764],[-54.84596309227835,-26.18612676560574],[-54.855417706474285,-26.18887518617916],[-54.85869372741039,-26.185643136590603],[-54.856782294062484,-26.181002511862822],[-54.86069704896028,-26.179923534731802],[-54.86454649574412,-26.181154077525445],[-54.8695816839537,-26.176115617429048],[-54.874399169934385,-26.174196676586995],[-54.874271047624646,-26.184425545348226],[-54.87106640888297,-26.185131806240967],[-54.870695653866626,-26.190632052234793],[-54.87687513948472,-26.193941109096695],[-54.88206717904926,-26.193128623746784],[-54.883461970953746,-26.19549136145566],[-54.89333418709334,-26.1924637315723],[-54.891284282590256,-26.19535806805374],[-54.896576598961566,-26.195715377896715],[-54.89671651137301,-26.199133718321324],[-54.89827722358983,-26.19972968232156],[-54.900084128137124,-26.193018256002354],[-54.90370733768922,-26.19450172072108],[-54.90644843130242,-26.191120829394414],[-54.90508858506929,-26.190415058967503],[-54.9054289196167,-26.187888246429342],[-54.90820589483311,-26.180631193858176],[-54.91179121653978,-26.181910809223705],[-54.911874250918785,-26.18787816289326],[-54.91717433891179,-26.19084331545656],[-54.916570503322646,-26.192906025579617],[-54.91045450921028,-26.19476689504806],[-54.91328357401434,-26.196753062959196],[-54.91705919178152,-26.1963655304356],[-54.91957770757978,-26.20211090464069],[-54.918706468185206,-26.203560499197607],[-54.915485933672116,-26.202543554414415],[-54.90777437948269,-26.206384892432542],[-54.90373078658798,-26.20607326321839],[-54.902826536550904,-26.207851713850875],[-54.90944813939255,-26.210601775983402],[-54.91338797070784,-26.21000915357412],[-54.917489416338555,-26.21259589142379],[-54.908341292741085,-26.220387799110593],[-54.910139617163935,-26.222160472259887],[-54.912792129999815,-26.221458898741247],[-54.91619440201732,-26.22325478866783],[-54.91570849381564,-26.229213869181734],[-54.9186160631628,-26.229756957931542],[-54.92259984889874,-26.228415595513624],[-54.925751276509004,-26.224981623714672],[-54.92611451334256,-26.22625952545341],[-54.927328855513636,-26.225712925165084],[-54.92662465389652,-26.224263126414403],[-54.92114031366644,-26.224599081611103],[-54.92418750068761,-26.22076197723816],[-54.92282673820073,-26.2191672880895],[-54.924900614279785,-26.214905406601023],[-54.92831232915687,-26.213415694359234],[-54.92713227738918,-26.212599883464346],[-54.92979449169268,-26.212110230657977],[-54.92921770615867,-26.21395676007832],[-54.934342758877655,-26.219026388736285],[-54.936533096833756,-26.216860024649144],[-54.935030345337346,-26.214090027455246],[-54.93741642012301,-26.21518032909514],[-54.9395194411588,-26.208377802538195],[-54.94341283661423,-26.209597911354788],[-54.94656309232509,-26.206023503712156],[-54.95108548499977,-26.209572083449935],[-54.95015406471237,-26.212189898115486],[-54.947487163856465,-26.213591495184815],[-54.94911924732172,-26.21638578570276],[-54.948084795625874,-26.21756245774181],[-54.95399695701306,-26.21945646702881],[-54.957524628735285,-26.216365574099704],[-54.95864193307858,-26.21846195670645],[-54.957661478058924,-26.222888850638736],[-54.95182802435733,-26.225342143172156],[-54.952817810801136,-26.22825360689441],[-54.947450541938245,-26.232811893951858],[-54.950119230057105,-26.23889291811712],[-54.952182992382966,-26.23663877031544],[-54.95645558774612,-26.236446886017944],[-54.957438804127975,-26.2290459697994],[-54.96199908182538,-26.228230684971926],[-54.96321161649482,-26.230364492683474],[-54.96273162228874,-26.228584064239186],[-54.964125044104186,-26.2283781629524],[-54.96555924010279,-26.23035713696152],[-54.96819130730994,-26.229243556539373],[-54.969260052768156,-26.22691639421335],[-54.9738048855063,-26.23142140024584],[-54.965482608232506,-26.23612371494347],[-54.96610322927087,-26.237842944489657],[-54.9722338081686,-26.237934130019166],[-54.974285840390266,-26.23950654591855],[-54.98102960246734,-26.238148286838367],[-54.98160352242114,-26.242367039200087],[-54.98381627447656,-26.242903580690168],[-54.98548147870286,-26.242290603928865],[-54.98482635868121,-26.239180936641475],[-54.98644842385474,-26.238490618395556],[-54.982682009274455,-26.23494014697525],[-54.98587620095785,-26.232385435763664],[-54.98351009146101,-26.232735856084606],[-54.98195056461394,-26.230859087603786],[-54.98386201893896,-26.228507534421738],[-54.98928662944374,-26.22663389779434],[-54.990971608528874,-26.22336291333375],[-54.99201916034221,-26.224898465586055],[-54.99725018850484,-26.225874087303],[-54.99697984530304,-26.230663225784344],[-54.99865846184622,-26.23224814919334],[-55.00211377942867,-26.23437226709509],[-55.01122983972782,-26.236123474315622],[-55.01241914817353,-26.234790512286168],[-55.014711909995675,-26.235810588358433],[-55.015422887771344,-26.23416860937827],[-55.018228699888084,-26.234703785707506],[-55.01900347132178,-26.231546254755106],[-55.01752408251601,-26.229373086938985],[-55.02359892302806,-26.22534530676243],[-55.02557472878939,-26.22909129830774],[-55.02844521860364,-26.227939243578515],[-55.02800489489824,-26.223636684111362],[-55.03172493605193,-26.222428514930805],[-55.031949325050746,-26.224778428228312],[-55.03401008735109,-26.22471637350281],[-55.03686399650759,-26.222268636481882],[-55.0382608703999,-26.22684149589521],[-55.039746939250136,-26.22628860426643],[-55.041335863136425,-26.22765970893543],[-55.03873748625185,-26.229898901258338],[-55.03684878814814,-26.227494671905202],[-55.034955988979135,-26.228836286262823],[-55.034184325727026,-26.231687071754365],[-55.0356968472655,-26.232095890401727],[-55.03431704209854,-26.232424531879843],[-55.03495023482891,-26.234572429401442],[-55.033675630916406,-26.23444667378243],[-55.03563694561699,-26.235398701924876],[-55.03544959466419,-26.237909967086456],[-55.03806279777681,-26.238527878726465],[-55.037363677508985,-26.23765631549503],[-55.04038641165629,-26.235937448445647],[-55.04087924224704,-26.23751023794359],[-55.04386008085726,-26.235488341614463],[-55.04494086978171,-26.23830121952563],[-55.050927954566085,-26.239772637820465],[-55.05005634471532,-26.237422982512765],[-55.05672835385173,-26.236719072154163],[-55.05524171852088,-26.23504712768444],[-55.05657137371664,-26.231752438818862],[-55.059361596084145,-26.230675394230424],[-55.06462002530707,-26.234812719658052],[-55.06356972541395,-26.240927492323618],[-55.068073622879375,-26.243213150340445],[-55.06996567837892,-26.242439749330643],[-55.07126686425521,-26.237591985682382],[-55.07868737933275,-26.236635329444322],[-55.07889415095934,-26.22965161830733],[-55.0824142726997,-26.229518110968865],[-55.08621696547117,-26.225994322446795],[-55.09390704189838,-26.22763555339619],[-55.10187602773631,-26.224866089401207],[-55.10269507822202,-26.222498411600327],[-55.101104776177976,-26.220283958351963],[-55.10250076464563,-26.21466080189645],[-55.10515680844816,-26.21625743449512],[-55.10874749341657,-26.215835342878574],[-55.1112818857524,-26.217574690111086],[-55.12349266711654,-26.219494817121245],[-55.12801482609426,-26.217387397091503],[-55.129907885884066,-26.217831778296834],[-55.129561312395765,-26.215841408800536],[-55.13308987337331,-26.209902611644903],[-55.13960639195024,-26.20627260901033],[-55.14953266906935,-26.206761775616194],[-55.15326057013401,-26.210894296558628],[-55.158973290763846,-26.211730327365526],[-55.16785555882002,-26.21689878794652],[-55.184147369010674,-26.213548964515844],[-55.18994589335766,-26.218121965552868],[-55.19331568737571,-26.225995134866583],[-55.201291940504646,-26.228586602094765],[-55.20492478702999,-26.233249265678175],[-55.20977825854065,-26.23580123627551],[-55.21202275646613,-26.23997703217873],[-55.21895466000936,-26.23915328765481],[-55.22011170121906,-26.24076602818791],[-55.22481790055655,-26.242102986094878],[-55.224952230893365,-26.241039044811448],[-55.23036752848705,-26.24479293514212],[-55.23489350431189,-26.24322422815898],[-55.23914002918071,-26.23911568715403],[-55.261517215332795,-26.235709910429364],[-55.262773362180624,-26.216669088420208],[-55.2693496403691,-26.212113018947676],[-55.27666596567451,-26.203223465666035],[-55.28460929306592,-26.201314422337873],[-55.28690704407687,-26.199008299778747],[-55.28704875546703,-26.196333442568005],[-55.29030414051873,-26.19537467807226],[-55.28903843035301,-26.18955065864676],[-55.29615963592748,-26.177105461515996],[-55.29360055024673,-26.173270181917847],[-55.293592499053815,-26.170516795864565],[-55.29608152389806,-26.166781945545118],[-55.301257824414854,-26.166220251233877],[-55.303880640719214,-26.16272153785559],[-55.299493700866186,-26.154563343959854],[-55.29785933251645,-26.15496379783164],[-55.296577452566844,-26.148828187160998],[-55.30183113805029,-26.146881676146787],[-55.30895717102087,-26.140100296638998],[-55.311408665865606,-26.13945652451732],[-55.312793463077426,-26.14013625606119],[-55.31214106403756,-26.141252508113933],[-55.31473782005323,-26.140113881355447],[-55.31482638414172,-26.141085350001564],[-55.320567448842134,-26.13871503301551],[-55.32034074250057,-26.136473619757815],[-55.32262211297912,-26.133859714395253],[-55.317655174376334,-26.131955716451397],[-55.31760323308729,-26.12912505186329],[-55.3142627520683,-26.12575042371741],[-55.32261787020709,-26.120156198139764],[-55.32263491726859,-26.117737073164477],[-55.31786871241491,-26.117049613719622],[-55.313064221002065,-26.11864094375398],[-55.31144475271287,-26.114695105297876],[-55.31277725117591,-26.11142476996984],[-55.311856963038146,-26.108362766350158],[-55.303740481131896,-26.10805986820245],[-55.299558437803235,-26.10318552390818],[-55.29661734378787,-26.102735553769506],[-55.299313826156045,-26.098885653738606],[-55.29584005421381,-26.098032188356044],[-55.300523275103465,-26.09393490402066],[-55.29940245523509,-26.08791854325092],[-55.295932230046155,-26.089516040629544],[-55.29193128121547,-26.08871493957798],[-55.29150534404011,-26.085432994980987],[-55.28839136798697,-26.083586113385763],[-55.287084001034096,-26.085367021317598],[-55.28872124275515,-26.089985844319948],[-55.28719152382428,-26.09029718180108],[-55.28677086893594,-26.09232331809102],[-55.2896663310224,-26.093440954790314],[-55.28974084962219,-26.09506223160922],[-55.28746293432092,-26.09701668140967],[-55.2852823896935,-26.094860340204196],[-55.28152993728103,-26.096160733103062],[-55.28104635239969,-26.08901893942417],[-55.27694364419038,-26.088775902080922],[-55.27824262821079,-26.0868550720038],[-55.275045020548134,-26.083395550315924],[-55.27166196287833,-26.083896691868098],[-55.2683887569539,-26.082196432332644],[-55.267468907228825,-26.08080873906108],[-55.269782078021336,-26.07887759292601],[-55.26832060833199,-26.077700062050457],[-55.26507578358944,-26.078157577510314],[-55.26296137739892,-26.076227397653227],[-55.25975119052058,-26.077470576717516],[-55.26035135345231,-26.078922164952488],[-55.25787900546518,-26.081298077137557],[-55.255717492727435,-26.080274456536515],[-55.25544915491837,-26.078483831157477],[-55.25058714626247,-26.078370797164705],[-55.25079860410523,-26.07658598242682],[-55.25589358638737,-26.073578417771103],[-55.25184248130593,-26.071543417764662],[-55.24819217812695,-26.071508178021823],[-55.24929891031749,-26.069341547965553],[-55.25580282931393,-26.065200089904415],[-55.25354514539484,-26.065290142171396],[-55.25503039993973,-26.06324087976175],[-55.25177057926764,-26.063512871356057],[-55.24993983607099,-26.061694276974567],[-55.251281733730806,-26.06029778582901],[-55.24946144574307,-26.060184009996014],[-55.249055328326165,-26.058122327213436],[-55.25363185681055,-26.050301532941564],[-55.25190334562864,-26.047202341126567],[-55.253409863222466,-26.04184938129691],[-55.25583957043374,-26.042343646740548],[-55.25710281962273,-26.040332285662057],[-55.25530617036114,-26.038970050988056],[-55.257475041795686,-26.036910943867806],[-55.26330316767721,-26.03966674180589],[-55.26501770971883,-26.04411069897243],[-55.26953601217997,-26.044228101895495],[-55.27383250292538,-26.040429389946155],[-55.2785852461651,-26.0507411081738],[-55.28309771585459,-26.052649943700455],[-55.287761618456436,-26.048963511705782],[-55.28922921720083,-26.041578509460575],[-55.29428296773544,-26.03874502499305],[-55.30138359024367,-26.03847663828807],[-55.30519716190082,-26.042380635253373],[-55.30669838376915,-26.03552841439404],[-55.31338786581178,-26.033295663265207],[-55.31506191927693,-26.031699293661084],[-55.312847218768134,-26.031492897967905],[-55.316863027175145,-26.029598847858985],[-55.31862719416749,-26.02995340436319],[-55.31945196816624,-26.02619856628914],[-55.320389885951,-26.027825381364934],[-55.32163451179863,-26.026991266802465],[-55.32316993965718,-26.02375470448944],[-55.32110596117114,-26.021830463616713],[-55.32209963034877,-26.019756667103092],[-55.326206775644906,-26.022345522684773],[-55.3300820755436,-26.02010641192131],[-55.32931049062535,-26.018589908044788],[-55.32723579952816,-26.019622120688158],[-55.32537832711101,-26.018810706426972],[-55.32544348465776,-26.012063440760688],[-55.33011616661462,-26.012447002000762],[-55.32988204376669,-26.00931176480031],[-55.332015422065496,-26.00861871282304],[-55.3308738733184,-26.007878824537766],[-55.33229094529643,-26.00622058176431],[-55.333611927256655,-26.005793467751975],[-55.33417984879215,-26.007095457380014],[-55.335989704868126,-26.00551843516619],[-55.336351762534996,-26.007296504589377],[-55.338532762323986,-26.004811942509328],[-55.33972775208059,-26.007258583091375],[-55.342113295707215,-26.002519434814857],[-55.3444057242177,-26.002225226624684],[-55.34226911683568,-26.000092819614032],[-55.3439458560845,-25.99948913469692],[-55.34058800629296,-25.998651702417725],[-55.341382682199246,-25.997726472059586],[-55.33961973431416,-25.99620315848102],[-55.34306321499193,-25.992934067686793],[-55.34472570108674,-25.995611713728472],[-55.34716870232539,-25.98976724247371],[-55.3505428768395,-25.99125468502065],[-55.34856428060862,-25.991936254038897],[-55.349949169703024,-25.993220431869528],[-55.35876263867346,-25.99277455474586],[-55.35807937786843,-25.99530805976168],[-55.36295912056914,-25.99589601005686],[-55.36229539140833,-25.997025969587693],[-55.36383627296352,-25.99707049539721],[-55.36411208778106,-25.99892878393213],[-55.362623932628864,-26.000663289589543],[-55.364583865859075,-26.00079380224934],[-55.3631677653713,-26.00349959161915],[-55.364735533741126,-26.005801309177418],[-55.368916895784125,-26.00499995234168],[-55.36917024987801,-26.00270528913805],[-55.370254530360214,-26.004080681862455],[-55.37248617366137,-26.000585057154566],[-55.37472606634092,-26.00010921997772],[-55.37561097609119,-26.003680555778303],[-55.37747813407743,-26.00429734438117],[-55.37814562736015,-26.001113571988466],[-55.38157475849218,-25.99978431068558],[-55.380733475146236,-26.00271789717105],[-55.383823258335546,-26.00871070267201],[-55.382070514010756,-26.00925983615379],[-55.37940384597701,-26.007654646847623],[-55.375119234668645,-26.009240546875546],[-55.377570096460204,-26.01141664495189],[-55.38105507993225,-26.01095468659282],[-55.384473305870564,-26.014409884680894],[-55.37800277097736,-26.013010358989092],[-55.37860535824238,-26.01614518411176],[-55.37610625905869,-26.01760216546662],[-55.38031912917953,-26.02258302481032],[-55.38271135887043,-26.02282196721571],[-55.384449519604296,-26.026863209317813],[-55.38606193272458,-26.02732358199521],[-55.38573325818045,-26.02574007874275],[-55.38632664773745,-26.02669009220596],[-55.38757327254847,-26.02439745384902],[-55.38720670597752,-26.028370026338905],[-55.38513356403842,-26.03086105726444],[-55.38872481426696,-26.031803915866902],[-55.39246207943652,-26.0353256969657],[-55.39442122197013,-26.03523915423362],[-55.39394911900892,-26.0331259563484],[-55.396740898860024,-26.031649352127246],[-55.395908853502135,-26.030100904855352],[-55.39834345590617,-26.027004351791753],[-55.401750217354504,-26.02603097888978],[-55.403636459893804,-26.019736981374187],[-55.40477658605189,-26.017808622077503],[-55.40615812143782,-26.018207540750485],[-55.403846623744506,-26.00738493221264],[-55.40559765281459,-26.004041441592776],[-55.40901406605609,-26.001880832665933],[-55.40787743362465,-25.999539174733755],[-55.409657718238684,-25.998502524719132],[-55.416426116436575,-26.002666364907697],[-55.42105219156954,-26.000049263419886],[-55.422320650526444,-25.99726450980546],[-55.42664351778389,-25.99737028920636],[-55.4252337161989,-26.000320558301148],[-55.42696620740925,-26.001174483402572],[-55.4250269904035,-26.001401636089277],[-55.42528052432439,-26.00331827925005],[-55.42682555484741,-26.006950710602208],[-55.428760074893326,-26.007599177477083],[-55.42819863781311,-26.00882536144425],[-55.4312356944579,-26.009819807048437],[-55.43254220617731,-26.00876870465476],[-55.43040021666792,-26.002259022125298],[-55.434787066210156,-26.00329963305654],[-55.437206989980766,-25.99958831078508],[-55.443524385694325,-26.002901942742685],[-55.45036963059436,-26.00004143238461],[-55.45010352523451,-26.001049695239203],[-55.45541392202401,-26.00424368931797],[-55.45703515956113,-25.996957485740918],[-55.459208361966986,-25.995057727264047],[-55.45859705933937,-25.989512630597556],[-55.462081110389356,-25.989342077562824],[-55.46502104088369,-25.99808519173351],[-55.47179991502764,-25.993394787210743],[-55.47536632469832,-25.994204313091785],[-55.47862822757011,-25.992144192805853],[-55.48356934411026,-25.99398361092111],[-55.497986084875244,-25.986871075567866],[-55.50418124016696,-25.98691270237479],[-55.506749431771254,-25.985399967345185],[-55.507921550196315,-25.986563129454588],[-55.513309808409026,-25.986677291026517],[-55.51333147619984,-25.987783442649224],[-55.51593493590574,-25.98648757573199],[-55.518725084622574,-25.98792454332664],[-55.51910851253318,-25.990158386307897],[-55.52470450532819,-25.99430074983712],[-55.52656776068664,-25.99849068752348],[-55.53185367070794,-25.99312312020088],[-55.539820767405715,-25.997487586153646],[-55.54365041880741,-25.995332387187513],[-55.54429436260649,-25.996327442918947],[-55.54464993962779,-25.995035495160028],[-55.55063974286758,-25.996946403645282],[-55.53888803580348,-25.97173014194756],[-55.534070468837655,-25.969993172187714],[-55.53555751503115,-25.96655499122006],[-55.53494899932861,-25.957123522160423],[-55.529209275084604,-25.948330663310895],[-55.52830692613137,-25.94294978905169],[-55.52221770678752,-25.93640111507109],[-55.52226717087922,-25.92708464276425],[-55.52470512931852,-25.924730585518667],[-55.52361630122201,-25.91896859977777],[-55.52059235982929,-25.915538685022373],[-55.51584419695324,-25.901830641306713],[-55.51637304794538,-25.898653648651504],[-55.51971350222707,-25.89657521153585],[-55.51819896775267,-25.89286724524916],[-55.520604060670074,-25.89174522874239],[-55.52313232966913,-25.893102645862697],[-55.526800342954466,-25.88893735592069],[-55.525611400632656,-25.880348539992706],[-55.522540560395605,-25.876697013549638],[-55.518731217630354,-25.875412289322668],[-55.51769671554725,-25.872742938761537],[-55.514594668937676,-25.875311316642783],[-55.512566494725725,-25.871611579095095],[-55.512230072674505,-25.86983861789002],[-55.51372047312186,-25.8688607963114],[-55.512352864896535,-25.868151617172888],[-55.51402695006689,-25.865500955538174],[-55.512829065357344,-25.865136588481132],[-55.5131433489174,-25.861203541787088],[-55.51421920076212,-25.86154859972468],[-55.51409259620943,-25.860152456056245],[-55.51553501442453,-25.860907522607096],[-55.51701296931641,-25.85846697391644],[-55.51801490524023,-25.861587404551777],[-55.520352395086526,-25.856727018721624],[-55.52263744332841,-25.856420763703536],[-55.5240762067179,-25.85365472180989],[-55.52717459332848,-25.852526066407076],[-55.52684969589059,-25.85126785267253],[-55.528653607229,-25.8515840750633],[-55.52803774102108,-25.847131449502],[-55.530024204893856,-25.84589213953872],[-55.52573331370537,-25.838856304885383],[-55.52570642463758,-25.83418393959505],[-55.52232781949176,-25.82678711473742],[-55.52374348672072,-25.818211165420085],[-55.523092005605356,-25.815396771220676],[-55.521669737338804,-25.815066323222126],[-55.52278964277101,-25.813940155453412],[-55.52134502443009,-25.813302518399688],[-55.52319499233656,-25.8118181293452],[-55.521865034941804,-25.804103537377763],[-55.51935597052396,-25.80375750265085],[-55.51902270818777,-25.80158282113158],[-55.51731329620833,-25.8018001317937],[-55.51584678388045,-25.79617864615737],[-55.51726505052906,-25.79580941576249],[-55.51682465254251,-25.7915797151446],[-55.51438213869092,-25.789117163821867],[-55.51442618528939,-25.785632718500963],[-55.51163715969193,-25.78273323088248],[-55.508906766098185,-25.783030283683928],[-55.50805546639178,-25.780037729093795],[-55.50565337675244,-25.781295079744368],[-55.5064003353381,-25.782313910875278],[-55.50218253065732,-25.78169725097785],[-55.500795813193264,-25.777782783372935],[-55.498820324501374,-25.777478024028433],[-55.49606639097624,-25.77426262926035],[-55.498353609125274,-25.772918481118403],[-55.49466769221989,-25.771517136588706],[-55.492207547004185,-25.766178574403572],[-55.49329894589208,-25.76462800010058],[-55.48946455940424,-25.76365834896541],[-55.48998284747231,-25.76239075242116],[-55.48697766876672,-25.760951145515023],[-55.48877339629409,-25.759877390539046],[-55.48712999480967,-25.757192488508554],[-55.48629937649962,-25.759454442360603],[-55.48522881343847,-25.756807075176678],[-55.48411175152234,-25.75748158842639],[-55.48277916297654,-25.754668968774155],[-55.48408644253685,-25.75250679491082],[-55.482888730088064,-25.751979711909044],[-55.484942087406516,-25.750186428650068],[-55.485348025522114,-25.747017241591497],[-55.48114859156756,-25.74305526230463],[-55.482595831723636,-25.741833487393308],[-55.48002013917775,-25.739296788914107],[-55.47936690239791,-25.74123103044574],[-55.47618022424357,-25.735609274869084],[-55.474966808620366,-25.73584033573537],[-55.47730754944213,-25.733138312308323],[-55.47866665375008,-25.73433069321591],[-55.480206754002715,-25.73363805744968],[-55.47770385919889,-25.72912039347146],[-55.4782510347668,-25.72724373053262],[-55.474539856582,-25.72536316646935],[-55.47272666214066,-25.72247320535355],[-55.46850804687345,-25.721079210934956],[-55.46945087818649,-25.71827683737208],[-55.46577174520699,-25.717281160459176],[-55.46745533171102,-25.716996431965885],[-55.46561976996728,-25.715338501417882],[-55.46810796025012,-25.71535564976535],[-55.46671432157468,-25.71304332007434],[-55.46758194107114,-25.70915678050921],[-55.466232734486226,-25.709603027000625],[-55.46555007216725,-25.705379676603687],[-55.467112744213296,-25.706109345133644],[-55.470528454855895,-25.701716888280547],[-55.470515366829254,-25.699622205807128],[-55.4721222002567,-25.698889711621973],[-55.470882567056954,-25.696375899775017],[-55.47246146763451,-25.694510064958394],[-55.47760762183934,-25.692586700032322],[-55.47658413957911,-25.6892807040544],[-55.47383259810507,-25.689202280170274],[-55.47298577318728,-25.686800934053746],[-55.47373418563017,-25.68549064537719],[-55.47443115381512,-25.687190731870054],[-55.476443823021135,-25.68425502070702],[-55.477634964154525,-25.685391474916873],[-55.47707375781603,-25.68040653646329],[-55.471534632588785,-25.680520138909998],[-55.47186172203874,-25.67874951672837],[-55.468728580457835,-25.67712317916498],[-55.46277962901294,-25.677548139341415],[-55.46264717645529,-25.675835896165342],[-55.46031074705435,-25.675508811744535],[-55.461402973989536,-25.67371017694909],[-55.458945962975164,-25.671675468147804],[-55.46018978697821,-25.67062778425665],[-55.45880800770928,-25.669475640568656],[-55.460210813571315,-25.667973709289882],[-55.45533607722968,-25.664071657079038],[-55.45622999649976,-25.660167383301733],[-55.452919265770774,-25.654119536638554],[-55.45114097514,-25.65573027192899],[-55.45091221610891,-25.654305901055885],[-55.44640726725171,-25.655178902375095],[-55.44545680091009,-25.657421318438313],[-55.44013788209915,-25.658159054284315],[-55.43669652658923,-25.66105187738611],[-55.43276129534301,-25.65927626691541],[-55.42957544184815,-25.660519506525237],[-55.42979386147191,-25.659244373373024],[-55.42732633541758,-25.659831720564245],[-55.42678231765964,-25.654603076157603],[-55.42434586413834,-25.652500324855954],[-55.42639928962323,-25.65214780554234],[-55.4260516429535,-25.650365512391488],[-55.42402328900663,-25.651512775267758],[-55.4199056971764,-25.646511820631],[-55.42223015491011,-25.64528204517269],[-55.417737835150376,-25.641906565723144],[-55.41786179450543,-25.639398086190713],[-55.41970245504519,-25.63883118649429],[-55.416270368431135,-25.63395492467315],[-55.416981536982384,-25.630956261607697],[-55.4141740488301,-25.63215815005975],[-55.411774192600255,-25.629315297698728],[-55.41026995018633,-25.630666696870023],[-55.4086821160906,-25.628789613562624],[-55.408692075641156,-25.623905503686057],[-55.405593092117975,-25.624052279396388],[-55.406401385255954,-25.62294161047385],[-55.40238584046789,-25.62255920207161],[-55.40276676790571,-25.62120012096644],[-55.400022469350276,-25.62289897865772],[-55.401535550136295,-25.618151917864882],[-55.39941218110466,-25.617187184843836],[-55.4014957999217,-25.615936739644784],[-55.39927982617503,-25.61376050559188],[-55.40398574108985,-25.613130514490873],[-55.400090954492555,-25.611518778183683],[-55.402036536140535,-25.607998262973677],[-55.39926025745055,-25.60409432235477],[-55.403821499584076,-25.599436735587208],[-55.405239306038155,-25.601388993622617],[-55.40840376332709,-25.598392765213873],[-55.40971592054738,-25.593385736623414],[-55.41232459735484,-25.59426591364373],[-55.411853832604024,-25.592476442724276],[-55.415409589719054,-25.58901802708451],[-55.412508859193366,-25.588547203211373],[-55.41344049651612,-25.586880551343487],[-55.41800971039421,-25.586786581350935],[-55.414278720083,-25.58629784332645],[-55.41311185459976,-25.584061460250844],[-55.41710675821114,-25.580267020012062],[-55.416188138316066,-25.576446247674582],[-55.41803320992437,-25.578232643980662],[-55.420527716171115,-25.57573996448495],[-55.42033236792223,-25.57329892017939],[-55.41819466556009,-25.571966690001055],[-55.420391555538764,-25.57104892317511],[-55.41910762145465,-25.5686947540869],[-55.421566613391505,-25.56738526443841],[-55.41885606078786,-25.56601996663838],[-55.42204930641766,-25.56148142211835],[-55.42128633027322,-25.559357054947363],[-55.42489378724177,-25.559404888009517],[-55.42316238937805,-25.556498968282323],[-55.424244823649886,-25.555362886445653],[-55.426062279886665,-25.55754175774891]]]}},{"type":"Feature","properties":{"shapeName":"CENTRAL","shapeISO":"PY-11","shapeID":"63826900B88193761383216","shapeGroup":"PRY","shapeType":"ADM1"},"geometry":{"type":"Polygon","coordinates":[[[-57.64207956414275,-25.380386551265897],[-57.63609997550394,-25.36903392601103],[-57.63956213807228,-25.366885434805752],[-57.63688398967439,-25.36225263256141],[-57.6352873711524,-25.349377803336726],[-57.636421004106815,-25.349101998444784],[-57.63234366348793,-25.33840109011947],[-57.63397157636039,-25.33801628971916],[-57.62134047419075,-25.327705694841157],[-57.619991408953865,-25.32510691741804],[-57.6216203572882,-25.32352355723831],[-57.61537669226531,-25.31313322679506],[-57.61221292078232,-25.314893777920524],[-57.61144375474881,-25.317339687632956],[-57.60787421625213,-25.31839294498748],[-57.609461448185975,-25.322377817433708],[-57.607849765426536,-25.32078480554114],[-57.60314194727859,-25.326481030016538],[-57.60231822496896,-25.325545239083223],[-57.59747528476948,-25.329068619665268],[-57.59571869784043,-25.32844989742931],[-57.59619148039662,-25.33035173901907],[-57.59438085546112,-25.33281983184523],[-57.593467958632424,-25.33231329544298],[-57.591882149987356,-25.335692520284763],[-57.58978714974613,-25.335114602207547],[-57.588112628642875,-25.338017108148772],[-57.5904634631867,-25.338845298661937],[-57.589484342931144,-25.340443080779245],[-57.586134741181674,-25.341443457065758],[-57.560422091162884,-25.320256365095368],[-57.54323890880788,-25.29628766891335],[-57.54378598044824,-25.293713275860153],[-57.54184553434398,-25.29188999321429],[-57.540311279009764,-25.286100577448867],[-57.54255800637067,-25.27218505332364],[-57.53634854490597,-25.260922614989774],[-57.53357612609252,-25.250355673875696],[-57.528657587122126,-25.24663465578231],[-57.52778144727122,-25.243066496097967],[-57.539847710830145,-25.236209346589998],[-57.55895703143793,-25.228435242338527],[-57.57455600765681,-25.2239369144674],[-57.55634850254235,-25.19317170884125],[-57.54548169251136,-25.183761655843174],[-57.53897002290585,-25.174163395138894],[-57.536946527597145,-25.166585020443883],[-57.53986945892949,-25.152423376639923],[-57.53957848866023,-25.142802273998814],[-57.53363506442493,-25.12023807103218],[-57.52725660150333,-25.111767516814957],[-57.515272165389774,-25.10037674591713],[-57.5050619225435,-25.0966776501391],[-57.491887059909594,-25.097624997282058],[-57.48393961701962,-25.100030744201334],[-57.478316596476894,-25.10369289634002],[-57.47585680847191,-25.109024443205303],[-57.47401211390802,-25.109861181186766],[-57.474356085567365,-25.111368217904413],[-57.476461302897135,-25.111447260456906],[-57.47512445768638,-25.113691177380165],[-57.46513411103695,-25.119023909878806],[-57.46317021561667,-25.118230836596428],[-57.458254389059434,-25.122481539629895],[-57.45189866044381,-25.124388480863534],[-57.450803292947185,-25.127128136388208],[-57.44871898190727,-25.126732592538968],[-57.44748703969152,-25.12332268873573],[-57.44732909956163,-25.12583371772316],[-57.44363491671247,-25.126436335922772],[-57.44780312858509,-25.127548130850382],[-57.444774432352986,-25.131137947004643],[-57.442057693729616,-25.132387805090264],[-57.44107814106438,-25.129302203663762],[-57.440367297843416,-25.130424132104007],[-57.43798746384015,-25.129749361863905],[-57.438422332569644,-25.12703884626409],[-57.43633444581936,-25.128417684397544],[-57.43710786825055,-25.12936815121964],[-57.43509360722793,-25.132381323239493],[-57.435431063244515,-25.129892356337898],[-57.433981370529445,-25.12907029331244],[-57.43248048080505,-25.133951294722937],[-57.43112200183257,-25.13183302322701],[-57.42640998177516,-25.13311547966342],[-57.43154613395245,-25.13484354894692],[-57.42752842198642,-25.136385910022636],[-57.42887437407251,-25.13918155659794],[-57.42911744748998,-25.13767723109778],[-57.43059333580997,-25.138788248220678],[-57.43419170917124,-25.13814559393376],[-57.434947494741714,-25.141105464867913],[-57.433922184002505,-25.139604850722314],[-57.431828979346705,-25.14042824988889],[-57.43414613831406,-25.1444582242293],[-57.432177608588056,-25.145227078689263],[-57.429230147101606,-25.142422568444072],[-57.42886139551741,-25.147268635533816],[-57.42659790212436,-25.150259834527294],[-57.42472666168771,-25.148093316570225],[-57.42379043478512,-25.150015032937695],[-57.41874707068804,-25.149194032367475],[-57.41825106383212,-25.15312832700066],[-57.41529465206041,-25.15231484799373],[-57.41248934269347,-25.154011438888432],[-57.40845685067074,-25.153796846485385],[-57.41220352885973,-25.15781418139251],[-57.41244189960581,-25.16148000119702],[-57.410176004851095,-25.16172561033298],[-57.4108071347069,-25.16351646353273],[-57.40737772720299,-25.16609067075672],[-57.40661071811603,-25.170255951153305],[-57.40503343873316,-25.16835478886142],[-57.403954277719,-25.169482064973167],[-57.40010266088181,-25.16792569089233],[-57.39898563303676,-25.169436840275946],[-57.396523029755485,-25.168075298812248],[-57.39745044233261,-25.170818158745053],[-57.40120254671114,-25.173503712885935],[-57.40102831005053,-25.175793477042735],[-57.398793269797245,-25.175316371623982],[-57.397797142268,-25.177220022577355],[-57.40256849768529,-25.178475939034893],[-57.404399023092566,-25.18077829968834],[-57.402077092505415,-25.18230178903026],[-57.40204526076593,-25.18025641543734],[-57.400437403428704,-25.18012079854111],[-57.4014984741392,-25.18289938811004],[-57.39982898462965,-25.186791636055613],[-57.39859482572838,-25.185146858557086],[-57.395247923501394,-25.18548997365207],[-57.39590950847045,-25.186847329370348],[-57.39418934348478,-25.188653552145798],[-57.39516530820452,-25.188434211243514],[-57.395944350820116,-25.1925411069323],[-57.39406411189492,-25.193399530480814],[-57.39445483756724,-25.191447853475232],[-57.39286358549541,-25.190440646689794],[-57.39302373707552,-25.19463047609575],[-57.38802900744051,-25.196169854211018],[-57.386726412565594,-25.200629925193475],[-57.38393507053439,-25.198158265131514],[-57.38206816705388,-25.19917002476862],[-57.38383339219343,-25.199463468091086],[-57.382829567581986,-25.20191790983612],[-57.37945091704113,-25.200888084184626],[-57.37674785667124,-25.202565677934054],[-57.375276473724156,-25.201806322902776],[-57.37371420403122,-25.20866007929584],[-57.371197556347454,-25.208264551514926],[-57.3685733290269,-25.211797610778014],[-57.36585658609226,-25.211416037417077],[-57.36501698289901,-25.215414203903666],[-57.355081910071085,-25.219935696757464],[-57.354414537738016,-25.22216336896174],[-57.35135062183972,-25.22335370712177],[-57.345962199698754,-25.23229778940697],[-57.33765478671617,-25.23205060000246],[-57.33558296412363,-25.23627717558413],[-57.33350377552968,-25.237288807121352],[-57.3335317662879,-25.242201445933013],[-57.33182646287361,-25.245420214906183],[-57.327399129768374,-25.248202518441595],[-57.33451729773155,-25.265712525827443],[-57.34186786150434,-25.276036996035614],[-57.34329888996054,-25.294014963104612],[-57.339724420272844,-25.303764227059258],[-57.32931656916313,-25.31773080444073],[-57.311104444011846,-25.333295889649982],[-57.29626199812741,-25.353490529824224],[-57.29032577584629,-25.357431472108757],[-57.279621408166776,-25.35852434092745],[-57.269057911260084,-25.363673397841907],[-57.26520703712832,-25.36137758564838],[-57.26134548961593,-25.36257201389167],[-57.25083747713063,-25.359185758099464],[-57.24717467814474,-25.362235264535904],[-57.23373189611794,-25.366862826446887],[-57.2283473060457,-25.365616024571914],[-57.226016124598026,-25.363569675505644],[-57.21334130976517,-25.36104951778749],[-57.21539247372554,-25.357002918644163],[-57.20556296586318,-25.35270873075021],[-57.19493208186549,-25.369791055250303],[-57.19781660534656,-25.374257355744053],[-57.195716459348944,-25.38217096671691],[-57.19669534672397,-25.39032220250781],[-57.19300942298827,-25.398746068832054],[-57.195021592974776,-25.40178313316414],[-57.207351662187286,-25.405711281339407],[-57.21418073618468,-25.405353815972706],[-57.217909718452354,-25.402679807235113],[-57.223010309325026,-25.418624622170608],[-57.23858415880308,-25.429391644675885],[-57.24861008362695,-25.433872218025744],[-57.27704873099821,-25.441623687027025],[-57.29098947424682,-25.451363187778806],[-57.292278703076754,-25.449401015982158],[-57.31287221549136,-25.447525402584226],[-57.31529215767604,-25.448694186796995],[-57.318747907446486,-25.44718767117176],[-57.3194602361731,-25.454938766486187],[-57.312050831335114,-25.461307619875296],[-57.31538188703322,-25.479063358997344],[-57.318424329213094,-25.511098471868788],[-57.322905194552206,-25.528435481333002],[-57.32412244697937,-25.546417399949462],[-57.33073583487219,-25.57890071014026],[-57.334806912424746,-25.584697923213334],[-57.336117965935735,-25.58261795260188],[-57.33996436685649,-25.582879973755592],[-57.34354693069155,-25.587179045642635],[-57.342951951217024,-25.598852058098228],[-57.34433447349205,-25.606294251729906],[-57.34303213313864,-25.609611413242263],[-57.34586289404209,-25.61278338819514],[-57.3551308021398,-25.61597592873163],[-57.358204257022116,-25.619065796217946],[-57.36051294456479,-25.617023804558777],[-57.36450474847796,-25.62235979338029],[-57.37120087772977,-25.62443794716994],[-57.377609179884885,-25.635582852058352],[-57.38652282532159,-25.63719851833479],[-57.39113503220952,-25.63998039369207],[-57.38973395984618,-25.63660936944425],[-57.39295514082301,-25.634889820964588],[-57.394922764465605,-25.636061790418836],[-57.39469452413685,-25.63166576394962],[-57.396366363986985,-25.62830095193659],[-57.40448176974372,-25.62804696893761],[-57.40473599773368,-25.629778911772547],[-57.40630853387961,-25.628389516574675],[-57.413300378114315,-25.63502498819631],[-57.414029564234504,-25.639522606724807],[-57.4196076031698,-25.644547100810822],[-57.41799335517572,-25.645971155510903],[-57.42151258060929,-25.64705216330492],[-57.41992600980859,-25.653342757267776],[-57.42277385951826,-25.65430013363226],[-57.419435603095245,-25.662382126111897],[-57.42015542700287,-25.667130774036167],[-57.42215371623965,-25.66879548267807],[-57.41648250844998,-25.674112878516013],[-57.41724897968641,-25.676968840979896],[-57.4156748058048,-25.683093221191044],[-57.41810949503923,-25.688988888328662],[-57.41662601413321,-25.69451576146145],[-57.419830335053796,-25.69330147497255],[-57.422294373722174,-25.695464374473403],[-57.42658757947409,-25.696050023825194],[-57.42517456517808,-25.6980572370128],[-57.426140911623705,-25.699960131386135],[-57.42764533164593,-25.699900085799673],[-57.428565196968435,-25.695237427909415],[-57.43177951839431,-25.701042459547224],[-57.436187864864024,-25.70155793101103],[-57.43627583769836,-25.70463184351766],[-57.43346699084236,-25.704890606613812],[-57.43171619793973,-25.702642333066187],[-57.42684241175384,-25.70077878722593],[-57.43158092476158,-25.703449530462343],[-57.4344837317426,-25.707933937136396],[-57.442806334713474,-25.714293713781192],[-57.44411845289621,-25.71822632790057],[-57.44922742082397,-25.723162721708487],[-57.453504536176816,-25.731356513502387],[-57.45798452541096,-25.732218843064118],[-57.45772467560921,-25.734709777488263],[-57.4556493222799,-25.73622450452735],[-57.46820928617059,-25.756149130600953],[-57.46240120809414,-25.765308030867],[-57.4634749511176,-25.768191035620116],[-57.457379990036095,-25.772058875397427],[-57.46325227160448,-25.779256343134122],[-57.460080074270735,-25.783355496657624],[-57.461434502799904,-25.790086170457702],[-57.458263809854195,-25.794666345250835],[-57.453799139865396,-25.80839078420726],[-57.45649146626193,-25.817522634047034],[-57.45252441737689,-25.822586241648736],[-57.452550937291164,-25.829561624366622],[-57.44290603747008,-25.844624663514292],[-57.43282973425455,-25.851389961958926],[-57.427775571198126,-25.850442807173216],[-57.42300356770178,-25.854064781649747],[-57.419318399355205,-25.864418382236156],[-57.42120752938926,-25.8723504854703],[-57.415247055649886,-25.881177880330302],[-57.41609934240621,-25.88925118713214],[-57.47604970721878,-25.972293075639694],[-57.49961872828846,-26.025116967902214],[-57.497003315459466,-25.981561882639753],[-57.498368409754214,-25.976660783042803],[-57.50361502741684,-25.97492501540319],[-57.5155670090591,-25.985691221731564],[-57.52159886048402,-25.98924024670773],[-57.532787320521805,-25.98723871503397],[-57.53443829125039,-25.985495571559483],[-57.53295988333497,-25.982918035581466],[-57.521244935366504,-25.980255574148206],[-57.51817772477982,-25.977965381824706],[-57.517959079192394,-25.975810948891482],[-57.52142551345297,-25.971614253425546],[-57.53091957040372,-25.968192676947403],[-57.5332049222195,-25.965543639528065],[-57.53018768453606,-25.962451364430336],[-57.51749204236227,-25.956591715316144],[-57.51675188613366,-25.95416246491631],[-57.52895173981775,-25.94997131202304],[-57.5319741380393,-25.947298769571017],[-57.53355724708855,-25.942541268860783],[-57.540187496364894,-25.947865734760658],[-57.54267903849199,-25.947691879090556],[-57.54729367000114,-25.938232676643484],[-57.552179452250385,-25.932435401014583],[-57.55451112847115,-25.93165222637388],[-57.55759138385416,-25.924531202221598],[-57.56947185037054,-25.918502014652844],[-57.57709641782316,-25.911876695791758],[-57.57858901610045,-25.90540097496837],[-57.58310612359448,-25.90546414732091],[-57.58215419266969,-25.901665372640544],[-57.58660553948345,-25.89492508105829],[-57.59078468559145,-25.898303398934498],[-57.593018676283634,-25.898213441287254],[-57.59283132757338,-25.90117833855631],[-57.596041424325904,-25.90305914342666],[-57.6018546258979,-25.901218160953125],[-57.601426824967774,-25.90414556773695],[-57.60431130607782,-25.905565593724823],[-57.606010969036504,-25.905004170786018],[-57.60689690154557,-25.901797670047834],[-57.60444146271013,-25.90103802326566],[-57.60362980175276,-25.89877788792585],[-57.60750196364408,-25.893618764682124],[-57.6097480006762,-25.893409166692155],[-57.61018854684121,-25.896317546957018],[-57.61478037256103,-25.895420466645273],[-57.61546100504855,-25.892076201655662],[-57.610461154287314,-25.893052010504203],[-57.609591542260134,-25.89184499405662],[-57.6112349967538,-25.88991136717292],[-57.60954577967388,-25.888527864554824],[-57.611352761647154,-25.88799191421854],[-57.603685240452435,-25.882995475938984],[-57.60331279379978,-25.8810347367659],[-57.608849198484826,-25.873750862922634],[-57.60522520410686,-25.871525596307215],[-57.60356219339211,-25.873345649952267],[-57.60511714464747,-25.875371725843724],[-57.60250449930185,-25.87622564406134],[-57.601517880650526,-25.872984583185477],[-57.60280007583916,-25.871581883280875],[-57.6006793604697,-25.86651795206565],[-57.602794245695655,-25.866344618239054],[-57.607219990957454,-25.869692586295855],[-57.60973883792096,-25.868007480244735],[-57.61229948791113,-25.868732276755747],[-57.61342102018757,-25.871618220858647],[-57.61704799422005,-25.87137975635197],[-57.61595814026511,-25.873466795929012],[-57.61393442830945,-25.87215883321513],[-57.61291971340696,-25.87342191699011],[-57.61519935364208,-25.875686480745657],[-57.61434111374603,-25.879213290322582],[-57.61713905748224,-25.879628714687716],[-57.62119810857383,-25.875432023591316],[-57.624408768738974,-25.875867429541323],[-57.62458986442248,-25.873891846043257],[-57.62678484799064,-25.875877396499188],[-57.63056773166289,-25.87426730838702],[-57.632876573776784,-25.869193035699872],[-57.629539368195715,-25.867471880779476],[-57.62690222183822,-25.868283529037413],[-57.62511636208665,-25.86386076392455],[-57.63238095887637,-25.864437182809414],[-57.63031711651195,-25.866721826310275],[-57.635803064849306,-25.867093468861842],[-57.635407678240405,-25.865039642003158],[-57.63769252263122,-25.863395591568132],[-57.63593224512186,-25.86165502019199],[-57.63861076420428,-25.861588708450803],[-57.636027766326485,-25.860189446504528],[-57.639621173078055,-25.86020483340753],[-57.63750754227474,-25.857866879066947],[-57.64168533084931,-25.8565034668848],[-57.642397395372335,-25.85404723029427],[-57.64253583631281,-25.855551714952803],[-57.644717441146526,-25.85569164096381],[-57.64373918866303,-25.858231993305797],[-57.64798022783845,-25.85923894893327],[-57.647061471915876,-25.8610809233876],[-57.6495351043559,-25.85750450296419],[-57.651740151099425,-25.858244835637123],[-57.65294090067222,-25.85637932790852],[-57.65590023891253,-25.859720511388115],[-57.65087829186471,-25.85888486052541],[-57.6515867241551,-25.86110126804669],[-57.65875370837808,-25.86139856586923],[-57.654470175932325,-25.864245528879255],[-57.657292153460645,-25.865031242288193],[-57.65968220572999,-25.863848343620592],[-57.66100905099817,-25.865124244337817],[-57.661537242222096,-25.86255796509913],[-57.66352104328108,-25.862585537406776],[-57.663734790239374,-25.866064102375553],[-57.6617659223711,-25.867274449059444],[-57.665430360177886,-25.868107436202344],[-57.666711035478215,-25.8697937143374],[-57.66660815903747,-25.86751127178391],[-57.66829870638552,-25.86703208286916],[-57.66641446032661,-25.86600054702388],[-57.665683447972825,-25.867757101109895],[-57.66473396261015,-25.865925232154183],[-57.667124058383905,-25.86283762040036],[-57.669266673998386,-25.863769828395004],[-57.66862614087193,-25.861189832846158],[-57.671380642235434,-25.862015515816633],[-57.67222912201364,-25.864542851243538],[-57.67468543406108,-25.863256755621066],[-57.67471653726942,-25.86152303722059],[-57.679470969126285,-25.861134595794578],[-57.67951407255434,-25.85876098317768],[-57.68191865741634,-25.860348463900543],[-57.68091457559919,-25.85724373207144],[-57.68438993874062,-25.860638462557354],[-57.686787936231894,-25.86002224135779],[-57.686235200838475,-25.861799750809134],[-57.68843366561698,-25.86023185302984],[-57.689552409748096,-25.85889485319591],[-57.68801573344467,-25.859371735816925],[-57.688768692590294,-25.857098324161228],[-57.68689502869991,-25.857321376260366],[-57.68664773653088,-25.855857873289363],[-57.689223232446125,-25.855506702653354],[-57.68820389323024,-25.854442858724262],[-57.689460514136,-25.85375518517386],[-57.69238370486242,-25.854604122003554],[-57.69233236555548,-25.852078218835356],[-57.69093574377082,-25.85062620181331],[-57.69013116222431,-25.851840521104457],[-57.689625287612586,-25.849548556468115],[-57.69038111215938,-25.84765072004434],[-57.692027975417545,-25.848828050866253],[-57.693706201823176,-25.848180187653803],[-57.69266554468359,-25.846334804817253],[-57.69597922271203,-25.845765053418525],[-57.69513664365656,-25.847812606583663],[-57.69828766637314,-25.84802992160858],[-57.696135011909355,-25.84895642813571],[-57.69715704689644,-25.8501580790885],[-57.698662632247085,-25.849608343199034],[-57.697938282432425,-25.84572204121091],[-57.701351549410994,-25.8487107266381],[-57.70139827398955,-25.84704414903142],[-57.70264930059886,-25.847306563377753],[-57.70179711207639,-25.845804742261627],[-57.70499945881305,-25.84429739564051],[-57.70540422787126,-25.84969204308615],[-57.71030804507185,-25.849123831104936],[-57.7117776857198,-25.850492826043862],[-57.71345625476629,-25.84852087948439],[-57.71437246509145,-25.84989898580323],[-57.71301487415958,-25.851234834608988],[-57.71465529370248,-25.85151398081215],[-57.71748597091503,-25.849643183150665],[-57.714852926575965,-25.847552194125065],[-57.719498824678666,-25.845598939742516],[-57.71879803360601,-25.84811381920341],[-57.72188483297903,-25.848332282768478],[-57.72283542187531,-25.845483852527202],[-57.72571107946621,-25.84629542425266],[-57.72643481215735,-25.843935712304972],[-57.72755780100694,-25.844566046028756],[-57.72834000763605,-25.840982529763142],[-57.730563281377634,-25.840267572265038],[-57.728611297284445,-25.838471142269196],[-57.731382988160355,-25.835624669133907],[-57.72960245265943,-25.833326919974546],[-57.731017336990554,-25.831595040099444],[-57.733377457888125,-25.833440556331663],[-57.73184470739588,-25.83385550900826],[-57.73260313899059,-25.835138250947804],[-57.73458129494413,-25.83460767650246],[-57.73530184140718,-25.837433069403144],[-57.73584231085287,-25.833686327084397],[-57.73810341136389,-25.8367790858945],[-57.738383322399635,-25.83444291926359],[-57.740866233731126,-25.835040256691304],[-57.73922952640914,-25.837215067748453],[-57.740418501890304,-25.837790945375083],[-57.74388319683965,-25.834309693457605],[-57.74197563200275,-25.834038999056165],[-57.742750564039596,-25.83257185396443],[-57.746827185068234,-25.833067622653815],[-57.745049503848456,-25.83146151097177],[-57.73960797471749,-25.83203884374781],[-57.741068960059636,-25.830271577144618],[-57.74195083575927,-25.831304739967116],[-57.741433606451764,-25.829112861555235],[-57.7428623146542,-25.829631407411675],[-57.74329596299166,-25.828360155350587],[-57.742849131182666,-25.82703448764929],[-57.74149060186726,-25.828313289318505],[-57.73980129337329,-25.827385108375005],[-57.74159831465363,-25.824463563677238],[-57.738798405930225,-25.822682944401993],[-57.74241885446586,-25.821879232257043],[-57.739168054887074,-25.819834494310932],[-57.743519800439095,-25.819545869100487],[-57.740735019161,-25.816447090715837],[-57.74465711126023,-25.816840713859854],[-57.74543749020805,-25.81451073063087],[-57.74349611600936,-25.811565427501943],[-57.7415842696338,-25.813347288768806],[-57.73872974839543,-25.810212013438946],[-57.741530896315474,-25.807573786447957],[-57.74001591600358,-25.805904058449773],[-57.74223122630906,-25.805124254468836],[-57.74038231234496,-25.803721457429944],[-57.74494755097515,-25.80687411929027],[-57.74621425813522,-25.804109073234347],[-57.745093868547826,-25.802805522827356],[-57.747759860871604,-25.801983685693294],[-57.74596479270623,-25.799365283239503],[-57.74967043766113,-25.799612601033065],[-57.74811826293082,-25.797751461199212],[-57.751683853032546,-25.797150664014872],[-57.75225491955902,-25.79419050790447],[-57.75104637348808,-25.793632401794238],[-57.75354254801029,-25.791330479099678],[-57.74956034718323,-25.790384883963764],[-57.74916387385805,-25.79177297595081],[-57.748140362399745,-25.79074435043959],[-57.74823528398382,-25.78947971253592],[-57.75070733443128,-25.789290897482605],[-57.750165620157716,-25.78810177979599],[-57.75167310857777,-25.788378431429184],[-57.74951063510405,-25.786344375866868],[-57.75104969386441,-25.784313798145874],[-57.74855267301283,-25.783685562786058],[-57.748134019302015,-25.7865546290652],[-57.74616198229763,-25.784406671543085],[-57.74461589597883,-25.785525240273167],[-57.74330095989559,-25.780479872680598],[-57.74007130618823,-25.783060760056053],[-57.739965650910946,-25.780298221146836],[-57.74213585435409,-25.779962099961743],[-57.742895389036434,-25.777962668806662],[-57.74664257445315,-25.77843109035396],[-57.744979179335424,-25.774177616289908],[-57.743866995066455,-25.77434132489788],[-57.74749455247156,-25.770706356480115],[-57.745095470309614,-25.76874567613204],[-57.74986673040905,-25.768373529705784],[-57.7523327636501,-25.770216398625518],[-57.751812566526276,-25.767731415048605],[-57.75320333711652,-25.76723210790517],[-57.754724113476975,-25.767630564733388],[-57.755490482952695,-25.770349030250593],[-57.75674771321203,-25.76800381782145],[-57.75562469323812,-25.77200527497299],[-57.75968296999544,-25.772214402804632],[-57.755031540396125,-25.774058084648814],[-57.756083971327534,-25.77686084087726],[-57.75900173514135,-25.776674087407955],[-57.759971188612155,-25.7786149148654],[-57.76242401216945,-25.776042180686183],[-57.763541103810645,-25.77737722438484],[-57.76190396095844,-25.779521315070568],[-57.76577002421705,-25.78018727098093],[-57.7646307486951,-25.78152513317536],[-57.76114715476524,-25.781069343785074],[-57.75959753913449,-25.78933504043073],[-57.761055940576576,-25.7915351601639],[-57.758693404813826,-25.79233308003582],[-57.760356781833536,-25.796514137276365],[-57.763292085422165,-25.796412979659987],[-57.76541647069658,-25.799634414124437],[-57.77894243805668,-25.803467886353737],[-57.78674266953198,-25.80115495211781],[-57.79237181820362,-25.796395916462792],[-57.79346658965698,-25.796999267579817],[-57.79143482240367,-25.809386430633165],[-57.78657968021715,-25.822311172512162],[-57.78722854442447,-25.82975272122748],[-57.78969307792457,-25.833839949768034],[-57.792815355928845,-25.835711941510215],[-57.80832857457221,-25.839976328737627],[-57.7975769874347,-25.824471603290643],[-57.7961672591574,-25.814743386809702],[-57.79796875143068,-25.808732785937924],[-57.80576578747006,-25.79668951098641],[-57.819912929416205,-25.7809893258749],[-57.826650839801,-25.76103199527173],[-57.8261220452646,-25.756845275433598],[-57.82247129946849,-25.753127698085674],[-57.813460451227186,-25.751480754282593],[-57.808966090406145,-25.752300398160706],[-57.79277417180911,-25.76099017188661],[-57.779393885565014,-25.76027233152941],[-57.77324752403913,-25.75702283227905],[-57.767822357271015,-25.749240889391434],[-57.761286182585366,-25.743500728137715],[-57.73643624096115,-25.726873849901718],[-57.73165810312536,-25.722143761703734],[-57.72774187198045,-25.715147252453157],[-57.72821598891091,-25.710955075984273],[-57.73107128057008,-25.707884210612264],[-57.735688811668375,-25.706958006687127],[-57.74307385506053,-25.70906963342185],[-57.752323628688586,-25.70958655123439],[-57.75968901045871,-25.708532511131345],[-57.7644123833934,-25.70465664504354],[-57.76675325473755,-25.699438717851724],[-57.7660698297694,-25.690272615871184],[-57.756992577971154,-25.6773036114586],[-57.7522925355719,-25.66487585295688],[-57.74813200316125,-25.658671192224567],[-57.73682473305216,-25.647861309459127],[-57.725444990520025,-25.645426047156832],[-57.716088239695466,-25.647056965601273],[-57.689070686936006,-25.66150833589711],[-57.681577817812425,-25.66176925983548],[-57.674444484759995,-25.65931014234654],[-57.671550180227854,-25.655476749264047],[-57.67064367041366,-25.649706292954303],[-57.67702609354881,-25.60767866085165],[-57.6771279482213,-25.60360568042478],[-57.67447752792832,-25.598525032438676],[-57.66847179016564,-25.5960603367827],[-57.65724221003808,-25.597131623515946],[-57.650772965740764,-25.60123308076696],[-57.6403445356426,-25.61214671804134],[-57.6349914905236,-25.615113846274795],[-57.626264204233635,-25.617530903682376],[-57.61901705909076,-25.61654138642764],[-57.61312706170065,-25.61226341116793],[-57.60859681987065,-25.605266012576585],[-57.604511357733664,-25.587281566683583],[-57.60594714956709,-25.574936046497502],[-57.604666806297246,-25.56848935420626],[-57.60053952241641,-25.566808691631657],[-57.5894491891406,-25.570361966736936],[-57.581082595885874,-25.569492414927826],[-57.57694288129416,-25.56509306937094],[-57.571393564622234,-25.55288804798913],[-57.57010970619226,-25.545253555871213],[-57.570817666335074,-25.536645068218448],[-57.579350900768944,-25.520763649770274],[-57.579804590417716,-25.51136596545752],[-57.57802623279931,-25.504695170319586],[-57.57024793550098,-25.495329707812868],[-57.5674418085509,-25.482093267802057],[-57.56090798867711,-25.47170653191509],[-57.558295849777934,-25.446129252432527],[-57.57130884872899,-25.42944093146401],[-57.584463060590515,-25.41693644496067],[-57.59450030349885,-25.40478206951257],[-57.60529742545159,-25.39545488705482],[-57.61612514567186,-25.387915747034956],[-57.6272928275062,-25.386833598882134],[-57.6387341623439,-25.383116818979744],[-57.64207956414275,-25.380386551265897]]]}},{"type":"Feature","properties":{"shapeName":"ÑEEMBUCU","shapeISO":"PY-12","shapeID":"63826900B28816426657500","shapeGroup":"PRY","shapeType":"ADM1"},"geometry":{"type":"Polygon","coordinates":[[[-57.743139337543056,-26.40059016044762],[-57.64009486673544,-26.790442196879972],[-57.42868052604907,-27.06010570011821],[-57.18209360492627,-27.108967385665174],[-57.34197916972888,-27.41630502260092],[-57.363795427953036,-27.422563283790932],[-57.38365221971454,-27.423289738972212],[-57.41515052887194,-27.42763171162918],[-57.45283449924243,-27.44020410615868],[-57.48057086716947,-27.44398215854744],[-57.49738413116644,-27.443488102024265],[-57.5256672269381,-27.430722816339053],[-57.566051115749765,-27.407913737798687],[-57.60407165257728,-27.394078222816958],[-57.617092653236774,-27.387717447639442],[-57.63905404089305,-27.37426312716933],[-57.67026640260016,-27.34687159837082],[-57.68160584557001,-27.3411539962606],[-57.70395989621654,-27.33570095819167],[-57.72082857851411,-27.333905452124128],[-57.756933343551864,-27.332175068162122],[-57.816636468538945,-27.332154154934344],[-57.8218090439066,-27.33096776394774],[-57.826027044586674,-27.328105282664513],[-57.838965733019336,-27.310582160228446],[-57.844860880906396,-27.29614840499715],[-57.848357140130766,-27.291502975939345],[-57.85853876539815,-27.283768781931197],[-57.87131803299433,-27.277278870649102],[-57.88224601014349,-27.275003358814146],[-57.887313351847546,-27.27581208845983],[-57.891456853434605,-27.278833540694567],[-57.897220145211364,-27.2929846762486],[-57.90101565936573,-27.296533536899318],[-57.909038906642806,-27.298793712953827],[-57.95331722081098,-27.286833297382767],[-57.98400728199009,-27.26991068743483],[-58.00329547781762,-27.264956657346424],[-58.01501334876866,-27.260172658693993],[-58.02584332639759,-27.258094149621048],[-58.073729492553696,-27.26132684589399],[-58.092911029535806,-27.27342901941942],[-58.11922476594979,-27.273796960725274],[-58.13950566994963,-27.276600953367076],[-58.17220007932388,-27.277112673599614],[-58.1965199629036,-27.27452215565551],[-58.20623490405988,-27.269888293065144],[-58.225959301730775,-27.266857184234237],[-58.24910452606879,-27.256238733037012],[-58.2644452630623,-27.255830830440072],[-58.27327849424163,-27.259590108336276],[-58.28378216142847,-27.27454279093475],[-58.29247814076597,-27.279266659575512],[-58.299329100292,-27.278191103157518],[-58.305736754806595,-27.27524270599705],[-58.31759247030154,-27.27458128805404],[-58.33387083249233,-27.277003819627563],[-58.35690373169202,-27.283233796264806],[-58.39751174871912,-27.2851995484974],[-58.415670698819,-27.2902139002829],[-58.437688049592516,-27.28306185147587],[-58.454613881610925,-27.2804298772377],[-58.47096360097086,-27.274669955954256],[-58.480909977389345,-27.274051040449756],[-58.504830972326786,-27.279472687459716],[-58.51680204507881,-27.28525964698275],[-58.52931932484601,-27.293618423221357],[-58.5373363972756,-27.295881822620064],[-58.58516497661784,-27.300882907907845],[-58.61019150880564,-27.306219281927984],[-58.60669862476894,-27.279939216270588],[-58.59532888817549,-27.26388168590388],[-58.59199201278029,-27.25304549505124],[-58.596949287544966,-27.224297153886454],[-58.60087994194473,-27.218895213291006],[-58.60726296489747,-27.21388632599949],[-58.65389453031171,-27.192578629568878],[-58.65963177857828,-27.187017969561456],[-58.66374269081393,-27.1793063205161],[-58.66477220851254,-27.168221354468486],[-58.662413948404435,-27.15991279472698],[-58.65170478678581,-27.133665907466696],[-58.647933845592085,-27.127701029343072],[-58.640855299513404,-27.12206882776512],[-58.62712810698041,-27.115173722870868],[-58.61771669517886,-27.112715392625564],[-58.58427905010519,-27.108990944830246],[-58.56120393971537,-27.108120244364873],[-58.5546792161781,-27.105488368556344],[-58.5531274970326,-27.098629658561023],[-58.5589652125185,-27.082336700784925],[-58.55964044028301,-27.074345265588015],[-58.55669382137351,-27.057857046802074],[-58.5588648477366,-27.041845339906054],[-58.55530673462855,-27.036528024753306],[-58.54877413427759,-27.034526203677014],[-58.540636354725144,-27.035238597495006],[-58.525462242685855,-27.039965868970825],[-58.51874845339253,-27.04826253550602],[-58.520197756792086,-27.05938187624563],[-58.51619566263872,-27.062367909840514],[-58.50898307936686,-27.06248863014913],[-58.50286393656285,-27.051729941340337],[-58.502914749974366,-27.03468434308417],[-58.517762245780595,-27.01262773379912],[-58.518050207960016,-27.003044555780605],[-58.511456450724566,-26.99813879534784],[-58.50176386785027,-26.996601793180787],[-58.47885565458174,-27.001097606628015],[-58.47090404983657,-26.99844366636962],[-58.468719118182655,-26.990628104803132],[-58.46931484349599,-26.983032364672155],[-58.500826412054074,-26.929698223559097],[-58.49840290000291,-26.92487165680942],[-58.494350348990025,-26.92279950873455],[-58.4743242296716,-26.930475290040953],[-58.46363412799852,-26.930337739811332],[-58.40312925701651,-26.898899172907257],[-58.38586095657268,-26.893049745084664],[-58.37863212624039,-26.88520893851916],[-58.37920656142283,-26.87071871470432],[-58.36944382631602,-26.8633689948822],[-58.36326037975204,-26.863815755233805],[-58.34893515193278,-26.869500053324522],[-58.33931542719895,-26.87152649685317],[-58.32604455564742,-26.869071690648358],[-58.31980064151142,-26.86435721920074],[-58.31854165355689,-26.855081129079466],[-58.32190985463536,-26.8476968005823],[-58.32714765097685,-26.84249876055483],[-58.33512915450483,-26.83767265288787],[-58.349990895822174,-26.832147146860198],[-58.35445151735598,-26.828462097285477],[-58.357660985737105,-26.816157979908485],[-58.35582904807947,-26.810632738042948],[-58.351814422617124,-26.807187080713028],[-58.341883619740216,-26.803718310731032],[-58.32404391704043,-26.805365418531245],[-58.31271334064579,-26.808308912210776],[-58.30421258673492,-26.807161996458188],[-58.29543612658519,-26.800728115137602],[-58.28387344100832,-26.79586693721404],[-58.281105201805204,-26.792731505740942],[-58.28211647260448,-26.78672385026153],[-58.2940993037097,-26.771650868375968],[-58.29478706038309,-26.76255007777754],[-58.29294008689948,-26.758180932316275],[-58.28895554445278,-26.75550821511343],[-58.283774484514794,-26.755103729174774],[-58.26979833685172,-26.761900681762377],[-58.26210933658662,-26.762515423253294],[-58.254376543439996,-26.759151702145918],[-58.248573402027716,-26.752522075791134],[-58.24656277295783,-26.74710864162245],[-58.24624634614944,-26.738874356391648],[-58.25417346548854,-26.724691823073893],[-58.25653281254656,-26.71416594882617],[-58.256895639913836,-26.669674255164328],[-58.261081788647715,-26.652699931120054],[-58.257947583220336,-26.644242871580847],[-58.25399527157511,-26.64159979421797],[-58.24801443114525,-26.64117316679403],[-58.23088394954256,-26.650874021097437],[-58.21347596817427,-26.654461293791258],[-58.19915257574461,-26.652758101670923],[-58.19358289982315,-26.649054502805715],[-58.19072608080329,-26.64363467957146],[-58.19137303471829,-26.638360827793367],[-58.206170203408,-26.626647095709995],[-58.20919971320906,-26.618031885446307],[-58.20904921146602,-26.615337133152593],[-58.20340524867914,-26.60935889838846],[-58.196172424788145,-26.604782813333237],[-58.19260511314696,-26.593665768014723],[-58.19688500952271,-26.5847380020971],[-58.198174052665046,-26.567006844563856],[-58.202461888263024,-26.55724630272022],[-58.22039024612073,-26.54386243370515],[-58.2232748758849,-26.539976908866112],[-58.225136107402236,-26.53306198923081],[-58.22257397107665,-26.524668083622327],[-58.207656979839555,-26.501602111624376],[-58.207787552085854,-26.495691975385327],[-58.210856989588336,-26.491164464854013],[-58.2287324712276,-26.477693260318688],[-58.23103812253294,-26.470115938747256],[-58.22976622947023,-26.466592868479733],[-58.2226779584677,-26.463623042563317],[-58.20024530344314,-26.46513821760698],[-58.188079832834646,-26.463086962181645],[-58.18064019028854,-26.456125255192976],[-58.18035854586125,-26.45416404653205],[-58.18364511337081,-26.447879525489373],[-58.20089330603807,-26.436583013067388],[-58.21813832968344,-26.414561986763637],[-58.221706803416886,-26.4035099637887],[-58.22170407658674,-26.397873480995877],[-58.21836448229226,-26.387675588734442],[-58.213198170457176,-26.38054161972168],[-58.1929136543042,-26.367086685216265],[-58.17135267064209,-26.359996090808313],[-58.16624741219041,-26.35551235297982],[-58.159432347620566,-26.34509135980254],[-58.154121951210314,-26.31744263784786],[-58.156812398468425,-26.3062351968117],[-58.16525180308762,-26.295317353763036],[-58.16617345842503,-26.29216664107397],[-58.16706238417864,-26.276697333992303],[-58.16381057700226,-26.26500490311077],[-58.15676643740702,-26.259510013050384],[-58.13692762155446,-26.253119825028012],[-58.11325776151582,-26.24195833394308],[-58.10687657251171,-26.23619490026131],[-58.10468221796038,-26.2294530596918],[-58.1055277664986,-26.22227736770608],[-58.112032526515144,-26.21454118572125],[-58.12396775295296,-26.20659710527356],[-58.142941234502715,-26.197944236609196],[-58.15849265456403,-26.184793984755988],[-58.15921917626276,-26.181616401586737],[-58.15577357916846,-26.17833060781853],[-58.14721471862638,-26.177941174107797],[-58.13490327320641,-26.180911396404028],[-58.12356512549187,-26.185697425071876],[-58.12051140428638,-26.18622411265156],[-58.11571461340405,-26.18425276832598],[-58.114492033967714,-26.181894703013253],[-58.119425060116846,-26.16474151985374],[-58.11506254836376,-26.14815463586115],[-58.10646762760906,-26.137279526562594],[-58.09527441470286,-26.128001467879656],[-58.08950851339581,-26.115075850368854],[-58.064138170770256,-26.1076516639963],[-58.05003487144882,-26.111724995636937],[-58.03479596368062,-26.110344536416346],[-58.03023525192371,-26.10758220988031],[-58.01705150075528,-26.10386327731054],[-57.99092504024989,-26.087714402620314],[-57.97116911455299,-26.079235520623033],[-57.947926158737424,-26.06587897562285],[-57.92810671767141,-26.04554222642075],[-57.923532660542236,-26.035514837055207],[-57.92019691277872,-26.03239667323493],[-57.890763400020916,-26.017956251061864],[-57.872903630380634,-26.01454234612409],[-57.86218166906371,-26.010303893308024],[-57.854898219945476,-26.005187703660177],[-57.85131042811326,-26.000458985163036],[-57.85142698571067,-25.993772627930475],[-57.855405347950466,-25.986923984127785],[-57.86590130751041,-25.979025526531984],[-57.880224223612316,-25.971978968834087],[-57.89101577578028,-25.964637294937013],[-57.89445792362702,-25.959393138925716],[-57.89390075542059,-25.95415656092941],[-57.887640524229255,-25.940176374453255],[-57.88201621860324,-25.934029727484067],[-57.86902816162726,-25.9273009258453],[-57.84950978195262,-25.92303692113513],[-57.845532329869606,-25.920143926260305],[-57.840668222648,-25.91160411243864],[-57.84052727666777,-25.903649883973948],[-57.84301794665256,-25.89854880932781],[-57.86107502330536,-25.886230666375702],[-57.8651196536614,-25.88029534303346],[-57.864599896520446,-25.867160021874746],[-57.86020439941724,-25.858526628747583],[-57.85474892214104,-25.85436962540699],[-57.83990588207139,-25.84938792108271],[-57.81892238720686,-25.847071290070115],[-57.80832857457221,-25.839976328737627],[-57.792815355928845,-25.835711941510215],[-57.78969307792457,-25.833839949768034],[-57.78722854442447,-25.82975272122748],[-57.78657968021715,-25.822311172512162],[-57.79143482240367,-25.809386430633165],[-57.79346658965698,-25.796999267579817],[-57.79237181820362,-25.796395916462792],[-57.78674266953198,-25.80115495211781],[-57.77894243805668,-25.803467886353737],[-57.76541647069658,-25.799634414124437],[-57.763292085422165,-25.796412979659987],[-57.760356781833536,-25.796514137276365],[-57.758693404813826,-25.79233308003582],[-57.761055940576576,-25.7915351601639],[-57.75959753913449,-25.78933504043073],[-57.76114715476524,-25.781069343785074],[-57.7646307486951,-25.78152513317536],[-57.76577002421705,-25.78018727098093],[-57.76190396095844,-25.779521315070568],[-57.763541103810645,-25.77737722438484],[-57.76242401216945,-25.776042180686183],[-57.759971188612155,-25.7786149148654],[-57.75900173514135,-25.776674087407955],[-57.756083971327534,-25.77686084087726],[-57.755031540396125,-25.774058084648814],[-57.75968296999544,-25.772214402804632],[-57.75562469323812,-25.77200527497299],[-57.75674771321203,-25.76800381782145],[-57.755490482952695,-25.770349030250593],[-57.754724113476975,-25.767630564733388],[-57.75320333711652,-25.76723210790517],[-57.751812566526276,-25.767731415048605],[-57.7523327636501,-25.770216398625518],[-57.74986673040905,-25.768373529705784],[-57.745095470309614,-25.76874567613204],[-57.74749455247156,-25.770706356480115],[-57.743866995066455,-25.77434132489788],[-57.744979179335424,-25.774177616289908],[-57.74664257445315,-25.77843109035396],[-57.742895389036434,-25.777962668806662],[-57.74213585435409,-25.779962099961743],[-57.739965650910946,-25.780298221146836],[-57.74007130618823,-25.783060760056053],[-57.74330095989559,-25.780479872680598],[-57.74461589597883,-25.785525240273167],[-57.74616198229763,-25.784406671543085],[-57.748134019302015,-25.7865546290652],[-57.74855267301283,-25.783685562786058],[-57.75104969386441,-25.784313798145874],[-57.74951063510405,-25.786344375866868],[-57.75167310857777,-25.788378431429184],[-57.750165620157716,-25.78810177979599],[-57.75070733443128,-25.789290897482605],[-57.74823528398382,-25.78947971253592],[-57.748140362399745,-25.79074435043959],[-57.74916387385805,-25.79177297595081],[-57.74956034718323,-25.790384883963764],[-57.75354254801029,-25.791330479099678],[-57.75104637348808,-25.793632401794238],[-57.75225491955902,-25.79419050790447],[-57.751683853032546,-25.797150664014872],[-57.74811826293082,-25.797751461199212],[-57.74967043766113,-25.799612601033065],[-57.74596479270623,-25.799365283239503],[-57.747759860871604,-25.801983685693294],[-57.745093868547826,-25.802805522827356],[-57.74621425813522,-25.804109073234347],[-57.74494755097515,-25.80687411929027],[-57.74038231234496,-25.803721457429944],[-57.74223122630906,-25.805124254468836],[-57.74001591600358,-25.805904058449773],[-57.741530896315474,-25.807573786447957],[-57.73872974839543,-25.810212013438946],[-57.7415842696338,-25.813347288768806],[-57.74349611600936,-25.811565427501943],[-57.74543749020805,-25.81451073063087],[-57.74465711126023,-25.816840713859854],[-57.740735019161,-25.816447090715837],[-57.743519800439095,-25.819545869100487],[-57.739168054887074,-25.819834494310932],[-57.74241885446586,-25.821879232257043],[-57.738798405930225,-25.822682944401993],[-57.74159831465363,-25.824463563677238],[-57.73980129337329,-25.827385108375005],[-57.74149060186726,-25.828313289318505],[-57.742849131182666,-25.82703448764929],[-57.74329596299166,-25.828360155350587],[-57.7428623146542,-25.829631407411675],[-57.741433606451764,-25.829112861555235],[-57.74195083575927,-25.831304739967116],[-57.741068960059636,-25.830271577144618],[-57.73960797471749,-25.83203884374781],[-57.745049503848456,-25.83146151097177],[-57.746827185068234,-25.833067622653815],[-57.742750564039596,-25.83257185396443],[-57.74197563200275,-25.834038999056165],[-57.74388319683965,-25.834309693457605],[-57.740418501890304,-25.837790945375083],[-57.73922952640914,-25.837215067748453],[-57.740866233731126,-25.835040256691304],[-57.738383322399635,-25.83444291926359],[-57.73810341136389,-25.8367790858945],[-57.73584231085287,-25.833686327084397],[-57.73530184140718,-25.837433069403144],[-57.73458129494413,-25.83460767650246],[-57.73260313899059,-25.835138250947804],[-57.73184470739588,-25.83385550900826],[-57.733377457888125,-25.833440556331663],[-57.731017336990554,-25.831595040099444],[-57.72960245265943,-25.833326919974546],[-57.731382988160355,-25.835624669133907],[-57.728611297284445,-25.838471142269196],[-57.730563281377634,-25.840267572265038],[-57.72834000763605,-25.840982529763142],[-57.72755780100694,-25.844566046028756],[-57.72643481215735,-25.843935712304972],[-57.72571107946621,-25.84629542425266],[-57.72283542187531,-25.845483852527202],[-57.72188483297903,-25.848332282768478],[-57.71879803360601,-25.84811381920341],[-57.719498824678666,-25.845598939742516],[-57.714852926575965,-25.847552194125065],[-57.71748597091503,-25.849643183150665],[-57.71465529370248,-25.85151398081215],[-57.71301487415958,-25.851234834608988],[-57.71437246509145,-25.84989898580323],[-57.71345625476629,-25.84852087948439],[-57.7117776857198,-25.850492826043862],[-57.71030804507185,-25.849123831104936],[-57.70540422787126,-25.84969204308615],[-57.70499945881305,-25.84429739564051],[-57.70179711207639,-25.845804742261627],[-57.70264930059886,-25.847306563377753],[-57.70139827398955,-25.84704414903142],[-57.701351549410994,-25.8487107266381],[-57.697938282432425,-25.84572204121091],[-57.698662632247085,-25.849608343199034],[-57.69715704689644,-25.8501580790885],[-57.696135011909355,-25.84895642813571],[-57.69828766637314,-25.84802992160858],[-57.69513664365656,-25.847812606583663],[-57.69597922271203,-25.845765053418525],[-57.69266554468359,-25.846334804817253],[-57.693706201823176,-25.848180187653803],[-57.692027975417545,-25.848828050866253],[-57.69038111215938,-25.84765072004434],[-57.689625287612586,-25.849548556468115],[-57.69013116222431,-25.851840521104457],[-57.69093574377082,-25.85062620181331],[-57.69233236555548,-25.852078218835356],[-57.69238370486242,-25.854604122003554],[-57.689460514136,-25.85375518517386],[-57.68820389323024,-25.854442858724262],[-57.689223232446125,-25.855506702653354],[-57.68664773653088,-25.855857873289363],[-57.68689502869991,-25.857321376260366],[-57.688768692590294,-25.857098324161228],[-57.68801573344467,-25.859371735816925],[-57.689552409748096,-25.85889485319591],[-57.68843366561698,-25.86023185302984],[-57.686235200838475,-25.861799750809134],[-57.686787936231894,-25.86002224135779],[-57.68438993874062,-25.860638462557354],[-57.68091457559919,-25.85724373207144],[-57.68191865741634,-25.860348463900543],[-57.67951407255434,-25.85876098317768],[-57.679470969126285,-25.861134595794578],[-57.67471653726942,-25.86152303722059],[-57.67468543406108,-25.863256755621066],[-57.67222912201364,-25.864542851243538],[-57.671380642235434,-25.862015515816633],[-57.66862614087193,-25.861189832846158],[-57.669266673998386,-25.863769828395004],[-57.667124058383905,-25.86283762040036],[-57.66473396261015,-25.865925232154183],[-57.665683447972825,-25.867757101109895],[-57.66641446032661,-25.86600054702388],[-57.66829870638552,-25.86703208286916],[-57.66660815903747,-25.86751127178391],[-57.666711035478215,-25.8697937143374],[-57.665430360177886,-25.868107436202344],[-57.6617659223711,-25.867274449059444],[-57.663734790239374,-25.866064102375553],[-57.66352104328108,-25.862585537406776],[-57.661537242222096,-25.86255796509913],[-57.66100905099817,-25.865124244337817],[-57.65968220572999,-25.863848343620592],[-57.657292153460645,-25.865031242288193],[-57.654470175932325,-25.864245528879255],[-57.65875370837808,-25.86139856586923],[-57.6515867241551,-25.86110126804669],[-57.65087829186471,-25.85888486052541],[-57.65590023891253,-25.859720511388115],[-57.65294090067222,-25.85637932790852],[-57.651740151099425,-25.858244835637123],[-57.6495351043559,-25.85750450296419],[-57.647061471915876,-25.8610809233876],[-57.64798022783845,-25.85923894893327],[-57.64373918866303,-25.858231993305797],[-57.644717441146526,-25.85569164096381],[-57.64253583631281,-25.855551714952803],[-57.642397395372335,-25.85404723029427],[-57.64168533084931,-25.8565034668848],[-57.63750754227474,-25.857866879066947],[-57.639621173078055,-25.86020483340753],[-57.636027766326485,-25.860189446504528],[-57.63861076420428,-25.861588708450803],[-57.63593224512186,-25.86165502019199],[-57.63769252263122,-25.863395591568132],[-57.635407678240405,-25.865039642003158],[-57.635803064849306,-25.867093468861842],[-57.63031711651195,-25.866721826310275],[-57.63238095887637,-25.864437182809414],[-57.62511636208665,-25.86386076392455],[-57.62690222183822,-25.868283529037413],[-57.629539368195715,-25.867471880779476],[-57.632876573776784,-25.869193035699872],[-57.63056773166289,-25.87426730838702],[-57.62678484799064,-25.875877396499188],[-57.62458986442248,-25.873891846043257],[-57.624408768738974,-25.875867429541323],[-57.62119810857383,-25.875432023591316],[-57.61713905748224,-25.879628714687716],[-57.61434111374603,-25.879213290322582],[-57.61519935364208,-25.875686480745657],[-57.61291971340696,-25.87342191699011],[-57.61393442830945,-25.87215883321513],[-57.61595814026511,-25.873466795929012],[-57.61704799422005,-25.87137975635197],[-57.61342102018757,-25.871618220858647],[-57.61229948791113,-25.868732276755747],[-57.60973883792096,-25.868007480244735],[-57.607219990957454,-25.869692586295855],[-57.602794245695655,-25.866344618239054],[-57.6006793604697,-25.86651795206565],[-57.60280007583916,-25.871581883280875],[-57.601517880650526,-25.872984583185477],[-57.60250449930185,-25.87622564406134],[-57.60511714464747,-25.875371725843724],[-57.60356219339211,-25.873345649952267],[-57.60522520410686,-25.871525596307215],[-57.608849198484826,-25.873750862922634],[-57.60331279379978,-25.8810347367659],[-57.603685240452435,-25.882995475938984],[-57.611352761647154,-25.88799191421854],[-57.60954577967388,-25.888527864554824],[-57.6112349967538,-25.88991136717292],[-57.609591542260134,-25.89184499405662],[-57.610461154287314,-25.893052010504203],[-57.61546100504855,-25.892076201655662],[-57.61478037256103,-25.895420466645273],[-57.61018854684121,-25.896317546957018],[-57.6097480006762,-25.893409166692155],[-57.60750196364408,-25.893618764682124],[-57.60362980175276,-25.89877788792585],[-57.60444146271013,-25.90103802326566],[-57.60689690154557,-25.901797670047834],[-57.606010969036504,-25.905004170786018],[-57.60431130607782,-25.905565593724823],[-57.601426824967774,-25.90414556773695],[-57.6018546258979,-25.901218160953125],[-57.596041424325904,-25.90305914342666],[-57.59283132757338,-25.90117833855631],[-57.593018676283634,-25.898213441287254],[-57.59078468559145,-25.898303398934498],[-57.58660553948345,-25.89492508105829],[-57.58215419266969,-25.901665372640544],[-57.58310612359448,-25.90546414732091],[-57.57858901610045,-25.90540097496837],[-57.57709641782316,-25.911876695791758],[-57.56947185037054,-25.918502014652844],[-57.55759138385416,-25.924531202221598],[-57.55451112847115,-25.93165222637388],[-57.552179452250385,-25.932435401014583],[-57.54729367000114,-25.938232676643484],[-57.54267903849199,-25.947691879090556],[-57.540187496364894,-25.947865734760658],[-57.53355724708855,-25.942541268860783],[-57.5319741380393,-25.947298769571017],[-57.52895173981775,-25.94997131202304],[-57.51675188613366,-25.95416246491631],[-57.51749204236227,-25.956591715316144],[-57.53018768453606,-25.962451364430336],[-57.5332049222195,-25.965543639528065],[-57.53091957040372,-25.968192676947403],[-57.52142551345297,-25.971614253425546],[-57.517959079192394,-25.975810948891482],[-57.51817772477982,-25.977965381824706],[-57.521244935366504,-25.980255574148206],[-57.53295988333497,-25.982918035581466],[-57.53443829125039,-25.985495571559483],[-57.532787320521805,-25.98723871503397],[-57.52159886048402,-25.98924024670773],[-57.5155670090591,-25.985691221731564],[-57.50361502741684,-25.97492501540319],[-57.498368409754214,-25.976660783042803],[-57.497003315459466,-25.981561882639753],[-57.49961872828846,-26.025116967902214],[-57.49356033072147,-26.02935750666803],[-57.49389059407891,-26.037407519432083],[-57.48406857907587,-26.04603881991333],[-57.48403517995189,-26.04935764282881],[-57.48924803938166,-26.055371633409354],[-57.489939546865514,-26.05832249987075],[-57.468135943914945,-26.113369558943273],[-57.47494203329568,-26.112114210900046],[-57.48545125098272,-26.11539304529662],[-57.48866506702144,-26.11504358160046],[-57.490115700261335,-26.116632366558896],[-57.48774444384972,-26.116288257173427],[-57.48654490989396,-26.118644498434957],[-57.475700293894505,-26.124084856440035],[-57.475644655355204,-26.131340250776343],[-57.47238276745777,-26.138276608434623],[-57.478814430095284,-26.145370616631446],[-57.4780204735804,-26.149933142015488],[-57.4828327879389,-26.158598927314404],[-57.4820674163334,-26.161653450156212],[-57.47766512462461,-26.165474039295855],[-57.48160571504811,-26.169677667821464],[-57.48481743071158,-26.170046124838763],[-57.48502960342392,-26.166230466974135],[-57.48701955891758,-26.163365927440182],[-57.490245549801074,-26.161801913964894],[-57.49760714710087,-26.161916619259166],[-57.49990161471893,-26.157520359574125],[-57.49708294259001,-26.148821202096705],[-57.501787343573696,-26.15489526031014],[-57.50497392857943,-26.15444619438381],[-57.50339930418918,-26.155377225524735],[-57.503645337225606,-26.157335756097574],[-57.50811873587449,-26.164855110529103],[-57.523469408035126,-26.16966697727775],[-57.52849836705996,-26.173924029230477],[-57.53119535106057,-26.179281822032205],[-57.544169990214485,-26.177542536874846],[-57.556204365712325,-26.177887482617898],[-57.56556757691337,-26.179729118383264],[-57.576154305396045,-26.18772802779766],[-57.58105492837857,-26.185518324115822],[-57.589075820400225,-26.199702389128298],[-57.589989113627716,-26.207021417429033],[-57.59315552553458,-26.210037724148425],[-57.59480600570477,-26.214491379441895],[-57.611083425713716,-26.220296667638358],[-57.61376130943151,-26.231449940487824],[-57.61065809046591,-26.2367317279255],[-57.61359665775504,-26.23787043972977],[-57.61763080318688,-26.236900572571216],[-57.61984041553356,-26.23833122343257],[-57.620320240349514,-26.251566003342827],[-57.6306101397804,-26.25944432772608],[-57.629098994582066,-26.260552517598196],[-57.63172110253639,-26.263326514658953],[-57.629298518183845,-26.268655346499873],[-57.63494982581196,-26.269664308242298],[-57.6418420076777,-26.264730819416258],[-57.6442645061481,-26.26477866078504],[-57.64384586631573,-26.266383217671205],[-57.646124298094136,-26.267253327960432],[-57.64717675569445,-26.270806081541984],[-57.65621684726979,-26.273767242566546],[-57.655538134257554,-26.276853799363096],[-57.650663273972015,-26.276993357027884],[-57.650342048872176,-26.2783220986962],[-57.652142370332896,-26.279334225283865],[-57.65066658468119,-26.28039281890091],[-57.65143161528686,-26.281639886393243],[-57.65014435971741,-26.281600577121978],[-57.6512622336415,-26.28353677644776],[-57.649555642218004,-26.283797326314797],[-57.65216990707758,-26.285099211833444],[-57.6497592243512,-26.286292964279884],[-57.65248162811572,-26.28693974037209],[-57.65364482092603,-26.28572002756441],[-57.65465562467231,-26.290311252145603],[-57.65724295522265,-26.290574813834933],[-57.65778549503099,-26.293689208148685],[-57.655464475693215,-26.294375497493466],[-57.65632405619895,-26.296229655331942],[-57.65786556642196,-26.29542551877531],[-57.65907318376178,-26.297716190281125],[-57.66264368826823,-26.294300292688895],[-57.66253675610016,-26.298154201883303],[-57.66543264368272,-26.297628770237832],[-57.66343654112894,-26.299844490195756],[-57.66732676339837,-26.300116772121953],[-57.663903899960694,-26.30186932789532],[-57.66581189758341,-26.30370449179578],[-57.66439158914396,-26.305231326018582],[-57.66937160642629,-26.304870340525202],[-57.67187158074105,-26.30206097421069],[-57.67330323240793,-26.303534919637137],[-57.669006169332974,-26.306505784452746],[-57.669702043462955,-26.307280255877522],[-57.67378386308026,-26.307685300305554],[-57.67378697447597,-26.30907785525507],[-57.676831578708324,-26.305885783411124],[-57.680156495679185,-26.306598507506894],[-57.67797480339523,-26.309105629161504],[-57.67886718917907,-26.313493227253755],[-57.68253165826578,-26.31513860037651],[-57.68364074356211,-26.31349694406754],[-57.68267499143798,-26.316608894054635],[-57.68004330820201,-26.31730761986473],[-57.68359612668543,-26.319034431644983],[-57.68157582557973,-26.319452262263642],[-57.67864275231129,-26.31758463790584],[-57.68113260479646,-26.32067431664936],[-57.67839106309823,-26.320631008609052],[-57.67683430519314,-26.31884363294239],[-57.676662006154885,-26.32144856756555],[-57.67439319056968,-26.32212084432391],[-57.67444059691878,-26.32356344474489],[-57.67716928980648,-26.324071407448603],[-57.67818997636411,-26.32633286958267],[-57.682867031695714,-26.326106561590674],[-57.681894544145116,-26.32808891212325],[-57.68517328092106,-26.329136039094767],[-57.68434504102224,-26.332844407004032],[-57.68730095765437,-26.334520149098744],[-57.68644559757069,-26.337240616135325],[-57.68941262052289,-26.337517189129507],[-57.68762560186082,-26.33897513088693],[-57.68995239858997,-26.3394732668191],[-57.69021840029401,-26.337993547233726],[-57.69247006918992,-26.337742174601317],[-57.69038624404959,-26.340645438578495],[-57.69378933025817,-26.341583975248376],[-57.691355599329285,-26.344404060558656],[-57.689612527207586,-26.3430613521374],[-57.68543430514095,-26.344149552429645],[-57.68412389260901,-26.3429391094962],[-57.68474202232638,-26.347916157824194],[-57.681341993565866,-26.347854554146746],[-57.680446235070264,-26.350419549792594],[-57.68301691770443,-26.350966153116136],[-57.68325470856088,-26.352683967371497],[-57.68109172500276,-26.35204347159469],[-57.67951663695824,-26.35391845069825],[-57.684406230238054,-26.356229546785436],[-57.68800734293026,-26.35573127451144],[-57.6885057958022,-26.357695410082304],[-57.69178526221484,-26.35724103080587],[-57.68981289503686,-26.3596344292445],[-57.69129415827629,-26.360483223448817],[-57.68998001166206,-26.363976965189302],[-57.693259935502915,-26.366203533232053],[-57.69746454724556,-26.3667773192849],[-57.69892257668126,-26.36504419533263],[-57.70218186262282,-26.366421797059584],[-57.69893180015828,-26.368536265139742],[-57.698970199652486,-26.372308786388036],[-57.69650600752131,-26.37520691555807],[-57.703247009447594,-26.376930628718856],[-57.708381573149765,-26.372814882789477],[-57.71155075410728,-26.37529445564114],[-57.71321190026519,-26.374684916575447],[-57.71414178666939,-26.376484102887503],[-57.719705307909344,-26.371957304142754],[-57.71607930471022,-26.368473946608788],[-57.718147257079636,-26.363823168582577],[-57.717291616337796,-26.36132332463362],[-57.71987609129128,-26.360228064195326],[-57.71893823996239,-26.356921440604737],[-57.72274697538876,-26.355952024185573],[-57.72357698083443,-26.354320855947204],[-57.72433773126089,-26.35670088821525],[-57.72873066301953,-26.356034889975568],[-57.734289872463215,-26.357440716617713],[-57.736047272987705,-26.359691777598403],[-57.735352414103446,-26.361562830614897],[-57.73736902064153,-26.36288410568572],[-57.73124943090537,-26.363721894315653],[-57.730065139925294,-26.366918221865497],[-57.733854666606966,-26.370124504581014],[-57.73888130500882,-26.371485118417368],[-57.73465911178825,-26.375637937130747],[-57.7334646452504,-26.374271745530255],[-57.73529230411612,-26.371454076737376],[-57.73412046234923,-26.371177137729187],[-57.73275203953292,-26.37604620048253],[-57.73864812012868,-26.377192421571873],[-57.74182423443564,-26.380451247439453],[-57.74601483010698,-26.38028415205806],[-57.74937681654263,-26.382010407746062],[-57.74330467851805,-26.387959116595678],[-57.74791934470317,-26.395297842810272],[-57.743139337543056,-26.40059016044762]]]}},{"type":"Feature","properties":{"shapeName":"AMAMBAY","shapeISO":"PY-13","shapeID":"63826900B22649219267943","shapeGroup":"PRY","shapeType":"ADM1"},"geometry":{"type":"Polygon","coordinates":[[[-56.31422301887359,-23.345397045275924],[-56.314021383495685,-23.338190823468594],[-56.30976905554447,-23.335755918219565],[-56.31171999731656,-23.333601192478774],[-56.312050066659566,-23.330170248063872],[-56.30988957184941,-23.32958717453472],[-56.311682060463255,-23.326844627373593],[-56.3087650722863,-23.325029777697253],[-56.30250642843491,-23.32679953177709],[-56.29930417847235,-23.320886949576387],[-56.29680239467117,-23.32177448778855],[-56.2875640968401,-23.317844225611903],[-56.28984953010292,-23.313609273503953],[-56.28930291076836,-23.307428490257063],[-56.29523171949798,-23.30779397783563],[-56.29954463553364,-23.30567709013692],[-56.299475902094315,-23.296508658392277],[-56.29610441804896,-23.296552274949768],[-56.29295635036742,-23.290748195311956],[-56.287124305643495,-23.287619090450615],[-56.28506744087824,-23.287921356105556],[-56.28608553463456,-23.286557548661122],[-56.28510775485313,-23.284606563666124],[-56.281863517376344,-23.28274457464819],[-56.28243673919388,-23.280692272934886],[-56.28835967231181,-23.27860109130641],[-56.28566053259158,-23.27148465258254],[-56.281255110768285,-23.27108065420485],[-56.27223621170978,-23.273943087984364],[-56.27134419201287,-23.273017621144522],[-56.27358633456822,-23.271076965525552],[-56.27186988377719,-23.26578943768286],[-56.26909299616177,-23.26406033327479],[-56.2682360643709,-23.26153623612471],[-56.27257016927014,-23.259027234934162],[-56.274464820361885,-23.259943781673474],[-56.27559497228298,-23.258061175650383],[-56.27324196783663,-23.256040538866714],[-56.26978839026256,-23.256873587115987],[-56.26662496283361,-23.254808435974162],[-56.26488481802275,-23.255265481270957],[-56.26378773010098,-23.25255055017371],[-56.26679338464935,-23.248924453346376],[-56.26391734411393,-23.248861322802572],[-56.25956483424359,-23.244554877783624],[-56.25643696682523,-23.246405344616473],[-56.25482827071394,-23.245539621509202],[-56.25505525416549,-23.243390930163482],[-56.25047475425479,-23.24410982021803],[-56.24244314725042,-23.239938872014786],[-56.23951302585099,-23.240832495857983],[-56.23597686865304,-23.234316371580167],[-56.24133380021856,-23.231497044741896],[-56.23879467995402,-23.22659811373339],[-56.23650294570152,-23.226672809420037],[-56.2334105783298,-23.23088502753883],[-56.22372368804192,-23.230936840907994],[-56.218491038159854,-23.235016225206486],[-56.211506045185644,-23.230663756693666],[-56.211558490691715,-23.22620643538701],[-56.21360449128761,-23.22438758281621],[-56.21359121216126,-23.222170012751],[-56.21064040307399,-23.221527459307374],[-56.21188343098817,-23.224234442483095],[-56.20764537471897,-23.22382925366912],[-56.20631207490215,-23.22690264048167],[-56.20107896007525,-23.226587087992442],[-56.203254040539484,-23.225274854218007],[-56.20328487919813,-23.22316590197909],[-56.19956388015455,-23.22272246938021],[-56.198088467566635,-23.219287086269834],[-56.199765827204914,-23.21855947649259],[-56.200135363197184,-23.21599610185574],[-56.20420460378056,-23.215569634436328],[-56.20502461599937,-23.206947647224982],[-56.20813100385894,-23.205382609115173],[-56.210153132846685,-23.20051064490259],[-56.21289454988981,-23.20283221945629],[-56.214514173183254,-23.201589295803636],[-56.215340651075394,-23.19884298423763],[-56.21255802130911,-23.195952190090757],[-56.21340766261121,-23.191751748411907],[-56.218659061756654,-23.19132175976109],[-56.217552398507245,-23.185878608444764],[-56.21341917159903,-23.1788170598666],[-56.213561213171,-23.174468546614918],[-56.21214556707356,-23.17367562906301],[-56.206924665163065,-23.175469499427926],[-56.203114302807194,-23.17383793548726],[-56.20314090273897,-23.169344329833287],[-56.20577987984537,-23.16768661961958],[-56.20761155663947,-23.161783970634968],[-56.20397317083953,-23.163657968679377],[-56.200267829257,-23.162704321239794],[-56.20025755745301,-23.164434021252443],[-56.19810085227328,-23.162824278390868],[-56.19484304459748,-23.16402706700455],[-56.19016100795434,-23.160105483550304],[-56.18686931146824,-23.161258253822886],[-56.18243616230308,-23.16054431349601],[-56.18669509758704,-23.150774980523586],[-56.18293100764165,-23.147205682670606],[-56.18714313490773,-23.14461251131163],[-56.18590233680573,-23.13890198869178],[-56.18871059683984,-23.13673959436848],[-56.18891884690019,-23.132766294004913],[-56.187104866284734,-23.131316243125],[-56.18928284766835,-23.12989126126091],[-56.186227343818295,-23.12935162897818],[-56.18794952230754,-23.12799657343104],[-56.18537519768473,-23.125210268344205],[-56.18565997608172,-23.123536178690696],[-56.183509673611184,-23.12110430720333],[-56.18134207151697,-23.121436314076877],[-56.1795934525787,-23.11850967848327],[-56.17494495901949,-23.117514424986382],[-56.17514004818513,-23.119448434340807],[-56.17073618645495,-23.122148690026687],[-56.16947352984053,-23.124793128341906],[-56.16637364867743,-23.124257398190153],[-56.16541501096623,-23.125792393284737],[-56.16083734595783,-23.123103477815235],[-56.15549686772829,-23.12246978959426],[-56.15466983389773,-23.12344088277803],[-56.15394879972175,-23.121327899752387],[-56.15176492523879,-23.123073015700445],[-56.1486971660264,-23.121624819360783],[-56.14457059866725,-23.123241912999045],[-56.14174433499758,-23.121167126784886],[-56.1392958765256,-23.11183213854933],[-56.145808348121285,-23.10975389413757],[-56.14732161732722,-23.106903251929346],[-56.14595523018954,-23.105057723970088],[-56.143744363203666,-23.10627418178574],[-56.144022860834,-23.10335363831039],[-56.14611515406409,-23.099937087448815],[-56.15136165952285,-23.099739564094207],[-56.15204601882932,-23.098144463620383],[-56.14901069807609,-23.096962919793175],[-56.14820751000555,-23.093589412548837],[-56.14546233761975,-23.091226092028496],[-56.14055204836059,-23.09195818316787],[-56.138257060177914,-23.08868941090339],[-56.13614442635299,-23.08822172022644],[-56.13926671310665,-23.07972098927664],[-56.13869761452447,-23.077486823769608],[-56.13021232847879,-23.076207377935145],[-56.12904095698922,-23.075144106349534],[-56.12989058225759,-23.07301256955334],[-56.12578051938727,-23.069349730577173],[-56.1272492729393,-23.068093280333194],[-56.12620900171735,-23.064221562187395],[-56.12861402900822,-23.0613805245549],[-56.12655413909646,-23.05564697243401],[-56.12881825240884,-23.054769748999476],[-56.12919534122732,-23.049447073823327],[-56.13188001815276,-23.047560459470244],[-56.13012462494993,-23.045522979091253],[-56.1304387141025,-23.04287361773082],[-56.29438733396738,-22.68764065791109],[-56.30131298362985,-22.68805043443823],[-56.303045523358485,-22.69340571561174],[-56.30556061866412,-22.69455484720792],[-56.31292028682877,-22.68695344144515],[-56.31554551210422,-22.69054640841061],[-56.32065191864544,-22.691733464594716],[-56.3213485706072,-22.689640682797815],[-56.32404282093461,-22.6905057350207],[-56.32804890103803,-22.68763644407698],[-56.342248922463945,-22.694497552738977],[-56.34431085271837,-22.69811936302398],[-56.342074452424356,-22.707075797079803],[-56.34312624374988,-22.708299622830296],[-56.3480872035828,-22.708780618753533],[-56.35347467996159,-22.706693191553345],[-56.358960512779,-22.706710751217226],[-56.3578881717767,-22.71038755171652],[-56.36017330624641,-22.714439144128765],[-56.36235650261137,-22.715432501189543],[-56.361907833390035,-22.71822202383269],[-56.363852139201484,-22.720090645008003],[-56.36961219438658,-22.718555198829872],[-56.37325186680852,-22.71514133521841],[-56.376105213089325,-22.715866129656547],[-56.385180366018474,-22.713530007305703],[-56.3869154340949,-22.715158163997383],[-56.38516929473865,-22.719550726708995],[-56.3809098652876,-22.71871677058123],[-56.3823874849322,-22.7236050331403],[-56.38462707065275,-22.724851243434863],[-56.392324498082544,-22.721895146455267],[-56.39211368840349,-22.73117616197796],[-56.39018250267603,-22.733363919640034],[-56.391177970721685,-22.73892776407431],[-56.39335427024998,-22.741623472633353],[-56.397201198747666,-22.742315535735237],[-56.39806469886219,-22.749179646167853],[-56.40638253576204,-22.74771574613389],[-56.40617555740811,-22.746310284451525],[-56.4030051791006,-22.744816992811337],[-56.404352596676,-22.74080216138152],[-56.41182410949133,-22.743675360372713],[-56.41345596776744,-22.745117670493293],[-56.41495194379726,-22.75203370677458],[-56.41373216617491,-22.75342941046267],[-56.40864064324094,-22.752579568797483],[-56.40887560118131,-22.75583697452851],[-56.417941608456765,-22.759899166471218],[-56.42159882654629,-22.757509571795822],[-56.42537965927999,-22.760901712172817],[-56.42796066751555,-22.760513509582175],[-56.435931426475946,-22.77057797724506],[-56.442264687251274,-22.772452079112835],[-56.44114939174145,-22.776020888090468],[-56.44271067875169,-22.777918844604386],[-56.44454502921456,-22.77764972100018],[-56.44718657073815,-22.770612835464636],[-56.45016327911562,-22.770112728538724],[-56.452366557885554,-22.76691795532677],[-56.45524609478813,-22.768327987477683],[-56.453952152282746,-22.775116696493516],[-56.45892081109598,-22.770973728007984],[-56.46836328272382,-22.7757931736258],[-56.47158814181488,-22.772840917343476],[-56.48287482497759,-22.77200163876899],[-56.49392142640803,-22.77613823299102],[-56.49527138136501,-22.778915777908995],[-56.50477059054444,-22.78303769568293],[-56.50323838635473,-22.78613592378168],[-56.50436409235553,-22.787354424029793],[-56.50899770371325,-22.78704806433662],[-56.5105691940053,-22.788435011825737],[-56.507531360939794,-22.79521881637976],[-56.50891372544353,-22.80267566821351],[-56.51832847690937,-22.808020567269644],[-56.526011593025494,-22.809764467600544],[-56.52529111321432,-22.820317896455396],[-56.51976492763892,-22.82422184567363],[-56.52644372614504,-22.834142468201996],[-56.526174466470344,-22.835383762390098],[-56.521892683729085,-22.83442697545209],[-56.52192376288537,-22.841396344736914],[-56.53164229898411,-22.848606786571974],[-56.536180365540176,-22.856592053568633],[-56.54090844913148,-22.85786140496945],[-56.5436618219484,-22.861049082155983],[-56.542460277943086,-22.86545844816498],[-56.53979144145081,-22.86627730708987],[-56.538560441016735,-22.879354084771204],[-56.54667505527725,-22.87868185086752],[-56.54721350120275,-22.880390694673324],[-56.54433125156043,-22.882270439238145],[-56.54595941568286,-22.883905621528438],[-56.558178294007156,-22.887883115018315],[-56.558798702587445,-22.89030578510137],[-56.5615436793277,-22.892074889351807],[-56.56143482900008,-22.89560664153689],[-56.55615289700988,-22.892353514557854],[-56.5545942974176,-22.894914634226637],[-56.559494716060684,-22.899517245384008],[-56.5701576561217,-22.901578952787773],[-56.57527310629723,-22.900197048452462],[-56.57691229977109,-22.90298370365211],[-56.578158004416835,-22.89744954792532],[-56.58790247716163,-22.89837845148181],[-56.58230878938014,-22.905545394897423],[-56.58284463577558,-22.90848265267858],[-56.59676733995741,-22.913450829132266],[-56.60743800849342,-22.908545320283068],[-56.615285385064155,-22.908925851766824],[-56.617434754996964,-22.90441885235295],[-56.61561113237276,-22.902332249479077],[-56.6162112919229,-22.897609221989395],[-56.61491786535777,-22.89555099013691],[-56.61874314191674,-22.89593509841956],[-56.61835894780733,-22.89864872016978],[-56.62179283855328,-22.89912214992131],[-56.62302112654976,-22.894147649478292],[-56.62641262767958,-22.8956010054246],[-56.62470670254958,-22.893252811420037],[-56.62579368600327,-22.892862419537305],[-56.630558086830426,-22.895231290185613],[-56.63119376262718,-22.891818127169902],[-56.6338015718334,-22.89284041770889],[-56.63477835901421,-22.890579787718682],[-56.637106017663335,-22.890856121279917],[-56.63974834063548,-22.886431224335755],[-56.640738952130796,-22.88696643930509],[-56.63958569326097,-22.888720835220166],[-56.64299387782804,-22.887075403034956],[-56.64599844720179,-22.887836414320944],[-56.65363242818894,-22.882803522921844],[-56.66456678112414,-22.88112415354425],[-56.666464896856525,-22.881846306990006],[-56.66543602765202,-22.88421543220607],[-56.67000613301412,-22.885453534258314],[-56.666144223798966,-22.889388581261997],[-56.6676151761627,-22.89391291191074],[-56.671685568908224,-22.894540163070104],[-56.67100164089036,-22.896896482421567],[-56.67673032834354,-22.898290356603457],[-56.68041051674073,-22.89594909813669],[-56.680880823031806,-22.900439674998488],[-56.683130413443884,-22.898235494002098],[-56.68706482335818,-22.898988550238276],[-56.68862634485915,-22.896489345940495],[-56.69471030057006,-22.90259422421294],[-56.700507347676506,-22.901665773935836],[-56.70517034986259,-22.903485704671997],[-56.708715497887496,-22.900868017506845],[-56.70632850465461,-22.90393952285784],[-56.70869428621457,-22.905949308425427],[-56.713077654659564,-22.896833469192604],[-56.712980812366666,-22.89333281812722],[-56.710111197416104,-22.887609411456364],[-56.71231418989108,-22.877699145707172],[-56.711139150108735,-22.875528974330532],[-56.708426722066335,-22.87486909611475],[-56.70483894268118,-22.868484821805634],[-56.714302860432475,-22.850367289967707],[-56.713190571162194,-22.843350744806727],[-56.70780469994801,-22.843485489608888],[-56.704188757387605,-22.845723647835978],[-56.69620596502622,-22.84500400135488],[-56.687312534799275,-22.84109784984685],[-56.67726671082043,-22.843571060872176],[-56.6809034225253,-22.837029080738702],[-56.67394736992558,-22.8305469826362],[-56.666324496691566,-22.828286365368065],[-56.666146260118026,-22.824446738897517],[-56.6688587450895,-22.820301486191045],[-56.664423775411855,-22.816005791893165],[-56.66002858840033,-22.816895315026763],[-56.65345772571274,-22.815905541007826],[-56.650940820942054,-22.80840220836343],[-56.651791126626385,-22.806430237471396],[-56.65003054576282,-22.805468826436922],[-56.64907911654283,-22.80197526781928],[-56.655417322237554,-22.795914020771622],[-56.66142149104783,-22.793713655235994],[-56.66292474779432,-22.789091649195157],[-56.66226835022407,-22.772016783738124],[-56.667137843226726,-22.768508424928264],[-56.6667877897493,-22.7664932010921],[-56.6697503635085,-22.766463222354027],[-56.666997424409416,-22.761891015543664],[-56.66849011020228,-22.75688046588306],[-56.666964452256174,-22.758164581824353],[-56.66522433984661,-22.757506006553612],[-56.66937064307138,-22.755260756788037],[-56.66827744080345,-22.74990606939571],[-56.663769588142394,-22.74671680949979],[-56.66695396883069,-22.742396371041355],[-56.667045846786785,-22.73336292550753],[-56.669346402167776,-22.72560328086563],[-56.66559131854155,-22.722767937689348],[-56.67342013173277,-22.72554841855737],[-56.67612093747043,-22.722839298356167],[-56.676171143974095,-22.71883297093887],[-56.67236023376817,-22.712876539833765],[-56.67358134574767,-22.710182485779743],[-56.67894787343202,-22.70984555019315],[-56.683760880893296,-22.712822700680228],[-56.690004261422494,-22.71311045011482],[-56.69601214739994,-22.709264597846595],[-56.695529580897066,-22.703473084713238],[-56.70192039077157,-22.69703505615524],[-56.699936928280415,-22.695229125472277],[-56.69490831183568,-22.69575712370876],[-56.69582114085741,-22.69103875044885],[-56.69440358470778,-22.69039465715944],[-56.69467375055602,-22.68874652090782],[-56.692484048690226,-22.689749587826626],[-56.694170420936594,-22.682218701676053],[-56.70410421374101,-22.676966189812653],[-56.70262821845585,-22.676385297275377],[-56.703983242895106,-22.67493337625687],[-56.703629053072035,-22.67101208223961],[-56.7084734317706,-22.667976602285894],[-56.709354070450026,-22.66407562527756],[-56.71324286492775,-22.66489566907094],[-56.716319151959325,-22.657019196994867],[-56.71947725281183,-22.65690280055091],[-56.72361674127571,-22.650938673574217],[-56.72571826006991,-22.65225669767391],[-56.7267837358597,-22.65148161329635],[-56.72282008191438,-22.649008589144074],[-56.721700227573294,-22.640844633963194],[-56.71819568200913,-22.638327121803357],[-56.71973193566809,-22.636622430392542],[-56.718752220689225,-22.63444808947035],[-56.720116230747,-22.63397620282752],[-56.71923645953331,-22.63261056346485],[-56.72122795911566,-22.627704171243707],[-56.720003754991545,-22.625845594580742],[-56.72118346088642,-22.6250391253927],[-56.71534118971385,-22.622065781021593],[-56.71984037710205,-22.615226077812032],[-56.7182395250193,-22.609351299481524],[-56.71996802848116,-22.602335048415178],[-56.727620645512204,-22.592261940226894],[-56.72566971339239,-22.58320671265455],[-56.7271914159214,-22.57834005909085],[-56.72627190200533,-22.57692017970231],[-56.729363164703095,-22.573664193365488],[-56.7287873482303,-22.57090337955164],[-56.73050949293485,-22.568814936902662],[-56.72859621638446,-22.56108324420114],[-56.730810231853084,-22.558580065993784],[-56.73578043695039,-22.556668610180868],[-56.73866690196509,-22.543660009253003],[-56.735199917767666,-22.539453578095657],[-56.73255026959082,-22.532596981179278],[-56.73500556866017,-22.524718953786646],[-56.731039782783455,-22.52167698241997],[-56.73142243816036,-22.51864674130262],[-56.72770508073053,-22.513315001143535],[-56.724391810354184,-22.51242855775275],[-56.72262939170689,-22.50942626918141],[-56.72330275614536,-22.499322972899],[-56.71974444014398,-22.49598330101466],[-56.7203592728664,-22.493911078625512],[-56.718774807513284,-22.49170404038506],[-56.72037017235053,-22.488486213187954],[-56.7174821211137,-22.48616397042285],[-56.715453935848736,-22.477871750287036],[-56.71843823867264,-22.476960041818444],[-56.7151005702477,-22.46944244042154],[-56.7178706356831,-22.463236453544926],[-56.71682168688943,-22.45866342323025],[-56.71106767078447,-22.45461051618758],[-56.7101443770701,-22.450213828595995],[-56.70515870644248,-22.449879575007188],[-56.698858867206404,-22.440413879346256],[-56.6883712725545,-22.437367593539022],[-56.68241179526459,-22.432540868243727],[-56.68013410567797,-22.43445157846642],[-56.67816266505718,-22.431534201363633],[-56.67323025029533,-22.429527786823158],[-56.66808161024101,-22.43039810223143],[-56.665529996400615,-22.427429692472835],[-56.66110395436631,-22.426363491678316],[-56.659284513650505,-22.423834666457758],[-56.65191578781235,-22.4239228489162],[-56.648658378717776,-22.4221496552208],[-56.64868412458009,-22.414086881590777],[-56.64601459939477,-22.407603686356037],[-56.64675553223439,-22.393385789549676],[-56.64488971612252,-22.384519337191385],[-56.63790900497879,-22.379756488765473],[-56.62180776168719,-22.374534135120985],[-56.61230262937262,-22.368996381816313],[-56.609425750133795,-22.365285521266863],[-56.826067292074114,-22.295926391396403],[-56.81990760099418,-22.286666195391128],[-56.816304267147814,-22.288297351195027],[-56.80911127794297,-22.28688874903564],[-56.80745983805982,-22.28440690671187],[-56.803784162569,-22.284122445315624],[-56.80161655531466,-22.281635401770195],[-56.80814431383779,-22.271208715622688],[-56.803726188304154,-22.26675407762815],[-56.80585022564316,-22.25737005387658],[-56.80181276477858,-22.248719403712755],[-56.79329654167044,-22.242407405656405],[-56.7859335913173,-22.241187288365193],[-56.78691026719105,-22.243682025574266],[-56.79018664620731,-22.244991736366355],[-56.78876602228685,-22.2491049979145],[-56.787627042055036,-22.249817219412183],[-56.782563012277976,-22.24774619920006],[-56.78839990490922,-22.253585507563525],[-56.78485352012215,-22.257370715261544],[-56.77891779259427,-22.25729950883573],[-56.77669711621344,-22.260508142119026],[-56.77251588654381,-22.25836574691437],[-56.77160180856188,-22.254398436585767],[-56.76921226209432,-22.255456583372542],[-56.76603011594957,-22.251436316610427],[-56.762706600713976,-22.25150828961898],[-56.76423598131278,-22.245579537896305],[-56.76755845247778,-22.246054102734004],[-56.76729169078826,-22.24451338266901],[-56.7625424673878,-22.24236540004375],[-56.757745292593,-22.242087296088418],[-56.75445175362734,-22.24666271428951],[-56.75185442505687,-22.246712975891942],[-56.752172738998055,-22.240231395779436],[-56.74705377068871,-22.235801252274534],[-56.74419226954679,-22.24116311475509],[-56.741108202623614,-22.2414337777476],[-56.73890907069072,-22.24463741365932],[-56.73617203753942,-22.24351726789279],[-56.736228068392904,-22.245662988089354],[-56.73098580456465,-22.247203767581073],[-56.73324658707444,-22.25095669513901],[-56.73652851941159,-22.25300829896202],[-56.73405858139126,-22.256843818132516],[-56.72717422873323,-22.25973690445233],[-56.7204792273392,-22.264888571272657],[-56.720555090116655,-22.256925052649407],[-56.71291498216984,-22.25191130302282],[-56.71434253215717,-22.249375205163915],[-56.70906969009203,-22.24733315647521],[-56.70785068369692,-22.24316168139127],[-56.70584728757229,-22.24578702491646],[-56.70301899392774,-22.245203693572172],[-56.70678210066285,-22.242518328577276],[-56.705716564377155,-22.236644162274462],[-56.70169049205583,-22.23640645444736],[-56.70126881946429,-22.23390320160051],[-56.698191716568786,-22.234642843723037],[-56.695332961062896,-22.230874761515178],[-56.69490605438145,-22.227766188894527],[-56.696585008902,-22.226518088764347],[-56.700812433797836,-22.226900838654633],[-56.70401608728405,-22.222990359102088],[-56.70507183985859,-22.21925210197097],[-56.70353503120316,-22.21699978368941],[-56.699695480183564,-22.220850362903597],[-56.69772534522306,-22.21822226979212],[-56.696347295684305,-22.21862172771562],[-56.696409894958045,-22.220812646203623],[-56.691365934519695,-22.217596005194757],[-56.688974337738586,-22.223039091746102],[-56.68830728948969,-22.220002315034936],[-56.68289338348899,-22.221482501751503],[-56.68173524492601,-22.227325380644338],[-56.68474563476128,-22.22980661767013],[-56.68190025465002,-22.230528332480766],[-56.683162768892615,-22.23492142320675],[-56.679536622176244,-22.246351616053627],[-56.67684706891813,-22.244295530210024],[-56.67285330904123,-22.249400894074316],[-56.66771977814304,-22.24898846036209],[-56.66428015495345,-22.25376047341376],[-56.66094467990212,-22.252466179548083],[-56.65577220214198,-22.25579795001914],[-56.653722607133396,-22.25528316539627],[-56.654542711110814,-22.253550350360097],[-56.65125476657398,-22.254166686051253],[-56.65204848172855,-22.25723096932229],[-56.6424847340134,-22.26497506488436],[-56.640537475865344,-22.26259930413914],[-56.6368299783028,-22.263259586248818],[-56.638746067015774,-22.26050392533259],[-56.639075491461945,-22.251732492082716],[-56.641766060889665,-22.253224563934623],[-56.64311245079666,-22.250670857720387],[-56.64243266509824,-22.24439061718656],[-56.63862247159605,-22.241531912086423],[-56.63465082569233,-22.240651239178536],[-56.63182445585152,-22.245292942078546],[-56.62747171517083,-22.246755594300904],[-56.62500777739104,-22.242029581596704],[-56.62133096003451,-22.241831342864476],[-56.621084323443284,-22.238817875878514],[-56.61849282554177,-22.23877567997994],[-56.61583133886261,-22.235706833996087],[-56.61033217049989,-22.23310094735959],[-56.60847085512014,-22.234198644637967],[-56.60611033523647,-22.23205184981205],[-56.60980842652869,-22.22095325518585],[-56.59915598017198,-22.218560410608323],[-56.599861134007014,-22.211330291495507],[-56.5984033588292,-22.211548038626],[-56.596788792899126,-22.215491979785686],[-56.593523871482795,-22.218447064095685],[-56.59245011753804,-22.214383521634318],[-56.58981671443132,-22.21201898882211],[-56.58153932279583,-22.210430491949158],[-56.58243337316066,-22.205635646079394],[-56.58044278587419,-22.204171510390637],[-56.57596165019339,-22.20200073563302],[-56.576103642636284,-22.20681179773187],[-56.570459350274916,-22.207479081956762],[-56.56817887611805,-22.20189897391356],[-56.56281487219478,-22.20061084398233],[-56.563028046906936,-22.19795085648004],[-56.56027536121975,-22.19657025485832],[-56.55666787707774,-22.19652433782395],[-56.55731017373737,-22.187948148796153],[-56.55417099071893,-22.188278369118606],[-56.55172504412745,-22.185850501364502],[-56.55490335151702,-22.182322338682518],[-56.55368951531707,-22.176785587907993],[-56.556054091265096,-22.174005002167284],[-56.55707624903355,-22.169147392160397],[-56.54862074701685,-22.165962235465596],[-56.54721189731279,-22.163329381617093],[-56.53330640083689,-22.159017008848146],[-56.53259080779299,-22.15672931260042],[-56.53385437379223,-22.15588823327213],[-56.53799221393993,-22.157846873848037],[-56.538230170586225,-22.153840887044797],[-56.54104005874026,-22.149408512844424],[-56.54030388441413,-22.147274370089903],[-56.534725352377855,-22.146684884672418],[-56.52933338090511,-22.148516909145957],[-56.52666364152325,-22.140297109502946],[-56.519566625247435,-22.140777766466993],[-56.52004451465931,-22.13818636156677],[-56.522987940446754,-22.13754452992001],[-56.52429631467467,-22.13216848609511],[-56.52714459080789,-22.13093907648146],[-56.52322436108489,-22.12834389260839],[-56.5253601145246,-22.120892378406392],[-56.523128294799875,-22.122132596822258],[-56.521636261016624,-22.121071230491076],[-56.522466084553564,-22.11848987544269],[-56.518560817715134,-22.111612409223945],[-56.51890470094447,-22.10830689907496],[-56.50776513545362,-22.102690572964825],[-56.509348763466676,-22.099781800829152],[-56.50756302092984,-22.09615370778833],[-56.50236200702725,-22.0972039920979],[-56.496427899306326,-22.093951568395692],[-56.492895307538696,-22.096072719900754],[-56.48960497069434,-22.095497840219824],[-56.488601766829014,-22.093439423026776],[-56.484170818804586,-22.09531816484644],[-56.476375287835424,-22.09406020937997],[-56.47695147707614,-22.08814013904195],[-56.47284822841101,-22.087106095891357],[-56.47377573455979,-22.084340102106232],[-56.470998196091415,-22.07988631355742],[-56.46777861414021,-22.080440504586505],[-56.462276614898,-22.08490346346527],[-56.463903757943534,-22.079483774552436],[-56.45770638319455,-22.079449790112943],[-56.45712492382465,-22.084172739542954],[-56.45404820542783,-22.0850342936952],[-56.452570842693305,-22.084175624332463],[-56.45372911329069,-22.081993226636023],[-56.45173616949483,-22.07848129472584],[-56.4480138167124,-22.076517390759044],[-56.447533520486125,-22.08505758189371],[-56.444097404415295,-22.0850052817409],[-56.43852933662404,-22.081124151350327],[-56.438727122774246,-22.083044590218982],[-56.43475253009682,-22.08480611105326],[-56.434648465252586,-22.086445450533173],[-56.431018892100006,-22.08688908420619],[-56.43182324823822,-22.08497212414887],[-56.42992904136711,-22.084608681865294],[-56.43129749799562,-22.082522040588014],[-56.42563693932527,-22.082000860521845],[-56.42155769191211,-22.08562724108309],[-56.41864811309198,-22.07964083739489],[-56.41056760500547,-22.08011782400048],[-56.40474035256247,-22.077350341491186],[-56.39988380345364,-22.08060746280619],[-56.39877249633244,-22.07808737809126],[-56.393889443221745,-22.07445570656964],[-56.39314060381464,-22.081991899325903],[-56.38996055321229,-22.086244164304812],[-56.39264892612522,-22.088024857679457],[-56.3905352290599,-22.090117420004294],[-56.3889124862586,-22.089614486659798],[-56.38997652207852,-22.093385679148902],[-56.39151953604884,-22.09398316381795],[-56.39335186102211,-22.091392671010052],[-56.39545796898794,-22.094350107905914],[-56.39278133705486,-22.098428114149396],[-56.39305585738343,-22.100683139894254],[-56.38928718506573,-22.103067648436262],[-56.386809178092236,-22.1021865790784],[-56.38636815068123,-22.105111965234613],[-56.382456874855045,-22.103873111779595],[-56.380780595934574,-22.104779208969518],[-56.38436503929664,-22.110542941486283],[-56.38039346721002,-22.11461583876476],[-56.378170634560284,-22.11479258933074],[-56.38045624722319,-22.119386059369823],[-56.37202056631618,-22.12591255170282],[-56.37345418347566,-22.129247102474043],[-56.37039232472746,-22.13120925784288],[-56.37043372175041,-22.133485992689316],[-56.36781447302034,-22.136868144115414],[-56.371815834811244,-22.143248063393024],[-56.37421114566785,-22.143505703423266],[-56.37316112298688,-22.1465822729414],[-56.370845614867896,-22.148131726929424],[-56.37392945711462,-22.14977874775248],[-56.372625938311025,-22.152736895133174],[-56.369131029923885,-22.15246594583707],[-56.369013721071674,-22.156210086180458],[-56.36620045176375,-22.158146003525985],[-56.36685211931219,-22.163008823251925],[-56.363289213471226,-22.1674216008207],[-56.36468377826264,-22.16964036707772],[-56.357720853180176,-22.172214864386227],[-56.35761611598285,-22.175787385498992],[-56.349778787690326,-22.173308102990962],[-56.348716675309355,-22.17976313847176],[-56.34596777866621,-22.179679856878163],[-56.34548456955878,-22.1819138177979],[-56.34322726920817,-22.18288040009038],[-56.346537199561446,-22.18659310742046],[-56.346182666504596,-22.188136488252248],[-56.34299892185048,-22.189876261689754],[-56.340315966189486,-22.18861421925941],[-56.33917535695653,-22.192417395547558],[-56.33580068855175,-22.196039820231203],[-56.33805451650842,-22.197422152094255],[-56.33630567676766,-22.199149545231368],[-56.33014684113234,-22.199246284269027],[-56.33084821515377,-22.20413650879437],[-56.32650796655611,-22.203007443360473],[-56.3264738284345,-22.205333529643358],[-56.323828861986335,-22.207251300631324],[-56.325831456119644,-22.20856048625021],[-56.321283191105415,-22.211328537963347],[-56.32203855473995,-22.214267696274824],[-56.31731792975084,-22.215006808315636],[-56.31685301468151,-22.21822543090546],[-56.31244501801989,-22.216002604030262],[-56.31197940779467,-22.21362021357095],[-56.29954694730567,-22.21738398118851],[-56.29914957660034,-22.219984016251985],[-56.29483567039714,-22.220457722122568],[-56.29402450730703,-22.222839135769153],[-56.291045918145265,-22.223295942869328],[-56.29038058541411,-22.22584509689177],[-56.285495140471504,-22.225137143412123],[-56.285171054668794,-22.23152714035003],[-56.27822160486239,-22.231902970541682],[-56.27911382554816,-22.233894362723895],[-56.277101426473784,-22.23676269268254],[-56.270782932125556,-22.2331751717805],[-56.27040434004099,-22.23566679778958],[-56.26780819907725,-22.23563706227723],[-56.262590628927526,-22.239484456782208],[-56.25751180082099,-22.23685962209067],[-56.25238015678127,-22.23851187191184],[-56.2429550183916,-22.235432928671365],[-56.23820220211588,-22.236544467728677],[-56.23248219401847,-22.247082504841728],[-56.232615908812875,-22.249368665087868],[-56.23456562145815,-22.25086842060326],[-56.23231292847772,-22.25354532407042],[-56.2345767370019,-22.25574215882781],[-56.22911778605972,-22.260391292527533],[-56.228090584016165,-22.263096522708633],[-56.22689750355913,-22.261758380905057],[-56.221773375026764,-22.26401943857737],[-56.220198526808325,-22.26514109634415],[-56.22118706576969,-22.26715131415742],[-56.2199245124071,-22.268613227533308],[-56.214832330668706,-22.269541744232683],[-56.21516926400482,-22.273626586508907],[-56.21279387593258,-22.274247445661413],[-56.213476373887715,-22.27565096867275],[-56.20996185030645,-22.277969105995616],[-56.20505320406027,-22.275334428127127],[-56.20284361643479,-22.275481685477743],[-56.20129310955261,-22.27814350515909],[-56.199866900766544,-22.278141000493527],[-56.19354789429197,-22.271189985900566],[-56.18973400843095,-22.27384043828227],[-56.18892601579325,-22.28193503717623],[-56.18692422184344,-22.282322503151672],[-56.18661314187789,-22.2789423769913],[-56.18353748571228,-22.277680303792614],[-56.178214272270445,-22.28088747704856],[-56.17758119614902,-22.278973667183692],[-56.174726233256344,-22.279297941242472],[-56.17331297052149,-22.282045994701733],[-56.174938198345814,-22.28173808650845],[-56.174538114284026,-22.285715345438835],[-56.16987944934203,-22.284688863063746],[-56.16890742098477,-22.287073268923614],[-56.16570725757413,-22.2883893034038],[-56.165792447771935,-22.28538156459423],[-56.161129153256006,-22.286568030675035],[-56.16096587240601,-22.282312380889906],[-56.15822692822187,-22.28563610136676],[-56.154640309613846,-22.28240152048435],[-56.150816040562965,-22.28178083211496],[-56.14759258495895,-22.282829897779234],[-56.14779106428139,-22.284615063313222],[-56.14514099478451,-22.28423978880837],[-56.14597390593094,-22.28554500130249],[-56.143657501794635,-22.284670096448853],[-56.13627408655386,-22.285900190901224],[-56.133705321828224,-22.284540509687748],[-56.13351037888354,-22.282899886730338],[-56.13066077035553,-22.28439324867573],[-56.12828132421738,-22.282257615761992],[-56.129169829061794,-22.28063183579861],[-56.127660641541894,-22.280411446874133],[-56.12850516419162,-22.275113311329278],[-56.12328236581084,-22.275464606179177],[-56.125544431978184,-22.27293386990241],[-56.12456327547222,-22.27073344103833],[-56.119792520641205,-22.273223486972693],[-56.117690146649956,-22.270393627342436],[-56.11584999430243,-22.274692597596776],[-56.11364241376108,-22.27480251573415],[-56.11236830840092,-22.27329599786245],[-56.10998686604065,-22.27519354596111],[-56.11018418776676,-22.276892921648923],[-56.105237105938,-22.27727676059499],[-56.10156970831517,-22.27979491388684],[-56.100919524208834,-22.27882473458951],[-56.09628785336005,-22.28222270023297],[-56.09813811590522,-22.28317246793959],[-56.09342628922199,-22.284008918454372],[-56.09261979545438,-22.285738833181505],[-56.08899083686539,-22.28450351124377],[-56.08788980721468,-22.282062818552184],[-56.086775304981856,-22.284224576895014],[-56.088293625178764,-22.28527647232253],[-56.08636538677142,-22.286250275092264],[-56.08266734155758,-22.282128245371112],[-56.08136037786282,-22.284857982043107],[-56.08011387814482,-22.284272784771392],[-56.07853009660171,-22.286093069058165],[-56.078669063599534,-22.284883380362245],[-56.07690920885494,-22.284688197943968],[-56.07747292461813,-22.28605544760411],[-56.07583600779894,-22.28681397635965],[-56.07486141429521,-22.285566331423883],[-56.071285627926976,-22.287144825264388],[-56.07016019221975,-22.285503337342682],[-56.06934574668917,-22.28674076216775],[-56.06504089530848,-22.278337552904],[-56.06283486978227,-22.278202884672737],[-56.06331829966035,-22.276480295733126],[-56.06082621629534,-22.276673669522125],[-56.060875154478424,-22.27552219513236],[-56.059840139829134,-22.2760853097567],[-56.06075103195829,-22.277576573685174],[-56.05664140669532,-22.276450677536435],[-56.05075460071225,-22.278810215249884],[-56.04787268442509,-22.277438336750297],[-56.04776551251207,-22.279379881686335],[-56.046567566890644,-22.27864114938375],[-56.04346254723507,-22.28305374733379],[-56.039525444989536,-22.283224719212022],[-56.03567466947596,-22.280979690273735],[-56.033994528103634,-22.28138523579567],[-56.03271497358975,-22.28484641657422],[-56.02924614584462,-22.28449147735848],[-56.02914247071135,-22.285624539281567],[-56.02518138761532,-22.286093116358007],[-56.02428099649103,-22.28471012666205],[-56.02190911019526,-22.287220662480724],[-56.0204169046846,-22.28623606735012],[-56.01707529814654,-22.28851032486594],[-56.01240635120076,-22.286268828587772],[-56.009869362874575,-22.290395133190625],[-56.012610195784724,-22.293004382740857],[-56.01008703784513,-22.294633067952116],[-56.0076562307134,-22.29271220140169],[-56.00415671776311,-22.29367539122466],[-56.00207646566476,-22.286399868228635],[-56.000634775791326,-22.28677942918612],[-56.00170382600926,-22.285652332350416],[-55.99921664006549,-22.28589446558709],[-56.000203568110145,-22.28420229321067],[-55.99772959103094,-22.28446706890848],[-55.99211303722487,-22.280602195905924],[-55.99123728671689,-22.282177576161317],[-55.98487257872048,-22.28081453455449],[-55.98345040222954,-22.278664758803203],[-55.980103351717524,-22.279127047265664],[-55.97987877671466,-22.281234895778297],[-55.977264099193405,-22.28241534803085],[-55.97862789976301,-22.283824083645314],[-55.97566456274803,-22.284640985153082],[-55.9695818446662,-22.29207294624207],[-55.964655193019915,-22.288672211946675],[-55.95744923130793,-22.290803081928242],[-55.954113827268536,-22.28973377478336],[-55.94948731165032,-22.29307326304764],[-55.94568668058015,-22.28341927627124],[-55.9285260721302,-22.27841548403657],[-55.919470031902314,-22.28069504498473],[-55.916304862047,-22.277837555614163],[-55.900088521480676,-22.285889886639566],[-55.88893689758432,-22.282787873633204],[-55.861731990952464,-22.282667152308296],[-55.855736832546654,-22.280271919159507],[-55.85239064559855,-22.2805102568836],[-55.84922633891895,-22.285577924850656],[-55.842797185822604,-22.28698652076702],[-55.837973266601274,-22.294097092729885],[-55.83550521096207,-22.304945977613055],[-55.8357685290584,-22.310873443688703],[-55.83296475633654,-22.314818725755558],[-55.82789441499115,-22.33315949879178],[-55.820482719314384,-22.3420843473969],[-55.811706803921,-22.347733455461608],[-55.800795380749626,-22.35901624762411],[-55.799208711502224,-22.36894050726551],[-55.7889079423383,-22.38278767436433],[-55.757469171957595,-22.38567002042032],[-55.74878967920601,-22.383349479167258],[-55.746625087258195,-22.38408242744301],[-55.74731830075607,-22.387271787687283],[-55.74390124188512,-22.390104099624477],[-55.741637197085474,-22.39553314199399],[-55.744852034130425,-22.403615187054797],[-55.73652174114402,-22.4123344414432],[-55.73882100029143,-22.423638562893174],[-55.73618340152945,-22.429191016820184],[-55.73368294922543,-22.441153055705797],[-55.73672785997363,-22.44538154488568],[-55.73790776707463,-22.453510997783138],[-55.73454670969543,-22.459400955762117],[-55.74048830194811,-22.461113947380312],[-55.74676248769168,-22.465100986321872],[-55.746323923221816,-22.46935640562008],[-55.752053841115945,-22.4772004221283],[-55.75108526082938,-22.481162709011564],[-55.74743843220934,-22.483211889025952],[-55.7464946869622,-22.485340736929274],[-55.746812988214835,-22.505846937542145],[-55.74057561998355,-22.515508168740524],[-55.73837661349611,-22.525424234629032],[-55.72407069801676,-22.550968697308416],[-55.713158289961164,-22.557650146145523],[-55.69778964879797,-22.563456728223933],[-55.69123012557908,-22.57875160293081],[-55.669728783618375,-22.593116834671676],[-55.64929325282192,-22.610508320015793],[-55.641444949688314,-22.612752028967712],[-55.63671858287192,-22.617897166480983],[-55.63138418394513,-22.62065376443628],[-55.62520738121059,-22.62829651034615],[-55.62290653177922,-22.65036557100485],[-55.62150481009092,-22.652928372658845],[-55.6144557236727,-22.655143770955515],[-55.61831839934132,-22.670495978136493],[-55.617334301002664,-22.67769462402371],[-55.60933091000241,-22.689092601123022],[-55.61364753878951,-22.69290097057759],[-55.61476244023889,-22.69973767672764],[-55.613185815120914,-22.704584181507812],[-55.613409891673,-22.717063159968475],[-55.617009812191704,-22.725086760383377],[-55.61597362138053,-22.735889689180205],[-55.61305959386178,-22.738904462190902],[-55.619744906560946,-22.743294230329056],[-55.62095000100923,-22.745247126554556],[-55.61938766498551,-22.749445920751654],[-55.620165869978074,-22.753358663239165],[-55.626642342573426,-22.757649997748395],[-55.62572894993091,-22.760434437323223],[-55.61802352525691,-22.767567042275573],[-55.62978782851494,-22.766763198019408],[-55.63534524953399,-22.770366937610028],[-55.63669175492885,-22.771826078465676],[-55.63661468530555,-22.77899494153309],[-55.63906769547477,-22.782847847293038],[-55.64559556303635,-22.789068041037076],[-55.65240741831059,-22.792510993564868],[-55.65071652357798,-22.79355334102092],[-55.649229732692156,-22.80186609711553],[-55.65576082834881,-22.808866751130484],[-55.653506810868855,-22.812121701767694],[-55.653445971283894,-22.81695226150313],[-55.66095361576591,-22.82776332133853],[-55.65905364036898,-22.84139064739436],[-55.665918203306575,-22.852892270758247],[-55.663108629947914,-22.857640690924452],[-55.663334697173674,-22.8607332087644],[-55.66016923211713,-22.86441651515484],[-55.661235414823516,-22.882697211085937],[-55.65688771484375,-22.885539079839113],[-55.653846270829966,-22.885276541223565],[-55.64961163689115,-22.891425613751238],[-55.648773081009374,-22.897303339696222],[-55.651159354379445,-22.902871577770703],[-55.650593161950454,-22.911379417368778],[-55.64814197564498,-22.91323149560141],[-55.64721709971786,-22.922072592546176],[-55.64557359875452,-22.924718617129763],[-55.651661654963455,-22.931278010992916],[-55.65064744270392,-22.934742558751452],[-55.64400374006907,-22.94254183791452],[-55.64762429732812,-22.949990057857228],[-55.63843826812142,-22.95069154896804],[-55.634654520762695,-22.955240900540627],[-55.638220461668766,-22.957689797935974],[-55.63689109573537,-22.964845754638528],[-55.62646499416392,-22.97797460865227],[-55.63178950300779,-22.984684860692045],[-55.62418823767243,-22.98854003691131],[-55.626704348040704,-22.98923598931396],[-55.62824396922286,-22.98794488707451],[-55.63398235029117,-22.99186480682728],[-55.63339629719283,-22.9973453991057],[-55.62853150838234,-22.99838849941333],[-55.63237163998169,-23.00156815238725],[-55.632997260676426,-23.008331120291235],[-55.63647255240508,-23.018368591865936],[-55.63901675513327,-23.025589864443738],[-55.6350439427648,-23.02566853860112],[-55.62897025025578,-23.032249743271617],[-55.6237437634289,-23.03294495066158],[-55.61953098091762,-23.036024137205168],[-55.613896677406565,-23.04103253517386],[-55.6112126605494,-23.047430415515876],[-55.611290194254146,-23.050099916298223],[-55.61441489538538,-23.05452569387854],[-55.61169762846345,-23.05926146982583],[-55.610917269657364,-23.076802851461814],[-55.61541067267502,-23.082094129755983],[-55.61197462308141,-23.086006219171725],[-55.610958312376454,-23.09151101028959],[-55.598826987549906,-23.105596738932828],[-55.59547019133831,-23.118969537510743],[-55.59755878720268,-23.122411031386086],[-55.5951718139673,-23.131272181599677],[-55.596121835491864,-23.14987629528663],[-55.593501726427526,-23.150656722876562],[-55.57056415620215,-23.14242597467926],[-55.54211433908908,-23.155147795244375],[-55.54038139208671,-23.15818430476104],[-55.53823873149622,-23.18275190275359],[-55.523063643042114,-23.197746438519623],[-55.5267780926491,-23.210998340554024],[-55.5394400928009,-23.22272150067051],[-55.54053662749945,-23.225450064034945],[-55.53643381023734,-23.23573902128067],[-55.54017887283187,-23.24385221605436],[-55.53719703792366,-23.251053890280854],[-55.52957433333474,-23.25259023720905],[-55.52191836360628,-23.260009635351253],[-55.5324338016211,-23.269216140265947],[-55.54094133152141,-23.273806499240248],[-55.546999761241956,-23.275321238799677],[-55.54939601261602,-23.278987468107395],[-55.55322164623805,-23.280043309552163],[-55.55479341430498,-23.2830741949105],[-55.55457270179899,-23.288066376644743],[-55.549077404456746,-23.303811040936154],[-55.55553350614322,-23.316392289471914],[-55.55449736508376,-23.320311261474107],[-55.54585805028306,-23.323703766231255],[-55.534454976939664,-23.333396176795357],[-55.531907733820084,-23.340809358688304],[-55.52736261646705,-23.342554814185636],[-55.52050841974015,-23.352252673509003],[-55.51923465284395,-23.364843323820498],[-55.510784923271885,-23.36674541031034],[-55.50661517547285,-23.37019159248584],[-55.504336356521655,-23.378157646595202],[-55.5153747293507,-23.409911632386855],[-55.52378878684812,-23.42342935111636],[-55.53798676094078,-23.439141276065687],[-55.54422796306682,-23.44915621594138],[-55.540214532566765,-23.455462932403247],[-55.54279514927435,-23.474293919001248],[-55.54498975006154,-23.477719065660025],[-55.5617962649541,-23.476488784782767],[-55.55874258660749,-23.488169181571475],[-55.553301826178185,-23.487707858406562],[-55.55136489795179,-23.48911674683043],[-55.54783145464254,-23.504138340859814],[-55.54642723595442,-23.522223089298997],[-55.54340694317489,-23.523292102680728],[-55.54577994961807,-23.532886986337363],[-55.54400456639422,-23.535177761583398],[-55.54523743743488,-23.541470237140107],[-55.55402403368297,-23.553757348002733],[-55.55551380283045,-23.559848949378782],[-55.56170665726266,-23.566187321823083],[-55.56670636600291,-23.575765572507088],[-55.57166411915179,-23.578759800116927],[-55.57280531712153,-23.58671292668601],[-55.577346732785074,-23.5910532780445],[-55.57714477484903,-23.600122922553908],[-55.579680807917484,-23.603045046942476],[-55.57788296708526,-23.60590039853198],[-55.57949322925248,-23.60783419735377],[-55.5784400592049,-23.610867950513356],[-55.580200872151096,-23.612934069656433],[-55.58048153731969,-23.619176949012612],[-55.58307606199377,-23.620117293258176],[-55.583953270870666,-23.622681030544214],[-55.58443853617232,-23.62780143118005],[-55.583322397249496,-23.6290510438684],[-55.585469948825654,-23.62958991541895],[-55.58437724003956,-23.63048303084025],[-55.58672928868991,-23.63759820294585],[-55.59091841085255,-23.640937096758314],[-55.592899252866964,-23.645800133073188],[-55.59648909062665,-23.646713180472396],[-55.59825755899811,-23.65014284312273],[-55.60011163789925,-23.649739662789234],[-55.59974612837308,-23.652648812360027],[-55.60159838288453,-23.65282357398477],[-55.601430361657464,-23.65116489550578],[-55.602782476216625,-23.650833916099945],[-55.60601794738422,-23.65346393610491],[-55.60818631175563,-23.6533569897403],[-55.61045221710246,-23.651498896288622],[-55.61323061095303,-23.655538007193147],[-55.61590332345014,-23.654031161783113],[-55.61929342706857,-23.655506341981496],[-55.619831956935485,-23.65422875017138],[-55.62078882753026,-23.656061510592963],[-55.624515536632636,-23.656180422880595],[-55.626037637028055,-23.657584685032877],[-55.62792101936361,-23.656373165138394],[-55.63033320462712,-23.656922810517546],[-55.64274071955804,-23.669399855362823],[-55.646089984541234,-23.67098248582813],[-55.64575353470479,-23.669972593748998],[-55.64929871751043,-23.669014653360225],[-55.6528384288922,-23.669542177182528],[-55.65607250451849,-23.67341294716439],[-55.65953148278117,-23.672557881898083],[-55.66131324183338,-23.677043628587043],[-55.66825854295227,-23.67240286376785],[-55.67110996341771,-23.67350204172163],[-55.67264167613416,-23.67153738149105],[-55.67367789761544,-23.67336600750468],[-55.67614606088591,-23.67200085820849],[-55.67726647624674,-23.673202525037603],[-55.67916272281309,-23.671543448579673],[-55.68082258423792,-23.67212203212973],[-55.681808688667374,-23.67040549731687],[-55.686582938870295,-23.67012544495422],[-55.689472562362376,-23.666483304052242],[-55.68993851455947,-23.667629674524242],[-55.69205104609183,-23.666134818338286],[-55.69494857173453,-23.667721627792417],[-55.69651497026339,-23.66536867023412],[-55.698858976998956,-23.665550931298533],[-55.697925305844485,-23.663732354571376],[-55.700827626827895,-23.661611829805356],[-55.70286340657846,-23.662843567358518],[-55.70734242435267,-23.660650310627435],[-55.70786899659971,-23.66281313899448],[-55.71656052802133,-23.66322403806201],[-55.72380338291316,-23.669009607746027],[-55.729241397759104,-23.679232418298422],[-55.73397878946875,-23.680643952116085],[-55.73872243665341,-23.68511696058062],[-55.744010521339874,-23.68633851160009],[-55.74818439149034,-23.69135752427729],[-55.75216515672245,-23.69060846261463],[-55.76115609958651,-23.69854684815752],[-55.75952736401589,-23.706336755487598],[-55.765056420417615,-23.716130156828328],[-55.76452579789534,-23.724493313828738],[-55.76802229637142,-23.73022891624012],[-55.76690919677949,-23.73241010464056],[-55.76992714280894,-23.736118866638602],[-55.779417610532406,-23.741626354125263],[-55.78052645946195,-23.740415894335275],[-55.78375582992338,-23.741096100092886],[-55.78417413468836,-23.7439893769711],[-55.7888512255213,-23.746672243890213],[-55.79269422842185,-23.746462985714167],[-55.797926651541395,-23.751538683226507],[-55.80002116926978,-23.75136530703204],[-55.80096644421471,-23.755617323961705],[-55.805327994825525,-23.759092012293035],[-55.811140713502986,-23.759064604147056],[-55.81620071509914,-23.756624379848407],[-55.81985000378794,-23.75704967439191],[-55.826137286824306,-23.765912101616973],[-55.8306795237242,-23.764176424693492],[-55.835437701040384,-23.765589644932778],[-55.838330018414354,-23.763583898145846],[-55.84053782728618,-23.76407011451043],[-55.84075344723477,-23.765552867289564],[-55.84238135509318,-23.765596686421894],[-55.84165533602504,-23.767176237741293],[-55.84409087017745,-23.768066006496564],[-55.84478409155836,-23.77332289968503],[-55.847746621481654,-23.774212040422288],[-55.846253450465696,-23.776124559387434],[-55.84846303001796,-23.77929298123785],[-55.85177263322756,-23.779791775281243],[-55.85228026254254,-23.78142570214858],[-55.8537781002717,-23.7800279450697],[-55.85309747845108,-23.781052460349105],[-55.855199991751356,-23.7811358008001],[-55.85459909048211,-23.78279310610639],[-55.85594359842804,-23.782234103096116],[-55.855870160144505,-23.784387528420584],[-55.85785666388426,-23.785047979030992],[-55.859125817474464,-23.78834476586829],[-55.85727792455197,-23.789012959917965],[-55.85878845840457,-23.791855454376027],[-55.8574126884175,-23.793945054628825],[-55.85871703025944,-23.79455528905061],[-55.85972177160358,-23.799552516534327],[-55.868059484099184,-23.800377058746047],[-55.86955202700765,-23.804772710872776],[-55.87463961495853,-23.80520277214272],[-55.8757338440132,-23.807865963340305],[-55.87934823743824,-23.805331879567618],[-55.886159030214635,-23.80707458679475],[-55.89074060627395,-23.81487457258107],[-55.89227055205681,-23.81533262216141],[-55.89136142084191,-23.81683432564807],[-55.89616583598054,-23.82070712121834],[-55.89821232965534,-23.819294802791283],[-55.90080040307516,-23.821322754348902],[-55.904140071131664,-23.820149869713266],[-55.90683185334915,-23.821383698454273],[-55.912192001909574,-23.820717160373114],[-55.91724052466366,-23.816783392512093],[-55.92105163668317,-23.818964097791635],[-55.92043093269884,-23.820124805491748],[-55.923025117942046,-23.82368777736349],[-55.927437538825885,-23.82612992653351],[-55.92760568415258,-23.82821735388682],[-55.931096874722805,-23.830937481473686],[-55.9344469598278,-23.828639599885868],[-55.934805492928945,-23.826587427058715],[-55.94194978967465,-23.82603151971906],[-55.940880618610564,-23.825387461058156],[-55.94153545679254,-23.822723165164213],[-55.94612749870221,-23.8202122658323],[-55.94637198203036,-23.81607300969784],[-55.95116721197559,-23.812438917491296],[-55.95567507449982,-23.813173963624582],[-55.96478455635372,-23.81901102557174],[-55.96786307970306,-23.81827753201906],[-55.97178329410085,-23.820746746439863],[-55.97827030339904,-23.821096940919944],[-55.98731302213349,-23.82720321242453],[-55.989653646524076,-23.826446374051212],[-55.991896695806105,-23.827752568962335],[-55.991588596054854,-23.826332601648478],[-55.99874973600145,-23.825638690521714],[-55.999544823648954,-23.824456202196274],[-56.00375084767338,-23.82584268966802],[-56.01072110859573,-23.8248218492196],[-56.015092088566355,-23.826240699587782],[-56.01741104667933,-23.829723627714003],[-56.018175615399905,-23.82825635038048],[-56.02146567539154,-23.828764976358418],[-56.02534653579752,-23.826500051168942],[-56.02464130056638,-23.825131818501816],[-56.02721421523417,-23.822321181080042],[-56.02551664121559,-23.81285233524467],[-56.02348056421669,-23.812691781010333],[-56.02230489801016,-23.809753522255505],[-56.0230392983068,-23.810610155404365],[-56.023765494107906,-23.809262945502034],[-56.02057576562908,-23.804891948009196],[-56.02164592841169,-23.803774124409724],[-56.02044805695104,-23.803811963111848],[-56.02067216140191,-23.800269146904622],[-56.01894901614649,-23.79956525581105],[-56.01806456182586,-23.80061608556963],[-56.018514742791496,-23.798210685550103],[-56.01459249430276,-23.79608413732797],[-56.014285324594425,-23.79425325778815],[-56.01263591951332,-23.79524237086617],[-56.01193434834862,-23.793329445363447],[-56.010284938401206,-23.794318531417],[-56.010078871742735,-23.79055714010911],[-56.007027133793116,-23.79088968769304],[-56.00380029672073,-23.788278877125748],[-56.00322518947962,-23.789229380634445],[-56.00061516146196,-23.78830372649349],[-56.000008990448194,-23.786857117443827],[-55.99769413018328,-23.787694081104167],[-55.99585443479922,-23.784524126547616],[-55.99331459542033,-23.784121353454555],[-55.99459976544121,-23.78554969287784],[-55.990521846123684,-23.78450070622621],[-55.99270265986552,-23.783435779761756],[-55.99193114246149,-23.78263556600367],[-55.98904388950006,-23.782469008041893],[-55.98910424786272,-23.784241516335666],[-55.9880563507394,-23.7840642552135],[-55.9860323190458,-23.780824821934367],[-55.98666709626713,-23.7785570524972],[-55.98518089149836,-23.77919479248118],[-55.983810647861446,-23.776027787186404],[-55.986692379017704,-23.770514552557252],[-55.98434389837644,-23.764580721332305],[-55.9803089161744,-23.764451900530833],[-55.981345667045886,-23.7628683820029],[-55.97942410484603,-23.7613874577254],[-55.98189275628565,-23.759376039285918],[-55.97937685107051,-23.7591379261447],[-55.98112018907198,-23.757547713393606],[-55.981278173254616,-23.752709518553253],[-55.977398351272576,-23.748168406283284],[-55.977348668388835,-23.746234087374148],[-55.974957261790834,-23.746678313506305],[-55.9762003790023,-23.743943182229277],[-55.97364892373374,-23.74237566030203],[-55.97504792874426,-23.742188988045662],[-55.97347771414343,-23.74060240870589],[-55.97494160468363,-23.74158337845206],[-55.97473549357073,-23.739537262599157],[-55.9761909270874,-23.740415926639592],[-55.974435369666665,-23.732949472200318],[-55.976236992805426,-23.733336283344503],[-55.97577468836037,-23.728545094962527],[-55.98001991203213,-23.724108771555244],[-55.97638864046152,-23.718657662086674],[-55.97770756339894,-23.71802739730306],[-55.97814769064223,-23.713795954995792],[-55.97642341709379,-23.714202026570703],[-55.977764054506835,-23.713154433635403],[-55.976469989466445,-23.711791225624484],[-55.97930284739022,-23.71042120766344],[-55.97697874549096,-23.707066089104586],[-55.97833724218558,-23.707279538819154],[-55.978678976849,-23.704981441158374],[-55.97742659369607,-23.70421490587642],[-55.97907664959134,-23.703816847962116],[-55.977844569959124,-23.702820413826394],[-55.97878651226361,-23.70186389134395],[-55.97739059922648,-23.70170983760332],[-55.97812299595851,-23.700334460274245],[-55.97633579836239,-23.7005271274776],[-55.977906428188525,-23.69844162710497],[-55.980517127254764,-23.698237327606584],[-55.98066114963479,-23.695179651606256],[-55.982377960270966,-23.695702138398143],[-55.981080130163214,-23.69007050001821],[-55.983719269041636,-23.689755570435306],[-55.98338573439711,-23.68742746039655],[-55.98659439930402,-23.6852333269773],[-55.984892715344735,-23.68516254258627],[-55.98503255932676,-23.68143175703317],[-55.98327375643338,-23.68038079770398],[-55.985113737256746,-23.680503622971994],[-55.985423174073915,-23.678767597641627],[-55.983331790110064,-23.67766333951046],[-55.98475537139596,-23.67659917357996],[-55.983027566934034,-23.67633224342515],[-55.98461013456662,-23.676240386556948],[-55.98360898559846,-23.67531367487235],[-55.984847143473395,-23.67429940885328],[-55.9828145998654,-23.6751636228707],[-55.98171593866515,-23.67249820459824],[-55.97862213133503,-23.671847368194356],[-55.9799810627079,-23.671958560217124],[-55.97932559446695,-23.670599582794786],[-55.98048914500347,-23.67085432046631],[-55.98096129281085,-23.66916410220419],[-55.97841127293507,-23.668776695510676],[-55.98292732451392,-23.666718635366315],[-55.9870425342423,-23.661719441562855],[-55.98766835977637,-23.6570857402234],[-55.990063826188916,-23.65477118008427],[-55.99192443160596,-23.648433977072617],[-55.992053111050055,-23.638834062492666],[-55.99714771013646,-23.632183580118262],[-56.00105679218996,-23.62320411246332],[-56.010947309621166,-23.617509690912062],[-56.02157609049001,-23.599061779876827],[-56.048991545809464,-23.57554137292589],[-56.047259952980546,-23.586689708044194],[-56.048541995666405,-23.59066709289107],[-56.05255574482864,-23.594164400059952],[-56.053433701677456,-23.597805100133435],[-56.06091022007259,-23.604190903189398],[-56.06972328986157,-23.607748348711574],[-56.07462257563745,-23.607863432853105],[-56.084361374680135,-23.606561868209592],[-56.09404987780787,-23.602034977173513],[-56.10243905155055,-23.601930153286734],[-56.11192327738752,-23.603312392323314],[-56.11404515324111,-23.605876058517083],[-56.113509815739185,-23.596299065484992],[-56.111069986894094,-23.592130390720055],[-56.115796107401714,-23.58912712018893],[-56.117689723553255,-23.58431026255138],[-56.12092473703237,-23.5835021681464],[-56.12525328371155,-23.573406174959153],[-56.128350396526116,-23.57201005632603],[-56.13212669727996,-23.56510358071131],[-56.13574354459925,-23.565286307663065],[-56.1437830051645,-23.533632555866646],[-56.141048369685805,-23.52311761941712],[-56.138263447314735,-23.518699056445453],[-56.1363234965165,-23.518877982226343],[-56.13533132138186,-23.512008042283174],[-56.1388783785554,-23.505190349916344],[-56.14166718507416,-23.502925119246445],[-56.14186304476713,-23.499430746467432],[-56.166513082349255,-23.470164654862305],[-56.1683533182336,-23.456382217889516],[-56.16705683362967,-23.452459812903566],[-56.161080135898835,-23.44536456137586],[-56.15428140917054,-23.423519449326996],[-56.15476224801699,-23.411098136011418],[-56.15701117834122,-23.405343159434604],[-56.15629897658785,-23.385201761943687],[-56.15893710642621,-23.376897189534716],[-56.160151652818435,-23.36359002741379],[-56.16459349757643,-23.35234140114965],[-56.16251094720443,-23.322812411575175],[-56.16504539504679,-23.322039522623765],[-56.162516051725646,-23.319572791781123],[-56.16328982810954,-23.317206152385552],[-56.168333274356904,-23.31383144987506],[-56.16389543083288,-23.309602291328638],[-56.170421186685424,-23.3082969555588],[-56.173737923505314,-23.30975755539117],[-56.17249565524141,-23.304906365870103],[-56.17412338828378,-23.301554622988903],[-56.180219469936986,-23.308369114779666],[-56.18217389709864,-23.302668824995983],[-56.18908427568867,-23.304106572767424],[-56.19530973276651,-23.300695846790298],[-56.19725749735276,-23.307137889193186],[-56.20323600584471,-23.307704392219183],[-56.207883771461496,-23.310614127746916],[-56.20774013561456,-23.304717340765293],[-56.211642026917225,-23.30541732344441],[-56.214177944143536,-23.303079872552324],[-56.217325435707984,-23.30682704557303],[-56.22023494620014,-23.305480911282853],[-56.22303081157061,-23.308319136174035],[-56.21994806578952,-23.312571263312805],[-56.22201779011392,-23.317467452987515],[-56.218615625708445,-23.319037930110277],[-56.21795719513397,-23.320931280835588],[-56.224692161621526,-23.322057375199613],[-56.22502200747213,-23.319069741491326],[-56.22678555796772,-23.319057836760614],[-56.2315259731621,-23.329306508724112],[-56.23341030883137,-23.328207651035545],[-56.23829351742132,-23.314532358085387],[-56.24111152124916,-23.313571936726866],[-56.249524173863,-23.322116422081397],[-56.25194850889659,-23.319715976232448],[-56.25676358517396,-23.320910117134673],[-56.25943682755338,-23.32341598902142],[-56.2602687203753,-23.327385869008705],[-56.26416823451603,-23.32387893982722],[-56.267251637381406,-23.324902273522902],[-56.27020817261247,-23.323872398381415],[-56.27223691957043,-23.324879122199754],[-56.27427439487,-23.33122018928426],[-56.276805017568385,-23.332333547032714],[-56.28217749452586,-23.328079194791115],[-56.28191756477243,-23.329713092999157],[-56.286104455935714,-23.328734938752863],[-56.28750745863602,-23.33173319360786],[-56.28944373536493,-23.328924065518297],[-56.292355405881274,-23.3292387504782],[-56.29429950855663,-23.332053848529902],[-56.29345210969872,-23.33794099541422],[-56.291067867509064,-23.33995958850615],[-56.29357274581358,-23.3436237672284],[-56.29738525831637,-23.342260949914788],[-56.2987709996358,-23.339054961154048],[-56.30092403042279,-23.337997717759023],[-56.309410062806506,-23.345944115691772],[-56.31191716825559,-23.346859673249035],[-56.31422301887359,-23.345397045275924]]]}},{"type":"Feature","properties":{"shapeName":"CANINDEYU","shapeISO":"PY-14","shapeID":"63826900B71996717464066","shapeGroup":"PRY","shapeType":"ADM1"},"geometry":{"type":"Polygon","coordinates":[[[-55.70199130680406,-24.78396972493441],[-55.7287383193678,-24.782867291025802],[-55.7489891693981,-24.776545363861572],[-55.759589459809185,-24.78293648305933],[-55.76509926625487,-24.780512336125827],[-55.7710094241686,-24.782922316369955],[-55.77421430122718,-24.779128900852815],[-55.78252954636401,-24.78208636029767],[-55.79048846181335,-24.777139202040544],[-55.797375834547445,-24.77934383713059],[-55.80105836509182,-24.775413687592394],[-55.81082681695342,-24.776679045761107],[-55.81272943085798,-24.775195148967207],[-55.820961463521925,-24.7748673873577],[-55.82124060017246,-24.76952826963886],[-55.825304579614176,-24.76436336078991],[-55.83961893764156,-24.76187876839649],[-55.83999837352583,-24.747708841865496],[-55.84501201809788,-24.737787254011216],[-55.844395112303054,-24.731452321401218],[-55.84827913207134,-24.729012441947706],[-55.85255034754945,-24.72280981026083],[-55.85763106132958,-24.701993203697793],[-55.86703579257615,-24.68485725838006],[-55.87537823927937,-24.67961014358128],[-55.8800752223048,-24.672484179008617],[-55.88628384890691,-24.673121835129923],[-55.894451177295345,-24.667032483069246],[-55.89757920510175,-24.667136745338677],[-55.90116398229217,-24.664173946306178],[-55.90784654705721,-24.66496768599439],[-55.91389582297533,-24.660446657843618],[-55.91313474529953,-24.658756977780687],[-55.91579800632273,-24.655805202478774],[-55.916731942291165,-24.649490621644667],[-55.92073498597589,-24.64783072354652],[-55.92317993698475,-24.643355599530498],[-55.92556069417735,-24.64297077839088],[-55.928722862592245,-24.638211702274383],[-55.92943666476544,-24.632780427716565],[-55.933359216259056,-24.629245766892566],[-55.935172847779924,-24.62354230125645],[-55.9427816162538,-24.62190274785094],[-55.9440188533164,-24.619265489731628],[-55.9419703821965,-24.615146715102494],[-55.942507243524275,-24.611727912107543],[-55.94083662642299,-24.610189999244778],[-55.94413279199617,-24.595470770677622],[-55.942143091433145,-24.59035001461502],[-55.94346015824663,-24.585884610870796],[-55.94048116740505,-24.570570385724928],[-55.942138020510455,-24.570378840503842],[-55.94295817263453,-24.565530649234276],[-55.94518095445895,-24.563007158489995],[-55.95100925782453,-24.56275949070174],[-55.95821723436263,-24.55691024427025],[-55.95897701110094,-24.553190914216838],[-55.96562119744766,-24.549506059272424],[-55.96802935787387,-24.546566920686452],[-55.96955159394391,-24.546745541602586],[-55.969025693920536,-24.545198042046504],[-55.97654139696294,-24.543284821009088],[-55.97727801290538,-24.539913650138],[-55.9809088769696,-24.5383943224598],[-55.98295721809061,-24.533584182374984],[-55.99087989505738,-24.528809767724653],[-55.99393975252444,-24.51941059000359],[-55.99193327014513,-24.51481407022997],[-55.993509992213426,-24.512330335057573],[-55.99254936566934,-24.508551570181528],[-55.99496008076856,-24.5079651899859],[-55.99427858059652,-24.502358413637726],[-56.002368983015096,-24.494709704698646],[-56.00041853070392,-24.495485062251827],[-56.002025930169744,-24.492179385337764],[-56.00408661284865,-24.49224366300676],[-56.003701693075726,-24.490338044864213],[-56.01143868822995,-24.486014053508594],[-56.01050599110325,-24.484910013147555],[-56.01278759745988,-24.48266714164698],[-56.01220782419082,-24.475760448875647],[-56.0137200023232,-24.47591671758931],[-56.01282246034319,-24.474255509591732],[-56.020503507209774,-24.467453249976092],[-56.022325056665444,-24.45142951406098],[-56.02467202501564,-24.446979715028633],[-56.02241141648438,-24.44581650266373],[-56.02440843686132,-24.4452663535822],[-56.02425794161871,-24.443244044545256],[-56.0253718122497,-24.443960666078446],[-56.026432489468675,-24.44279636093598],[-56.02583192883056,-24.440911915466547],[-56.03380781778222,-24.434600633630925],[-56.04440028399726,-24.431875188649858],[-56.044787837597056,-24.429411477929698],[-56.05029206215029,-24.424463129160554],[-56.049315066103524,-24.422717166918005],[-56.05340078867668,-24.420738315623854],[-56.0518924913735,-24.42096535644119],[-56.05650221481266,-24.41269759086282],[-56.05486943632489,-24.41148810511029],[-56.056449469493415,-24.40738486156854],[-56.05541157703886,-24.406804076569987],[-56.059117380460215,-24.404567899899547],[-56.05798137765168,-24.40415966072305],[-56.05909567776795,-24.403140424209482],[-56.0577308469793,-24.403086110466287],[-56.05869760476395,-24.402431474710085],[-56.06111633576208,-24.403497524708378],[-56.06113688675393,-24.402196372578725],[-56.065034439427805,-24.40134963037708],[-56.072721642642634,-24.4024379236995],[-56.07641749473463,-24.399257350513064],[-56.079765791693774,-24.401780202319763],[-56.080048994887576,-24.404935034163895],[-56.08079134690082,-24.402046689435466],[-56.08221648219631,-24.404497742757552],[-56.08869963420244,-24.399772191816066],[-56.09287091101587,-24.40035778980313],[-56.09434091551552,-24.402678876536836],[-56.0939813499343,-24.39945353525306],[-56.09992602146338,-24.401210689079686],[-56.09928263234073,-24.39945512794069],[-56.109804161193786,-24.398546377036418],[-56.10954305153309,-24.396813122625193],[-56.11230683535659,-24.39703955640908],[-56.11119009264557,-24.395741724279063],[-56.12259409402557,-24.38569814643556],[-56.12303516270436,-24.378767603946855],[-56.11815247452627,-24.375361916361857],[-56.11799510170802,-24.37169057021164],[-56.11579021862088,-24.368872564556224],[-56.118034585611866,-24.365996743411124],[-56.11988869761938,-24.366663452972432],[-56.117926834688454,-24.363958536644816],[-56.11992951841004,-24.362965342550357],[-56.12056600728741,-24.3568423327338],[-56.12530202884335,-24.350463892991968],[-56.12501818334094,-24.347433788462197],[-56.12775448431322,-24.346039982881322],[-56.125093497831884,-24.345340810245233],[-56.1248362918965,-24.342869100936813],[-56.12863386188567,-24.34219315642953],[-56.12678617668415,-24.340633407718105],[-56.130089389893946,-24.34095941728755],[-56.128635002908865,-24.337573695947768],[-56.13093724254309,-24.337251952761317],[-56.129881069491184,-24.333547531734638],[-56.12686676798698,-24.333320875618753],[-56.12649594539129,-24.331867306333198],[-56.126849192782934,-24.329217679730117],[-56.128233828706364,-24.329421024165214],[-56.12905249319585,-24.327750990415872],[-56.130433879571726,-24.328428804575655],[-56.126338687106255,-24.32370207545371],[-56.1286882772443,-24.32310151061942],[-56.12823362128909,-24.320544929524743],[-56.1261609823349,-24.32074235477018],[-56.12535285839556,-24.318658237757045],[-56.12661589861977,-24.316586046815207],[-56.12441430421942,-24.317829416135876],[-56.123007500830276,-24.31643964051157],[-56.12424259041396,-24.314004447010223],[-56.125643626083175,-24.314012521289314],[-56.12478660760985,-24.312402629163994],[-56.12653768937602,-24.312440623886186],[-56.125282715564,-24.308902496155856],[-56.1283542032539,-24.30959005151947],[-56.12780316779078,-24.307772588358475],[-56.12920756623115,-24.307278225755066],[-56.1295216569188,-24.303651425143503],[-56.12785093310576,-24.30301381256757],[-56.128166828208826,-24.301354843505],[-56.126492701837314,-24.30121961905027],[-56.13084897826106,-24.29881623352987],[-56.13142709440967,-24.296656333023616],[-56.13920511838303,-24.292597479494706],[-56.139690109487184,-24.290674269402878],[-56.14789499251795,-24.284161071512443],[-56.15175115860613,-24.285843436284846],[-56.156245974163994,-24.28536603284088],[-56.15597329595648,-24.282852392381496],[-56.153417708614995,-24.282503227835072],[-56.15779475381101,-24.276777560619415],[-56.15588746890139,-24.27740896938581],[-56.15603268428567,-24.273864882118108],[-56.16040563933859,-24.271014097708353],[-56.161643585833154,-24.267964499114246],[-56.16333063061479,-24.268392480135635],[-56.16199609216392,-24.260639377237855],[-56.16485654667378,-24.25853375044495],[-56.163022335781136,-24.25735133687771],[-56.16322938549605,-24.253626134665193],[-56.16428998235216,-24.252054898285454],[-56.16755054868821,-24.251584303418742],[-56.16481297978035,-24.25122039084756],[-56.16721485905013,-24.24703269617436],[-56.16951556163952,-24.246682405634193],[-56.16832954143907,-24.244149825434896],[-56.171724798201026,-24.24400086768188],[-56.168920884203274,-24.24215729496604],[-56.1718143144698,-24.234873882105244],[-56.17093065272208,-24.23266396234439],[-56.17252399937922,-24.23103973427393],[-56.16867659672729,-24.23055820952466],[-56.17002430742041,-24.2339569661487],[-56.169077721236036,-24.234412364067506],[-56.166602287377366,-24.231244687836085],[-56.167907146838964,-24.229521232970573],[-56.16579419739555,-24.229132847619724],[-56.16730820097399,-24.228010669337955],[-56.165671234247085,-24.226982889763562],[-56.16635129591403,-24.225381630034004],[-56.163315021915054,-24.22656522526298],[-56.161452483686965,-24.225131425771462],[-56.16378779640016,-24.22408358460424],[-56.16146052623564,-24.223903309386838],[-56.16255469827254,-24.221815873615526],[-56.158022006819834,-24.21913916441755],[-56.15435685232566,-24.211861535971785],[-56.156021613387914,-24.206316123613796],[-56.153644976604326,-24.206749543289817],[-56.153394232042686,-24.205547899653403],[-56.15494716899441,-24.205416957697217],[-56.15427461295379,-24.20357098123711],[-56.15159694277026,-24.20351422452109],[-56.14866847551392,-24.199980877831372],[-56.150894420608324,-24.19930943515945],[-56.1506268756938,-24.196056101354593],[-56.152559144957095,-24.196066858851292],[-56.15012474886075,-24.19063894239726],[-56.15304311061601,-24.18813036866395],[-56.15343903409892,-24.186331921229375],[-56.15147200999412,-24.183727661270446],[-56.153051689120375,-24.183599439005214],[-56.15480378894059,-24.17996872186293],[-56.15119528275654,-24.17879391184964],[-56.155085477911996,-24.177690113316654],[-56.1529026939572,-24.175466334306318],[-56.1547897028613,-24.174008884522014],[-56.15306125034158,-24.17245308436567],[-56.15337396482459,-24.168706726219682],[-56.15500665991923,-24.168598346505593],[-56.15466254134624,-24.17064174603612],[-56.15894976218672,-24.170763309920424],[-56.16102993033253,-24.1658425417527],[-56.15863204572765,-24.162728207704408],[-56.161693997408825,-24.162304324719173],[-56.159072770029454,-24.1610604652207],[-56.160551363961055,-24.159189663975894],[-56.15795244970604,-24.158409845602186],[-56.1597843469154,-24.156633787585694],[-56.15763429523205,-24.15680750714086],[-56.15648556141084,-24.15464385467728],[-56.157310954404906,-24.152143154390235],[-56.16013604213218,-24.15310980031147],[-56.15926587280889,-24.150838489282172],[-56.160641057554564,-24.149331489439724],[-56.1583825257886,-24.14988055480046],[-56.15798691401315,-24.14599720187265],[-56.16068716003174,-24.14573108580491],[-56.15839209062204,-24.14257487302968],[-56.16056309009796,-24.13835441374432],[-56.15688356095066,-24.136226712142918],[-56.1556470802984,-24.138011189508106],[-56.1537146470386,-24.137947805371336],[-56.1559916521035,-24.135080262151103],[-56.15000050463705,-24.12659976589657],[-56.15235881981024,-24.125892835389298],[-56.14900669360617,-24.123520902499486],[-56.150357341692896,-24.121824919118325],[-56.148043985927444,-24.12153104250204],[-56.14714406257951,-24.118733680533104],[-56.14514764232379,-24.11970598643004],[-56.14250339083821,-24.117390559237826],[-56.14485982447943,-24.116947160375723],[-56.145370001436454,-24.11503576843007],[-56.14173860079328,-24.11443586859533],[-56.13923946350526,-24.116195558390345],[-56.13884309241699,-24.112522892221612],[-56.13542558114311,-24.114277340669215],[-56.12893777711683,-24.10884900140633],[-56.12380443356548,-24.10969774419376],[-56.120170589222084,-24.112293574121512],[-56.1184634613467,-24.110123630366104],[-56.11346429763479,-24.11092011288366],[-56.114139443371414,-24.10734141914099],[-56.11050660966183,-24.10700420321476],[-56.11134138986787,-24.105252880546924],[-56.10576258262406,-24.106888706416825],[-56.10373359682558,-24.10427767562937],[-56.1072250900609,-24.102910731006343],[-56.10756869303818,-24.100260904936704],[-56.10232422110734,-24.100616552269035],[-56.103477985350736,-24.09702315619363],[-56.100348256428795,-24.095915937566804],[-56.10111711303923,-24.092653965455256],[-56.101852266504004,-24.094221287624073],[-56.10627353770825,-24.093913524650052],[-56.1044249548478,-24.090144478055905],[-56.10023041649676,-24.090875006808645],[-56.10076295791514,-24.088577544338147],[-56.09594520837418,-24.088162774067722],[-56.097203645435776,-24.08328802674035],[-56.095625167801565,-24.084701206748175],[-56.09347751206675,-24.08272156925843],[-56.09082943714019,-24.083900051046463],[-56.09206909576312,-24.081712191953574],[-56.089239036466324,-24.078867915140727],[-56.08771219455463,-24.08108916194888],[-56.08505046237159,-24.08149474464429],[-56.08367361357421,-24.0787468639011],[-56.085980341361584,-24.077144982686598],[-56.08643979936401,-24.074390525815392],[-56.079793335794186,-24.075685381226865],[-56.08113573416184,-24.072514768691907],[-56.07826979713223,-24.07207604542726],[-56.07792096246356,-24.07003677669837],[-56.08027132614957,-24.070349474660667],[-56.079116050688164,-24.068744402110944],[-56.08069975798931,-24.066593827622235],[-56.07907377295865,-24.063949779054504],[-56.07792782313298,-24.066401529877403],[-56.076289324489224,-24.065513557778754],[-56.076754591893256,-24.061968883575886],[-56.0754187499227,-24.064226289385406],[-56.07283837991847,-24.063999933182792],[-56.073432182473425,-24.061211208064755],[-56.06770295692516,-24.057400631452246],[-56.07130863750615,-24.055982486419914],[-56.06961231326829,-24.0551819031155],[-56.06520152602475,-24.056858520474986],[-56.06705976633327,-24.05377898623564],[-56.065991773306735,-24.05336855185053],[-56.06042770663916,-24.055845829768913],[-56.057064355963334,-24.052874772891425],[-56.0543272810118,-24.05319156145854],[-56.05332462915196,-24.049093478808704],[-56.05179948779216,-24.051050953571167],[-56.051075764585654,-24.048043412072737],[-56.04806653460199,-24.04897306327297],[-56.04861180274163,-24.04764176192589],[-56.04555878939499,-24.044145537585067],[-56.04378565540651,-24.04601357743912],[-56.03917175961521,-24.041576702761976],[-56.03770504750493,-24.04337634783763],[-56.04010434137816,-24.04474366019647],[-56.03651464885866,-24.044018644057832],[-56.036410415071614,-24.03748503575017],[-56.035024657693924,-24.03868806678473],[-56.03343123442552,-24.036974533369126],[-56.03114808665382,-24.03799624700379],[-56.028645119185825,-24.035188082499342],[-56.02284403627635,-24.036152194243552],[-56.02058452660818,-24.034047924179827],[-56.01792680452398,-24.034030905421073],[-56.01657246710543,-24.031089418240136],[-56.01895018133655,-24.03272033987688],[-56.01867093344169,-24.029206218862754],[-56.01554723191668,-24.027623187050775],[-56.01515455776526,-24.02646159297741],[-56.01739991097855,-24.02536962779368],[-56.01392806262427,-24.021817425975673],[-56.013532024901906,-24.02360616565577],[-56.006693647556226,-24.020277956206094],[-56.00666009001672,-24.02215683372326],[-56.00925535759357,-24.02280585777136],[-56.008509184316054,-24.02536502910848],[-56.00247221030364,-24.024728745019342],[-55.99492519857947,-24.03142306746763],[-55.994651518870356,-24.029735359402718],[-55.99276210845606,-24.029283907689226],[-55.99012737599629,-24.031233454542956],[-55.98485136225714,-24.028634593222048],[-55.98341498370156,-24.031364666919554],[-55.98201509401025,-24.02845058209543],[-55.98016296925128,-24.02805300745474],[-55.97803610982972,-24.029757665756676],[-55.9771072191241,-24.02861380992586],[-56.02721421523417,-23.822321181080042],[-56.02464130056638,-23.825131818501816],[-56.02534653579752,-23.826500051168942],[-56.02146567539154,-23.828764976358418],[-56.018175615399905,-23.82825635038048],[-56.01741104667933,-23.829723627714003],[-56.015092088566355,-23.826240699587782],[-56.01072110859573,-23.8248218492196],[-56.00375084767338,-23.82584268966802],[-55.999544823648954,-23.824456202196274],[-55.99874973600145,-23.825638690521714],[-55.991588596054854,-23.826332601648478],[-55.991896695806105,-23.827752568962335],[-55.989653646524076,-23.826446374051212],[-55.98731302213349,-23.82720321242453],[-55.97827030339904,-23.821096940919944],[-55.97178329410085,-23.820746746439863],[-55.96786307970306,-23.81827753201906],[-55.96478455635372,-23.81901102557174],[-55.95567507449982,-23.813173963624582],[-55.95116721197559,-23.812438917491296],[-55.94637198203036,-23.81607300969784],[-55.94612749870221,-23.8202122658323],[-55.94153545679254,-23.822723165164213],[-55.940880618610564,-23.825387461058156],[-55.94194978967465,-23.82603151971906],[-55.934805492928945,-23.826587427058715],[-55.9344469598278,-23.828639599885868],[-55.931096874722805,-23.830937481473686],[-55.92760568415258,-23.82821735388682],[-55.927437538825885,-23.82612992653351],[-55.923025117942046,-23.82368777736349],[-55.92043093269884,-23.820124805491748],[-55.92105163668317,-23.818964097791635],[-55.91724052466366,-23.816783392512093],[-55.912192001909574,-23.820717160373114],[-55.90683185334915,-23.821383698454273],[-55.904140071131664,-23.820149869713266],[-55.90080040307516,-23.821322754348902],[-55.89821232965534,-23.819294802791283],[-55.89616583598054,-23.82070712121834],[-55.89136142084191,-23.81683432564807],[-55.89227055205681,-23.81533262216141],[-55.89074060627395,-23.81487457258107],[-55.886159030214635,-23.80707458679475],[-55.87934823743824,-23.805331879567618],[-55.8757338440132,-23.807865963340305],[-55.87463961495853,-23.80520277214272],[-55.86955202700765,-23.804772710872776],[-55.868059484099184,-23.800377058746047],[-55.85972177160358,-23.799552516534327],[-55.85871703025944,-23.79455528905061],[-55.8574126884175,-23.793945054628825],[-55.85878845840457,-23.791855454376027],[-55.85727792455197,-23.789012959917965],[-55.859125817474464,-23.78834476586829],[-55.85785666388426,-23.785047979030992],[-55.855870160144505,-23.784387528420584],[-55.85594359842804,-23.782234103096116],[-55.85459909048211,-23.78279310610639],[-55.855199991751356,-23.7811358008001],[-55.85309747845108,-23.781052460349105],[-55.8537781002717,-23.7800279450697],[-55.85228026254254,-23.78142570214858],[-55.85177263322756,-23.779791775281243],[-55.84846303001796,-23.77929298123785],[-55.846253450465696,-23.776124559387434],[-55.847746621481654,-23.774212040422288],[-55.84478409155836,-23.77332289968503],[-55.84409087017745,-23.768066006496564],[-55.84165533602504,-23.767176237741293],[-55.84238135509318,-23.765596686421894],[-55.84075344723477,-23.765552867289564],[-55.84053782728618,-23.76407011451043],[-55.838330018414354,-23.763583898145846],[-55.835437701040384,-23.765589644932778],[-55.8306795237242,-23.764176424693492],[-55.826137286824306,-23.765912101616973],[-55.81985000378794,-23.75704967439191],[-55.81620071509914,-23.756624379848407],[-55.811140713502986,-23.759064604147056],[-55.805327994825525,-23.759092012293035],[-55.80096644421471,-23.755617323961705],[-55.80002116926978,-23.75136530703204],[-55.797926651541395,-23.751538683226507],[-55.79269422842185,-23.746462985714167],[-55.7888512255213,-23.746672243890213],[-55.78417413468836,-23.7439893769711],[-55.78375582992338,-23.741096100092886],[-55.78052645946195,-23.740415894335275],[-55.779417610532406,-23.741626354125263],[-55.76992714280894,-23.736118866638602],[-55.76690919677949,-23.73241010464056],[-55.76802229637142,-23.73022891624012],[-55.76452579789534,-23.724493313828738],[-55.765056420417615,-23.716130156828328],[-55.75952736401589,-23.706336755487598],[-55.76115609958651,-23.69854684815752],[-55.75216515672245,-23.69060846261463],[-55.74818439149034,-23.69135752427729],[-55.744010521339874,-23.68633851160009],[-55.73872243665341,-23.68511696058062],[-55.73397878946875,-23.680643952116085],[-55.729241397759104,-23.679232418298422],[-55.72380338291316,-23.669009607746027],[-55.71656052802133,-23.66322403806201],[-55.70786899659971,-23.66281313899448],[-55.70734242435267,-23.660650310627435],[-55.70286340657846,-23.662843567358518],[-55.700827626827895,-23.661611829805356],[-55.697925305844485,-23.663732354571376],[-55.698858976998956,-23.665550931298533],[-55.69651497026339,-23.66536867023412],[-55.69494857173453,-23.667721627792417],[-55.69205104609183,-23.666134818338286],[-55.68993851455947,-23.667629674524242],[-55.689472562362376,-23.666483304052242],[-55.686582938870295,-23.67012544495422],[-55.681808688667374,-23.67040549731687],[-55.68082258423792,-23.67212203212973],[-55.67916272281309,-23.671543448579673],[-55.67726647624674,-23.673202525037603],[-55.67614606088591,-23.67200085820849],[-55.67367789761544,-23.67336600750468],[-55.67264167613416,-23.67153738149105],[-55.67110996341771,-23.67350204172163],[-55.66825854295227,-23.67240286376785],[-55.66131324183338,-23.677043628587043],[-55.65953148278117,-23.672557881898083],[-55.65607250451849,-23.67341294716439],[-55.6528384288922,-23.669542177182528],[-55.64929871751043,-23.669014653360225],[-55.64575353470479,-23.669972593748998],[-55.646089984541234,-23.67098248582813],[-55.64274071955804,-23.669399855362823],[-55.63033320462712,-23.656922810517546],[-55.62792101936361,-23.656373165138394],[-55.626037637028055,-23.657584685032877],[-55.624515536632636,-23.656180422880595],[-55.62078882753026,-23.656061510592963],[-55.619831956935485,-23.65422875017138],[-55.61929342706857,-23.655506341981496],[-55.61590332345014,-23.654031161783113],[-55.61323061095303,-23.655538007193147],[-55.61045221710246,-23.651498896288622],[-55.60818631175563,-23.6533569897403],[-55.60601794738422,-23.65346393610491],[-55.602782476216625,-23.650833916099945],[-55.601430361657464,-23.65116489550578],[-55.60159838288453,-23.65282357398477],[-55.59974612837308,-23.652648812360027],[-55.60011163789925,-23.649739662789234],[-55.59825755899811,-23.65014284312273],[-55.59648909062665,-23.646713180472396],[-55.592899252866964,-23.645800133073188],[-55.59091841085255,-23.640937096758314],[-55.58672928868991,-23.63759820294585],[-55.58437724003956,-23.63048303084025],[-55.585469948825654,-23.62958991541895],[-55.583322397249496,-23.6290510438684],[-55.58443853617232,-23.62780143118005],[-55.583953270870666,-23.622681030544214],[-55.58307606199377,-23.620117293258176],[-55.58048153731969,-23.619176949012612],[-55.580200872151096,-23.612934069656433],[-55.5784400592049,-23.610867950513356],[-55.57949322925248,-23.60783419735377],[-55.57788296708526,-23.60590039853198],[-55.579680807917484,-23.603045046942476],[-55.57714477484903,-23.600122922553908],[-55.577346732785074,-23.5910532780445],[-55.57280531712153,-23.58671292668601],[-55.57166411915179,-23.578759800116927],[-55.56670636600291,-23.575765572507088],[-55.56170665726266,-23.566187321823083],[-55.55551380283045,-23.559848949378782],[-55.55402403368297,-23.553757348002733],[-55.54523743743488,-23.541470237140107],[-55.54400456639422,-23.535177761583398],[-55.54577994961807,-23.532886986337363],[-55.54340694317489,-23.523292102680728],[-55.540042111262686,-23.524515864333004],[-55.542126062485735,-23.52982295212238],[-55.53669072921401,-23.539570367911836],[-55.537541843905345,-23.542377921734797],[-55.5349908597454,-23.549664345829008],[-55.528774094432116,-23.55473513574367],[-55.52767404889731,-23.560707603228266],[-55.521336272709455,-23.56530279632447],[-55.520061841489465,-23.572370758870907],[-55.534667921399624,-23.599673668721763],[-55.532922433585185,-23.616508512703817],[-55.53712668023382,-23.627619863194862],[-55.53236031331209,-23.629904761988897],[-55.53027412520305,-23.627293200420482],[-55.511065746430944,-23.623163633582955],[-55.509985557472305,-23.63222453797896],[-55.49808543677135,-23.637762913171866],[-55.49319816087269,-23.637250427100597],[-55.491960332507674,-23.640164300716123],[-55.488551558957354,-23.635629374530552],[-55.468377899450545,-23.64351826714323],[-55.46795506660347,-23.646525760841293],[-55.471068489489504,-23.650073878921464],[-55.469681872886824,-23.653189262996893],[-55.468037984535286,-23.676638719168373],[-55.46918398595455,-23.676898388347645],[-55.466772590429684,-23.68051832531175],[-55.46222800430861,-23.6838009814795],[-55.438181750780025,-23.688960465915866],[-55.4358354967468,-23.692115463928065],[-55.431552385994,-23.689832601177987],[-55.4231947783016,-23.691102249407734],[-55.421869007571516,-23.688614433175843],[-55.42095064345338,-23.690677525951642],[-55.42199936840148,-23.69158673588622],[-55.4122617419517,-23.70280662254355],[-55.4157335754564,-23.70486950408918],[-55.431492446068596,-23.708488664187374],[-55.442563438473115,-23.722805242235648],[-55.44197152074663,-23.728971514630803],[-55.446541592527645,-23.73442215835122],[-55.44508661120387,-23.738204786008108],[-55.448521773742016,-23.742244259268173],[-55.44264610247857,-23.755969936241694],[-55.44695419371747,-23.760216917797248],[-55.44306581112725,-23.765582407446473],[-55.433804569893425,-23.77088434824644],[-55.43009956587834,-23.7901172606243],[-55.43506703390009,-23.793237999268257],[-55.4439063399023,-23.808764624916297],[-55.45369357565793,-23.819175639459164],[-55.44550092116201,-23.823522587183344],[-55.44146858034322,-23.829207034956816],[-55.4395639068408,-23.865051192974843],[-55.435788142008754,-23.872869607737343],[-55.439166849002234,-23.904951424629118],[-55.444639507552175,-23.90972964899524],[-55.44598079014609,-23.916615153244265],[-55.43817098659838,-23.918956063314553],[-55.42775301165736,-23.92620032565053],[-55.432351633688874,-23.940492268113026],[-55.42683181496671,-23.93954185151338],[-55.419391620066534,-23.943813425426892],[-55.4164374294458,-23.948586962602562],[-55.419639463087094,-23.957388106970743],[-55.41376870409821,-23.964641850797573],[-55.40496348021998,-23.964744731441208],[-55.4014789178717,-23.97030704740971],[-55.40214628730973,-23.97391243456756],[-55.39748812360421,-23.973967694104314],[-55.39614032813154,-23.97557448284635],[-55.394522607961726,-23.973336199736607],[-55.38996935441013,-23.971970117615097],[-55.38990205649355,-23.96962614789477],[-55.38766010807824,-23.96732255310108],[-55.379640844602136,-23.969933505899757],[-55.37810169282444,-23.970671239470896],[-55.37885544468002,-23.975027093310583],[-55.37507455308547,-23.979569750492033],[-55.372094178434544,-23.978752552276685],[-55.36424281617206,-23.981802380178912],[-55.35848440763502,-23.988924071803122],[-55.35293661019524,-23.989582452317585],[-55.34863483784988,-23.99353637453554],[-55.34124938663419,-23.994346081893287],[-55.33601275693757,-23.992280223027254],[-55.325627667218015,-23.97628842872828],[-55.32248784826037,-23.96761269366789],[-55.31799495824209,-23.962719074792513],[-55.312014978573785,-23.96476185073447],[-55.303954153082856,-23.96487614142414],[-55.29579269117386,-23.97166178690431],[-55.28321246239082,-23.977426882042096],[-55.27767065304181,-23.98430397590937],[-55.271030446358914,-23.985303775114904],[-55.26867439170061,-23.988785164970974],[-55.26640236292568,-23.989147764714534],[-55.264029988628664,-23.98737371560774],[-55.2600184648765,-23.99408682603633],[-55.25195218155879,-23.998433049612277],[-55.24820687790639,-23.999749227036368],[-55.245753215906085,-23.998177132975602],[-55.24148820505344,-24.004913876445624],[-55.23509413831318,-24.006601110918744],[-55.22895191039367,-24.013437721524028],[-55.21926263121528,-24.0099394189141],[-55.21511784869117,-24.005435224299816],[-55.20666090366765,-24.00297985190195],[-55.1993242904031,-23.99534986755124],[-55.198364313301084,-23.986516973115823],[-55.18779231560862,-23.98814859346654],[-55.18123175258384,-23.98762848674853],[-55.178060319346635,-23.99336051104793],[-55.16742899831162,-23.988588287954894],[-55.16455467766101,-23.989222068525912],[-55.160259340416424,-23.98758597400934],[-55.156051323275015,-23.98306148491596],[-55.148751732199834,-23.989113351581665],[-55.138277874640806,-23.986738296594975],[-55.12894430017206,-23.98351869937141],[-55.124815779726475,-23.975924502120314],[-55.122785184790715,-23.978269790428392],[-55.118695123953366,-23.976815664782105],[-55.10737800785263,-23.96181922501953],[-55.106718620215155,-23.96508862017905],[-55.10134222909745,-23.96986623884329],[-55.098569791038386,-23.96934433982691],[-55.09851875774335,-23.972151716413634],[-55.09415220962677,-23.974914565152474],[-55.09039374236545,-23.98219931556936],[-55.08541545924573,-23.981979241823996],[-55.077615890966136,-23.984974066202533],[-55.07548281709963,-23.984355920141404],[-55.07295574582607,-23.979922613623483],[-55.07319965305942,-23.984868982089193],[-55.07158171522917,-23.987272892523297],[-55.06237683023852,-23.992854038306806],[-55.05264949903171,-23.985467132841862],[-55.05156827477875,-23.980302475059222],[-55.04600773825004,-23.983924499026834],[-55.03892345297338,-23.979455128272654],[-55.033582962669485,-23.9738194311743],[-55.020085583189605,-23.972080447910955],[-54.99884191429823,-23.957408677894506],[-54.99561457746975,-23.957646450335528],[-54.994453426139415,-23.96022700479423],[-54.98676040337736,-23.962842760429435],[-54.97638921929342,-23.957457364446473],[-54.97271118824924,-23.9600496674405],[-54.970400870878215,-23.963951046191003],[-54.96657932297471,-23.96588671950161],[-54.952403651989016,-23.965075236664877],[-54.94946763242765,-23.963343197612286],[-54.94218643884886,-23.9648798650502],[-54.941143970582786,-23.96683858486188],[-54.939510070228586,-23.962699705089907],[-54.92780964305837,-23.961810850463515],[-54.92578349449231,-23.959109099120223],[-54.926857933469726,-23.95075180959267],[-54.930696556538834,-23.944325745557038],[-54.93010228722157,-23.94209224044266],[-54.92462625215732,-23.93708432498313],[-54.9276477684519,-23.929753459097398],[-54.92722770606543,-23.92465127022456],[-54.913890665188234,-23.921888646290494],[-54.913812618604474,-23.917156737974747],[-54.90874040403467,-23.911034303062433],[-54.90364551972587,-23.90931271503142],[-54.90070273456462,-23.91195395412828],[-54.89413881387304,-23.91051894393032],[-54.89092583832985,-23.899807996253923],[-54.885260140487695,-23.896737308017755],[-54.88126757553146,-23.89819006052264],[-54.88014579193542,-23.902548773423234],[-54.873618584065255,-23.90874225408456],[-54.86926944242912,-23.906009685935032],[-54.863177279387564,-23.907766862602152],[-54.86034085761901,-23.90502347713999],[-54.85037277086866,-23.90756123972601],[-54.85023749985057,-23.896928755202318],[-54.83711837452168,-23.883757904282373],[-54.83215241948129,-23.884333504405873],[-54.82941742192042,-23.88698077584035],[-54.8214962101476,-23.889739689778136],[-54.81470252843907,-23.890130816888757],[-54.8113138876982,-23.883513145384338],[-54.80610943277384,-23.878786856216358],[-54.79867346715643,-23.876406259326455],[-54.79894993642127,-23.874683755261923],[-54.792425150886245,-23.86856099239977],[-54.78610105850563,-23.87066391899381],[-54.78031681281912,-23.869416000372013],[-54.778593274862295,-23.8706775985206],[-54.77380493717875,-23.865805597132933],[-54.76381383003797,-23.86657256205892],[-54.76155723933644,-23.858793920758938],[-54.7586593911384,-23.857163823565298],[-54.748306235860554,-23.861085732883794],[-54.74762591239464,-23.866327702046874],[-54.74484556151361,-23.86845246498441],[-54.7366313462551,-23.865639934862557],[-54.7330326992606,-23.86922323630952],[-54.72136505870069,-23.865295428540865],[-54.705311860846734,-23.86428054798258],[-54.69849881676344,-23.85768803437839],[-54.698862203743026,-23.841737308746914],[-54.69191061690851,-23.83366199807794],[-54.68606534259288,-23.831723677561882],[-54.681447739993445,-23.82829152231009],[-54.66956962059814,-23.81221050723264],[-54.66826562843258,-23.817061088698864],[-54.652754501077744,-23.821059493199535],[-54.646175261890434,-23.83331755335841],[-54.63849481696615,-23.830311280937877],[-54.63138837575298,-23.82975985755292],[-54.62503722472968,-23.834920446085462],[-54.61644654564349,-23.834760680727854],[-54.60908841380552,-23.851265623874575],[-54.60093707509134,-23.851910643698247],[-54.59498870319303,-23.843905608130267],[-54.589206581754915,-23.838954130889366],[-54.583854927356995,-23.836843703978055],[-54.581265428817815,-23.845532192521333],[-54.56409742555207,-23.854062839316466],[-54.57000727583441,-23.86789074178463],[-54.56830745960568,-23.873988664205225],[-54.556926871767374,-23.869899728572317],[-54.55260825470544,-23.870467493099515],[-54.5434884498389,-23.86804289203087],[-54.53872781469367,-23.868855959639365],[-54.53503696702697,-23.872782203066606],[-54.530136409165756,-23.871647480729926],[-54.521955307249776,-23.87413819665219],[-54.51808279798486,-23.877776719163013],[-54.51474513735482,-23.884718507972696],[-54.50720880522968,-23.88213226675621],[-54.50223101222366,-23.884154711934737],[-54.49298716943435,-23.884803159468298],[-54.48652669030155,-23.893810001638375],[-54.48667860647418,-23.90315043179333],[-54.48015671986385,-23.901107465391586],[-54.47740655208473,-23.897785741956714],[-54.47071267623726,-23.897540356971454],[-54.46292029788908,-23.900386157775092],[-54.455807130777856,-23.89920798943892],[-54.44427154341949,-23.904134561501962],[-54.439582272479996,-23.904539421451553],[-54.42622841460648,-23.91548634072618],[-54.427302274235565,-23.926543405005976],[-54.43341866643186,-23.928960972234048],[-54.42682112967143,-23.931030402134738],[-54.42191057635062,-23.940542880054767],[-54.416352605441304,-23.946126893938374],[-54.41414776984473,-23.953513764505086],[-54.41461798338369,-23.958097938381457],[-54.40960352327815,-23.96192617885925],[-54.404875840191686,-23.962487130425725],[-54.40098215658411,-23.964804095075735],[-54.393930609607,-23.965311768075225],[-54.38781787412989,-23.980782142911902],[-54.383571098982934,-23.986612708133094],[-54.381101043727575,-23.98694510539099],[-54.376853137619115,-23.990898034428735],[-54.374027377233325,-23.989450631270753],[-54.36963426000036,-23.992105635321305],[-54.364976660169916,-23.9989033340597],[-54.36209367013244,-23.99896655207905],[-54.351804038614375,-24.007638852485464],[-54.34735125298262,-24.004890185835897],[-54.34588224532147,-24.001547777939816],[-54.3422095289073,-24.002896641400618],[-54.337641308606045,-24.00165752197993],[-54.335126113672935,-24.00595064711458],[-54.32695518836346,-24.005068188198166],[-54.32351765276546,-24.00664181251342],[-54.32154180683357,-24.003430254623183],[-54.31780444894299,-24.002584153710984],[-54.3009823722168,-24.01336757105511],[-54.289755922272164,-24.025091959386767],[-54.28578458748317,-24.03299557792255],[-54.26148805802664,-24.05489590700059],[-54.27712327754321,-24.064204919623236],[-54.31915903785715,-24.106708889237332],[-54.33523047778711,-24.11440019864675],[-54.33981828999924,-24.124534745229138],[-54.34611716842691,-24.152533607575446],[-54.34500158350285,-24.16007313939297],[-54.334531990300796,-24.17889826618738],[-54.32790437768131,-24.197496556108547],[-54.32719795799013,-24.212164102167147],[-54.33042753099411,-24.229978410516605],[-54.32795263679452,-24.237349374316228],[-54.315427714523814,-24.258266265271576],[-54.2910936379915,-24.27713501455727],[-54.27881075645185,-24.29372034176025],[-54.27394585807679,-24.304052583719848],[-54.26546706202864,-24.333475214557073],[-54.25974477877713,-24.346291235876524],[-54.25892391048345,-24.35464257592446],[-54.259648189343544,-24.36566166440967],[-54.264770087102924,-24.37705354886859],[-54.27702367627306,-24.395992352386113],[-54.2838983502928,-24.411747318883325],[-54.29762471453923,-24.429528973059806],[-54.312029479795555,-24.441969744842382],[-54.32103549902252,-24.4520393356308],[-54.32695702991345,-24.475334555392458],[-54.32844649999062,-24.487829269250472],[-54.33503434170797,-24.49917765138158],[-54.336422488933515,-24.514820346303193],[-54.33446949088696,-24.529204841272133],[-54.33718755229452,-24.52903940177256],[-54.31742864348002,-24.579943120896477],[-54.31651233725116,-24.612468871121852],[-54.330034449726256,-24.687963268357226],[-54.34580722364975,-24.70766014151861],[-54.374845004330695,-24.695547111532335],[-54.38842208414857,-24.687799947410486],[-54.40162501951484,-24.690620547510836],[-54.41210327219899,-24.680646237332436],[-54.41496295028193,-24.67950488504868],[-54.422702321802205,-24.68334999853174],[-54.42506470108707,-24.698938951331336],[-54.43913372009133,-24.6970086323561],[-54.442936948335976,-24.698474283037626],[-54.443583013613406,-24.71812641149909],[-54.45157319627007,-24.721815811908908],[-54.463943023030225,-24.721173382902133],[-54.47216318274702,-24.723400053422704],[-54.47253729805541,-24.711800976100168],[-54.47645306215951,-24.706886344145026],[-54.478915725986255,-24.706429707099996],[-54.48320335883688,-24.710112666765152],[-54.48864134033514,-24.710826420694264],[-54.49197121064653,-24.717356005415468],[-54.49547289188694,-24.720275300992974],[-54.49909819066259,-24.71959280197179],[-54.50292667106782,-24.712185649179542],[-54.50442114601862,-24.698762749792397],[-54.51876518924428,-24.703981409423616],[-54.525297187021465,-24.7037079987654],[-54.52915438641398,-24.700567200961334],[-54.53261466685588,-24.6942153597579],[-54.53639841035789,-24.69186110294492],[-54.549585836857,-24.693758081908374],[-54.559952371860604,-24.689374827508107],[-54.57337287977891,-24.69154273508402],[-54.57925824391308,-24.694183333675433],[-54.58333757543345,-24.692266974177894],[-54.597337310071666,-24.69653090106572],[-54.60223261548137,-24.69511020432942],[-54.6085222562919,-24.695839349667622],[-54.61026648883246,-24.696964073630255],[-54.61079239188679,-24.70271519433683],[-54.61338794720288,-24.705776516580347],[-54.619318463055166,-24.70783290950338],[-54.62331478457595,-24.708004553079427],[-54.62642127027737,-24.70588863199366],[-54.63489480439882,-24.709784411879575],[-54.636625463287814,-24.707565373569782],[-54.63372447681675,-24.706653576639358],[-54.631343330131344,-24.700730765380253],[-54.63831507836555,-24.701680382865423],[-54.63920758154328,-24.704155308269282],[-54.643841535083354,-24.702785412663033],[-54.650916893976024,-24.711958161876822],[-54.65571096876634,-24.71417758077524],[-54.656700827240144,-24.711001169121698],[-54.655037554262734,-24.707971043211522],[-54.65647784058566,-24.70406080350134],[-54.65488209280069,-24.70123206018447],[-54.65786062758304,-24.699843502924832],[-54.65495429698086,-24.698042692447565],[-54.65439459707306,-24.689607889193038],[-54.64859037663549,-24.686866470468118],[-54.64402916064081,-24.689082788089674],[-54.642487553638354,-24.685808142882834],[-54.64788778411922,-24.68362594505674],[-54.64551652915151,-24.682249525486828],[-54.64549648880478,-24.678440757378976],[-54.65319647581209,-24.67812888052418],[-54.65337226946981,-24.671316831890064],[-54.655344257675175,-24.667130423927013],[-54.65954158868572,-24.667670224492575],[-54.66241839276057,-24.669930380729937],[-54.6637510435522,-24.66854491165274],[-54.665947365190256,-24.671279893025698],[-54.665249190857885,-24.673026802895475],[-54.665725369939956,-24.674674788748185],[-54.666924080908785,-24.674252587237344],[-54.66583034127804,-24.672645224876867],[-54.66822237042928,-24.673073012536726],[-54.67130336528732,-24.66994568707438],[-54.673230417233654,-24.673708738062345],[-54.676247275712164,-24.671729840611977],[-54.683119127986224,-24.671969972353697],[-54.68419918835787,-24.673007823981013],[-54.682903264389225,-24.67505810189707],[-54.68413083520284,-24.675054723680038],[-54.68459768733135,-24.677221484663722],[-54.68312822882031,-24.680067059938832],[-54.68432106007781,-24.68128522228381],[-54.68693627622803,-24.680884708823584],[-54.68494755706284,-24.682745752896164],[-54.687280181168106,-24.683429026152762],[-54.687385247850415,-24.688324531635544],[-54.69106108511036,-24.690696946500616],[-54.6974641764943,-24.68892036626836],[-54.699794354871095,-24.690412559439906],[-54.70217320425115,-24.685259333248958],[-54.70323098780871,-24.68586145703418],[-54.70537522036561,-24.683835126139307],[-54.7065183667224,-24.68477893103774],[-54.707839274867716,-24.68268417346696],[-54.70671406462897,-24.68142815560532],[-54.7122606976217,-24.680028435952543],[-54.71174390884094,-24.67722481524508],[-54.714091003925475,-24.677621065277574],[-54.713508041057864,-24.679313071001726],[-54.72039512135195,-24.676734793445455],[-54.71852425570866,-24.67295637973427],[-54.72008972520045,-24.669618558038394],[-54.72793546604104,-24.665858961397426],[-54.72771692049274,-24.664041886632166],[-54.72520602642865,-24.663066742960496],[-54.72739164167297,-24.661421776475386],[-54.72711513833484,-24.65971735708944],[-54.72521895994248,-24.658339551189577],[-54.72361912041764,-24.659801167625535],[-54.7232104171803,-24.658475443824763],[-54.72591809879496,-24.654354586997066],[-54.72931488581178,-24.654605565495725],[-54.728437906561695,-24.65211217756831],[-54.73325147324917,-24.65564820373327],[-54.73793341843928,-24.651919108557593],[-54.740752000614116,-24.655081106736],[-54.74571866072417,-24.653950766273294],[-54.74441933176505,-24.65802099658291],[-54.74708678977356,-24.656946627633307],[-54.7470447062766,-24.658107526796616],[-54.74915638749693,-24.657745541503925],[-54.749814906296706,-24.65908326862886],[-54.75115480341202,-24.656763639779754],[-54.75042287847759,-24.660872097599935],[-54.76144930781474,-24.656809301396855],[-54.76246567453701,-24.657819653340724],[-54.76830115244077,-24.655990899084877],[-54.767233661210476,-24.655464955144925],[-54.76815590639424,-24.649490760519683],[-54.772005352853874,-24.648450112458846],[-54.774795534514496,-24.650010620667118],[-54.77613284843077,-24.649345692537427],[-54.78036515362566,-24.65323667646829],[-54.78134037839854,-24.655552001559943],[-54.779324320793215,-24.658571617101764],[-54.78242767141429,-24.658736672322785],[-54.78081608826225,-24.661182890115835],[-54.782604433056356,-24.660920996291186],[-54.783840791028446,-24.66425755873499],[-54.790176791254446,-24.667597173048364],[-54.79617376889659,-24.667288883172],[-54.79638099471265,-24.67368890928137],[-54.79774498488656,-24.675401184579812],[-54.800033774437864,-24.67391826985827],[-54.80127161486463,-24.675071653052512],[-54.80146756575528,-24.673182349774624],[-54.803934003799895,-24.674120368603916],[-54.80476214553286,-24.671863728939407],[-54.8053263474752,-24.675382033943084],[-54.80682080113922,-24.6751714205164],[-54.806866189932045,-24.676357599600397],[-54.80986146440105,-24.673825732256603],[-54.809307848706304,-24.672897135025206],[-54.810643719473894,-24.6733164434193],[-54.81318556783507,-24.667602551690702],[-54.819813887780704,-24.66911691507284],[-54.82163879158089,-24.668622699899387],[-54.82024802065819,-24.668435149032923],[-54.820885531364034,-24.66688229874644],[-54.82340925558399,-24.667160655253866],[-54.82153901299332,-24.663530466674256],[-54.82305848814617,-24.662455307293875],[-54.82898648188916,-24.663861472595784],[-54.82817977508798,-24.66843385294632],[-54.83060637098331,-24.669036126243537],[-54.82927436462017,-24.671917934243385],[-54.830696771590944,-24.67469078014408],[-54.833955317512974,-24.674561161641485],[-54.833414668290885,-24.669927466300763],[-54.83498095518748,-24.668792421620164],[-54.83876541397775,-24.670316072565015],[-54.84045717908213,-24.67341350462866],[-54.8413994946587,-24.670693352269343],[-54.83926970300724,-24.6679197180452],[-54.83854253528816,-24.668783292605323],[-54.83628748509642,-24.667672212367062],[-54.83567897363936,-24.665492291124455],[-54.84006644760887,-24.664788350366422],[-54.84068375190363,-24.6632118640796],[-54.83573657934324,-24.661564590172528],[-54.83596030578665,-24.658917797713695],[-54.83429634697828,-24.66041408626948],[-54.83532590903145,-24.658829620572526],[-54.83264678161427,-24.658130806159893],[-54.833368666762276,-24.65639314088114],[-54.837706812327156,-24.654400723795135],[-54.83995540574735,-24.655874313856827],[-54.84186489772816,-24.654883592818702],[-54.84370928272211,-24.656495445399944],[-54.84193658566472,-24.65249030146503],[-54.8450748355826,-24.64985277621794],[-54.84665277808863,-24.65098190435909],[-54.846794989199594,-24.648919707704948],[-54.85022445249478,-24.648662801790977],[-54.851315925782515,-24.650188569889732],[-54.858803012361825,-24.648161476105415],[-54.859649749539244,-24.649219612442458],[-54.85896337441894,-24.642040757319524],[-54.86066344475144,-24.642274184163497],[-54.860695505740146,-24.640094160012826],[-54.86399577132413,-24.636263653452744],[-54.87136777250414,-24.633859624736793],[-54.873655603931496,-24.635628847726586],[-54.87561925052776,-24.63531256949813],[-54.87550152758574,-24.634153243773365],[-54.87668359434077,-24.635839025823568],[-54.88076693782486,-24.635603751287963],[-54.883850993107785,-24.632457809322936],[-54.88711665308497,-24.63353402390498],[-54.89039685594327,-24.629871832961125],[-54.89890757992511,-24.629243414265563],[-54.8969561943427,-24.621360686977994],[-54.893574416200266,-24.62351502213698],[-54.89020629037858,-24.622447688685295],[-54.888383390047764,-24.61942610658665],[-54.8897149142837,-24.618635823007324],[-54.88872316448533,-24.616638520009282],[-54.89792390894449,-24.618608523221734],[-54.898344327292406,-24.614354055750436],[-54.903977780014564,-24.61250139874349],[-54.90274438515703,-24.607780471034104],[-54.90468386721991,-24.605089780425537],[-54.903852502890814,-24.598786634239385],[-54.90255666891537,-24.598469927479723],[-54.907243164363194,-24.598843783224755],[-54.90950336105147,-24.59449597842732],[-54.90848527063323,-24.591292238865112],[-54.91175065063747,-24.59053868711706],[-54.91116032269345,-24.578257026941948],[-54.91415851955891,-24.573868921778622],[-54.916518829911816,-24.574585884195187],[-54.92636420376154,-24.56863959678597],[-54.92879412267429,-24.569721309908324],[-54.92912333903578,-24.568095183115496],[-54.93074787586897,-24.569264065296323],[-54.93195397085726,-24.568043079020715],[-54.93509265073112,-24.568328335834458],[-54.93579247379103,-24.569391525942308],[-54.93645357886677,-24.567908241551986],[-54.93898371523385,-24.570410714908434],[-54.94372325315705,-24.564360509601055],[-54.948095170969715,-24.566356543699346],[-54.95251276698872,-24.565142696660867],[-54.95705728937483,-24.568786901910745],[-54.959565456288814,-24.56795614126605],[-54.96148427492264,-24.569229586760084],[-54.96410536542899,-24.567634871541983],[-54.96618577384966,-24.568914151104547],[-54.97085747850054,-24.568494170946334],[-54.97448583556487,-24.55917204871734],[-54.97820910914379,-24.559434215667316],[-54.97800113320488,-24.558208141601813],[-54.982374680258445,-24.556501812155],[-54.98691235763946,-24.551773176492713],[-54.99354752128918,-24.54949633641339],[-54.997195865074005,-24.550966775194457],[-55.00051626201034,-24.54966569384073],[-55.00496587138008,-24.551381306409375],[-55.00942337199795,-24.5493231763782],[-55.015580482653924,-24.549797096419283],[-55.03129854025832,-24.544369696883628],[-55.04434755082407,-24.548882116280193],[-55.046099095373044,-24.548074242442866],[-55.05039308423807,-24.54992194527804],[-55.052729455697325,-24.54883265512068],[-55.05488595035208,-24.551203321736473],[-55.0639786790802,-24.54902723657566],[-55.0663744870185,-24.546548141225657],[-55.07045521768073,-24.548442203203802],[-55.08071229053031,-24.54978747793511],[-55.102953967311606,-24.5437040820562],[-55.10961940565917,-24.540451824937556],[-55.11311637776455,-24.53616650815185],[-55.114884656597916,-24.524578061953083],[-55.11240411957731,-24.518046565193462],[-55.11269657169166,-24.508340132407188],[-55.114136361474664,-24.504967947746085],[-55.12061965487866,-24.49833614753195],[-55.122469964190515,-24.493831383167876],[-55.13403626929872,-24.479881228641304],[-55.13956748906316,-24.48244586449104],[-55.154518461903834,-24.47624607230168],[-55.15463539684064,-24.479056762882596],[-55.16171285551063,-24.473343616212],[-55.16386677530488,-24.469468120908093],[-55.18029952215151,-24.465455563453965],[-55.202510546030396,-24.469003843662005],[-55.21056846863035,-24.468604034179393],[-55.217106169728694,-24.47524620258955],[-55.22812066744266,-24.476366731474414],[-55.23895311693428,-24.475997944113818],[-55.25252554337781,-24.46750695079385],[-55.272354502808085,-24.49292001659027],[-55.28097868687469,-24.500760208736335],[-55.288585664197214,-24.503819488412017],[-55.289123531136944,-24.48908524695868],[-55.296791773512155,-24.487561642301184],[-55.30415750633114,-24.4935708904469],[-55.30506474333717,-24.496449437649154],[-55.30374025084331,-24.50436217463457],[-55.31267007214266,-24.514867283044925],[-55.329439768579434,-24.506011388699473],[-55.33201975299334,-24.49676609970933],[-55.34273356943082,-24.493647022156374],[-55.345126016963434,-24.49701777662362],[-55.345171731037965,-24.509033730894608],[-55.35923592765577,-24.522966805589512],[-55.36976794874064,-24.53996418517856],[-55.39265928744479,-24.544614303453574],[-55.39998730149334,-24.548949793379133],[-55.40062696474344,-24.536477593230746],[-55.40189972169283,-24.535048023166276],[-55.41898713503311,-24.544158658215526],[-55.4378383958753,-24.551255404390513],[-55.443956963845686,-24.54970374893627],[-55.46047902828632,-24.54142731527852],[-55.470956661277924,-24.546896951062752],[-55.47848271019209,-24.55564456181325],[-55.484022023190704,-24.571583745012397],[-55.491108351463325,-24.568021218354005],[-55.4937060161833,-24.533788458098496],[-55.50523846433032,-24.526291908730116],[-55.513492217898516,-24.515307131285304],[-55.52540954457897,-24.515093727564228],[-55.53153047883896,-24.51655736777623],[-55.54393161449183,-24.513539304139847],[-55.55246467180964,-24.51864985425583],[-55.55116944565659,-24.52781368934284],[-55.55296776967742,-24.54418287206486],[-55.55162710270711,-24.55085940645533],[-55.559260049571364,-24.562411929767944],[-55.56268618878406,-24.57078577294052],[-55.564190072044795,-24.581453619426636],[-55.57787469366556,-24.601238818663504],[-55.58481428227728,-24.60262560081489],[-55.59782389553671,-24.60241703058581],[-55.594488446246736,-24.609901217336866],[-55.59474638013083,-24.619153218698493],[-55.60959166258731,-24.624659255547797],[-55.608551340386654,-24.628861510526853],[-55.60123877410179,-24.636474131353136],[-55.60472089730425,-24.640222839595275],[-55.614764113856445,-24.647170342923253],[-55.6208095322441,-24.647969213900012],[-55.627716961505115,-24.64431606924533],[-55.638464196524914,-24.644826735806323],[-55.653137429201514,-24.64999671907466],[-55.668465480482254,-24.65318902535626],[-55.66277440338033,-24.66147974892339],[-55.66226939228941,-24.674936870434806],[-55.67079516769206,-24.67212203922018],[-55.681658129730216,-24.67907250458873],[-55.68725634331775,-24.67961707435512],[-55.70017394574233,-24.671635893524048],[-55.70265909904526,-24.67603451325171],[-55.7013082864154,-24.684281571138424],[-55.7027065245096,-24.6889185489684],[-55.71141615101311,-24.69460951095724],[-55.71272572942027,-24.707917313015045],[-55.71665250467878,-24.712906195568742],[-55.72920665240571,-24.723088752688334],[-55.72906842127798,-24.72779506700348],[-55.73612352345659,-24.73652639083428],[-55.736106286097865,-24.743188904511864],[-55.73072986425741,-24.7511813561823],[-55.726069885151354,-24.755849272066047],[-55.718268817634154,-24.758095166433534],[-55.714407617635544,-24.764173500361142],[-55.70802470636663,-24.769156358378446],[-55.70370269493488,-24.775973681647862],[-55.70199130680406,-24.78396972493441]]]}},{"type":"Feature","properties":{"shapeName":"PRESIDENTE HAYES","shapeISO":"PY-15","shapeID":"63826900B99929286362746","shapeGroup":"PRY","shapeType":"ADM1"},"geometry":{"type":"Polygon","coordinates":[[[-57.57455600765681,-25.2239369144674],[-57.59366204832384,-25.241651488070342],[-57.62783604685631,-25.25498361738916],[-57.66867997982368,-25.28004871863642],[-57.67283048478365,-25.287615343216718],[-57.67385790218285,-25.3157988141153],[-57.66724190467979,-25.335749761306793],[-57.6678347137083,-25.345314662650104],[-57.663466776733365,-25.353841255627756],[-57.67033870862481,-25.35327758640714],[-57.67175558780703,-25.351814474335665],[-57.670656185112655,-25.347678617712543],[-57.67441739655503,-25.34600988134594],[-57.67850083533763,-25.34611839151946],[-57.67661032533368,-25.343363900144254],[-57.68203138984677,-25.3420310615509],[-57.678266698075596,-25.339909957348073],[-57.681352861784475,-25.339628025179575],[-57.681571524446866,-25.334247585780034],[-57.68678898961959,-25.328901130007058],[-57.686646009455295,-25.33269753420618],[-57.687745513139355,-25.333436913883798],[-57.68960851495975,-25.332202323231787],[-57.69246756302993,-25.328047452123734],[-57.69273830541509,-25.322599030674663],[-57.70292308252214,-25.32208109799028],[-57.698829162769236,-25.317407645727723],[-57.70185005592851,-25.31377908235713],[-57.69940816048465,-25.313039968344352],[-57.69788719929311,-25.308395451620868],[-57.699455447303734,-25.304287382250294],[-57.707172987965734,-25.30017918640278],[-57.70520362549909,-25.295630980737826],[-57.698532426654495,-25.29429636152732],[-57.69441725081145,-25.285965437825286],[-57.69714618314716,-25.28351401731111],[-57.70076731588614,-25.284722034535264],[-57.70306954476334,-25.28692180781751],[-57.70341642090264,-25.290758498997977],[-57.70521994647074,-25.291652977429553],[-57.70475076824576,-25.287154412173233],[-57.70279343875219,-25.285071360054545],[-57.70324272393327,-25.28235500920998],[-57.70879185041671,-25.28599214580703],[-57.71226509018036,-25.285388565572188],[-57.71363236814397,-25.28363130695163],[-57.710394564471756,-25.281822225490025],[-57.711603975013006,-25.273076409110704],[-57.713017377771166,-25.27433194735956],[-57.715781836547656,-25.273652713925316],[-57.7189977953027,-25.2772212272594],[-57.72251000778901,-25.277456474300813],[-57.722765290294184,-25.276043480206557],[-57.71849104613586,-25.272917177456698],[-57.722372979585536,-25.273652326040512],[-57.723367659765806,-25.27235405068541],[-57.71786487459173,-25.266663218498554],[-57.71930872330632,-25.26506035025696],[-57.72312601980285,-25.266945432021206],[-57.72524941729646,-25.261806019715802],[-57.73006804273236,-25.25744354520709],[-57.728243263495756,-25.25509406274469],[-57.72388445664601,-25.256862128574422],[-57.72284117389496,-25.25281488371615],[-57.72641793098916,-25.25408853811603],[-57.729188211617064,-25.24643237188981],[-57.735087973189145,-25.252344570598293],[-57.74088744822289,-25.253415636075626],[-57.73576717323676,-25.246787183689666],[-57.736057211022505,-25.244244296160026],[-57.73956508529921,-25.241129593907235],[-57.735213599869276,-25.238208169390372],[-57.735603150509625,-25.234716205625112],[-57.73841028663558,-25.233995831915315],[-57.738320019300275,-25.237940271731514],[-57.74310726828714,-25.23678570549369],[-57.74249247842658,-25.232707849356697],[-57.74840779831776,-25.23505578513706],[-57.74989064365612,-25.233401599998764],[-57.74482214502449,-25.231588460631755],[-57.74424088515822,-25.228369258842662],[-57.74580157606907,-25.227757847014335],[-57.748814220068645,-25.229722930541378],[-57.74872350224846,-25.227925992767673],[-57.75168193014575,-25.22775981114205],[-57.751507789583336,-25.223986506549586],[-57.755214584301136,-25.223812264952155],[-57.754191386362,-25.22008917491746],[-57.759220557850746,-25.219989724843646],[-57.759653012214855,-25.21619855957986],[-57.75070179735709,-25.217033529787948],[-57.75125726187608,-25.215916050833815],[-57.753243324287794,-25.216301186560308],[-57.752377990574736,-25.21255243481804],[-57.75659795908802,-25.214328506673187],[-57.757414150051275,-25.210450713245052],[-57.75507144500336,-25.208315774569936],[-57.75012364059132,-25.20978744838289],[-57.74853221796351,-25.206717141618935],[-57.749643284698685,-25.20543179028764],[-57.75460121129285,-25.205594687591073],[-57.74933369285256,-25.202259121528854],[-57.74929843775309,-25.195685212144753],[-57.75595887921134,-25.196773203870368],[-57.75532439956544,-25.1953296694715],[-57.757080990257315,-25.19379737485836],[-57.75361865510884,-25.193534043767226],[-57.75260177303352,-25.192011372044455],[-57.756796214963956,-25.19065613217658],[-57.75866956129867,-25.187179275565246],[-57.7580145297046,-25.184850846417017],[-57.752687712448974,-25.18135493573562],[-57.75320339217084,-25.17680462408299],[-57.75445199856158,-25.176181430915417],[-57.755406451096476,-25.17917985534507],[-57.7576212043992,-25.179942918847864],[-57.7565699183009,-25.17694084486681],[-57.76122042274665,-25.175631976706168],[-57.76126934115932,-25.17152193019965],[-57.76491996183425,-25.170781166160133],[-57.768396710819566,-25.17295936962332],[-57.77195957291497,-25.16922088561498],[-57.76910708530974,-25.167902481813595],[-57.769948894741496,-25.164737223115303],[-57.77596240869388,-25.16177589944359],[-57.776563220294115,-25.155678464389172],[-57.78000003606531,-25.152512956823898],[-57.78676604998456,-25.151941257837144],[-57.791720127940366,-25.155386755150822],[-57.79012368737791,-25.149810445510173],[-57.79299581155382,-25.15172345793095],[-57.797790493901296,-25.148184866618976],[-57.799365227516816,-25.149941930827666],[-57.80111392545953,-25.14963102983781],[-57.80257828319235,-25.148227238845656],[-57.80184935954985,-25.145074598101445],[-57.80510450688947,-25.148173009645877],[-57.804949423171216,-25.14383310474019],[-57.806996913745834,-25.14225108709937],[-57.80936811604635,-25.142648592633535],[-57.81291684195012,-25.147776725531976],[-57.813373284555695,-25.1440364481133],[-57.81669096424803,-25.142798974504846],[-57.8176684299841,-25.138807770367286],[-57.822628319939376,-25.141734248932007],[-57.823956029393756,-25.139433734245102],[-57.823020966215424,-25.135543504827222],[-57.826293539369225,-25.130598438123403],[-57.82842794418608,-25.132614597940883],[-57.83125841363351,-25.128678607558705],[-57.83367701807416,-25.132189984767503],[-57.83677770811449,-25.131503456685675],[-57.83498491704329,-25.12746470098876],[-57.840138765332036,-25.125360159261593],[-57.83688810889729,-25.1238051744851],[-57.840373732472266,-25.12331192554854],[-57.840647755972434,-25.12032320111685],[-57.84507440914337,-25.120977893687673],[-57.84435355535439,-25.117336827884845],[-57.84860743499173,-25.118078286410643],[-57.84368621501989,-25.11242828657903],[-57.851020636739214,-25.10902522096403],[-57.84720232031452,-25.107505423330387],[-57.850974409510506,-25.105183566332393],[-57.84677443769623,-25.10190675851991],[-57.84867613167954,-25.10085132257834],[-57.84810475228233,-25.097305614529144],[-57.85495266214444,-25.098674675372784],[-57.85593704914905,-25.096422942528598],[-57.85286836187442,-25.096860554297706],[-57.85093949393047,-25.093615368348285],[-57.85330232115697,-25.093593384473877],[-57.858831151234,-25.09018626067883],[-57.85948302997863,-25.08817338118933],[-57.85543226547148,-25.087754917594815],[-57.85976006970476,-25.085391279384062],[-57.861356568868125,-25.081425028932763],[-57.86278797793209,-25.084240092886372],[-57.865815732895044,-25.08302220719447],[-57.8703696696805,-25.084013464652983],[-57.870579101642804,-25.08068632780614],[-57.87363707523419,-25.082579714989432],[-57.877439310761936,-25.081122631971564],[-57.87818711140905,-25.078738165503264],[-57.88230638524337,-25.079074830411397],[-57.88211720790302,-25.077049954133713],[-57.884060197817824,-25.075590780343415],[-57.88495896569507,-25.076987818001648],[-57.88865206375839,-25.077527756023013],[-57.886392956672026,-25.08124735488258],[-57.890195831437545,-25.078765032012136],[-57.890835488293426,-25.08254307124705],[-57.89341501546069,-25.079646754503205],[-57.89584882807553,-25.083613668481053],[-57.897086147146545,-25.082596426123573],[-57.89616670955234,-25.080495937654863],[-57.89877493969844,-25.079239578517438],[-57.90384308327495,-25.077991262956104],[-57.90791809467904,-25.0794844492413],[-57.90820787287353,-25.077244177323706],[-57.906073058397325,-25.077482565871165],[-57.9050194155051,-25.075760880346063],[-57.90644418682715,-25.073355393638753],[-57.91437005481293,-25.075965656395354],[-57.916161038700196,-25.077831017650745],[-57.92358309378951,-25.073267413794024],[-57.925393010262056,-25.07711246132211],[-57.93124003860794,-25.07803022595927],[-57.93425490839692,-25.072153969096856],[-57.9368846308567,-25.075368082742575],[-57.94171472694557,-25.07168101260624],[-57.94365871752149,-25.07348819290292],[-57.94364254594695,-25.07791829729464],[-57.94616321914868,-25.077553291280186],[-57.95286578091469,-25.080606181997563],[-57.95352802776078,-25.07568530570896],[-57.957927503680885,-25.076625373743745],[-57.955960264393056,-25.074724161404017],[-57.95674145147663,-25.07288524543533],[-57.96086534932834,-25.07715044344552],[-57.96285255779049,-25.075936910713256],[-57.96454567326237,-25.07880283647842],[-57.96552607031299,-25.075292969892338],[-57.96673915664908,-25.075398922422302],[-57.96662537338377,-25.078147881871327],[-57.96863777134911,-25.07625786481517],[-57.97042323648406,-25.076774259380592],[-57.971754879139915,-25.078733582292024],[-57.96949400701815,-25.077356946096813],[-57.96826470940944,-25.081186990726835],[-57.97085866943315,-25.0828991113407],[-57.97425439974707,-25.082734286942774],[-57.974006090707135,-25.08535548628673],[-57.97535920259609,-25.08618177527021],[-57.98249361420162,-25.082333559613712],[-57.98561898324626,-25.083365036595747],[-57.986564974221984,-25.07990149381311],[-57.990854002938775,-25.081763910907476],[-57.9898499298764,-25.079379589113323],[-57.99118796497163,-25.074836355661535],[-57.99423107116565,-25.076465611083957],[-57.99742024551618,-25.07261684068041],[-57.99968097319284,-25.074164967629308],[-58.001069828623784,-25.066163042934836],[-57.997356816379565,-25.066070655656453],[-57.999570036029475,-25.06304568582809],[-57.9967776238432,-25.062927648403544],[-57.997761140107876,-25.061597553738764],[-57.99610638415227,-25.05970391541278],[-57.99826123698074,-25.057351640833115],[-57.99695161732377,-25.05579265539128],[-57.99781460021572,-25.053680631488522],[-58.00035857168803,-25.054704090557372],[-57.999800501624506,-25.052456907585892],[-58.004261292248096,-25.04863905978609],[-58.00189360680665,-25.046964937441754],[-58.004498319477335,-25.045420694158146],[-58.0035884204938,-25.040957103888353],[-58.00485775992954,-25.03947689036484],[-58.002765107097886,-25.03769313980322],[-58.005942382227715,-25.034941912628693],[-58.01029989393309,-25.03790540582501],[-58.01129667592701,-25.04079376577917],[-58.01291630724388,-25.039943290616602],[-58.012235250843645,-25.037888741872166],[-58.01486765538883,-25.03854976894694],[-58.01610371124902,-25.04196739415412],[-58.01676273527549,-25.037647949416428],[-58.01761532603117,-25.040523197409854],[-58.02004855300275,-25.03909979166681],[-58.02263882981804,-25.04117293687514],[-58.02369605349764,-25.037779490151987],[-58.02775139090759,-25.03797582371644],[-58.02857107787112,-25.035909011746533],[-58.0315261226075,-25.03565483191907],[-58.03165027702104,-25.039234367003615],[-58.03451660948136,-25.038052975564355],[-58.03513348028651,-25.040321493935526],[-58.037689500411794,-25.039383157554816],[-58.03773212222165,-25.041969537859615],[-58.039364077684866,-25.040795904039104],[-58.044863409029006,-25.042985543954195],[-58.04686572350629,-25.041712049692084],[-58.04674108884848,-25.038942960385416],[-58.048938176807084,-25.03815350221229],[-58.04998750514463,-25.040454680845254],[-58.054950594176255,-25.0404151199776],[-58.05495851902254,-25.041541135737464],[-58.052525422075036,-25.041820151636898],[-58.054176921076284,-25.04375927508982],[-58.05746757311519,-25.04204749692835],[-58.058258622117116,-25.045844643197572],[-58.061423858105805,-25.04048147620929],[-58.06645957189772,-25.04116051221343],[-58.066310190682294,-25.0448557505489],[-58.068796569955445,-25.0454367798714],[-58.0687750797112,-25.04375308713561],[-58.071123054262046,-25.043842700008685],[-58.070746134922295,-25.0410769804644],[-58.07463997656433,-25.039839305569295],[-58.07454229301961,-25.03764815108349],[-58.07726403302912,-25.037772551981334],[-58.07739735797583,-25.03528517669678],[-58.074091892262814,-25.033764167726382],[-58.078805329694625,-25.032298620990282],[-58.077545836430026,-25.0299695971991],[-58.0792585657251,-25.02926520508266],[-58.07681383331917,-25.028293521892184],[-58.07953903230239,-25.027123315748167],[-58.0800972194033,-25.02528971366926],[-58.078068105180265,-25.022414981505225],[-58.07947337749501,-25.021609212438584],[-58.08116675766844,-25.023780088842276],[-58.08266861638525,-25.023630094218145],[-58.08389303366733,-25.015237791040658],[-58.088313329714104,-25.01523768501421],[-58.08604591557608,-25.01455299120583],[-58.08563079534992,-25.012311466885627],[-58.090811329442516,-25.01194467421206],[-58.09096438074632,-25.008653587081408],[-58.0948118953388,-25.008940600383784],[-58.096506467247835,-25.01088635129917],[-58.094753080691945,-25.013326276405568],[-58.09833839151407,-25.01186054332104],[-58.09748408405459,-25.013997652418777],[-58.09963467208759,-25.01474655142818],[-58.1006984142189,-25.011287966682737],[-58.10229902777733,-25.01389046976899],[-58.10617882703878,-25.011833148595176],[-58.107073880735555,-25.015666957166925],[-58.11017007859863,-25.01444622352422],[-58.11162469103554,-25.015221114816434],[-58.11005517635567,-25.0171049376908],[-58.11247537097243,-25.017393722191937],[-58.11289865651205,-25.019571776401083],[-58.11774850791187,-25.018557997939727],[-58.11863756697413,-25.012896160351563],[-58.12491128399278,-25.012428883023052],[-58.125577640874596,-25.01473940170461],[-58.12734255517852,-25.01504282494969],[-58.12637541123483,-25.012550361470264],[-58.12985750254134,-25.014558662907525],[-58.128992252771305,-25.012544379748736],[-58.13017524942764,-25.010995336207433],[-58.131111230596446,-25.01218107799763],[-58.13403809415111,-25.01012211524429],[-58.137301077803045,-25.01158774178728],[-58.136969188339826,-25.009572298439434],[-58.13428109881825,-25.00903583518367],[-58.13771968741707,-25.006812135212066],[-58.135971440552794,-25.00611294821171],[-58.13556764136741,-25.003623369879797],[-58.13814454167771,-25.00071567951942],[-58.13548447575096,-24.99961932377041],[-58.13559845183137,-24.99728100520665],[-58.13717321444637,-24.998773841512808],[-58.13896831994478,-24.997560853788947],[-58.136216019285875,-24.996256093322316],[-58.13867689779892,-24.9956887894506],[-58.13715655826004,-24.99408067020127],[-58.13998499370711,-24.993610868549823],[-58.137760044646484,-24.988704885764683],[-58.1392444031732,-24.98766031220509],[-58.144117488469476,-24.989890278368044],[-58.14235505412161,-24.986646415975628],[-58.14627991668895,-24.98705304924371],[-58.14571558519626,-24.98502905334745],[-58.14722350368437,-24.985343114224005],[-58.14844316444311,-24.982635876455646],[-58.15314678057578,-24.98193074789896],[-58.15348680010532,-24.980787269808026],[-58.15027957171832,-24.98023737426336],[-58.14994216068099,-24.97504529679775],[-58.151794817825824,-24.974750837033167],[-58.15385484626815,-24.97657916587235],[-58.15303947051475,-24.97337120131842],[-58.15614788121033,-24.97266810403752],[-58.15857366130953,-24.974072409009832],[-58.15822947137262,-24.97150636147036],[-58.1598107059601,-24.970719001142907],[-58.16255019948689,-24.97542723213404],[-58.16236333314902,-24.9714142218726],[-58.16403396147735,-24.97139245892091],[-58.16424569213554,-24.969356950993713],[-58.166671734660966,-24.96905440539142],[-58.16930171320933,-24.966210905474544],[-58.17122058433093,-24.96722983118622],[-58.16843378968891,-24.968481547618],[-58.17093191610017,-24.969876243037127],[-58.17362026369724,-24.968699467305132],[-58.173628626174896,-24.971296610356873],[-58.17486461278255,-24.97029313449709],[-58.17726465604372,-24.971348206339083],[-58.176237749321416,-24.968206035983112],[-58.17803368297725,-24.967435535866173],[-58.18157707974831,-24.96922223667853],[-58.18392913699996,-24.96723399829297],[-58.183846298167836,-24.968716475935874],[-58.18565440630975,-24.96800890889056],[-58.187756879819574,-24.970884625327646],[-58.191234848768964,-24.96636643638928],[-58.193835491246446,-24.967961323220717],[-58.194733773708556,-24.966312668732602],[-58.19286837018446,-24.964575127326974],[-58.195778240037306,-24.964079675118793],[-58.194724175301545,-24.959739340391057],[-58.197841050598925,-24.958247037952976],[-58.19764719785984,-24.954022394837548],[-58.20302744802553,-24.954391298821793],[-58.200437288600305,-24.953186289754846],[-58.201924115538475,-24.949868025994675],[-58.20472429373861,-24.948158821408445],[-58.2070100674829,-24.951649912841024],[-58.20718872952886,-24.948676323318463],[-58.20846151276388,-24.948400299247414],[-58.20961642166972,-24.95168866680034],[-58.21092740084934,-24.948160846949282],[-58.21085100304745,-24.949966452888187],[-58.21270625001197,-24.950990346714303],[-58.21716918349548,-24.950430292945214],[-58.214371878841824,-24.945318415853027],[-58.21839463651305,-24.945689340244073],[-58.21826454121825,-24.944165581111918],[-58.22110000397722,-24.943894245812103],[-58.2205801661861,-24.941593360025216],[-58.22448110826068,-24.942127714813928],[-58.223019604433865,-24.939555456613327],[-58.22509018755212,-24.93888863012],[-58.224303004702485,-24.9365966037305],[-58.219961284606455,-24.93489859800716],[-58.22490462966739,-24.934120929904353],[-58.22059775663586,-24.9331780215313],[-58.219661524582875,-24.931389384514496],[-58.22091423751403,-24.930286368468675],[-58.22107489569646,-24.932324597098255],[-58.22408383633945,-24.93171290347659],[-58.22496852559266,-24.926918493187856],[-58.226964627681014,-24.928968220641647],[-58.2314065932272,-24.92610073767425],[-58.23053212932582,-24.928155592683506],[-58.23179836870229,-24.930089867896505],[-58.235481542058544,-24.92691876758747],[-58.23647221516405,-24.92797937802277],[-58.238359311099956,-24.926942098982643],[-58.238753601313014,-24.929013939790472],[-58.24222673956969,-24.928086461642934],[-58.242205218713366,-24.9322884720139],[-58.244613057227184,-24.931231267611192],[-58.24600601329369,-24.93331222715707],[-58.250005994676236,-24.931667571869173],[-58.25166542178787,-24.934444838521117],[-58.25330312126653,-24.931660946701033],[-58.25550537619635,-24.931849159422274],[-58.2551313490865,-24.935487924857355],[-58.25763782119135,-24.935647114709067],[-58.25738466841617,-24.93838022068952],[-58.259149190628726,-24.937745640396404],[-58.260374182921296,-24.940683436471],[-58.262176046000924,-24.93950874756971],[-58.263026977507764,-24.942844816383055],[-58.2666749988983,-24.942832252624484],[-58.26640992087082,-24.94702735273725],[-58.26758371573716,-24.945278812790313],[-58.26883114770344,-24.94724546883168],[-58.27139728326944,-24.94686941125783],[-58.2710167106729,-24.949406051524676],[-58.27342523820247,-24.949669074427103],[-58.275751569769135,-24.95328851784412],[-58.27840370818118,-24.9517702576174],[-58.2770570048338,-24.95457105454108],[-58.2798927977917,-24.953759756994522],[-58.280103590336864,-24.956461528884574],[-58.28482026098607,-24.955436515762873],[-58.28526850862625,-24.956689934290615],[-58.28908739533992,-24.957151005748567],[-58.289116598741224,-24.958456886255753],[-58.28644658468261,-24.958550162651722],[-58.28872754812841,-24.96411904372852],[-58.292402394820286,-24.96513045174632],[-58.292998089857406,-24.96714738977048],[-58.29612674454897,-24.967565565883902],[-58.29431418092614,-24.97130472316083],[-58.296786272292884,-24.971507274513733],[-58.29802716593171,-24.97452499345072],[-58.3017712141447,-24.973979050071684],[-58.299386715658734,-24.975293018675167],[-58.30062957513632,-24.97697296608707],[-58.304438382155794,-24.975379133352323],[-58.30344698756971,-24.979410029975387],[-58.30678220653324,-24.97785833395743],[-58.307864567213734,-24.981106983911925],[-58.310244665729385,-24.9797571720712],[-58.3098530997282,-24.98179672927501],[-58.31223058106549,-24.98094948654728],[-58.31115208945576,-24.983104481492923],[-58.314310996469594,-24.982952569046457],[-58.314677286214305,-24.985513645195663],[-58.313364991907164,-24.98400799342215],[-58.310843102933305,-24.98698419357602],[-58.31233177212946,-24.986714332611403],[-58.313887687068004,-24.989241939801015],[-58.32025695486652,-24.989078258046746],[-58.318859359809025,-24.99005790090398],[-58.31952680390375,-24.99258649693423],[-58.32139810641174,-24.990262342444748],[-58.32416757256146,-24.990270837264468],[-58.32270537457428,-24.993327706766017],[-58.32647953832172,-24.995874358904608],[-58.32606378422989,-24.998869380021535],[-58.329422266430676,-24.998030963448556],[-58.329853979574025,-25.000969197773728],[-58.33100008121319,-24.99801206591684],[-58.33074676040381,-24.99946255682778],[-58.33286492569222,-24.99883660103388],[-58.33364926738111,-25.000118253141043],[-58.33437315775164,-24.9984957243321],[-58.33692818234672,-24.998655379695954],[-58.336466778031806,-24.996332616396504],[-58.341240575885124,-24.996574209068648],[-58.34178895891803,-24.99343087556491],[-58.339489568221005,-24.992372934417865],[-58.341721126781394,-24.992107081245198],[-58.340920848037804,-24.989432982277673],[-58.34423183194323,-24.990279444581976],[-58.34257991876987,-24.989563575177062],[-58.344166569610834,-24.988695560871705],[-58.343608770656886,-24.986458637620554],[-58.34632742551025,-24.985111741167042],[-58.345138299963054,-24.981883983803662],[-58.346626801207954,-24.98100902462175],[-58.34558226774122,-24.97867824023934],[-58.3472411111665,-24.976815717746035],[-58.345969563076174,-24.97581676424602],[-58.34740056978944,-24.97579083157428],[-58.347032917970296,-24.973780852204786],[-58.349356615268285,-24.974064795190362],[-58.348215129464485,-24.972293722076497],[-58.350222377663194,-24.972484130094198],[-58.349472221642884,-24.970588089296935],[-58.35256142771665,-24.97027839989171],[-58.35302749155674,-24.96841713648876],[-58.356612472053605,-24.969106892504907],[-58.35864315511126,-24.96673125722598],[-58.36165978631318,-24.96713706416016],[-58.36077013678371,-24.96560045251209],[-58.362516996058645,-24.96578473867962],[-58.36303450696635,-24.963628007972734],[-58.36472280358442,-24.964268351253573],[-58.365773674341,-24.961163681625315],[-58.366845416849294,-24.96310445837821],[-58.36803170284745,-24.96111299841878],[-58.37061301449014,-24.962070465661935],[-58.37122587172728,-24.960931419755454],[-58.36905979959155,-24.95927067201122],[-58.37225717577104,-24.95878229622094],[-58.373203730708624,-24.95652939457582],[-58.373571612090245,-24.958110475609388],[-58.375584080237545,-24.957200685185416],[-58.37620586271506,-24.958600617077902],[-58.3789399354182,-24.95761260635301],[-58.379006584748815,-24.95625331905304],[-58.3808480019065,-24.95644657061366],[-58.38186085086313,-24.954397512333518],[-58.38367608729059,-24.95546769957664],[-58.38613266081097,-24.95346142869131],[-58.38732855935472,-24.954664554706845],[-58.39002832093807,-24.954318511121187],[-58.389577214162124,-24.95223247887422],[-58.39126256559637,-24.953164873096263],[-58.39311646497313,-24.951569801182995],[-58.39336162792364,-24.946341125839933],[-58.394771664580375,-24.947315382646767],[-58.39551680729447,-24.94519154585812],[-58.39798615757424,-24.945491668422612],[-58.396434193297075,-24.944141238839247],[-58.397417682943505,-24.94224868070363],[-58.40038066641509,-24.94292796860327],[-58.400706608164,-24.941590864083594],[-58.39801135885556,-24.941193295849725],[-58.39727161495348,-24.939327827341646],[-58.40285781532873,-24.938912771854756],[-58.39937647436422,-24.936753411686272],[-58.40185589701343,-24.93656805289909],[-58.40530132531002,-24.930115017135346],[-58.407876821332245,-24.929645868500366],[-58.40690263832989,-24.92691411025056],[-58.41028312037485,-24.92508393777849],[-58.40796643949776,-24.924682609667943],[-58.40867717092048,-24.92283423597088],[-58.41181758295874,-24.922572705089035],[-58.413526150467504,-24.92033596800081],[-58.41487438314809,-24.922584012893285],[-58.416250871985994,-24.92043050110809],[-58.417417740542774,-24.9229893581307],[-58.41831239399614,-24.92161000044514],[-58.42093613422498,-24.923256485678085],[-58.42520931875425,-24.921487144275538],[-58.42630854420389,-24.923288875437223],[-58.42871804929612,-24.923566230915178],[-58.42702785105566,-24.92122087736471],[-58.43004442028918,-24.922006892537357],[-58.43317202291741,-24.91586277236668],[-58.43175597407199,-24.914693985317218],[-58.433423988113304,-24.913932368842357],[-58.43060468312703,-24.910243296563934],[-58.43269111810288,-24.908436635972887],[-58.43025950520967,-24.908661012466254],[-58.43162325942387,-24.906920781514177],[-58.42847733849983,-24.904784659610957],[-58.429553768823794,-24.902927880911598],[-58.42770311005764,-24.90252319366021],[-58.42915938273026,-24.89528043180003],[-58.43074845935177,-24.894826992960496],[-58.430065217000895,-24.89322138722837],[-58.43553960798918,-24.887764013325835],[-58.4371853137287,-24.88774896255666],[-58.43867149862777,-24.882545971588325],[-58.44143044849558,-24.881048258783014],[-58.440732041973405,-24.879365338684295],[-58.44814399856897,-24.877823824797705],[-58.45180851894817,-24.87874846155961],[-58.45144797689808,-24.875918110047515],[-58.454567290588535,-24.875901501818184],[-58.45381166668704,-24.87351210427687],[-58.45528918967379,-24.874273671522037],[-58.45661708105797,-24.872303133767044],[-58.45820333336849,-24.87291466048141],[-58.45913001228611,-24.8696628549045],[-58.460900962215355,-24.87041816576115],[-58.46207777539125,-24.869000268032885],[-58.46423142496174,-24.869739244675195],[-58.46630494326371,-24.868556724872686],[-58.46680593004354,-24.866606023786606],[-58.470477370561085,-24.864752185537746],[-58.46923653827128,-24.86345553313854],[-58.47124231745513,-24.86394679119128],[-58.47393743064782,-24.860942319422367],[-58.47588952586899,-24.86272797557163],[-58.47630298239373,-24.859922433686815],[-58.48145099188232,-24.861629978803244],[-58.48603750804186,-24.858753481151098],[-58.49105055007892,-24.85780807203862],[-58.49411728876082,-24.859407639729994],[-58.4979643637527,-24.85794364238222],[-58.50312602721888,-24.849090343940265],[-58.507515944697374,-24.848154656200023],[-58.50836463676732,-24.844996167294386],[-58.51025504271241,-24.845672610736464],[-58.5111879883034,-24.8436109406301],[-58.513403381516596,-24.845339443910714],[-58.51453805791084,-24.843142656713464],[-58.51627770815618,-24.84354460444788],[-58.52107773641056,-24.849276598739642],[-58.52645218596091,-24.85083928971417],[-58.530266306304135,-24.84660419470656],[-58.52919449996693,-24.84529397375223],[-58.53498051346542,-24.843387137559294],[-58.53772616040036,-24.84166939899323],[-58.53742387712293,-24.84020022624914],[-58.54190754436284,-24.838458034561768],[-58.550379301362206,-24.827918496713632],[-58.552408478441976,-24.829663337904027],[-58.55345440857082,-24.828713053096752],[-58.557563594952626,-24.830412555222036],[-58.5587928666159,-24.827673968147597],[-58.56340261928331,-24.827941401593126],[-58.56266819547205,-24.82643366014163],[-58.564811166869895,-24.824492222003926],[-58.5736778094605,-24.821178751460575],[-58.57587879060136,-24.822929747017156],[-58.58367980280458,-24.821658565139117],[-58.59017584931528,-24.827362231470698],[-58.59291528179447,-24.826009747002015],[-58.59553664866516,-24.826582065862144],[-58.597060492742095,-24.824887799455453],[-58.60485716661141,-24.829619686649647],[-58.60901396522157,-24.82963089455163],[-58.610847779525855,-24.831151534162245],[-58.61565490214547,-24.829560122693184],[-58.624267095374,-24.829773439592266],[-58.625130043053495,-24.828335193291757],[-58.628736712079366,-24.82768376223387],[-58.62993158677791,-24.82919696286006],[-58.6379254052719,-24.828540683926118],[-58.64842980772977,-24.824465576563806],[-58.658685971856364,-24.83137379808124],[-58.66456394871392,-24.830459015863614],[-58.673313903349545,-24.83154919286048],[-58.67953479817257,-24.825023337180042],[-58.68099097566541,-24.818498933706575],[-58.68460197683577,-24.813246402691686],[-58.68863857127054,-24.810219594253265],[-58.693059199986834,-24.810706339590755],[-58.6952304732246,-24.812910103254836],[-58.70021617146648,-24.814532771770306],[-58.70482959465836,-24.81381753816839],[-58.70838338440411,-24.810496656133406],[-58.71012545700966,-24.807575652974634],[-58.70909207430274,-24.799801954005215],[-58.713186293963986,-24.795491439754713],[-58.71297957387244,-24.79081907572942],[-58.71695609061508,-24.78890237791249],[-58.71984694037724,-24.782129712546617],[-58.72676088831574,-24.774324863258794],[-58.731441341271946,-24.77447552733353],[-58.734921844361,-24.778492590006827],[-58.74329787070192,-24.780889263145646],[-58.76373012663779,-24.774762265638774],[-58.774002141688385,-24.775861532692666],[-58.77996826088974,-24.774805996722467],[-58.78219966567273,-24.77594244948291],[-58.79246944627146,-24.773122580201765],[-58.79758574817756,-24.772473545011206],[-58.80392939373193,-24.77369573748177],[-58.80766111691853,-24.772453939207505],[-58.812542186654916,-24.766324518201163],[-58.82247522315888,-24.762296482899067],[-58.82797439762836,-24.753142315556364],[-58.836930261300225,-24.744916760393192],[-58.84503909939455,-24.7398748900774],[-58.84628126528375,-24.737554285853026],[-58.85205248254828,-24.736366172033563],[-58.855435753962524,-24.732417137551625],[-58.86957212457121,-24.72818730561653],[-58.87368210726309,-24.73233534894101],[-58.87898131512618,-24.73312839640774],[-58.88344441894077,-24.72702936983254],[-58.88670157524973,-24.718881695951413],[-58.89748409786888,-24.710526914741386],[-58.90261472064586,-24.709051742133028],[-58.903344032528196,-24.7047236486692],[-58.90908261606299,-24.703352945033462],[-58.916644753594426,-24.69654709608233],[-58.92627577733087,-24.69646942795316],[-58.92749328623124,-24.692274103576782],[-58.93486536390336,-24.68724228772423],[-58.94024743082553,-24.68570891067206],[-58.94304760852302,-24.680379973581108],[-58.95013649006398,-24.678180980429975],[-58.95157513353826,-24.676250087680287],[-58.954231210817376,-24.677287430217135],[-58.96676384348724,-24.672287945844303],[-58.969519451075556,-24.66490679643244],[-58.97266989398525,-24.66232387383783],[-58.98551351088976,-24.659720244186545],[-58.99554097918538,-24.6640344905736],[-58.99903956790868,-24.663653856384254],[-59.00549600017592,-24.66012902256887],[-59.02370799445717,-24.660162858172292],[-59.02869864996675,-24.65653797268554],[-59.031353294641264,-24.650778091243993],[-59.036997692144894,-24.64576060351512],[-59.04703907785994,-24.645069461301492],[-59.05166165589722,-24.642398706574646],[-59.05694659221699,-24.631449521527408],[-59.06429767018924,-24.627631744980324],[-59.066590982333935,-24.629576103032324],[-59.07515202713338,-24.62556673819682],[-59.07965769811462,-24.621448402318368],[-59.08831047016793,-24.61955940052886],[-59.09051277270168,-24.617568663982098],[-59.09315853857846,-24.618042610052242],[-59.094333951415614,-24.61652884509614],[-59.10202938019163,-24.617531797582156],[-59.105696173970806,-24.621563705976172],[-59.11074744789261,-24.623857131207206],[-59.11670953519854,-24.622542698920913],[-59.123243533058215,-24.61750584733791],[-59.12494060146649,-24.61858837505017],[-59.12805756020951,-24.61798810554367],[-59.13063646779867,-24.616229046541047],[-59.13005248652393,-24.612305844113354],[-59.13189753869494,-24.609043982227288],[-59.13524802951281,-24.606191287956168],[-59.14415661411324,-24.60488914559969],[-59.1533372499071,-24.599768256813427],[-59.15364844860479,-24.595005409208902],[-59.15581399729997,-24.593299849537974],[-59.15720796155738,-24.58751033224417],[-59.16056893367268,-24.585722640552376],[-59.163930242934434,-24.585908569056752],[-59.17125372219308,-24.58105688199211],[-59.173208979106946,-24.581344801801606],[-59.17973668556291,-24.57625934714456],[-59.179814483777996,-24.571189712017627],[-59.18419729046792,-24.567210697427345],[-59.18580084297821,-24.563520430819374],[-59.202900769615184,-24.559372324195785],[-59.2057384229119,-24.55510048845832],[-59.21094219093716,-24.556187094016785],[-59.214054908945,-24.554113010486688],[-59.21816252875371,-24.554145673305197],[-59.22073649558156,-24.5517782588546],[-59.22316503300042,-24.552250188480592],[-59.224371151700076,-24.54998708912048],[-59.22545295937377,-24.55154488134641],[-59.22758720506385,-24.54913292179261],[-59.235748460304414,-24.549373237602737],[-59.23876055498096,-24.546554001230085],[-59.2410874564136,-24.54629033751141],[-59.24323891655583,-24.53895898090063],[-59.24863813373517,-24.532849337712854],[-59.25134142102767,-24.53253623622275],[-59.25058456268573,-24.527564836051415],[-59.25260611171617,-24.525274352249916],[-59.2520363964403,-24.523547540551746],[-59.25736675384192,-24.519709532742105],[-59.26261291047381,-24.52019996089641],[-59.265475258609584,-24.51904859491451],[-59.266795321778815,-24.520347565330326],[-59.26700033196552,-24.519121539494485],[-59.27740425009057,-24.516466404936846],[-59.280773089763905,-24.518653421437055],[-59.28243219733442,-24.517569647261077],[-59.28564563787131,-24.51822278852644],[-59.29363345243235,-24.515521705654535],[-59.29678229835167,-24.51322279158522],[-59.29585422200773,-24.510663236179393],[-59.298044492105966,-24.509879636611977],[-59.30109107421975,-24.503434143078735],[-59.30388563122853,-24.50440256643675],[-59.305773986333136,-24.501218582869022],[-59.31012738889519,-24.502996613573906],[-59.31437361773249,-24.501055752215663],[-59.31977885372245,-24.49197562435405],[-59.32779959447134,-24.492981033316187],[-59.333006217938184,-24.491087193147095],[-59.33354815429851,-24.48930642143633],[-59.33939670335617,-24.490203479625528],[-59.35067276806072,-24.482955015536827],[-59.352316164681326,-24.478562462999562],[-59.35384962748367,-24.47810627041717],[-59.352730587646704,-24.474174195248093],[-59.355989917592126,-24.462743775481094],[-59.35914449444956,-24.45876894891459],[-59.35797344448539,-24.457961391815346],[-59.35869229842201,-24.45403388013229],[-59.36392976208602,-24.45018511218451],[-59.36561504579028,-24.45039816588618],[-59.36634891681349,-24.441607140792293],[-59.36986518213929,-24.43805652764595],[-59.368992708017636,-24.435385530068565],[-59.37323987182004,-24.431848458479948],[-59.37219309134099,-24.430833084782776],[-59.37345551036135,-24.429136703016717],[-59.373098174996464,-24.422988826079276],[-59.376220454486045,-24.420360093083357],[-59.383898249828846,-24.420554798905194],[-59.393306633372035,-24.41314531300863],[-59.40047135109509,-24.411221244936772],[-59.40214203403872,-24.412592106125093],[-59.40860350863363,-24.411473410452558],[-59.41236641224722,-24.41244591792849],[-59.42085242389364,-24.409223631121517],[-59.42463846741225,-24.397289528367033],[-59.427473096494325,-24.394303174044484],[-59.44064332988002,-24.39044827986162],[-59.44750900488952,-24.37882148866504],[-59.45721756984585,-24.372222857037915],[-59.45901891238478,-24.366463298569254],[-59.458012685372616,-24.359509811861084],[-59.45948939947504,-24.35578997181452],[-59.46727423678896,-24.353067160913177],[-59.47072598839297,-24.34941802252206],[-59.472121972650854,-24.34661364234542],[-59.46921607521231,-24.338948123681636],[-59.4752406903388,-24.333053391661217],[-59.77360214516734,-24.158861398307334],[-59.88531732582434,-24.098382948382337],[-59.99842168651273,-24.03162189458809],[-60.037034665119585,-24.01512583489976],[-60.04262500115344,-24.013848649098346],[-60.051600943823615,-24.015171310658932],[-60.06749799395606,-24.00902057087951],[-60.080217954542825,-24.02063962253272],[-60.09600028516003,-24.026424881351872],[-60.15296430037233,-24.039342684838335],[-60.189649624951905,-24.043313217741893],[-60.237360510747244,-24.044188487027487],[-60.26144227109519,-24.04931322438316],[-60.28306278630759,-24.048106460785952],[-60.30585618893953,-24.04455845881942],[-60.32423224655439,-24.038341921019843],[-60.32414672378274,-24.034422028285366],[-60.33041544025225,-24.030794801724763],[-60.347865366178205,-24.031533912185264],[-60.35096597147208,-24.033646894693497],[-60.36217866852408,-24.03115186629674],[-60.3687684995776,-24.03363877062853],[-60.37533627217682,-24.02739025549041],[-60.37884490349525,-24.01630127135809],[-60.38446996772858,-24.008113463158413],[-60.39800248405305,-24.00167992988812],[-60.40909942819302,-23.99853293324871],[-60.44164260165623,-23.975624598806483],[-60.45800742149779,-23.97118526062141],[-60.46594855534869,-23.97070451996064],[-60.47725310572606,-23.96518115463761],[-60.487906707243155,-23.964751986490057],[-60.496138939224636,-23.972914521261757],[-60.500163656351795,-23.973162268085353],[-60.514254617991995,-23.968478783753493],[-60.533501496071,-23.96703941981915],[-60.54328848716306,-23.963411165358213],[-60.55252186113993,-23.96460921337091],[-60.55824791665953,-23.954056609890948],[-60.57307953588104,-23.95824219309891],[-60.57835148616461,-23.958544176214517],[-60.585974303952845,-23.956433630021515],[-60.58833833079615,-23.954591021738903],[-60.594330375127484,-23.921944037621266],[-60.5853562145115,-23.918137436208653],[-60.58920720912908,-23.91558324499404],[-60.59381434143387,-23.917539271020832],[-60.59719197001668,-23.914954847484506],[-60.60256625669865,-23.916537385685757],[-60.60527306112403,-23.91459476081376],[-60.61506969454219,-23.919941636139743],[-60.621685274488996,-23.917681881980165],[-60.62787222613133,-23.924477519729724],[-60.62961496118961,-23.923614530353134],[-60.6343281346214,-23.91235165128351],[-60.63656443212688,-23.910576747377345],[-60.639913914582316,-23.910429685391613],[-60.641693484843344,-23.90816161381956],[-60.67745129434058,-23.89569186795431],[-60.685273045257055,-23.901703300224405],[-60.69257745423856,-23.90323580472677],[-60.6985159891269,-23.895662276996998],[-60.721356361315955,-23.883681638515476],[-60.73254006170313,-23.88526553559801],[-60.733973283151535,-23.88346264964372],[-60.73232798367479,-23.880971946316194],[-60.733114567264025,-23.878916462447613],[-60.74063528012597,-23.879086046778564],[-60.74146818037797,-23.873600311112295],[-60.744297210892306,-23.874337615592793],[-60.74463218528056,-23.877459563162414],[-60.749247280607435,-23.876101521268392],[-60.75326789185872,-23.87867404925602],[-60.75588459385263,-23.87689015032174],[-60.75529415956539,-23.873771268036652],[-60.75989050327547,-23.873603587263144],[-60.761168329133476,-23.86267334256796],[-60.76399363304764,-23.85764587854747],[-60.77331973781741,-23.850247332117956],[-60.771542404090745,-23.842607702757917],[-60.773540743256675,-23.835099564666297],[-60.78171564742279,-23.829796081531082],[-60.77954424826457,-23.820489377464607],[-60.78070111900896,-23.79644290514416],[-60.781748546925115,-23.793012896421637],[-60.78539050683581,-23.789128884104485],[-60.76830764845013,-23.777527280660717],[-60.69292570466146,-23.73339512407896],[-60.679717017441895,-23.715043688718048],[-60.67156892236878,-23.697828914912137],[-60.67492732157696,-23.632164622552892],[-60.675205292776596,-23.59219021116441],[-60.60166480328466,-23.61101487331091],[-60.59231030520732,-23.59664593043115],[-60.5791448834144,-23.58258049902267],[-60.580971419614606,-23.574890836424487],[-60.57132793574739,-23.57229312707133],[-60.565408688946874,-23.573935578983157],[-60.557142415104124,-23.573079121884792],[-60.20272336182407,-23.53285470716588],[-60.18634791222983,-23.524553387573086],[-60.136865702485544,-23.512571162832593],[-60.092733515079296,-23.492820599192214],[-60.07676896557175,-23.458487156302173],[-60.05692594427131,-23.37623408467074],[-60.027879543534596,-23.304451353566062],[-59.978988254448204,-23.17297902378881],[-59.98957573029541,-23.162161218123597],[-59.99228084476061,-23.157465438520358],[-59.986689097722866,-23.13798288641478],[-59.98434312600844,-23.13536408150554],[-59.97255055252636,-23.10845217922021],[-59.958425878799716,-23.067301547886206],[-59.96941716207769,-22.97008870139923],[-59.97073523951092,-22.968755230699593],[-59.96942848867555,-22.966971922991164],[-59.9761961869416,-22.83005589821707],[-59.97509093020826,-22.818632761626358],[-59.969564197885994,-22.811506811273794],[-59.9663710922742,-22.80229749376925],[-59.9448784758544,-22.796892974711717],[-59.948822180714345,-22.78238865489343],[-59.9379394947684,-22.77920959025092],[-59.938062287608,-22.77650875413601],[-59.93585176437524,-22.775403249563425],[-59.93977724000994,-22.769478008077563],[-59.91130794075607,-22.73290538333506],[-59.84375802774589,-22.634372381658842],[-59.80622175729452,-22.588326544466433],[-59.75176984945836,-22.525403873181816],[-59.751670236322916,-22.500902479092105],[-59.74718423624335,-22.500432977145262],[-59.74718148624271,-22.46698275624246],[-59.71216689167473,-22.467009103736835],[-59.71180096760474,-22.427974091958863],[-59.62623687941175,-22.427976146745106],[-59.63976292249025,-22.38863133425613],[-59.639342879578614,-22.36892257667153],[-59.6144449462348,-22.34108455350739],[-59.6143919450202,-22.335894618989684],[-59.33659518802357,-22.170403438633006],[-59.36774449016905,-22.076223970868984],[-59.241801517048486,-22.130941136657956],[-59.24142919880957,-22.132159697471312],[-59.239296357989794,-22.13161386471259],[-59.20159500743862,-22.147865511210448],[-59.01835506559184,-22.15007211026119],[-59.000052798947706,-22.154409822189383],[-58.98529888806116,-22.159619161741883],[-58.96261475477238,-22.150356010502733],[-58.856639876019734,-22.151189330077564],[-58.84324588180211,-22.156820758944804],[-58.75227102364618,-22.157361447007485],[-58.73713592829591,-22.152462150868722],[-58.6590457738166,-22.153988309252526],[-58.64897351890594,-22.15830958433674],[-58.641907521186575,-22.15438605649961],[-58.4735617419895,-22.156233647038178],[-58.45969262927731,-22.156769338525624],[-58.456562079453306,-22.158184130736068],[-58.45234270276495,-22.16363813503487],[-58.39674748847486,-22.178969069911552],[-58.26687992469776,-22.179486953134184],[-58.241855951996534,-22.189753392337707],[-58.237447370940274,-22.198389268062055],[-58.24222433447933,-22.211916144152045],[-58.24554948800194,-22.240462860891274],[-58.2027309375842,-22.282506179142803],[-58.185565054794026,-22.34943806449829],[-57.85573001734592,-22.397712605167346],[-57.86448091369465,-22.403069052956745],[-57.86543855851467,-22.417255364274443],[-57.86200046656038,-22.42396295344954],[-57.844407696726265,-22.437547236951453],[-57.839601111528935,-22.44705735573265],[-57.83917269577376,-22.454742470093503],[-57.84560977443811,-22.479229890872404],[-57.84536423717215,-22.484416311111527],[-57.831710766826625,-22.509166411813617],[-57.83056743517894,-22.538742851952826],[-57.82756911098382,-22.550998412131317],[-57.828763574019646,-22.563525932898884],[-57.82774430812123,-22.5707306983014],[-57.8221931654631,-22.578731050504874],[-57.81500506874322,-22.58193835012058],[-57.80478521602796,-22.592152311778715],[-57.79766683440609,-22.60263933109722],[-57.78538772174818,-22.614912875290333],[-57.779917095607175,-22.62261784817385],[-57.772887962215215,-22.639449253520368],[-57.772280711688246,-22.654144786884],[-57.77680266381057,-22.66126823106209],[-57.78612579338391,-22.663837877331762],[-57.79307572229698,-22.663374546249955],[-57.82970080002521,-22.652846085370136],[-57.84431612384808,-22.651649645774295],[-57.86522120579082,-22.654871373327616],[-57.89047915782437,-22.655726652261166],[-57.90942790856334,-22.659125053026692],[-57.917474201002555,-22.664169283972672],[-57.92405599467423,-22.670499715030044],[-57.93534719375256,-22.68526177976851],[-57.93889761205141,-22.692593810984558],[-57.9402482754112,-22.708271559465718],[-57.93194112408654,-22.73323748274973],[-57.92578859941489,-22.743272673436397],[-57.91803219488865,-22.7478926029383],[-57.89408610470336,-22.753877262158316],[-57.887598833150705,-22.758606069346403],[-57.87675434860687,-22.77603185531863],[-57.877140118255845,-22.78214052740886],[-57.8820176968951,-22.78571326502864],[-57.88356994617992,-22.78981917591267],[-57.882556198582016,-22.793939286819008],[-57.87531814696256,-22.80298049259987],[-57.8671797205389,-22.805531604413805],[-57.84026404900576,-22.807997209629786],[-57.81393725803321,-22.816028658342105],[-57.81021515922352,-22.819033036535256],[-57.80782213262339,-22.82472695331487],[-57.807153966163675,-22.832878115519804],[-57.80076411683351,-22.849210428902303],[-57.79042475545259,-22.86412591192003],[-57.78950699374353,-22.877517361748293],[-57.79843208054705,-22.892743028198357],[-57.81972363562256,-22.90524912161764],[-57.82149719203046,-22.908925385719165],[-57.82137457412025,-22.914973543641356],[-57.814971590044316,-22.92278836691539],[-57.79324349443721,-22.938240804661383],[-57.77808902992657,-22.955058346222174],[-57.77162512737528,-22.959886402476286],[-57.76739418651342,-22.965290552124273],[-57.76595410876982,-22.971236659259482],[-57.76658840584035,-22.97775987113759],[-57.7849389458854,-23.006277137080914],[-57.78965112434934,-23.016203376474152],[-57.79083268810678,-23.023505031048497],[-57.788394880287136,-23.03007502064659],[-57.782971946330925,-23.03433834170065],[-57.77039596312089,-23.03492850302084],[-57.763429101339064,-23.037757942027138],[-57.73410061338669,-23.05767424632394],[-57.728802128941574,-23.064387601088036],[-57.72366031557894,-23.08194852773355],[-57.71661751086629,-23.090435390522607],[-57.71090153319676,-23.093884680069962],[-57.70175962207793,-23.0972406385393],[-57.692443517006936,-23.09777858272844],[-57.64760232876312,-23.08966310817706],[-57.63709895590609,-23.09169759934347],[-57.63191535012947,-23.09447799734407],[-57.62798353144269,-23.101069677553305],[-57.62769268411123,-23.111368395277022],[-57.63133597341706,-23.11962351151519],[-57.641910506233884,-23.13207335104654],[-57.64267158596106,-23.137169321930543],[-57.64118145884665,-23.142111865515044],[-57.63429262882082,-23.15122231011092],[-57.63023860517662,-23.166066057191706],[-57.623057531780695,-23.178352243138],[-57.61191179999103,-23.188309539904814],[-57.595861833198,-23.192986925612246],[-57.58547625460082,-23.19865339985542],[-57.54904723788078,-23.21202248574595],[-57.54365548287261,-23.218996563164986],[-57.542622884987196,-23.230792592454915],[-57.539149886786866,-23.238071513208812],[-57.51006654736136,-23.26169934600576],[-57.493214467295026,-23.279692535328426],[-57.49118875412994,-23.286310966947514],[-57.491635914438554,-23.306552244800855],[-57.4891426983541,-23.317923383084263],[-57.49146409546249,-23.320671140552253],[-57.50008994949218,-23.324360865301497],[-57.51832919182841,-23.336075865023595],[-57.521632174215085,-23.341642654033265],[-57.52243688482773,-23.347217721182737],[-57.51999928660652,-23.353219090904563],[-57.51658210410806,-23.356671896273287],[-57.50203218921517,-23.36494811403492],[-57.49460203982345,-23.37268577917301],[-57.48781998549086,-23.38901816860793],[-57.475807398911776,-23.40649224650213],[-57.47430794003994,-23.410807521063354],[-57.475387265271735,-23.418454784764794],[-57.4737111714218,-23.42047930831421],[-57.46395839411804,-23.42349889570188],[-57.46190330216068,-23.42552441978673],[-57.463108852446894,-23.433326728993205],[-57.45078086938025,-23.446799792148493],[-57.44900284603216,-23.456241863146133],[-57.45196049827398,-23.47184503007036],[-57.450127238526235,-23.477481414458335],[-57.44703254343452,-23.47758327664324],[-57.45907782259643,-23.508603746855467],[-57.47008545365369,-23.52298413241017],[-57.47351675280893,-23.536198207051697],[-57.46828379008856,-23.560285508076568],[-57.46315027407049,-23.567284570676268],[-57.45868529802694,-23.581265170665933],[-57.4481082909861,-23.59986963011606],[-57.43815064508768,-23.611636545619277],[-57.427254966551146,-23.633063654591137],[-57.421152571012286,-23.641252696966067],[-57.41909558386643,-23.653739667754408],[-57.41008346978883,-23.660450230762713],[-57.4029926044297,-23.662697650314833],[-57.39492689477883,-23.662718413274348],[-57.375754254159034,-23.671087025217677],[-57.36043489303976,-23.673500832820697],[-57.34319022525047,-23.680226470896073],[-57.30324176799448,-23.707650113814235],[-57.29485581242693,-23.710043730087477],[-57.26648351465629,-23.724656849891282],[-57.25666068101005,-23.7359661647729],[-57.2537948073212,-23.756327440765464],[-57.25574185732083,-23.761376210909994],[-57.27125065932332,-23.76655032119176],[-57.27804204365971,-23.771590213651418],[-57.27224530012041,-23.779029902009043],[-57.259011798632955,-23.782172998426326],[-57.252724199330636,-23.787086795866887],[-57.25049837526083,-23.805218037034916],[-57.25148020376053,-23.81190284296621],[-57.25877186985532,-23.824074875871485],[-57.27268515882466,-23.83504627357575],[-57.276094248242174,-23.84306384649855],[-57.27288120669101,-23.851538962427508],[-57.25530057925547,-23.865981917354652],[-57.252722711480764,-23.869700810021737],[-57.253541277249525,-23.87519712694397],[-57.26519704152739,-23.886024211942825],[-57.28104010932898,-23.88926496294685],[-57.29300856909299,-23.893848765477607],[-57.30304377639549,-23.900664217752315],[-57.30419173230687,-23.907794005707196],[-57.302274775157784,-23.917455764971372],[-57.299218852608455,-23.92399944717826],[-57.28630936596227,-23.933830589776903],[-57.27112531564438,-23.939207161381923],[-57.26305204594181,-23.943975888122957],[-57.2381516485836,-23.941787748398905],[-57.229762866258774,-23.95175566842046],[-57.229842860034694,-23.957998976243914],[-57.24082852287598,-23.980716362689044],[-57.240834585796456,-23.983976997308222],[-57.23914039787416,-23.98482867941986],[-57.22634150331534,-23.983005516156446],[-57.2154035003613,-23.98755545928619],[-57.21232745699464,-23.992093941678256],[-57.211330267699694,-24.00454627392714],[-57.21467203317418,-24.011451291773664],[-57.223688810209495,-24.018013857832283],[-57.25072245927185,-24.02675131576168],[-57.25850347493121,-24.03093383788964],[-57.26382110640049,-24.03703956043992],[-57.264077391123394,-24.04168617398798],[-57.263467653086416,-24.045313641609088],[-57.25829601116233,-24.050592724259868],[-57.2216736538458,-24.06583321762556],[-57.217734280022135,-24.071619458304347],[-57.209106038600304,-24.078374001480846],[-57.20751325066303,-24.08562898849141],[-57.210618890058896,-24.09775038951931],[-57.23310667047439,-24.10967175730822],[-57.2516558547179,-24.125733005477073],[-57.275876506834194,-24.135490966726497],[-57.27984551831156,-24.143644202293526],[-57.277024117586336,-24.152374301922723],[-57.26654468839481,-24.16083340449884],[-57.254348055580245,-24.175924166962847],[-57.24056120643689,-24.201046501030305],[-57.22649319061181,-24.20979297135566],[-57.21883697720976,-24.21201700089945],[-57.206265026258336,-24.23084365717932],[-57.20370493037387,-24.252772197578796],[-57.206461551779896,-24.275939914719274],[-57.204374275606966,-24.28478498306104],[-57.19858250721364,-24.296633492466427],[-57.18030755137151,-24.31263370734143],[-57.17561860861849,-24.319720200866186],[-57.16957969236027,-24.334909647150276],[-57.16404164862878,-24.35593737637242],[-57.16553340199147,-24.361824513936067],[-57.17755178234072,-24.37591862386423],[-57.18053119973636,-24.383280544327352],[-57.18141144880805,-24.393309304870364],[-57.16771527292234,-24.421707454407187],[-57.15795434126132,-24.434299194924744],[-57.14930819153314,-24.44898004317791],[-57.15092609201932,-24.45634381438206],[-57.15799466776959,-24.46664629923899],[-57.16233244449807,-24.47026793361003],[-57.16654530573482,-24.472981892454357],[-57.18710254868592,-24.47698145715959],[-57.1921827157468,-24.47946782671391],[-57.19441918112743,-24.484676245794812],[-57.1940612438194,-24.49340130280842],[-57.178229528505526,-24.506056117575422],[-57.16363828079095,-24.52284441890183],[-57.161539718611785,-24.528283727799344],[-57.16216670941623,-24.53411749044164],[-57.16948440100389,-24.541474734556655],[-57.187958203277276,-24.552787506693157],[-57.19392188535112,-24.563938483667275],[-57.19479710754432,-24.569148576981718],[-57.19010856429015,-24.582187123040338],[-57.1658519251697,-24.60504756427151],[-57.157441189018996,-24.618256190726072],[-57.16665236479681,-24.647874139239104],[-57.17472755573465,-24.65976394852573],[-57.175974690974364,-24.665086546027254],[-57.169560322173076,-24.689627872669917],[-57.17651225629361,-24.69460521308419],[-57.18867134467784,-24.69781915839395],[-57.196237741157134,-24.698261027903737],[-57.21421675268306,-24.695630881117193],[-57.22711811980296,-24.697196928169028],[-57.23034625030531,-24.699120214809255],[-57.233579549242314,-24.703761875158335],[-57.23458333809922,-24.70987908096288],[-57.22657244544671,-24.738272502252848],[-57.2274545280637,-24.74580783455417],[-57.23206552917561,-24.75679191266783],[-57.24636949003729,-24.77415888513363],[-57.26120291253892,-24.805350385795094],[-57.27003311543478,-24.81315126307644],[-57.29128739854027,-24.82444558476071],[-57.29850449844846,-24.831286048463756],[-57.300132992968656,-24.83728854419681],[-57.29840899958712,-24.843180342155005],[-57.29172335675493,-24.8514661219896],[-57.257467948514055,-24.86014033363718],[-57.25399713033428,-24.863262040415872],[-57.25363370648538,-24.867683429263675],[-57.25986363843518,-24.87741285324577],[-57.2597567647936,-24.885631408939865],[-57.25442799293564,-24.89164179927619],[-57.24934118736908,-24.894824839730543],[-57.22425994009158,-24.901096148785946],[-57.219670037415,-24.904728990858416],[-57.21682373369113,-24.91107754618818],[-57.21659195522792,-24.920650904492295],[-57.21933592514179,-24.926652602838978],[-57.22357159488178,-24.93276490361078],[-57.22867097228781,-24.935362647548217],[-57.238986060821766,-24.93602831439143],[-57.24383020699094,-24.934999951955156],[-57.269082121382674,-24.92402829490766],[-57.281753876901384,-24.919144058196757],[-57.287329962244804,-24.9194686476199],[-57.299724714489585,-24.927210388856093],[-57.304272759568036,-24.932900063649853],[-57.310694041970606,-24.950822387549852],[-57.31252614676056,-24.96836795465066],[-57.329380994056244,-25.00133546523315],[-57.33424524588825,-25.008454579392478],[-57.34421153746462,-25.018167233875925],[-57.352197281353256,-25.030037781297676],[-57.36714482606676,-25.042229487645887],[-57.37988922482851,-25.064499255134937],[-57.38573723793954,-25.06640775565569],[-57.39566756261288,-25.062195814061077],[-57.40188252767194,-25.0622920098539],[-57.413345268284786,-25.070636667083257],[-57.420586998886684,-25.080012920390832],[-57.44564447785856,-25.099640501855564],[-57.46046078505285,-25.105253031557496],[-57.47314431580024,-25.105610463317927],[-57.478316596476894,-25.10369289634002],[-57.48393961701962,-25.100030744201334],[-57.491887059909594,-25.097624997282058],[-57.5050619225435,-25.0966776501391],[-57.515272165389774,-25.10037674591713],[-57.52725660150333,-25.111767516814957],[-57.53363506442493,-25.12023807103218],[-57.53957848866023,-25.142802273998814],[-57.53986945892949,-25.152423376639923],[-57.536946527597145,-25.166585020443883],[-57.53897002290585,-25.174163395138894],[-57.54548169251136,-25.183761655843174],[-57.55634850254235,-25.19317170884125],[-57.57455600765681,-25.2239369144674]]]}},{"type":"Feature","properties":{"shapeName":"BOQUERON","shapeISO":"PY-19","shapeID":"63826900B91663486125533","shapeGroup":"PRY","shapeType":"ADM1"},"geometry":{"type":"Polygon","coordinates":[[[-59.36774449016905,-22.076223970868984],[-59.33659518802357,-22.170403438633006],[-59.6143919450202,-22.335894618989684],[-59.6144449462348,-22.34108455350739],[-59.639342879578614,-22.36892257667153],[-59.63976292249025,-22.38863133425613],[-59.62623687941175,-22.427976146745106],[-59.71180096760474,-22.427974091958863],[-59.71216689167473,-22.467009103736835],[-59.74718148624271,-22.46698275624246],[-59.74718423624335,-22.500432977145262],[-59.751670236322916,-22.500902479092105],[-59.75176984945836,-22.525403873181816],[-59.80622175729452,-22.588326544466433],[-59.84375802774589,-22.634372381658842],[-59.91130794075607,-22.73290538333506],[-59.93977724000994,-22.769478008077563],[-59.93585176437524,-22.775403249563425],[-59.938062287608,-22.77650875413601],[-59.9379394947684,-22.77920959025092],[-59.948822180714345,-22.78238865489343],[-59.9448784758544,-22.796892974711717],[-59.9663710922742,-22.80229749376925],[-59.969564197885994,-22.811506811273794],[-59.97509093020826,-22.818632761626358],[-59.9761961869416,-22.83005589821707],[-59.96942848867555,-22.966971922991164],[-59.97073523951092,-22.968755230699593],[-59.96941716207769,-22.97008870139923],[-59.958425878799716,-23.067301547886206],[-59.97255055252636,-23.10845217922021],[-59.98434312600844,-23.13536408150554],[-59.986689097722866,-23.13798288641478],[-59.99228084476061,-23.157465438520358],[-59.98957573029541,-23.162161218123597],[-59.978988254448204,-23.17297902378881],[-60.027879543534596,-23.304451353566062],[-60.05692594427131,-23.37623408467074],[-60.07676896557175,-23.458487156302173],[-60.092733515079296,-23.492820599192214],[-60.136865702485544,-23.512571162832593],[-60.18634791222983,-23.524553387573086],[-60.20272336182407,-23.53285470716588],[-60.557142415104124,-23.573079121884792],[-60.565408688946874,-23.573935578983157],[-60.57132793574739,-23.57229312707133],[-60.580971419614606,-23.574890836424487],[-60.5791448834144,-23.58258049902267],[-60.59231030520732,-23.59664593043115],[-60.60166480328466,-23.61101487331091],[-60.675205292776596,-23.59219021116441],[-60.67492732157696,-23.632164622552892],[-60.67156892236878,-23.697828914912137],[-60.679717017441895,-23.715043688718048],[-60.69292570466146,-23.73339512407896],[-60.76830764845013,-23.777527280660717],[-60.78539050683581,-23.789128884104485],[-60.781748546925115,-23.793012896421637],[-60.78070111900896,-23.79644290514416],[-60.77954424826457,-23.820489377464607],[-60.78171564742279,-23.829796081531082],[-60.773540743256675,-23.835099564666297],[-60.771542404090745,-23.842607702757917],[-60.77331973781741,-23.850247332117956],[-60.76399363304764,-23.85764587854747],[-60.761168329133476,-23.86267334256796],[-60.75989050327547,-23.873603587263144],[-60.76415559111996,-23.874472807970193],[-60.76717842878845,-23.876791788829326],[-60.770273792422586,-23.871914122179216],[-60.77449696283615,-23.87121347225784],[-60.77705405595726,-23.873310356903236],[-60.77406226150212,-23.876224535175325],[-60.77393758414737,-23.879358358933967],[-60.7751144986964,-23.87942665849248],[-60.789074623925984,-23.86818907883173],[-60.79057284271426,-23.868811495797928],[-60.79514527888544,-23.879647940025002],[-60.80075219127938,-23.88508629499676],[-60.804490446107714,-23.885431147582725],[-60.801027196390635,-23.87989553528859],[-60.8002205275814,-23.872344800818013],[-60.797499267135834,-23.867870091545168],[-60.7930742478913,-23.864602739850618],[-60.79307216306162,-23.862591621740382],[-60.79794585501183,-23.863374748776824],[-60.80573755149253,-23.870359008455168],[-60.811228426834305,-23.87327576103195],[-60.83047100191113,-23.87395028102629],[-60.83973121268903,-23.86978558480569],[-60.84838614137765,-23.87057814524717],[-60.85729098962669,-23.86533895223618],[-60.856027158814975,-23.858033530296773],[-60.86066398180289,-23.856804435142504],[-60.86619765237801,-23.851592270086794],[-60.87084928705206,-23.851817608896763],[-60.875504729221696,-23.84644073881744],[-60.88363395403804,-23.841078819675317],[-60.89445452122821,-23.842205488994598],[-60.90177388269724,-23.83312056961122],[-60.909184458820256,-23.829499966652396],[-60.91122622440987,-23.821246921970896],[-60.913064345702786,-23.819243407230307],[-60.91866230304231,-23.818558510979305],[-60.923589445021996,-23.815693175202952],[-60.929651594897216,-23.8152308477998],[-60.93463867693645,-23.80886121124091],[-60.93759252710488,-23.808702963073888],[-60.93966024961773,-23.811645398387853],[-60.94404009840088,-23.811690412717105],[-60.94174679286561,-23.814175291257854],[-60.942236474353955,-23.818050224984464],[-60.95940691590232,-23.819746101467384],[-60.96506267124198,-23.81724180294194],[-60.96876822578704,-23.817471137398062],[-60.9713012472458,-23.812663193259624],[-60.98682590805361,-23.810781356055386],[-60.9919556982527,-23.808625162102576],[-60.999944667475226,-23.792743597663723],[-61.00584873339936,-23.78465894889841],[-61.01067207953844,-23.779409982725916],[-61.01634794227324,-23.778339282612432],[-61.02045812587658,-23.771548656542457],[-61.013676137573555,-23.763396573506352],[-61.01390210599751,-23.76064319446325],[-61.02612825310858,-23.753459530533647],[-61.03267845679712,-23.745425821881263],[-61.039359111041406,-23.74213348644918],[-61.03980567763852,-23.730185495924232],[-61.049335054946965,-23.718249673198656],[-61.05495990758869,-23.71572915683374],[-61.05922032539217,-23.704146112055817],[-61.06564153907566,-23.707209899870925],[-61.069071934726466,-23.69999999792639],[-61.0825195365752,-23.689578147913604],[-61.08189691563735,-23.684273129921067],[-61.08780625178943,-23.678337979069884],[-61.086167090513825,-23.674810841145586],[-61.0811949536597,-23.67143892751192],[-61.08871257104907,-23.666325748201402],[-61.09474827904745,-23.666419340981466],[-61.10060219025436,-23.657281746156617],[-61.09110050568657,-23.646299164354488],[-61.09070901598367,-23.641450844330915],[-61.09084355360482,-23.638588787742528],[-61.0938459886031,-23.635857279527613],[-61.09536797875324,-23.630511965484974],[-61.100888207940876,-23.629207878978512],[-61.101636321737885,-23.626879239538514],[-61.09819530637753,-23.62613822158686],[-61.09882886541958,-23.62066370291112],[-61.09203153407626,-23.6204317771724],[-61.08876971152347,-23.618470809150747],[-61.08770130016702,-23.613874303863344],[-61.091775774409925,-23.61131321956066],[-61.098897478403224,-23.611243240550795],[-61.10039366443256,-23.60517959481734],[-61.110670125589266,-23.597784038207983],[-61.122747018841345,-23.59569746703208],[-61.12161300696825,-23.58573973489963],[-61.12495654452024,-23.58556772637252],[-61.13313727233097,-23.590695780116878],[-61.1344366741595,-23.58835723132853],[-61.132171763649964,-23.580660346210426],[-61.1364618399556,-23.576802899780823],[-61.1431561959285,-23.582474292685287],[-61.15079361910755,-23.580727187182763],[-61.15266221605171,-23.576275713299836],[-61.15084100766724,-23.571885130205075],[-61.16430177079076,-23.566439173891432],[-61.160274807014304,-23.561448851944665],[-61.16118703047076,-23.55896208523216],[-61.1684589158666,-23.556520897452753],[-61.17046775059504,-23.553369565963028],[-61.173642094016095,-23.553839990921897],[-61.185125539568574,-23.549627593975174],[-61.1866500994171,-23.54622598223112],[-61.18339831914637,-23.541490714560823],[-61.18332554926645,-23.538987035522776],[-61.187698354702384,-23.53962633079343],[-61.1909698334166,-23.541977631758012],[-61.19171623097066,-23.54422773374367],[-61.19020409875144,-23.54801996155444],[-61.19165199480434,-23.550957748237916],[-61.19404148549607,-23.550900467546455],[-61.19744733509389,-23.546164198988397],[-61.199203217310455,-23.546395619602663],[-61.20510586567567,-23.551298822546944],[-61.211089095685985,-23.553696590930414],[-61.214752237992656,-23.553451352604554],[-61.21750669989074,-23.54845625276572],[-61.22002570638756,-23.54992144972634],[-61.21982878602275,-23.553445740163905],[-61.22345783835956,-23.553553741143986],[-61.23447845545944,-23.542338159063778],[-61.24202534922637,-23.545815230547912],[-61.2454757751039,-23.542681705941106],[-61.24659394782605,-23.536847354043253],[-61.25424030368608,-23.53146169269165],[-61.254809513240666,-23.524526140140974],[-61.25669516252236,-23.522135205501776],[-61.25841386834576,-23.52244443194278],[-61.259705945969245,-23.52854886577626],[-61.26264241445698,-23.52835963835678],[-61.26380460043223,-23.527356088350427],[-61.26131978777742,-23.519596440450073],[-61.26246168718969,-23.51777015802579],[-61.26397000792512,-23.51835861055163],[-61.26669568174131,-23.52110600245994],[-61.26663866674671,-23.526543171432454],[-61.26786226228393,-23.527528362088905],[-61.2782987628748,-23.51702977113615],[-61.2793441363147,-23.513447734485176],[-61.2736457552413,-23.505044383614315],[-61.277613986807815,-23.499394807235248],[-61.280473254333046,-23.490127063397583],[-61.28307237603134,-23.48739037075557],[-61.28884861799722,-23.485428748149676],[-61.292119641787714,-23.493582229427158],[-61.29436945847686,-23.494701966746078],[-61.30948636086584,-23.483740006366375],[-61.30993320155417,-23.480408373340044],[-61.317195252698625,-23.470991176718393],[-61.33043101560077,-23.468063070450086],[-61.33781844655177,-23.469038679664624],[-61.34141460744048,-23.46629404947957],[-61.345383513205434,-23.46830986830479],[-61.34902430254491,-23.464896355618436],[-61.35096300107888,-23.450968366385826],[-61.35313919337483,-23.44720868536222],[-61.35677958357206,-23.448002379480787],[-61.36487017941742,-23.454544414375132],[-61.37185125131177,-23.45345738901],[-61.37712446766974,-23.45653446206753],[-61.38240088544928,-23.44749466995791],[-61.386917470993936,-23.44732558270819],[-61.387948539823356,-23.455540718225322],[-61.39144240463748,-23.45744331072181],[-61.39726163420228,-23.45039229989389],[-61.40381170294915,-23.445690166988722],[-61.409257074166014,-23.448426849190163],[-61.41615661158808,-23.445486640730994],[-61.41963800168622,-23.447056005593033],[-61.42631608376443,-23.43896139485773],[-61.43756533750944,-23.4323533305252],[-61.44558248803915,-23.421124379876048],[-61.45561979627943,-23.425597437774552],[-61.456746747429484,-23.42514957404346],[-61.45691892825593,-23.41886508401788],[-61.46124825302587,-23.419504253205638],[-61.47261261569729,-23.426991246021238],[-61.474743717491414,-23.42660245485622],[-61.4781593053385,-23.420528121754455],[-61.48378968626215,-23.418405637207858],[-61.48891086098375,-23.42312406249693],[-61.49096204244102,-23.42306841010939],[-61.49346601739591,-23.42149739127471],[-61.49858760178412,-23.41174598392473],[-61.49928648668665,-23.40411421875011],[-61.501131236295414,-23.40038569150217],[-61.50603111894122,-23.39674499784978],[-61.50917525345052,-23.389868073257684],[-61.51988474458546,-23.38122525645072],[-61.525090584572744,-23.370272916355404],[-61.524858893409565,-23.367309627373462],[-61.5223914773207,-23.364112770312925],[-61.513303464377636,-23.358127260177625],[-61.50998178828168,-23.347890316060766],[-61.513223457984175,-23.34675803118487],[-61.52080077220521,-23.348933529990266],[-61.52658807647805,-23.34886632990997],[-61.53000009434721,-23.344347773070222],[-61.53467889270921,-23.345520183352065],[-61.538227470762074,-23.344005606610448],[-61.544321298474294,-23.348191644708024],[-61.5478834172923,-23.34713684371792],[-61.55768948799844,-23.340373920862124],[-61.56291324158024,-23.333007788165283],[-61.564220013665015,-23.3239964406969],[-61.57252914002912,-23.317168141109452],[-61.57228133267794,-23.315295853455325],[-61.5650728570902,-23.31452585781597],[-61.56357243289659,-23.313146830197663],[-61.56436367735255,-23.31082923863547],[-61.572988051846956,-23.306664104519246],[-61.58216098582432,-23.299156532939655],[-61.58464000197585,-23.299925458274895],[-61.58350970044023,-23.305923402858884],[-61.59014810167657,-23.30445529900181],[-61.593040814103446,-23.2996182727315],[-61.59178864091696,-23.291805950297114],[-61.600485649006295,-23.29351167212743],[-61.60503629930467,-23.286627523034817],[-61.6117510772917,-23.286238846116998],[-61.619340537927215,-23.283280110135166],[-61.624835663690085,-23.27903226004895],[-61.63065245232218,-23.27749804416769],[-61.666993668179614,-23.285561108629032],[-61.671054842426585,-23.285139016617084],[-61.67788058719686,-23.2783259819971],[-61.6825872297268,-23.2768722828396],[-61.68156658534426,-23.27195716178613],[-61.68728031993367,-23.268790297862967],[-61.691422646315026,-23.259788672301344],[-61.70119008184164,-23.255077935817457],[-61.700154203429115,-23.250123328797457],[-61.706730078347825,-23.24828894785577],[-61.710476254506844,-23.24238560474902],[-61.715793116885976,-23.239605150312098],[-61.72516376676585,-23.243035359513],[-61.7348287799327,-23.240436168542512],[-61.73954938221864,-23.22976929314972],[-61.73947286266644,-23.219909841162888],[-61.7415252068826,-23.21503637823609],[-61.73955064597747,-23.20974630884737],[-61.73949303691286,-23.202973353795358],[-61.74441214235658,-23.187197815067513],[-61.753211011211235,-23.173328952944125],[-61.75504499954091,-23.174331590683988],[-61.76003255360807,-23.171634328760245],[-61.769374478490626,-23.169417938969886],[-61.766331421249056,-23.158889260064438],[-61.77265155483384,-23.159542416582177],[-61.77890926566473,-23.16554027174444],[-61.78345243719348,-23.15194087475235],[-61.78576179147088,-23.149485544301502],[-61.7919050468943,-23.14633188699351],[-61.79777341221041,-23.14696924332287],[-61.80144932123462,-23.143154823690583],[-61.80384201090575,-23.143741734409105],[-61.80756470755928,-23.148947649324846],[-61.812997330367665,-23.150195574450947],[-61.81520025547085,-23.14751656197326],[-61.812988324851936,-23.14278184331463],[-61.81319853765884,-23.13485377994136],[-61.8166004747889,-23.125379946250245],[-61.820653566839546,-23.123666989347985],[-61.82909870384109,-23.115278637466538],[-61.838388781506524,-23.109343665480782],[-61.85627103192876,-23.088776878136034],[-61.86266346680084,-23.086271538469695],[-61.87358385668146,-23.084729091058055],[-61.88584620947827,-23.075743257499077],[-61.891929212666895,-23.073535962557774],[-61.91685835054333,-23.068038046157078],[-61.92640720230925,-23.067981942276212],[-61.92948874160222,-23.05881487410429],[-61.93985558214136,-23.045734531751688],[-61.967049435537454,-23.024237219831882],[-61.97668832250919,-23.022432464457903],[-61.9849605744117,-23.0175453825491],[-61.993335834839364,-22.99899812631166],[-62.00790402806279,-22.993778515712247],[-62.005006060385675,-22.987476018697865],[-61.99832835085575,-22.98353548841046],[-61.997620146477495,-22.98037744505607],[-61.998164033642254,-22.977894634008347],[-62.00584711026894,-22.97425371923694],[-62.00877205699654,-22.963064805586335],[-62.00765911173964,-22.953595935151135],[-62.00215924504363,-22.951726031515857],[-62.002453513397654,-22.946567806868828],[-62.00551398977705,-22.941690971256893],[-61.9996559728227,-22.928679496516423],[-62.01199358803338,-22.927882628993615],[-62.02490097507712,-22.929824625733257],[-62.029675679088825,-22.926709234582166],[-62.03063772416777,-22.922691133148653],[-62.02180501520597,-22.905683183235954],[-62.02591615361025,-22.906142528548862],[-62.034170805007165,-22.914821057516015],[-62.036002614379754,-22.915419303657046],[-62.03745003813995,-22.913999113643914],[-62.03441186997262,-22.890081723777843],[-62.03672414382124,-22.87722490861984],[-62.041790532174836,-22.869025086530716],[-62.04578272595389,-22.866151427015797],[-62.0581562061408,-22.862085785804915],[-62.06019231046047,-22.85955981225041],[-62.06168959620981,-22.85173648773567],[-62.05853495276561,-22.842401879860013],[-62.05897921426964,-22.83941664897286],[-62.060301853233064,-22.83894205544354],[-62.06500506853118,-22.843008156868777],[-62.07134022469321,-22.853112191196878],[-62.07754008745048,-22.84372144292731],[-62.080008241875404,-22.835600731148638],[-62.08291266675701,-22.813321616283943],[-62.0874389900575,-22.81224364205052],[-62.09922457977826,-22.821019752870438],[-62.102337982187095,-22.82237655820177],[-62.106702121528706,-22.821303396477568],[-62.112699890460924,-22.795437499565537],[-62.12498150580355,-22.798179676191268],[-62.13116530903471,-22.795463933406474],[-62.135419360899924,-22.79127643543589],[-62.13584946312922,-22.779020823307615],[-62.141152525685705,-22.77296672542525],[-62.13197932769911,-22.762304645131415],[-62.13195960190052,-22.759480311766627],[-62.13720486841417,-22.759032339958882],[-62.15071936910364,-22.761451013380253],[-62.15712160585848,-22.760316163260548],[-62.16687250639968,-22.745924834200157],[-62.16385655800757,-22.745075907596924],[-62.14874730837917,-22.74872103769849],[-62.14806659351826,-22.747145062381836],[-62.177023858107056,-22.72011797605742],[-62.173237402056586,-22.715236047701598],[-62.173939703572806,-22.710724052522213],[-62.18133362955929,-22.708904889942847],[-62.18714754385484,-22.717855583478176],[-62.19134010837407,-22.71874128743669],[-62.200251329336076,-22.706811743544705],[-62.20722010249378,-22.704061862469352],[-62.20691575844865,-22.70074462187625],[-62.204183392531725,-22.700597564962663],[-62.19887486694323,-22.697050865727324],[-62.19695050537433,-22.692881586361676],[-62.19678490673673,-22.68861343593442],[-62.20307428308674,-22.68000822652986],[-62.19818256064113,-22.66676801651544],[-62.203096460054,-22.65902728560115],[-62.20563251734115,-22.659878574381246],[-62.20628712478266,-22.663741889167277],[-62.2078968632978,-22.66445450481661],[-62.21403206143101,-22.66183252316982],[-62.218042352994395,-22.656276243015267],[-62.216046088080304,-22.654774424559868],[-62.20425372486051,-22.652721702858653],[-62.202828842748275,-22.650594128656195],[-62.20536764158234,-22.6492646786061],[-62.21561872011275,-22.64937482443174],[-62.220631478282534,-22.646457287840466],[-62.22431477435245,-22.650817542603864],[-62.228590059695236,-22.65191352810262],[-62.22940458291537,-22.649136683410372],[-62.22277183667005,-22.645675093334546],[-62.22158791627301,-22.643423548633333],[-62.22332918464175,-22.64060984629153],[-62.22822239208304,-22.638471125628488],[-62.23123841310184,-22.641417004429933],[-62.232547569858774,-22.646849183138563],[-62.236029726779165,-22.64679196973651],[-62.23843866998466,-22.642118292180136],[-62.23863709737379,-22.635509089793217],[-62.23454122439211,-22.612405888337975],[-62.24294940706141,-22.61410686637665],[-62.248291730924905,-22.612914993821796],[-62.25394182246302,-22.613636836097466],[-62.25330581976148,-22.6097864971272],[-62.24959641076669,-22.604845448243623],[-62.25029587876134,-22.602812311759532],[-62.25809726643481,-22.604442282020948],[-62.26188031633536,-22.60225851394557],[-62.26073271202963,-22.597984491422334],[-62.25542343880052,-22.593103014406836],[-62.240784336017605,-22.59254616632202],[-62.24240484204126,-22.583819698048345],[-62.248756923871426,-22.585089560476085],[-62.24929151901986,-22.576090503185334],[-62.239978203266844,-22.573466197862214],[-62.23706046675245,-22.57117211421489],[-62.22498025424823,-22.5553937658909],[-62.2235741687919,-22.54924260011839],[-62.22882068721287,-22.54717024590876],[-62.23205562679453,-22.540259181216552],[-62.236422386135374,-22.53788333203492],[-62.2435101696593,-22.540103275526455],[-62.24731478265613,-22.53795052573007],[-62.25635404953121,-22.524174118390047],[-62.26590055236351,-22.514094911779086],[-62.269860388975324,-22.51540627759643],[-62.27609373636249,-22.524938428308158],[-62.28517895518552,-22.521068006645628],[-62.29435910666471,-22.520390119465006],[-62.29635959153708,-22.519118219736626],[-62.29502850304514,-22.510988115182926],[-62.285587187937736,-22.510207683389684],[-62.28259122112339,-22.50316470980735],[-62.283282627644255,-22.49972754014448],[-62.29130711377996,-22.494570049046224],[-62.28641292444729,-22.486223606776925],[-62.28621687177761,-22.478220528860597],[-62.289700211099735,-22.47623991648731],[-62.29590930585508,-22.476306658953355],[-62.30243861897324,-22.484556983214443],[-62.307501861049005,-22.488029623090974],[-62.315888733476136,-22.485995197234335],[-62.32419317709021,-22.480450477939858],[-62.32962440203158,-22.474537613067874],[-62.335139507643234,-22.480689570748574],[-62.33870993864083,-22.481006646646442],[-62.34227262021447,-22.476696955387418],[-62.34506977435814,-22.46812139879872],[-62.346913545367286,-22.4553727818767],[-62.351313814155894,-22.451337757273418],[-62.35543513080375,-22.461789707492088],[-62.36887458125565,-22.45970391737163],[-62.37337681436921,-22.47875859941088],[-62.37519190289269,-22.48053343895508],[-62.377986361580646,-22.479886814116266],[-62.381534803090396,-22.460166830860214],[-62.39008057370826,-22.45606813166766],[-62.40001236115612,-22.453532499236868],[-62.39868265575266,-22.44844014957214],[-62.394034438179226,-22.44094296510682],[-62.39920896411833,-22.442378949827972],[-62.40550540170203,-22.449706704080686],[-62.413527962347004,-22.437642913017353],[-62.41849350656938,-22.423808313501322],[-62.42062342568735,-22.423928274737506],[-62.42410357650463,-22.428582685898615],[-62.427581093283564,-22.429719615392383],[-62.430040944397014,-22.426872141324502],[-62.429600229809964,-22.418880122226366],[-62.444923317151726,-22.420329517264577],[-62.4611699702396,-22.41288717064515],[-62.46177312260693,-22.405240570938286],[-62.46831248357947,-22.38811632383048],[-62.46801001976379,-22.38559791311048],[-62.47439290456822,-22.375868880767555],[-62.480912053431396,-22.373242600143353],[-62.48640796593678,-22.373392503370898],[-62.503521099312444,-22.379588411007813],[-62.511556462118484,-22.38010420762093],[-62.523742945640585,-22.37627134165806],[-62.52989381557784,-22.36824011562905],[-62.540114445467246,-22.37391943855953],[-62.54248054044734,-22.37072795168075],[-62.547093639363005,-22.356422319797467],[-62.545970083891106,-22.353663684152913],[-62.541337800367316,-22.354227521852014],[-62.539981752104204,-22.350456515521984],[-62.54565143532248,-22.34475210032797],[-62.54628986068579,-22.338165564275],[-62.55100801843798,-22.34180218266762],[-62.55500045037792,-22.34187336215395],[-62.55840399799299,-22.32906569809675],[-62.56235635155946,-22.324405423128148],[-62.58342351646097,-22.320545227617355],[-62.59544213464493,-22.314305634928285],[-62.6124558080894,-22.302562644090493],[-62.61620248014096,-22.295820939320134],[-62.62138376195049,-22.291336939228923],[-62.6242618131065,-22.291406154578254],[-62.62982496251862,-22.299504736398475],[-62.63740541348539,-22.300785303150786],[-62.64027999786426,-22.29961791933865],[-62.63059854488626,-22.274783181897288],[-62.62938182249105,-22.266186715359616],[-62.64135864795576,-22.251713520068627],[-62.64461743786238,-22.251467044638904],[-62.638092897746155,-22.228777886806498],[-62.51493619850529,-21.848389102880468],[-62.345356611409535,-21.319780013573084],[-62.26210000009631,-21.058199999711672],[-62.26680000029746,-20.562999999443296],[-61.92240000039972,-20.08920000041564],[-61.76866145875967,-20.10963907707949],[-61.75567238689821,-20.108941840614783],[-61.737005658809856,-20.098227769414823],[-61.71858954015655,-20.096644500150642],[-61.69826181825854,-20.104244096868506],[-61.66020266161727,-20.13561077566253],[-61.645544395600375,-20.153218559446746],[-61.620052473668984,-20.170064184491086],[-61.60065672586912,-20.17254288022708],[-61.54987978506703,-20.1747148311441],[-61.51439016057383,-20.18263089141633],[-61.490832364279456,-20.19229590262665],[-60.90462962766647,-20.355282487203272],[-60.53583429467955,-20.456691310095337],[-60.066033593357616,-20.594095529041564],[-59.92730010247467,-20.632887293672784],[-59.87951338767245,-20.630417492460015],[-59.87907565141077,-20.640325193155277],[-59.88345278187774,-20.664084332015072],[-59.88534767720159,-20.687338629476443],[-59.886896395102895,-20.791956841528336],[-59.87126361849761,-20.812490134393514],[-59.863118295316234,-20.820841318459216],[-59.83831042103984,-20.88070008308168],[-59.839607222966755,-20.903143313007494],[-59.81778632849601,-20.936653923453672],[-59.81489094499586,-20.97669368633727],[-59.80984228003339,-20.987461165261955],[-59.80326839371159,-20.994692318369722],[-59.785691349189946,-21.022104581250556],[-59.768323072346725,-21.037455634473456],[-59.76232497804881,-21.060289675127027],[-59.755848745389045,-21.096831021453823],[-59.75087035956924,-21.18293276338781],[-59.76698528634251,-21.201298053699215],[-59.71501329064449,-21.345860549859136],[-59.845565662696465,-21.432452079122957],[-59.87240201917371,-21.447163106265457],[-59.87426733409332,-21.46767600773747],[-59.887532012937946,-21.5540039613647],[-59.90456195513759,-21.64437443212183],[-59.926285043763166,-21.776837081296673],[-59.93273311527832,-21.834241920454772],[-59.94742183889617,-21.926573277872247],[-59.951841483436915,-21.982219989324044],[-59.95123894074554,-22.024007160176332],[-59.953067762151825,-22.054504116396824],[-59.41636264796266,-22.056525194764035],[-59.41289673191184,-22.056820131341933],[-59.36774449016905,-22.076223970868984]]]}},{"type":"Feature","properties":{"shapeName":"ALTO PARAGUAY","shapeISO":"PY-16","shapeID":"63826900B74384941565078","shapeGroup":"PRY","shapeType":"ADM1"},"geometry":{"type":"Polygon","coordinates":[[[-57.99303375417572,-22.086918515289728],[-57.993374273291415,-22.097056534516597],[-57.9901671138976,-22.10463702298831],[-57.96291963266555,-22.120721469969663],[-57.95941964830516,-22.12519559702927],[-57.95616623059166,-22.133552620771493],[-57.9631909268674,-22.171429345520636],[-57.97139436417698,-22.18746469175783],[-57.972552687071904,-22.194305112907358],[-57.971349266032966,-22.225712400643783],[-57.96286840520648,-22.232009414143427],[-57.96005430351498,-22.236732450037472],[-57.95853710974679,-22.25894546248419],[-57.95377857702101,-22.273774649029576],[-57.94958912016203,-22.27846041981515],[-57.941006005828086,-22.279562778155974],[-57.92704283485111,-22.276169755363682],[-57.902923032475144,-22.26570489207854],[-57.89668595635996,-22.26514774662806],[-57.891250867825775,-22.26723277468865],[-57.887007412433796,-22.271456575929275],[-57.88416211001164,-22.279561582477932],[-57.882331534674684,-22.300723430178856],[-57.87729592301141,-22.311988371936042],[-57.87702845244031,-22.316330396826284],[-57.87967043229573,-22.322666602373225],[-57.877698507434616,-22.32925815658557],[-57.86697962174226,-22.343060247458133],[-57.84053111339899,-22.362314475399824],[-57.82135445582225,-22.373316330593042],[-57.81748676799906,-22.37828175178601],[-57.81743597509243,-22.383096857756172],[-57.81927462377786,-22.386578997391105],[-57.82961405671773,-22.39696897587044],[-57.837573477800696,-22.399132102089872],[-57.85573001734592,-22.397712605167346],[-58.185565054794026,-22.34943806449829],[-58.2027309375842,-22.282506179142803],[-58.24554948800194,-22.240462860891274],[-58.24222433447933,-22.211916144152045],[-58.237447370940274,-22.198389268062055],[-58.241855951996534,-22.189753392337707],[-58.26687992469776,-22.179486953134184],[-58.39674748847486,-22.178969069911552],[-58.45234270276495,-22.16363813503487],[-58.456562079453306,-22.158184130736068],[-58.45969262927731,-22.156769338525624],[-58.4735617419895,-22.156233647038178],[-58.641907521186575,-22.15438605649961],[-58.64897351890594,-22.15830958433674],[-58.6590457738166,-22.153988309252526],[-58.73713592829591,-22.152462150868722],[-58.75227102364618,-22.157361447007485],[-58.84324588180211,-22.156820758944804],[-58.856639876019734,-22.151189330077564],[-58.96261475477238,-22.150356010502733],[-58.98529888806116,-22.159619161741883],[-59.000052798947706,-22.154409822189383],[-59.01835506559184,-22.15007211026119],[-59.20159500743862,-22.147865511210448],[-59.239296357989794,-22.13161386471259],[-59.24142919880957,-22.132159697471312],[-59.241801517048486,-22.130941136657956],[-59.36774449016905,-22.076223970868984],[-59.41289673191184,-22.056820131341933],[-59.41636264796266,-22.056525194764035],[-59.953067762151825,-22.054504116396824],[-59.95123894074554,-22.024007160176332],[-59.951841483436915,-21.982219989324044],[-59.94742183889617,-21.926573277872247],[-59.93273311527832,-21.834241920454772],[-59.926285043763166,-21.776837081296673],[-59.90456195513759,-21.64437443212183],[-59.887532012937946,-21.5540039613647],[-59.87426733409332,-21.46767600773747],[-59.87240201917371,-21.447163106265457],[-59.845565662696465,-21.432452079122957],[-59.71501329064449,-21.345860549859136],[-59.76698528634251,-21.201298053699215],[-59.75087035956924,-21.18293276338781],[-59.755848745389045,-21.096831021453823],[-59.76232497804881,-21.060289675127027],[-59.768323072346725,-21.037455634473456],[-59.785691349189946,-21.022104581250556],[-59.80326839371159,-20.994692318369722],[-59.80984228003339,-20.987461165261955],[-59.81489094499586,-20.97669368633727],[-59.81778632849601,-20.936653923453672],[-59.839607222966755,-20.903143313007494],[-59.83831042103984,-20.88070008308168],[-59.863118295316234,-20.820841318459216],[-59.87126361849761,-20.812490134393514],[-59.886896395102895,-20.791956841528336],[-59.88534767720159,-20.687338629476443],[-59.88345278187774,-20.664084332015072],[-59.87907565141077,-20.640325193155277],[-59.87951338767245,-20.630417492460015],[-59.92730010247467,-20.632887293672784],[-60.066033593357616,-20.594095529041564],[-60.53583429467955,-20.456691310095337],[-60.90462962766647,-20.355282487203272],[-61.490832364279456,-20.19229590262665],[-61.51439016057383,-20.18263089141633],[-61.54987978506703,-20.1747148311441],[-61.60065672586912,-20.17254288022708],[-61.620052473668984,-20.170064184491086],[-61.645544395600375,-20.153218559446746],[-61.66020266161727,-20.13561077566253],[-61.69826181825854,-20.104244096868506],[-61.71858954015655,-20.096644500150642],[-61.737005658809856,-20.098227769414823],[-61.75567238689821,-20.108941840614783],[-61.76866145875967,-20.10963907707949],[-61.92240000039972,-20.08920000041564],[-61.736000000536414,-19.63360000050844],[-61.384638565594706,-19.579306558329673],[-60.998508983090254,-19.518777035532082],[-60.60459999875087,-19.456099999438184],[-59.977500000278,-19.29479999959482],[-59.06790000021958,-19.289600000476234],[-58.69678444027115,-19.5069104768517],[-58.23569999870214,-19.77509999950977],[-58.16469999985218,-19.827799998934292],[-58.16708462869714,-19.830944224544023],[-58.17449251176413,-19.834546753233568],[-58.17578475984991,-19.841567638195652],[-58.179378567292474,-19.84580751782644],[-58.18547042479859,-19.84766278060573],[-58.191596348029336,-19.85162690316224],[-58.19759816345146,-19.861002898588506],[-58.20207183236326,-19.863353443824074],[-58.20498757298927,-19.87661560565214],[-58.203347543373475,-19.8795655490318],[-58.20604313166282,-19.882700083010185],[-58.204522111887584,-19.887638077522432],[-58.20545522485736,-19.89540304263769],[-58.20444600536408,-19.899503958098034],[-58.20033628185738,-19.90254301912657],[-58.20083658779317,-19.908855316624514],[-58.19854687234725,-19.912100700025825],[-58.199707637806874,-19.91869504459695],[-58.19660528410432,-19.92617487608619],[-58.200375273182864,-19.931116795740866],[-58.202299125913754,-19.93760135629083],[-58.20740552414982,-19.94166513966479],[-58.21427106746618,-19.953357374684025],[-58.20150443917685,-19.962006608786698],[-58.19380627740133,-19.96022513011065],[-58.18653714561176,-19.97036311270289],[-58.184390279665315,-19.982381979834543],[-58.17756085971277,-19.999703888085683],[-58.17877516377323,-20.013129011476362],[-58.17444225902719,-20.019812582033726],[-58.17628069485086,-20.029153631793275],[-58.15789835759788,-20.04330057774237],[-58.16085979828815,-20.048208091457912],[-58.16650494808081,-20.048393686830668],[-58.16820375746855,-20.050050799013054],[-58.16326186503868,-20.058512489199657],[-58.16600465011099,-20.064645882807596],[-58.161560718581185,-20.07156323706113],[-58.16392998403859,-20.077007186041303],[-58.162172333296475,-20.07849108176343],[-58.1574771152829,-20.076248371430367],[-58.154571091187826,-20.07693757272671],[-58.155863906086246,-20.086525662091386],[-58.144764437603314,-20.100579243604447],[-58.13881715504447,-20.120108917058765],[-58.139015383952625,-20.124284621851327],[-58.14447792922958,-20.129826769222582],[-58.145553992709694,-20.13808177813219],[-58.13822122916071,-20.152131240699795],[-58.15139992703873,-20.152521900870752],[-58.16519713035626,-20.16115182688699],[-58.16903463635032,-20.166577552812434],[-58.1681264486009,-20.17290018249508],[-58.165063753439014,-20.178083326424876],[-58.15904506456948,-20.181846637439623],[-58.13967677676933,-20.180736822684523],[-58.13052307556941,-20.183526060947916],[-58.12442361495143,-20.18828801602551],[-58.12192556700869,-20.192319013140438],[-58.12292834851266,-20.199562118880433],[-58.12659160070171,-20.204295949412675],[-58.132948841383424,-20.20800256638941],[-58.14743770387081,-20.212087271545865],[-58.15462223282295,-20.215632432060712],[-58.16511974625964,-20.229932398094483],[-58.16434971585805,-20.24871483924679],[-58.161301358882135,-20.26030926775377],[-58.15705551344658,-20.26660228978473],[-58.151109686027176,-20.27058970388857],[-58.14439576939271,-20.272040894344027],[-58.13871802808502,-20.2706361927787],[-58.133249174932075,-20.259224716022793],[-58.1253821561872,-20.252915640165032],[-58.117463015552545,-20.24899452726079],[-58.103771452913655,-20.250055842776746],[-58.09340671035635,-20.257499502593404],[-58.09013477298647,-20.265693580229193],[-58.09040243080623,-20.28201300466261],[-58.09392544636451,-20.29842909647304],[-58.10149765609928,-20.31459704353598],[-58.10288529330328,-20.320975964829955],[-58.101565747084514,-20.327979547820462],[-58.09622816400896,-20.33917890668534],[-58.09493746931591,-20.348432311862293],[-58.08689254502349,-20.366563351198845],[-58.07771319754696,-20.382743212351414],[-58.07113325278122,-20.389120401398333],[-58.0485179179379,-20.39672749719722],[-58.02408166557792,-20.400660097065472],[-58.02172001663365,-20.40237718099128],[-58.01810085598096,-20.409494434416988],[-58.00529871359556,-20.425473563601418],[-57.998959135355754,-20.43582326018092],[-57.99669790605037,-20.4473974519257],[-57.99800871671088,-20.454623874734832],[-58.01408884305318,-20.48103513885341],[-58.01958107120861,-20.510047123633598],[-58.01939319399901,-20.515438131501654],[-58.01647990313363,-20.527249856405568],[-58.00702380126392,-20.548401028176894],[-57.99911443123843,-20.55637004479594],[-57.995244825057995,-20.563489562669155],[-57.99710277708258,-20.575555931382034],[-58.00796575294271,-20.59116330414693],[-58.01092183348025,-20.598751006201002],[-58.01305645867349,-20.605770489456955],[-58.012242798799655,-20.61440319466317],[-57.99573905786687,-20.632267590882552],[-57.976814237398486,-20.63905964986444],[-57.97013290168143,-20.644660722886552],[-57.97791606689918,-20.66674446268286],[-57.98875700423051,-20.688124890156],[-57.98933813460781,-20.696050021153244],[-57.9866908783054,-20.70208749016152],[-57.97932512567872,-20.70623898933902],[-57.95560441162285,-20.704056063865718],[-57.951782169872004,-20.701326642811118],[-57.93472791117633,-20.6676770036025],[-57.931324514486995,-20.66493505937249],[-57.92169015017365,-20.664644191109716],[-57.91678321832518,-20.667465133477926],[-57.914101758556534,-20.670872593433575],[-57.90466320571843,-20.689124728002362],[-57.893425706104885,-20.697878222247443],[-57.882591341460305,-20.709379260665845],[-57.8700037829334,-20.725961942042417],[-57.868700575071536,-20.73543814666747],[-57.864402055434425,-20.742950058921572],[-57.865274704655924,-20.747563078549206],[-57.867105631113816,-20.749240655775615],[-57.878144341864555,-20.75037633232792],[-57.91804833276079,-20.743945628254252],[-57.926775081319164,-20.744021925576444],[-57.935788297024644,-20.747171417698734],[-57.94746592293952,-20.76023489032803],[-57.95244089961171,-20.777705167369522],[-57.95845580938149,-20.78520046732195],[-57.96172914092916,-20.792857380489345],[-57.96167061113057,-20.795166866469238],[-57.957760093936415,-20.799052990404586],[-57.9438416710794,-20.800958213168254],[-57.9241923423283,-20.79659251032629],[-57.909282914329275,-20.788792992837788],[-57.89709863218445,-20.789288085689947],[-57.89309036856682,-20.791097888758358],[-57.87187588993941,-20.80960436154514],[-57.86054927226906,-20.822407809966453],[-57.85466255889929,-20.8350830022638],[-57.85491962062797,-20.844589651210452],[-57.85795032246836,-20.85110876429612],[-57.862425696931595,-20.853764595229663],[-57.8713227000015,-20.853687202947004],[-57.8962179322404,-20.86897692299138],[-57.9022376309463,-20.87747128174305],[-57.91781264974434,-20.884958314390012],[-57.92703208917749,-20.893029564864857],[-57.92886352096581,-20.89747773815065],[-57.927396353492284,-20.90158371834216],[-57.92290467122633,-20.904390560336267],[-57.91870945299044,-20.904579749238007],[-57.89874190815653,-20.902523758435372],[-57.88823650603043,-20.90731232745654],[-57.882196344863004,-20.913296108155308],[-57.880340608441465,-20.917394364037],[-57.874631153672546,-20.939791819084725],[-57.86482073098818,-20.947960391613204],[-57.858079413096995,-20.949866435627474],[-57.84237914133769,-20.94645968740627],[-57.83964034594859,-20.94101637874609],[-57.82959401498993,-20.9340164405726],[-57.82275459656084,-20.934460177803487],[-57.8203040558776,-20.93702009890779],[-57.81886518029691,-20.94180727065258],[-57.81877058243915,-20.94881805968061],[-57.82463592790153,-20.958471644778115],[-57.8250185000516,-20.96409333512088],[-57.824884175201845,-20.967252174484926],[-57.8173270241888,-20.97909979955617],[-57.81750634165146,-20.980875800236973],[-57.82539533432066,-20.98740738823225],[-57.8395830337946,-21.004155225510406],[-57.844858099618435,-21.01599797329738],[-57.867549094060884,-21.04083301741243],[-57.86859897203872,-21.046679911938213],[-57.867589486411966,-21.06296282791864],[-57.84627523595954,-21.096319770865104],[-57.84715274958874,-21.101401191457587],[-57.852764451746154,-21.10974315421242],[-57.855323665550756,-21.118040716398735],[-57.86231220660271,-21.128881359093956],[-57.86422225130069,-21.137799024640444],[-57.86178707077834,-21.150301512286788],[-57.84834679095116,-21.1895503095865],[-57.84898571608449,-21.20416495824016],[-57.85355108278738,-21.227169657010688],[-57.856582262003506,-21.232996629156332],[-57.86863975394227,-21.23998319488786],[-57.88146952634003,-21.251249272760244],[-57.908502069429616,-21.267725640488454],[-57.921306485589156,-21.278641268572912],[-57.921578814765084,-21.280558834984117],[-57.91965512676853,-21.285886282980282],[-57.91434394606354,-21.292252999067806],[-57.90304017426841,-21.30267694868539],[-57.89785857238322,-21.305496863876524],[-57.855338633306644,-21.316245426419602],[-57.85218091419894,-21.32205080261283],[-57.85427748892281,-21.335202576005468],[-57.85938632502217,-21.347920838850097],[-57.863488623173495,-21.35389889603706],[-57.88111602763857,-21.369606574997146],[-57.89541044928798,-21.39235761356494],[-57.90696186456245,-21.401277594469537],[-57.90897992150582,-21.404418280902668],[-57.90990015271508,-21.4213588662167],[-57.9269547050676,-21.450340898940524],[-57.9252025027792,-21.46043601024423],[-57.926536196728236,-21.469506835195645],[-57.94016627967059,-21.492160491933042],[-57.952087962628326,-21.503988953877105],[-57.962287157864786,-21.511432320588888],[-57.96682154720145,-21.520020085357825],[-57.967966224383744,-21.525477148702244],[-57.9684895306513,-21.5362506410539],[-57.967163801407146,-21.543808961185967],[-57.9595658980372,-21.561960811780654],[-57.95105865903452,-21.568220228565973],[-57.92375418224711,-21.578863178911675],[-57.91795697240625,-21.58326096668766],[-57.915044995395775,-21.58868771632406],[-57.91461554084921,-21.595386086240264],[-57.91621084753337,-21.597912339274515],[-57.928715596032895,-21.60604299359062],[-57.94162164016016,-21.61956341567357],[-57.9427463950168,-21.63219289865705],[-57.93327019435093,-21.653464103830768],[-57.92385280899911,-21.664491362077122],[-57.88658263962706,-21.682245635435866],[-57.88405523737201,-21.68477865157465],[-57.88362549169174,-21.689284769993307],[-57.8964546266986,-21.704606331261687],[-57.93101575228874,-21.72627596937561],[-57.94394098209085,-21.736529569246255],[-57.94686816462677,-21.74253337928199],[-57.94638484139169,-21.750826441039997],[-57.93999393523992,-21.758795962352103],[-57.9246911725823,-21.767726616866796],[-57.90960678468254,-21.77058903172654],[-57.908884758497244,-21.77351080449894],[-57.914844833930665,-21.793248586939143],[-57.93334921737983,-21.827102638687858],[-57.94101920783409,-21.834085154469186],[-57.94985027466611,-21.838959415374166],[-57.9644502229146,-21.843271464406445],[-57.96567982977705,-21.851694719287146],[-57.95557325853735,-21.854948087676853],[-57.92158350762681,-21.87285573859202],[-57.915049736790436,-21.87801959002371],[-57.91357813211402,-21.884005930066117],[-57.91570394866433,-21.88827890230559],[-57.91999759959278,-21.890845547747602],[-57.9358155763384,-21.88917502691044],[-57.94923938112924,-21.90195855955301],[-57.94849445468839,-21.90967362130632],[-57.94020431807314,-21.914017631658986],[-57.93694304745134,-21.917278150643774],[-57.9365723640587,-21.924785844303006],[-57.9378112639014,-21.930510977189034],[-57.95252038072873,-21.96098721087442],[-57.964441516855295,-21.981515960136168],[-57.964557463003075,-21.999885767065404],[-57.96606559386236,-22.00512827019927],[-57.97509670233895,-22.01560641473952],[-58.0025750072814,-22.029082464722148],[-58.00896765080231,-22.037812199457736],[-58.00955176932292,-22.043191991037904],[-58.00633408675933,-22.050621505722393],[-57.98832275088243,-22.05925548352381],[-57.98397624503356,-22.06534677528247],[-57.98445726465209,-22.07527471034773],[-57.99303375417572,-22.086918515289728]]]}}],"meta":{"provider":"geoBoundaries","license":"Creative Commons Attribution 4.0 International (CC BY 4.0)","sourceName":"Direcion General de Estadica, Encuestas y Censos","sourceDataUpdateDate":"Thu Jan 19 07:31:04 2023","sourceUrl":"geo.stp.gov.py/user/dgeec/tables/paraguay_2012_departamentos/public"}}